id,t_pub_ms
1,2.6860
2,5.0304
3,7.4522
4,13.0682
5,18.0874
6,23.7067
7,29.7899
8,37.6871
9,39.5994
10,43.2272
11,47.1578
12,49.7482
13,52.9168
14,61.5001
15,74.9331
16,81.5675
17,93.2920
18,99.2537
19,105.9418
20,113.0784
21,119.1044
22,123.1411
23,126.1687
24,129.1289
25,133.3804
26,137.4171
27,141.4833
28,146.4255
29,150.5005
30,154.5472
31,162.0672
32,168.3047
33,172.0891
34,183.2168
35,188.7038
36,193.7361
37,199.1184
38,204.7036
39,210.5529
40,216.6572
41,221.9653
42,227.8099
43,234.3235
44,241.3156
45,249.1391
46,253.9313
47,259.7172
48,265.1124
49,275.7828
50,280.5932
51,286.8676
52,293.4096
53,300.0236
54,304.2126
55,310.6527
56,318.3987
57,324.5919
58,331.4140
59,337.4703
60,344.3432
61,351.2917
62,357.8224
63,365.6213
64,376.6875
65,390.4581
66,399.5366
67,405.0932
68,409.8022
69,416.1801
70,422.2085
71,428.6373
72,434.5257
73,440.7380
74,446.7249
75,452.9021
76,459.5237
77,466.0897
78,473.9254
79,479.0103
80,486.4693
81,493.8474
82,497.8745
83,503.8078
84,508.0326
85,513.1655
86,517.0434
87,520.7522
88,524.4911
89,529.5551
90,535.6629
91,542.9223
92,549.6604
93,555.8870
94,560.6358
95,567.4856
96,572.8676
97,578.1357
98,589.9191
99,609.1599
100,616.0278
101,624.5611
102,631.1853
103,641.3546
104,647.6393
105,651.3574
106,654.1445
107,669.9347
108,673.9187
109,681.6378
110,686.2319
111,689.4095
112,693.2704
113,698.1492
114,706.6991
115,721.4861
116,730.2566
117,734.1857
118,746.7625
119,751.6589
120,758.2741
121,761.4491
122,767.5698
123,771.7209
124,780.0677
125,786.8481
126,794.0581
127,798.6031
128,810.6542
129,816.0861
130,825.5782
131,835.7940
132,843.1714
133,851.7766
134,858.0503
135,861.6061
136,868.2482
137,872.2441
138,878.4389
139,884.9163
140,889.4022
141,894.6152
142,898.6497
143,906.0037
144,911.1233
145,915.6675
146,920.1951
147,924.0167
148,929.6403
149,934.5684
150,938.8206
151,942.6613
152,948.3602
153,952.3265
154,956.5399
155,960.5632
156,964.9227
157,969.1954
158,974.1035
159,978.8499
160,983.6679
161,988.0025
162,994.0186
163,1005.1548
164,1006.2585
165,1012.1839
166,1016.7110
167,1028.8126
168,1032.6977
169,1037.0750
170,1040.1201
171,1047.1480
172,1049.7022
173,1054.4364
174,1060.4532
175,1065.0792
176,1068.9259
177,1075.3620
178,1078.3589
179,1086.0100
180,1091.1422
181,1097.3723
182,1102.7460
183,1107.7442
184,1115.0584
185,1121.9819
186,1127.8214
187,1134.7382
188,1142.0205
189,1149.1132
190,1149.3490
191,1149.8766
192,1156.8654
193,1160.6627
194,1163.5072
195,1167.4445
196,1173.0506
197,1179.6100
198,1187.6767
199,1189.9445
200,1190.6750
201,1192.9855
202,1196.8384
203,1201.2851
204,1206.8009
205,1209.7788
206,1214.8006
207,1219.5299
208,1224.0639
209,1228.0920
210,1233.7039
211,1239.7177
212,1244.3087
213,1248.7853
214,1253.3507
215,1258.2142
216,1263.2527
217,1267.3388
218,1272.4633
219,1276.5682
220,1280.4217
221,1285.5072
222,1291.4851
223,1297.6308
224,1303.4933
225,1308.6038
226,1313.8485
227,1320.6313
228,1324.3027
229,1328.3949
230,1334.9152
231,1339.3505
232,1342.5603
233,1346.9620
234,1350.7435
235,1354.7957
236,1358.5358
237,1362.3161
238,1366.4851
239,1369.9901
240,1374.1190
241,1378.5303
242,1382.9055
243,1387.2449
244,1392.2269
245,1395.7722
246,1400.0154
247,1403.9340
248,1408.0448
249,1412.8861
250,1416.9271
251,1421.2735
252,1425.9100
253,1433.9187
254,1442.9440
255,1443.1481
256,1446.2907
257,1446.5551
258,1456.3351
259,1459.6894
260,1462.2178
261,1462.4836
262,1468.4680
263,1478.9455
264,1480.7384
265,1482.5811
266,1484.5004
267,1488.1899
268,1490.9832
269,1493.6838
270,1496.5611
271,1499.3324
272,1502.2445
273,1505.0750
274,1507.8342
275,1510.5557
276,1513.2952
277,1516.0158
278,1518.6915
279,1521.2932
280,1524.0948
281,1526.9065
282,1530.0806
283,1532.7990
284,1535.9755
285,1538.9154
286,1541.5845
287,1545.7945
288,1548.8708
289,1550.9100
290,1554.0788
291,1556.8171
292,1559.6046
293,1562.3147
294,1565.3207
295,1568.1734
296,1573.6811
297,1574.4193
298,1577.4143
299,1580.7767
300,1585.2966
301,1589.5584
302,1593.1876
303,1596.5836
304,1599.5650
305,1602.9215
306,1605.9349
307,1609.2842
308,1612.3629
309,1615.4330
310,1618.5348
311,1621.4590
312,1624.6543
313,1627.7132
314,1630.7831
315,1633.7626
316,1636.8539
317,1639.8532
318,1642.7820
319,1645.7589
320,1648.8760
321,1651.8545
322,1655.4916
323,1658.6697
324,1662.0810
325,1670.1941
326,1675.9443
327,1688.2455
328,1699.6400
329,1707.5930
330,1715.0536
331,1723.7754
332,1729.0084
333,1733.6457
334,1741.6797
335,1748.4934
336,1754.9644
337,1761.3747
338,1768.2436
339,1775.3506
340,1783.1662
341,1790.3752
342,1796.5679
343,1801.9328
344,1807.1814
345,1813.4151
346,1820.4420
347,1822.9840
348,1834.4483
349,1835.1736
350,1847.2593
351,1849.7839
352,1855.4616
353,1859.9284
354,1863.9147
355,1867.7676
356,1872.1673
357,1876.2848
358,1880.2319
359,1884.1693
360,1888.8054
361,1892.9698
362,1896.6734
363,1900.4958
364,1903.9416
365,1907.9459
366,1911.9670
367,1916.1406
368,1920.4538
369,1924.5830
370,1928.1299
371,1932.4527
372,1936.9597
373,1941.0043
374,1944.8438
375,1949.3172
376,1952.7891
377,1956.2330
378,1959.7998
379,1963.8157
380,1967.6645
381,1971.2536
382,1975.7662
383,1980.3326
384,1985.0321
385,1989.3260
386,1993.5820
387,1997.5526
388,2001.2555
389,2005.1982
390,2008.9622
391,2013.2933
392,2017.4031
393,2022.4719
394,2027.6613
395,2031.9903
396,2036.4246
397,2040.8852
398,2045.3188
399,2050.2183
400,2055.1858
401,2057.8792
402,2064.8968
403,2065.4655
404,2067.1804
405,2070.2012
406,2079.7272
407,2087.5759
408,2095.0456
409,2100.9564
410,2106.8084
411,2117.8658
412,2122.6969
413,2128.3333
414,2133.0283
415,2137.2590
416,2141.9435
417,2146.2815
418,2150.8322
419,2155.3395
420,2160.3916
421,2164.5608
422,2169.2808
423,2173.9664
424,2178.4439
425,2183.5020
426,2187.9263
427,2192.4324
428,2197.2513
429,2201.0312
430,2205.3640
431,2209.6431
432,2213.5186
433,2217.3882
434,2221.2257
435,2224.4284
436,2228.3843
437,2233.1114
438,2238.4701
439,2243.2318
440,2247.7660
441,2251.8036
442,2255.6796
443,2259.3241
444,2263.7343
445,2267.0443
446,2271.2638
447,2275.3704
448,2279.6960
449,2283.8485
450,2287.8618
451,2291.5421
452,2295.3925
453,2298.8682
454,2302.7174
455,2307.2670
456,2311.1041
457,2314.3597
458,2318.1810
459,2321.7914
460,2326.1304
461,2328.7103
462,2331.4762
463,2334.9648
464,2339.5429
465,2343.3166
466,2346.3044
467,2349.9076
468,2355.0694
469,2359.4465
470,2363.4901
471,2369.5006
472,2374.5978
473,2380.0349
474,2384.9745
475,2389.6134
476,2393.0426
477,2397.7845
478,2402.2560
479,2406.6956
480,2411.6313
481,2416.6331
482,2420.0490
483,2424.9089
484,2429.8241
485,2433.7769
486,2438.5254
487,2442.6651
488,2446.5301
489,2450.3236
490,2453.9902
491,2458.7338
492,2462.2471
493,2466.3656
494,2470.0508
495,2476.1066
496,2487.3774
497,2493.7980
498,2497.9053
499,2505.1973
500,2508.3017
501,2514.0319
502,2522.4607
503,2528.2547
504,2534.9376
505,2540.8852
506,2545.9087
507,2552.2552
508,2560.2181
509,2566.1027
510,2570.6751
511,2573.6058
512,2578.1438
513,2581.3324
514,2586.8974
515,2591.7981
516,2594.6085
517,2598.9394
518,2604.0945
519,2610.0435
520,2614.8882
521,2617.5480
522,2618.9172
523,2624.4099
524,2630.6753
525,2633.1441
526,2640.0228
527,2642.0317
528,2647.3815
529,2652.1571
530,2657.5210
531,2660.5837
532,2667.9530
533,2672.5955
534,2676.0082
535,2680.0961
536,2683.8648
537,2686.5728
538,2689.1501
539,2691.7794
540,2694.4647
541,2697.5219
542,2700.1426
543,2703.4605
544,2705.1966
545,2708.0300
546,2723.3040
547,2733.8920
548,2734.0066
549,2734.0622
550,2740.2120
551,2740.5796
552,2743.6590
553,2746.9039
554,2751.1244
555,2754.4310
556,2758.2376
557,2762.1891
558,2764.5569
559,2769.6159
560,2771.9436
561,2776.7534
562,2782.8028
563,2786.5019
564,2789.1648
565,2792.1932
566,2795.0594
567,2799.7198
568,2806.2341
569,2815.8801
570,2822.7336
571,2823.4727
572,2824.4705
573,2824.9555
574,2828.1221
575,2832.6204
576,2836.9679
577,2841.9211
578,2846.7777
579,2849.6423
580,2852.2623
581,2854.9666
582,2857.7645
583,2861.3443
584,2864.5771
585,2867.5621
586,2870.4789
587,2872.7288
588,2875.3512
589,2879.7717
590,2883.8010
591,2888.5195
592,2892.7503
593,2896.6551
594,2900.0311
595,2904.3469
596,2910.0461
597,2915.5216
598,2919.9677
599,2924.9194
600,2929.4353
601,2934.0954
602,2938.3276
603,2941.8597
604,2945.1039
605,2949.2054
606,2953.4805
607,2957.9504
608,2962.4746
609,2967.0081
610,2970.9642
611,2976.0680
612,2979.9235
613,2984.0624
614,2987.9520
615,2991.6418
616,2996.2873
617,3000.7215
618,3004.4467
619,3008.1544
620,3011.6477
621,3015.9421
622,3019.9201
623,3023.8223
624,3028.9028
625,3033.2913
626,3038.7259
627,3043.5131
628,3047.9331
629,3052.2814
630,3056.6049
631,3059.7653
632,3063.6897
633,3067.7478
634,3070.1864
635,3072.8867
636,3077.7087
637,3081.0940
638,3084.4469
639,3087.7078
640,3092.5558
641,3096.9710
642,3100.7333
643,3104.9607
644,3108.8886
645,3112.8252
646,3116.4424
647,3120.3761
648,3122.5250
649,3131.4554
650,3135.4182
651,3135.7841
652,3137.4238
653,3137.5000
654,3137.5570
655,3142.0782
656,3146.2028
657,3149.6511
658,3153.8708
659,3157.1720
660,3159.5414
661,3162.2710
662,3165.3707
663,3169.1756
664,3170.4018
665,3176.1341
666,3177.8920
667,3179.5287
668,3181.4351
669,3184.7847
670,3185.7505
671,3197.0849
672,3197.4580
673,3198.0867
674,3201.1242
675,3206.2891
676,3212.4147
677,3214.3538
678,3216.4907
679,3220.5727
680,3227.5412
681,3228.0960
682,3232.3470
683,3238.0731
684,3240.2205
685,3245.0018
686,3248.7404
687,3253.7601
688,3258.4062
689,3263.1481
690,3269.0196
691,3273.8240
692,3282.0904
693,3287.5340
694,3291.7488
695,3297.0433
696,3301.4102
697,3305.6521
698,3308.1319
699,3310.7691
700,3313.6358
701,3316.7737
702,3320.1818
703,3323.9577
704,3328.8624
705,3333.7538
706,3338.5401
707,3342.4733
708,3346.0834
709,3349.3667
710,3353.0736
711,3360.8069
712,3364.8474
713,3368.9368
714,3375.6418
715,3379.7152
716,3384.2092
717,3389.1616
718,3393.6646
719,3397.9144
720,3402.3085
721,3406.5962
722,3411.6952
723,3416.2035
724,3421.8302
725,3425.7331
726,3429.5053
727,3433.6197
728,3437.1734
729,3438.9448
730,3442.1461
731,3445.7462
732,3449.9040
733,3453.4552
734,3457.6874
735,3463.6967
736,3467.9198
737,3472.8765
738,3479.8601
739,3483.5668
740,3487.1762
741,3492.4123
742,3496.0060
743,3500.7560
744,3504.6809
745,3512.4094
746,3516.2151
747,3519.5577
748,3526.8617
749,3531.1434
750,3535.9099
751,3540.9682
752,3545.5744
753,3552.2900
754,3557.4110
755,3561.5592
756,3566.1445
757,3570.1940
758,3574.8868
759,3579.9534
760,3583.8416
761,3586.5407
762,3589.5755
763,3593.8725
764,3598.2890
765,3601.8441
766,3604.4323
767,3606.8892
768,3612.3178
769,3615.6504
770,3618.2282
771,3621.3927
772,3624.7265
773,3628.9048
774,3632.3087
775,3636.4062
776,3642.2472
777,3648.3030
778,3650.5756
779,3654.0582
780,3656.8341
781,3659.6169
782,3662.4956
783,3665.9091
784,3668.6175
785,3672.0421
786,3674.5608
787,3677.0763
788,3679.6887
789,3682.6391
790,3685.1614
791,3687.9733
792,3690.8753
793,3694.1619
794,3697.1614
795,3699.9199
796,3702.5049
797,3706.1517
798,3708.8258
799,3711.2582
800,3713.8951
801,3717.4680
802,3720.0625
803,3723.8877
804,3726.8255
805,3729.5454
806,3732.1825
807,3735.7903
808,3739.0368
809,3741.9488
810,3745.1332
811,3747.8945
812,3750.5434
813,3754.0588
814,3756.8951
815,3760.2377
816,3762.8143
817,3765.4083
818,3768.0521
819,3771.0223
820,3773.5748
821,3776.0494
822,3778.7728
823,3781.5828
824,3784.1229
825,3786.5057
826,3788.9950
827,3791.5299
828,3793.9565
829,3796.8469
830,3801.5523
831,3803.5727
832,3805.3460
833,3807.5998
834,3811.0769
835,3813.4956
836,3816.0915
837,3818.6259
838,3821.9264
839,3824.6372
840,3827.4601
841,3831.4881
842,3835.7584
843,3839.8223
844,3843.9634
845,3848.1798
846,3869.0546
847,3870.3036
848,3870.4066
849,3870.4944
850,3870.5688
851,3872.1907
852,3874.7308
853,3877.9397
854,3880.4271
855,3882.8859
856,3885.6406
857,3888.3505
858,3891.0570
859,3893.7340
860,3896.2939
861,3898.9022
862,3901.5391
863,3904.2385
864,3907.0554
865,3909.7540
866,3912.7479
867,3915.2234
868,3917.7201
869,3920.2695
870,3922.9817
871,3925.4942
872,3928.0343
873,3930.7358
874,3933.2483
875,3935.8327
876,3938.3628
877,3940.9142
878,3943.5680
879,3946.6326
880,3949.1725
881,3951.6711
882,3954.1557
883,3956.6774
884,3959.2717
885,3962.2424
886,3964.9737
887,3967.5736
888,3971.5638
889,3974.0515
890,3976.8128
891,3979.3930
892,3981.8778
893,3984.3814
894,3987.0303
895,3989.4140
896,3992.1453
897,3994.9477
898,3997.5963
899,4000.1991
900,4002.7049
901,4005.2092
902,4007.7817
903,4010.2091
904,4012.6951
905,4015.5380
906,4018.2538
907,4021.0409
908,4023.6280
909,4026.2377
910,4029.4135
911,4032.1739
912,4035.0187
913,4038.0425
914,4041.0042
915,4043.8836
916,4046.9315
917,4050.1239
918,4052.9773
919,4055.8672
920,4057.5047
921,4061.4688
922,4064.0163
923,4066.8132
924,4068.9521
925,4072.3598
926,4075.0067
927,4077.7287
928,4080.4505
929,4083.0495
930,4085.6924
931,4088.4037
932,4091.0738
933,4093.7824
934,4096.4856
935,4099.2241
936,4102.0465
937,4104.7409
938,4107.8701
939,4110.5995
940,4113.6136
941,4116.3983
942,4119.0040
943,4121.8114
944,4124.5844
945,4127.4219
946,4133.5056
947,4136.4045
948,4139.2992
949,4142.2477
950,4145.1731
951,4148.0222
952,4150.7866
953,4153.6140
954,4156.5673
955,4159.4429
956,4162.3569
957,4164.7899
958,4168.1063
959,4171.2933
960,4174.3863
961,4177.4333
962,4180.3653
963,4183.2952
964,4186.4474
965,4189.4279
966,4192.1871
967,4196.3363
968,4199.7039
969,4202.5864
970,4205.4117
971,4209.2164
972,4213.9916
973,4218.3197
974,4221.3819
975,4226.6200
976,4229.7189
977,4232.5690
978,4236.0108
979,4240.4439
980,4244.3323
981,4248.5058
982,4252.9376
983,4255.2252
984,4261.0371
985,4266.1738
986,4268.7328
987,4270.9620
988,4273.7150
989,4275.8126
990,4278.3904
991,4280.8952
992,4285.0747
993,4287.3538
994,4289.6013
995,4291.8680
996,4294.2846
997,4297.2858
998,4301.0097
999,4304.3802
1000,4308.6438
1001,4312.6948
1002,4316.8793
1003,4320.8890
1004,4324.5249
1005,4328.2285
1006,4331.7478
1007,4335.5429
1008,4338.9740
1009,4342.4394
1010,4345.8953
1011,4349.7155
1012,4353.2672
1013,4357.0924
1014,4361.1605
1015,4365.1886
1016,4367.8041
1017,4370.3365
1018,4372.7512
1019,4376.2236
1020,4379.9059
1021,4383.7006
1022,4386.9028
1023,4390.4748
1024,4393.9011
1025,4397.0845
1026,4401.1230
1027,4404.5393
1028,4408.3438
1029,4411.9310
1030,4415.4906
1031,4419.4715
1032,4423.3942
1033,4426.9743
1034,4430.4724
1035,4433.9130
1036,4437.5296
1037,4440.0282
1038,4447.9637
1039,4453.0132
1040,4458.2644
1041,4462.8239
1042,4467.0918
1043,4471.7393
1044,4475.7023
1045,4479.6462
1046,4482.8637
1047,4486.1760
1048,4489.8796
1049,4493.2723
1050,4497.4642
1051,4501.8494
1052,4505.3277
1053,4509.9077
1054,4520.1030
1055,4525.6441
1056,4531.8325
1057,4539.2714
1058,4541.8756
1059,4543.2613
1060,4545.7482
1061,4555.5189
1062,4562.2282
1063,4564.6603
1064,4574.9006
1065,4580.2302
1066,4584.6696
1067,4588.8085
1068,4592.5040
1069,4596.4935
1070,4599.5517
1071,4602.4511
1072,4605.5548
1073,4608.0227
1074,4611.9499
1075,4618.7935
1076,4618.9060
1077,4626.6308
1078,4626.7433
1079,4633.4181
1080,4636.1947
1081,4637.9490
1082,4650.1918
1083,4656.9102
1084,4661.7453
1085,4666.1408
1086,4671.4463
1087,4677.1176
1088,4681.8392
1089,4685.6940
1090,4689.9962
1091,4693.4102
1092,4696.0001
1093,4699.8265
1094,4703.5365
1095,4708.0941
1096,4712.9385
1097,4716.9154
1098,4720.6135
1099,4724.6790
1100,4727.9742
1101,4731.9791
1102,4736.1889
1103,4739.7623
1104,4743.1648
1105,4747.0541
1106,4751.0238
1107,4757.4654
1108,4761.7366
1109,4765.6136
1110,4769.3963
1111,4773.7906
1112,4777.2818
1113,4783.9341
1114,4788.0054
1115,4791.7926
1116,4795.5551
1117,4798.7812
1118,4802.4065
1119,4805.8679
1120,4809.6271
1121,4813.7553
1122,4816.3207
1123,4819.2866
1124,4823.6287
1125,4826.4606
1126,4830.5342
1127,4834.4531
1128,4837.7814
1129,4841.9487
1130,4846.7505
1131,4851.5491
1132,4856.2617
1133,4859.5681
1134,4864.0032
1135,4867.3475
1136,4872.1280
1137,4876.8740
1138,4879.0898
1139,4881.9268
1140,4884.6493
1141,4887.0974
1142,4889.6656
1143,4892.1244
1144,4894.8138
1145,4897.7084
1146,4900.1899
1147,4903.2197
1148,4905.7536
1149,4908.2255
1150,4910.7163
1151,4913.5866
1152,4916.1670
1153,4918.6285
1154,4921.0432
1155,4923.5425
1156,4925.9372
1157,4928.3469
1158,4930.8751
1159,4933.2941
1160,4935.7185
1161,4938.1258
1162,4940.6087
1163,4943.0678
1164,4945.4670
1165,4947.5918
1166,4951.1883
1167,4954.0246
1168,4957.0236
1169,4959.4686
1170,4962.1367
1171,4964.5882
1172,4966.9290
1173,4970.6602
1174,4974.2403
1175,4979.9702
1176,4982.9128
1177,4985.4646
1178,4988.3559
1179,4990.8640
1180,4993.4969
1181,4997.0312
1182,5001.4019
1183,5005.8568
1184,5009.5122
1185,5013.9606
1186,5017.7035
1187,5020.8309
1188,5024.1458
1189,5027.9596
1190,5031.7898
1191,5035.9156
1192,5039.5374
1193,5043.2987
1194,5047.2493
1195,5050.9608
1196,5054.8291
1197,5058.6872
1198,5061.0139
1199,5063.8409
1200,5068.8119
1201,5072.6552
1202,5077.1072
1203,5080.7972
1204,5084.3191
1205,5088.6657
1206,5092.6390
1207,5096.7939
1208,5100.2924
1209,5104.3515
1210,5107.8293
1211,5112.1321
1212,5117.6307
1213,5120.4319
1214,5121.5427
1215,5127.1908
1216,5127.3308
1217,5127.4891
1218,5127.6932
1219,5127.8155
1220,5134.1009
1221,5141.7205
1222,5145.3178
1223,5148.3021
1224,5152.0584
1225,5155.4763
1226,5158.2961
1227,5161.4492
1228,5166.8012
1229,5172.4472
1230,5177.7894
1231,5181.9549
1232,5186.8210
1233,5191.3629
1234,5195.9856
1235,5200.8774
1236,5205.6935
1237,5209.9383
1238,5215.2345
1239,5220.2039
1240,5225.7040
1241,5230.2151
1242,5235.6551
1243,5240.4485
1244,5245.0190
1245,5250.1192
1246,5254.0896
1247,5257.6237
1248,5260.0207
1249,5266.2821
1250,5270.7264
1251,5274.3385
1252,5278.6312
1253,5284.0247
1254,5289.0813
1255,5293.6709
1256,5297.7915
1257,5301.4076
1258,5305.7849
1259,5310.9381
1260,5314.7433
1261,5319.7396
1262,5323.9317
1263,5329.1781
1264,5335.7487
1265,5340.1818
1266,5343.6637
1267,5349.9072
1268,5356.0691
1269,5363.3327
1270,5366.2021
1271,5368.8090
1272,5377.1322
1273,5381.6137
1274,5386.4617
1275,5392.8027
1276,5395.2029
1277,5400.4271
1278,5404.8908
1279,5406.2035
1280,5410.7454
1281,5416.3117
1282,5419.1580
1283,5423.9562
1284,5427.3245
1285,5433.3823
1286,5439.7156
1287,5441.2079
1288,5447.5915
1289,5457.9306
1290,5461.0550
1291,5464.9034
1292,5468.3547
1293,5471.7369
1294,5475.1470
1295,5479.0039
1296,5481.6873
1297,5485.1959
1298,5488.3249
1299,5491.0686
1300,5495.4066
1301,5498.0934
1302,5500.9630
1303,5503.9904
1304,5509.6619
1305,5514.2295
1306,5517.4565
1307,5519.7318
1308,5522.7885
1309,5526.7758
1310,5529.2485
1311,5536.1605
1312,5539.4912
1313,5543.5503
1314,5547.8332
1315,5550.0479
1316,5555.5468
1317,5559.8385
1318,5565.6919
1319,5569.3512
1320,5574.3434
1321,5578.9804
1322,5582.2992
1323,5586.5920
1324,5589.8917
1325,5594.9774
1326,5599.2901
1327,5603.3726
1328,5605.7339
1329,5612.2570
1330,5615.4974
1331,5618.6783
1332,5621.4314
1333,5624.1953
1334,5626.9464
1335,5630.2667
1336,5633.5113
1337,5636.7164
1338,5639.6904
1339,5642.4518
1340,5645.8321
1341,5650.4264
1342,5654.5944
1343,5658.5858
1344,5661.9160
1345,5665.8657
1346,5669.3416
1347,5674.6740
1348,5679.8100
1349,5683.8565
1350,5687.3343
1351,5691.2050
1352,5695.7743
1353,5700.6474
1354,5706.4714
1355,5711.9620
1356,5716.5110
1357,5721.0991
1358,5726.9366
1359,5731.7135
1360,5736.1293
1361,5738.3168
1362,5740.1946
1363,5742.0218
1364,5749.2058
1365,5756.1073
1366,5761.3034
1367,5766.3827
1368,5770.8583
1369,5775.6383
1370,5781.1627
1371,5787.1621
1372,5792.1731
1373,5796.7036
1374,5800.6513
1375,5805.8951
1376,5810.6101
1377,5815.7034
1378,5819.2210
1379,5823.8797
1380,5828.4619
1381,5833.5872
1382,5837.1854
1383,5842.8559
1384,5847.0187
1385,5852.6709
1386,5856.7388
1387,5860.7197
1388,5866.4536
1389,5871.0377
1390,5876.1704
1391,5882.3225
1392,5886.4722
1393,5891.1119
1394,5895.5340
1395,5899.7684
1396,5904.5489
1397,5908.9081
1398,5913.6579
1399,5918.1707
1400,5922.2140
1401,5925.9927
1402,5930.0077
1403,5933.8388
1404,5937.6369
1405,5941.8397
1406,5945.7808
1407,5949.4486
1408,5953.2576
1409,5957.1345
1410,5961.3056
1411,5965.7249
1412,5970.5882
1413,5974.8642
1414,5978.2600
1415,5982.2340
1416,5987.1786
1417,5992.0602
1418,5996.0928
1419,6000.1276
1420,6004.0784
1421,6008.3144
1422,6012.5549
1423,6016.3686
1424,6020.2465
1425,6024.9584
1426,6029.8927
1427,6033.5319
1428,6037.8671
1429,6041.4767
1430,6045.9774
1431,6050.9293
1432,6055.5263
1433,6060.6859
1434,6066.3218
1435,6070.4463
1436,6074.5268
1437,6078.7129
1438,6083.2329
1439,6088.1805
1440,6093.3518
1441,6098.5057
1442,6103.2231
1443,6107.4679
1444,6111.6610
1445,6115.8326
1446,6119.8945
1447,6124.9270
1448,6129.6294
1449,6134.2449
1450,6138.4194
1451,6143.2557
1452,6149.6074
1453,6156.5678
1454,6162.6284
1455,6168.3192
1456,6174.2866
1457,6179.6086
1458,6181.1919
1459,6189.8475
1460,6190.2072
1461,6192.8196
1462,6209.8243
1463,6211.9720
1464,6215.8632
1465,6220.8302
1466,6224.6673
1467,6230.1679
1468,6234.9274
1469,6240.9706
1470,6245.2209
1471,6250.7308
1472,6253.7827
1473,6257.8280
1474,6267.5533
1475,6271.0214
1476,6271.1129
1477,6274.4160
1478,6276.5474
1479,6277.7770
1480,6285.1193
1481,6286.8295
1482,6294.2853
1483,6299.0897
1484,6301.0740
1485,6308.6805
1486,6308.9232
1487,6313.4279
1488,6317.0907
1489,6322.1028
1490,6323.4525
1491,6330.7521
1492,6331.9054
1493,6333.8981
1494,6337.2886
1495,6342.3350
1496,6344.4719
1497,6347.0659
1498,6349.7195
1499,6352.5481
1500,6355.2399
1501,6358.9165
1502,6361.2380
1503,6363.7767
1504,6366.6248
1505,6369.3104
1506,6371.9249
1507,6374.8488
1508,6377.3596
1509,6380.0695
1510,6382.7059
1511,6385.3111
1512,6387.9724
1513,6390.4741
1514,6392.9651
1515,6395.4275
1516,6397.9781
1517,6400.5468
1518,6403.1076
1519,6405.9062
1520,6408.5603
1521,6411.2177
1522,6413.7053
1523,6416.1766
1524,6418.9725
1525,6421.8013
1526,6424.6275
1527,6427.2945
1528,6429.8475
1529,6432.8053
1530,6433.5415
1531,6435.1337
1532,6437.6245
1533,6441.4148
1534,6445.6482
1535,6450.5613
1536,6457.1214
1537,6459.6713
1538,6463.4013
1539,6470.9134
1540,6475.6734
1541,6480.5262
1542,6484.6623
1543,6488.5831
1544,6492.2059
1545,6493.4487
1546,6496.6559
1547,6501.5855
1548,6506.3090
1549,6510.6270
1550,6515.4529
1551,6520.8907
1552,6525.5437
1553,6529.9249
1554,6534.4212
1555,6538.8005
1556,6543.8013
1557,6545.7361
1558,6547.5850
1559,6549.8564
1560,6552.1591
1561,6556.5541
1562,6559.6592
1563,6564.4865
1564,6567.3540
1565,6569.7057
1566,6572.5417
1567,6574.3020
1568,6578.0468
1569,6578.8786
1570,6581.5160
1571,6619.4777
1572,6621.1231
1573,6621.2127
1574,6621.2921
1575,6626.1969
1576,6626.2794
1577,6626.3568
1578,6626.4126
1579,6626.4591
1580,6626.5063
1581,6626.5769
1582,6626.6587
1583,6626.7104
1584,6626.7552
1585,6626.8001
1586,6626.8432
1587,6636.3628
1588,6646.2057
1589,6652.3979
1590,6655.9467
1591,6659.4493
1592,6666.9967
1593,6671.5739
1594,6674.2339
1595,6677.5374
1596,6679.8530
1597,6682.5323
1598,6685.2574
1599,6687.8116
1600,6690.4895
1601,6693.2147
1602,6695.6565
1603,6700.1188
1604,6704.1953
1605,6707.7255
1606,6709.3475
1607,6711.8897
1608,6714.5731
1609,6717.4709
1610,6720.1252
1611,6723.2006
1612,6726.1238
1613,6729.4977
1614,6732.5177
1615,6736.2220
1616,6739.1284
1617,6741.3163
1618,6743.8343
1619,6746.8524
1620,6750.1376
1621,6752.4478
1622,6755.0809
1623,6757.9434
1624,6764.1094
1625,6766.9280
1626,6769.5744
1627,6772.1832
1628,6774.8587
1629,6777.5238
1630,6779.6273
1631,6782.4664
1632,6785.4042
1633,6788.3127
1634,6791.1782
1635,6793.8232
1636,6796.4165
1637,6799.2198
1638,6802.2587
1639,6804.7640
1640,6807.3575
1641,6809.7479
1642,6812.8419
1643,6815.4471
1644,6818.1293
1645,6820.5762
1646,6823.3974
1647,6825.8309
1648,6828.7852
1649,6831.2960
1650,6834.3315
1651,6836.9117
1652,6839.6285
1653,6841.7871
1654,6844.2564
1655,6847.0209
1656,6849.8890
1657,6852.3898
1658,6854.9788
1659,6857.5673
1660,6860.4324
1661,6863.0817
1662,6865.4976
1663,6868.0558
1664,6870.3799
1665,6872.7727
1666,6875.1359
1667,6877.5649
1668,6880.0652
1669,6882.5862
1670,6885.0610
1671,6887.4459
1672,6889.7479
1673,6892.2555
1674,6894.6769
1675,6897.5446
1676,6900.1257
1677,6902.7877
1678,6905.1690
1679,6907.5644
1680,6909.9731
1681,6912.4115
1682,6914.7706
1683,6917.1677
1684,6919.9719
1685,6923.1987
1686,6925.5922
1687,6927.9945
1688,6930.4392
1689,6933.2948
1690,6935.8058
1691,6938.1568
1692,6940.7039
1693,6943.2070
1694,6945.6053
1695,6948.1139
1696,6950.5439
1697,6952.9865
1698,6955.4763
1699,6957.9587
1700,6960.4239
1701,6962.8692
1702,6965.3041
1703,6967.7136
1704,6971.3297
1705,6973.0191
1706,6975.5955
1707,6978.0486
1708,6980.3703
1709,6982.9884
1710,6985.6515
1711,6988.1170
1712,6990.4611
1713,6993.2132
1714,6995.7969
1715,6998.3871
1716,7000.8218
1717,7003.3009
1718,7005.7058
1719,7008.1298
1720,7010.5689
1721,7013.0341
1722,7015.5313
1723,7017.9431
1724,7020.4782
1725,7022.8415
1726,7025.1508
1727,7027.5288
1728,7029.8204
1729,7032.1991
1730,7035.0945
1731,7037.5977
1732,7040.0355
1733,7042.5146
1734,7044.9622
1735,7047.5528
1736,7050.1072
1737,7052.7620
1738,7055.2123
1739,7057.7610
1740,7060.4844
1741,7063.0622
1742,7065.9256
1743,7068.6877
1744,7071.2323
1745,7074.4727
1746,7077.1158
1747,7079.7031
1748,7082.3560
1749,7085.2377
1750,7089.2351
1751,7093.3306
1752,7096.8342
1753,7100.9085
1754,7105.0067
1755,7109.1139
1756,7112.7093
1757,7115.4253
1758,7119.0572
1759,7123.2212
1760,7128.2773
1761,7131.9361
1762,7135.6895
1763,7139.3695
1764,7143.7171
1765,7147.8198
1766,7151.6924
1767,7155.7312
1768,7159.9765
1769,7163.6782
1770,7167.5897
1771,7171.4327
1772,7175.3144
1773,7179.0831
1774,7182.9398
1775,7186.5392
1776,7189.7650
1777,7193.7997
1778,7197.3705
1779,7200.5999
1780,7205.1759
1781,7207.5727
1782,7210.3889
1783,7214.4973
1784,7218.0295
1785,7220.6554
1786,7223.2592
1787,7227.4973
1788,7231.4420
1789,7235.0764
1790,7239.1350
1791,7242.7535
1792,7246.8123
1793,7250.5667
1794,7254.2210
1795,7257.7276
1796,7261.7455
1797,7265.3255
1798,7268.6708
1799,7272.5022
1800,7276.1514
1801,7279.7453
1802,7283.0946
1803,7286.7122
1804,7290.8833
1805,7294.7760
1806,7298.6536
1807,7302.7892
1808,7306.9153
1809,7311.0967
1810,7314.9340
1811,7319.3254
1812,7322.8600
1813,7326.1886
1814,7329.9091
1815,7333.7753
1816,7337.9533
1817,7342.3510
1818,7346.5037
1819,7350.6575
1820,7354.3975
1821,7358.1841
1822,7361.9020
1823,7365.0484
1824,7368.7644
1825,7372.6745
1826,7376.6239
1827,7379.7984
1828,7383.4782
1829,7386.3611
1830,7389.7257
1831,7394.9983
1832,7401.5677
1833,7402.3161
1834,7408.7467
1835,7414.5000
1836,7420.9168
1837,7426.6219
1838,7432.7307
1839,7436.8715
1840,7440.8150
1841,7444.5045
1842,7448.5862
1843,7451.6156
1844,7455.3509
1845,7458.8890
1846,7462.3139
1847,7466.0857
1848,7469.5673
1849,7473.3136
1850,7477.2284
1851,7481.3910
1852,7485.5578
1853,7490.1559
1854,7494.0634
1855,7497.6816
1856,7501.2491
1857,7504.5941
1858,7508.0729
1859,7511.6711
1860,7515.6293
1861,7519.2497
1862,7523.0012
1863,7526.8126
1864,7529.6614
1865,7533.2606
1866,7536.5701
1867,7540.2405
1868,7544.1842
1869,7547.9193
1870,7551.5175
1871,7555.4438
1872,7558.9695
1873,7562.6402
1874,7566.3073
1875,7570.0326
1876,7573.5879
1877,7577.5747
1878,7581.0261
1879,7584.0607
1880,7587.3582
1881,7589.8080
1882,7592.2813
1883,7594.7719
1884,7597.8315
1885,7601.8960
1886,7605.9189
1887,7609.9074
1888,7613.6189
1889,7617.2867
1890,7621.7959
1891,7625.8988
1892,7629.7157
1893,7633.8551
1894,7637.8808
1895,7642.0612
1896,7645.8907
1897,7650.1069
1898,7654.0904
1899,7658.3965
1900,7662.8580
1901,7666.6429
1902,7670.7156
1903,7675.0584
1904,7678.8771
1905,7682.0412
1906,7684.7799
1907,7687.4156
1908,7689.8842
1909,7692.5402
1910,7695.3118
1911,7697.9330
1912,7700.4766
1913,7703.2413
1914,7705.8713
1915,7708.3745
1916,7710.9776
1917,7713.4302
1918,7716.0139
1919,7718.3952
1920,7720.8369
1921,7723.4149
1922,7725.8811
1923,7728.4107
1924,7730.9427
1925,7733.8204
1926,7736.4414
1927,7738.9619
1928,7741.6089
1929,7744.5135
1930,7748.5917
1931,7751.2796
1932,7753.9256
1933,7756.3779
1934,7758.7037
1935,7761.3075
1936,7763.8762
1937,7766.7274
1938,7769.9125
1939,7773.7350
1940,7776.8395
1941,7781.0807
1942,7784.9107
1943,7787.7722
1944,7791.6338
1945,7797.5736
1946,7802.1657
1947,7806.2162
1948,7809.5801
1949,7812.7968
1950,7815.8596
1951,7818.2337
1952,7820.7238
1953,7823.1511
1954,7825.5453
1955,3833.8130
1956,3843.2941
1957,3850.1325
1958,3858.3138
1959,3868.6607
1960,3881.8071
1961,3892.1545
1962,3906.6987
1963,3917.4020
1964,3927.2959
1965,3936.6851
1966,3949.1634
1967,3957.5713
1968,3969.8362
1969,3981.3371
1970,3996.0477
1971,4010.6392
1972,4023.5674
1973,4038.1377
1974,4048.3637
1975,4059.8030
1976,4069.9096
1977,4082.5722
1978,4096.3409
1979,4113.6656
1980,4125.3378
1981,4139.9601
1982,4155.4213
1983,4168.9341
1984,4182.3514
1985,4194.8218
1986,4207.9322
1987,4221.2648
1988,4234.2877
1989,4249.3987
1990,4261.0619
1991,4280.1051
1992,4297.0729
1993,4314.6558
1994,4326.7410
1995,4335.6616
1996,4347.8179
1997,4358.3748
1998,4375.5870
1999,4391.0182
2000,4409.0607
2001,4421.9010
2002,4447.4082
2003,4460.5184
2004,4471.8144
2005,4479.4652
2006,4494.8285
2007,4506.2337
2008,4516.5193
2009,4528.1086
2010,4536.8562
2011,4550.5741
2012,4561.5056
2013,4571.9750
2014,4583.1206
2015,4595.2420
2016,4609.5438
2017,4625.8230
2018,4641.9137
2019,4656.0977
2020,4679.9018
2021,4696.9252
2022,4715.8957
2023,4735.0900
2024,4745.1041
2025,4765.2116
2026,4786.0203
2027,4806.1609
2028,4813.1640
2029,4823.9655
2030,4835.8643
2031,4847.8587
2032,4857.8985
2033,4867.0981
2034,4875.4170
2035,4887.8081
2036,4899.5435
2037,4914.8183
2038,4924.6094
2039,4935.2417
2040,4946.0304
2041,4955.6167
2042,4964.8731
2043,4977.5102
2044,4987.7720
2045,4996.3610
2046,5008.3563
2047,5019.7470
2048,5031.1866
2049,5042.5692
2050,5058.1033
2051,5073.7476
2052,5081.9774
2053,5092.1443
2054,5109.2072
2055,5123.6646
2056,5138.7553
2057,5153.3153
2058,5166.9483
2059,5178.4384
2060,5190.4743
2061,5203.2969
2062,5225.1773
2063,5238.8723
2064,5253.1188
2065,5263.8795
2066,5276.9785
2067,5289.3627
2068,5300.8320
2069,5309.0141
2070,5325.5749
2071,5337.6126
2072,5348.9425
2073,5356.5085
2074,5364.7041
2075,5373.9898
2076,5389.4539
2077,5400.7957
2078,5411.7727
2079,5421.0639
2080,5433.8670
2081,5441.4124
2082,5452.7943
2083,5466.6967
2084,5476.4702
2085,5487.5753
2086,5503.6461
2087,5511.3153
2088,5525.0571
2089,5548.5933
2090,5568.4137
2091,5587.5452
2092,5605.8958
2093,5620.1534
2094,5629.5938
2095,5643.1379
2096,5660.8188
2097,5679.1947
2098,5698.9150
2099,5720.6461
2100,5729.5566
2101,5741.0328
2102,5752.2609
2103,5762.5842
2104,5776.2065
2105,5797.3428
2106,5808.8801
2107,5828.9325
2108,5842.2744
2109,5855.5312
2110,5871.0270
2111,5885.6978
2112,5895.0934
2113,5908.4263
2114,5921.4420
2115,5930.9490
2116,5942.0061
2117,5950.1479
2118,5966.7733
2119,5979.5024
2120,5990.3111
2121,6005.9245
2122,6021.4300
2123,6034.2462
2124,6044.9040
2125,6056.5336
2126,6069.0491
2127,6079.7367
2128,6087.8053
2129,6098.8626
2130,6109.7836
2131,6122.7837
2132,6135.7622
2133,6143.8842
2134,6151.9177
2135,6172.4107
2136,6184.8102
2137,6196.3925
2138,6209.1365
2139,6218.1525
2140,6230.7684
2141,6242.9805
2142,6256.6307
2143,6268.4584
2144,6280.7345
2145,6293.7617
2146,6305.0480
2147,6316.1402
2148,6326.2739
2149,6338.3548
2150,6346.9758
2151,6360.2388
2152,6372.0067
2153,6387.0816
2154,6402.7371
2155,6417.9618
2156,6427.8510
2157,6438.4127
2158,6448.6082
2159,6459.7700
2160,6472.8084
2161,6484.7100
2162,6494.5259
2163,6501.1342
2164,6512.2967
2165,6524.3361
2166,6534.9402
2167,6543.4942
2168,6554.5862
2169,6574.5461
2170,6588.3820
2171,6597.8236
2172,6609.3397
2173,6624.9683
2174,6632.3810
2175,6645.1693
2176,6654.4824
2177,6669.9519
2178,6676.9092
2179,6685.4458
2180,6693.3978
2181,6703.5618
2182,6711.5552
2183,6721.1301
2184,6732.3155
2185,6743.3233
2186,6759.9087
2187,6769.8002
2188,6780.2935
2189,6790.4124
2190,6808.0640
2191,6814.9536
2192,6822.2113
2193,6832.6993
2194,6841.3842
2195,6849.4384
2196,6859.2095
2197,6869.9195
2198,6971.3340
2199,6978.3213
2200,6987.9317
2201,6997.5414
2202,7010.1333
2203,7017.8516
2204,7030.3290
2205,7039.0291
2206,7046.2570
2207,7064.5869
2208,7076.6225
2209,7090.9421
2210,7103.6441
2211,7120.2614
2212,7131.9799
2213,7139.7240
2214,7148.3586
2215,7159.9765
2216,7172.0541
2217,7190.8908
2218,7203.6810
2219,7219.0270
2220,7233.1085
2221,7245.6727
2222,7258.2030
2223,7273.5543
2224,7279.9735
2225,7287.4763
2226,7295.4597
2227,7304.0116
2228,7315.9771
2229,7326.8063
2230,7338.8560
2231,7359.2110
2232,7375.1416
2233,7390.0435
2234,7397.5272
2235,7408.5298
2236,7423.7127
2237,7435.1463
2238,7442.3335
2239,7448.3237
2240,7455.4231
2241,7465.0419
2242,7473.2957
2243,7480.8245
2244,7486.3434
2245,7497.3240
2246,7512.8801
2247,7523.3865
2248,7534.8339
2249,7541.9080
2250,7549.1855
2251,7558.0633
2252,7567.6408
2253,7575.4671
2254,7582.5636
2255,7589.6020
2256,7596.2138
2257,7602.8798
2258,7610.9803
2259,7619.3767
2260,7628.9113
2261,7637.8171
2262,7648.2446
2263,7659.4675
2264,7666.6741
2265,7677.9995
2266,7692.6785
2267,7699.8997
2268,7710.1276
2269,7719.1417
2270,7725.5781
2271,7734.9365
2272,7744.2093
2273,7758.9030
2274,7771.9514
2275,7789.1524
2276,7803.0193
2277,7817.6749
2278,7826.8671
2279,7835.7558
2280,7845.8931
2281,7854.7616
2282,7863.9588
2283,7878.2756
2284,7885.9153
2285,7895.0992
2286,7910.2445
2287,7917.9685
2288,7930.1162
2289,7944.3674
2290,7952.9667
2291,7967.3395
2292,7976.0065
2293,7985.1718
2294,7993.6860
2295,8001.7955
2296,8014.4820
2297,8023.6497
2298,8032.4934
2299,8041.1711
2300,8051.4839
2301,8060.8783
2302,8071.7857
2303,8084.1348
2304,8094.1110
2305,8112.1809
2306,8123.3568
2307,8136.1320
2308,8149.7824
2309,8157.0385
2310,8168.8137
2311,8182.2689
2312,8194.0672
2313,8205.6618
2314,8216.8503
2315,8233.5992
2316,8240.6123
2317,8253.8228
2318,8269.5541
2319,8279.9792
2320,8296.7405
2321,8305.5868
2322,8314.0531
2323,8321.7978
2324,8333.7238
2325,8342.9017
2326,8353.5054
2327,8366.6646
2328,8380.9946
2329,8395.7222
2330,8402.1401
2331,8413.1393
2332,8423.4254
2333,8433.0277
2334,8443.7137
2335,8456.9597
2336,8467.9735
2337,8479.9085
2338,8495.7860
2339,8511.2603
2340,8525.1644
2341,8539.4933
2342,8554.3461
2343,8575.4089
2344,8584.5296
2345,8591.2046
2346,8603.4126
2347,8624.7859
2348,8637.8047
2349,8654.5377
2350,8668.9582
2351,8678.5700
2352,8688.2999
2353,8699.7044
2354,8712.6777
2355,8723.5897
2356,8732.3675
2357,8742.4743
2358,8753.9668
2359,8767.0677
2360,8778.5947
2361,8795.7480
2362,8811.7204
2363,8828.1622
2364,8844.8915
2365,8861.3744
2366,8873.3666
2367,8886.5740
2368,8897.6374
2369,8905.7055
2370,8915.5488
2371,8923.1110
2372,8935.3647
2373,8945.7173
2374,8954.1442
2375,8962.3187
2376,8972.9645
2377,8982.2857
2378,8994.9796
2379,9005.3055
2380,9014.4489
2381,9021.9719
2382,9035.8622
2383,9044.2967
2384,9051.1880
2385,9062.5076
2386,9077.2452
2387,9091.4917
2388,9101.0334
2389,9115.3531
2390,9122.3478
2391,9131.2311
2392,9138.4754
2393,9145.7968
2394,9152.9386
2395,9162.3473
2396,9177.3872
2397,9183.8572
2398,9197.9253
2399,9210.0153
2400,9221.8988
2401,9235.9352
2402,9248.7786
2403,9261.0991
2404,9270.5066
2405,9285.9592
2406,9301.6250
2407,9311.7416
2408,9325.5801
2409,9335.1574
2410,9346.1185
2411,9357.3520
2412,9366.9918
2413,9376.8194
2414,9386.4186
2415,9397.0270
2416,9406.9760
2417,9416.9686
2418,9425.5497
2419,9433.3277
2420,9443.7208
2421,9455.0066
2422,9469.4288
2423,9481.4949
2424,9494.3414
2425,9506.2039
2426,9518.4186
2427,9528.5454
2428,9550.2687
2429,9569.7637
2430,9587.3964
2431,9610.2102
2432,9620.1375
2433,9629.4844
2434,9641.1970
2435,9653.8455
2436,9669.1434
2437,9686.1315
2438,9703.4237
2439,9728.4713
2440,9745.5776
2441,9760.3219
2442,9773.7026
2443,9792.7895
2444,9816.4382
2445,9826.2658
2446,9836.2451
2447,9847.6038
2448,9858.4998
2449,9871.9175
2450,9884.3646
2451,9898.3588
2452,9915.4878
2453,9927.4175
2454,9943.3765
2455,9955.7045
2456,9971.5974
2457,9983.5653
2458,9992.3620
2459,10004.6847
2460,10014.3473
2461,10023.7172
2462,10032.9611
2463,10041.1036
2464,10047.7571
2465,10056.2973
2466,10071.6362
2467,10081.6209
2468,10092.0293
2469,10102.7904
2470,10110.2443
2471,10124.9738
2472,10137.2142
2473,10149.8070
2474,10161.4628
2475,10173.2466
2476,10189.6532
2477,10198.7484
2478,10207.4072
2479,10217.2141
2480,10224.4599
2481,10235.0097
2482,10245.9908
2483,10254.7445
2484,10264.1563
2485,10274.9832
2486,10283.0625
2487,10291.4689
2488,10301.2435
2489,10311.3554
2490,10324.9288
2491,10333.4138
2492,10341.6491
2493,10351.9919
2494,10361.6650
2495,10374.1100
2496,10385.8354
2497,10395.2842
2498,10404.9840
2499,10414.5594
2500,10426.2447
2501,10435.9329
2502,10445.7543
2503,10454.9854
2504,10465.2972
2505,10475.3087
2506,10484.8051
2507,10494.9009
2508,10505.6903
2509,10515.6739
2510,10525.6076
2511,10534.0543
2512,10543.5169
2513,10555.1887
2514,10571.2266
2515,10577.1573
2516,10585.4290
2517,10596.1444
2518,10607.7206
2519,10618.0425
2520,10628.6287
2521,10636.9121
2522,10646.6897
2523,10656.8089
2524,10667.4211
2525,10677.4309
2526,10685.8928
2527,10693.5799
2528,10701.7109
2529,10710.9170
2530,10719.2683
2531,10727.0346
2532,10735.2383
2533,10743.6645
2534,10753.2980
2535,10761.4934
2536,10774.6589
2537,10782.3381
2538,10791.7616
2539,10800.9849
2540,10812.1436
2541,10823.5066
2542,10834.3384
2543,10848.9790
2544,10858.3086
2545,10865.3834
2546,10875.5333
2547,10885.3354
2548,10896.5394
2549,10906.0123
2550,10915.9477
2551,10927.7964
2552,10937.5036
2553,10947.3965
2554,10957.1404
2555,10966.9528
2556,10976.6903
2557,10985.1389
2558,10994.9815
2559,11000.6874
2560,11015.6877
2561,11022.1517
2562,11032.7687
2563,11047.1447
2564,11066.4413
2565,11075.6018
2566,11088.7070
2567,11098.0859
2568,11117.3604
2569,11130.8913
2570,11142.2367
2571,11150.5253
2572,11166.4450
2573,11174.8457
2574,11181.8693
2575,11188.3385
2576,11196.8722
2577,11212.9610
2578,11225.1692
2579,11233.6433
2580,11244.2374
2581,11258.2653
2582,11270.3679
2583,11280.1962
2584,11292.2528
2585,11302.7959
2586,11315.2108
2587,11326.8723
2588,11337.6625
2589,11348.3045
2590,11356.7784
2591,11365.8330
2592,11379.6477
2593,11391.9425
2594,11402.5922
2595,11413.1010
2596,11423.7940
2597,11435.5323
2598,11449.6217
2599,11460.6762
2600,11470.9795
2601,11481.7095
2602,11499.7866
2603,11513.5601
2604,11521.7123
2605,11533.0966
2606,11545.4144
2607,11557.8680
2608,11569.7808
2609,11583.9176
2610,11596.0226
2611,11605.4809
2612,11615.8612
2613,11625.4928
2614,11634.5990
2615,11645.6668
2616,11654.2792
2617,11663.7933
2618,11672.2214
2619,11683.7955
2620,11690.3069
2621,11703.2084
2622,11713.2952
2623,11732.9390
2624,11742.3766
2625,11755.4169
2626,11767.7011
2627,11779.4037
2628,11789.0003
2629,11802.5010
2630,11816.5157
2631,11827.7812
2632,11845.9873
2633,11856.4703
2634,11867.4941
2635,11882.9834
2636,11893.7762
2637,11903.2798
2638,11915.8115
2639,11926.4290
2640,11936.7552
2641,11950.0351
2642,11964.3447
2643,11977.8256
2644,11993.1750
2645,12004.5774
2646,12014.3323
2647,12025.9449
2648,12037.6911
2649,12051.9168
2650,12067.2321
2651,12080.9913
2652,12092.6688
2653,12107.0366
2654,12119.4088
2655,12132.4885
2656,12141.1686
2657,12152.3793
2658,12167.3682
2659,12181.7276
2660,12193.3496
2661,12206.1269
2662,12223.2664
2663,12239.1136
2664,12250.9620
2665,12265.2547
2666,12275.2535
2667,12289.7885
2668,12306.4399
2669,12316.3478
2670,12325.3608
2671,12334.5010
2672,12344.5680
2673,12355.6421
2674,12368.2213
2675,12386.8446
2676,12397.0394
2677,12411.4265
2678,12420.6207
2679,12435.6425
2680,12447.7220
2681,12462.9741
2682,12475.4679
2683,12486.8698
2684,12500.0846
2685,12517.2446
2686,12534.2026
2687,12544.4093
2688,12552.3674
2689,12567.1597
2690,12574.0921
2691,12583.7178
2692,12592.8142
2693,12602.3257
2694,12616.6978
2695,12627.0881
2696,12638.5200
2697,12652.8447
2698,12667.7277
2699,12684.9082
2700,12700.7244
2701,12718.9925
2702,12734.4897
2703,12749.6865
2704,12763.7031
2705,12778.3871
2706,12786.4499
2707,12795.0895
2708,12808.3317
2709,12816.5166
2710,12829.6895
2711,12850.0710
2712,12863.8613
2713,12877.6679
2714,12888.0150
2715,12898.0927
2716,12905.9868
2717,12914.9511
2718,12932.6875
2719,12944.6347
2720,12953.9382
2721,12966.4302
2722,12977.6468
2723,12984.8921
2724,12991.7190
2725,12999.9509
2726,13006.2668
2727,13013.5584
2728,13023.2835
2729,13033.1690
2730,13041.0259
2731,13049.2957
2732,13056.2456
2733,13064.0950
2734,13071.9969
2735,13078.9175
2736,13086.1132
2737,13093.3416
2738,13102.1919
2739,13111.9628
2740,13120.9340
2741,13134.4135
2742,13142.4701
2743,13152.9610
2744,13169.2162
2745,13179.2862
2746,13187.3672
2747,13195.5798
2748,13208.3764
2749,13222.4040
2750,13236.0387
2751,13243.7170
2752,13250.7629
2753,13257.2875
2754,13264.4074
2755,13274.2260
2756,13282.1748
2757,13289.0251
2758,13300.9751
2759,13312.6214
2760,13321.1923
2761,13335.9866
2762,13347.7178
2763,13363.1752
2764,13376.3368
2765,13387.2998
2766,13401.4297
2767,13415.7259
2768,13429.1980
2769,13438.6690
2770,13447.3610
2771,13454.6783
2772,13465.1048
2773,13479.3260
2774,13488.6935
2775,13500.6218
2776,13515.1799
2777,13526.7346
2778,13535.5561
2779,13545.5294
2780,13554.9011
2781,13565.8674
2782,13578.0876
2783,13594.2533
2784,13611.5353
2785,13619.3230
2786,13631.7179
2787,13648.5271
2788,13659.1883
2789,13672.3609
2790,13687.6025
2791,13698.6971
2792,13708.9074
2793,13716.6073
2794,13725.1949
2795,13733.4042
2796,13744.1969
2797,13754.1711
2798,13763.8941
2799,13775.4672
2800,13784.9555
2801,13796.9296
2802,13808.7714
2803,13818.8970
2804,13832.2625
2805,13840.3592
2806,13849.1118
2807,13857.8825
2808,13873.1558
2809,13887.0821
2810,13902.6241
2811,13912.0467
2812,13919.7044
2813,13933.8791
2814,13950.1181
2815,13962.2829
2816,13969.7206
2817,13980.4821
2818,13994.8988
2819,14009.6450
2820,14021.2331
2821,14036.6714
2822,14048.3851
2823,14056.4828
2824,14066.2403
2825,14072.8951
2826,14081.7313
2827,14094.9488
2828,14102.1590
2829,14111.8007
2830,14122.0510
2831,14132.2522
2832,14141.8617
2833,14152.9484
2834,14170.1703
2835,14188.0467
2836,14204.6974
2837,14215.6253
2838,14224.2570
2839,14232.8928
2840,14241.3063
2841,14256.7761
2842,14272.1663
2843,14281.0411
2844,14288.5754
2845,14300.9038
2846,14316.5638
2847,14331.0785
2848,14341.3374
2849,14352.1369
2850,14364.1007
2851,14373.6639
2852,14384.6104
2853,14394.8333
2854,14403.8694
2855,14411.2661
2856,14419.6169
2857,14426.9145
2858,14435.5266
2859,14444.6673
2860,14453.1705
2861,14470.5441
2862,14481.8285
2863,14495.4841
2864,14508.1663
2865,14520.5188
2866,14530.1650
2867,14542.8505
2868,14556.0997
2869,14567.4419
2870,14575.8555
2871,14587.5354
2872,14607.4872
2873,14617.8257
2874,14630.9316
2875,14645.8976
2876,14656.2197
2877,14664.4495
2878,14673.8892
2879,14685.9937
2880,14704.3633
2881,14717.8988
2882,14734.2629
2883,14747.1545
2884,14765.9662
2885,14778.5354
2886,14787.9527
2887,14799.0847
2888,14813.2029
2889,14823.4165
2890,14836.5941
2891,14845.7456
2892,14863.4746
2893,14876.9381
2894,14888.5391
2895,14896.6267
2896,14909.8608
2897,14919.4267
2898,14929.0311
2899,14941.7045
2900,14955.3506
2901,14968.1909
2902,14981.8492
2903,14994.1034
2904,15005.1649
2905,15018.2772
2906,15031.2841
2907,15045.3904
2908,15055.6989
2909,15069.6754
2910,15082.9985
2911,15097.7268
2912,15109.2072
2913,15118.1912
2914,15129.2098
2915,15139.1797
2916,15150.4948
2917,15163.6581
2918,15175.7782
2919,15188.3895
2920,15200.5796
2921,15211.4019
2922,15221.7329
2923,15232.8553
2924,15243.5269
2925,15253.9866
2926,15265.4660
2927,15278.6636
2928,15295.3467
2929,15303.3252
2930,15316.3965
2931,15329.7968
2932,15337.5642
2933,15350.9951
2934,15366.0891
2935,15380.5382
2936,15393.8649
2937,15414.7804
2938,15429.6820
2939,15441.2537
2940,15452.2080
2941,15464.1001
2942,15474.3135
2943,15487.3688
2944,15499.6479
2945,15512.3231
2946,15527.4918
2947,15538.1615
2948,15551.3177
2949,15563.9389
2950,15577.9531
2951,15587.2042
2952,15596.7393
2953,15611.1975
2954,15625.9787
2955,15634.4380
2956,15649.8652
2957,15659.7717
2958,15674.9549
2959,15686.3258
2960,15697.3121
2961,15713.9244
2962,15720.1612
2963,15729.1679
2964,15741.5991
2965,15754.6482
2966,15773.6793
2967,15783.9477
2968,15793.6325
2969,15804.4131
2970,15824.4138
2971,15840.0459
2972,15850.6522
2973,15861.8290
2974,15871.2485
2975,15883.1728
2976,15895.7291
2977,15909.5857
2978,15917.1104
2979,15929.3425
2980,15940.7079
2981,15949.7647
2982,15963.8791
2983,15979.1729
2984,15989.3129
2985,16001.2884
2986,16017.1995
2987,16029.6507
2988,16048.3701
2989,16061.8734
2990,16078.1262
2991,16094.2919
2992,16108.3522
2993,16123.6064
2994,16137.8331
2995,16155.8940
2996,16166.5573
2997,16177.8331
2998,16189.4526
2999,16198.5521
3000,16206.5616
3001,16215.8184
3002,16225.2989
3003,16233.4101
3004,16247.4766
3005,16258.8935
3006,16269.6233
3007,16277.7791
3008,16285.8047
3009,16294.4171
3010,16304.8737
3011,16313.4916
3012,16321.1823
3013,16329.0608
3014,16340.1916
3015,16348.1383
3016,16356.2069
3017,16363.4145
3018,16374.1632
3019,16382.5130
3020,16390.3739
3021,16399.1451
3022,16408.4139
3023,16420.3360
3024,16434.7296
3025,16447.3107
3026,16459.1901
3027,16473.6040
3028,16488.4753
3029,16501.3094
3030,16512.7268
3031,16523.7536
3032,16536.4506
3033,16547.4710
3034,16565.7523
3035,16574.4722
3036,16583.4692
3037,16596.1611
3038,16612.9096
3039,16624.5050
3040,16637.5492
3041,16646.8754
3042,16660.0378
3043,16673.3131
3044,16685.7679
3045,16695.8158
3046,16705.8804
3047,16714.8170
3048,16725.9643
3049,16738.0760
3050,16746.7077
3051,16757.1378
3052,16771.1270
3053,16784.1163
3054,16789.8211
3055,16798.3534
3056,16811.0485
3057,16824.6121
3058,16847.0395
3059,16859.5698
3060,16868.6080
3061,16879.5588
3062,16893.3806
3063,16904.3956
3064,16922.1380
3065,16935.9400
3066,16944.8769
3067,16953.1631
3068,16962.7550
3069,16976.5873
3070,16986.6159
3071,16998.5120
3072,17007.5822
3073,17021.2417
3074,17032.1634
3075,17047.0171
3076,17071.3603
3077,17081.7652
3078,17093.0159
3079,17107.5890
3080,17120.2314
3081,17131.8581
3082,17139.2941
3083,17155.6289
3084,17168.9701
3085,17179.4982
3086,17192.2781
3087,17206.3112
3088,17221.7863
3089,17234.8876
3090,17249.4304
3091,17257.2193
3092,17265.9876
3093,17276.6502
3094,17285.6879
3095,17298.0263
3096,17309.3240
3097,17322.0031
3098,17334.7647
3099,17348.4981
3100,17362.1452
3101,17373.2193
3102,17388.8516
3103,17401.2353
3104,17417.3806
3105,17428.7281
3106,17436.0657
3107,17447.7050
3108,17458.4346
3109,17476.8746
3110,17487.7739
3111,17495.4925
3112,17508.1210
3113,17515.9175
3114,17525.9333
3115,17536.5722
3116,17548.0564
3117,17558.9519
3118,17569.6647
3119,17580.6506
3120,17588.7001
3121,17596.9868
3122,17607.4097
3123,17628.8271
3124,17643.9161
3125,17654.8641
3126,17667.6700
3127,17683.7518
3128,17694.6616
3129,17706.7237
3130,17722.2278
3131,17736.0988
3132,17748.1959
3133,17760.2270
3134,17773.4900
3135,17787.2603
3136,17799.9732
3137,17816.7834
3138,17832.2558
3139,17841.0027
3140,17849.2393
3141,17860.3408
3142,17872.2341
3143,17885.6761
3144,17894.5839
3145,17903.5587
3146,17915.4885
3147,17929.9965
3148,17944.5088
3149,17961.5228
3150,17981.2963
3151,17993.1948
3152,18002.8555
3153,18011.4105
3154,18020.1607
3155,18032.8977
3156,18044.3137
3157,18051.3310
3158,18058.0812
3159,18068.8436
3160,18080.7288
3161,18092.3681
3162,18104.8548
3163,18118.9258
3164,18130.9597
3165,18140.3120
3166,18148.1972
3167,18157.6321
3168,18182.4300
3169,18191.6018
3170,18200.1989
3171,18211.5462
3172,18219.1510
3173,18232.5594
3174,18242.2886
3175,18250.3009
3176,18258.8444
3177,18268.0597
3178,18277.7262
3179,18290.4077
3180,18303.3931
3181,18314.1155
3182,18327.3475
3183,18338.5410
3184,18351.2869
3185,18364.6195
3186,18376.0698
3187,18385.7753
3188,18401.3801
3189,18413.0337
3190,18425.7300
3191,18436.6870
3192,18451.9904
3193,18465.1649
3194,18476.5840
3195,18489.0018
3196,18500.4175
3197,18514.4260
3198,18524.2078
3199,18532.0947
3200,18540.8702
3201,18553.0262
3202,18561.7666
3203,18572.0477
3204,18580.5826
3205,18592.0722
3206,18600.0934
3207,18612.5751
3208,18623.8420
3209,18633.7330
3210,18646.2927
3211,18655.1487
3212,18665.7393
3213,18673.7776
3214,18680.5205
3215,18692.1251
3216,18702.5356
3217,18715.8546
3218,18727.1645
3219,18734.9219
3220,18741.2090
3221,18756.0556
3222,18772.0823
3223,18784.0447
3224,18794.4942
3225,18806.4787
3226,18816.1812
3227,18832.3278
3228,18844.4495
3229,18856.0472
3230,18867.1825
3231,18876.8687
3232,18885.3111
3233,18898.5417
3234,18909.9014
3235,18919.3130
3236,18927.8860
3237,18940.6612
3238,18953.0325
3239,18968.0705
3240,18979.6324
3241,18989.2290
3242,18999.1877
3243,19005.4843
3244,19013.6194
3245,19025.0528
3246,19036.8140
3247,19047.4267
3248,19058.8093
3249,19074.5249
3250,19082.9382
3251,19091.2755
3252,19099.3578
3253,19107.5475
3254,19115.8555
3255,19124.1105
3256,19131.4240
3257,19142.2138
3258,19149.7233
3259,19158.1523
3260,19167.6023
3261,19178.2606
3262,19204.5150
3263,19212.7731
3264,19221.4537
3265,19231.2913
3266,19237.1266
3267,19245.4820
3268,19252.7490
3269,19261.0562
3270,19271.7252
3271,19280.5200
3272,19289.0136
3273,19298.2755
3274,19308.4500
3275,19318.8190
3276,19330.6751
3277,19338.5868
3278,19348.9857
3279,19359.6656
3280,19375.9038
3281,19385.4294
3282,19397.3637
3283,19406.8484
3284,19418.5340
3285,19431.5264
3286,19446.7602
3287,19464.5298
3288,19480.4506
3289,19488.5919
3290,19502.1274
3291,19514.0018
3292,19524.2922
3293,19530.7379
3294,19543.9706
3295,19554.8148
3296,19573.6511
3297,19588.1817
3298,19599.9591
3299,19612.5770
3300,19628.3052
3301,19640.3081
3302,19649.1127
3303,19659.0312
3304,19668.4299
3305,19682.0705
3306,19688.7801
3307,19701.1282
3308,19716.6169
3309,19726.8236
3310,19737.4892
3311,19752.0661
3312,19761.1077
3313,19771.8828
3314,19785.6188
3315,19798.7993
3316,19811.1269
3317,19825.8460
3318,19839.5703
3319,19851.1431
3320,19861.6366
3321,19875.7467
3322,19889.7686
3323,19904.7999
3324,19923.2233
3325,19933.7351
3326,19946.0242
3327,19961.2305
3328,19968.6027
3329,19984.0252
3330,19996.6123
3331,20004.0088
3332,20015.3773
3333,20031.1594
3334,20037.1127
3335,20048.4684
3336,20063.7465
3337,20078.8889
3338,20091.0807
3339,20104.1963
3340,20116.2770
3341,20130.2826
3342,20142.9734
3343,20154.2878
3344,20169.5371
3345,20181.7632
3346,20193.4700
3347,20209.2514
3348,20221.3876
3349,20233.2337
3350,20246.1181
3351,20260.3328
3352,20275.1429
3353,20286.8690
3354,20300.6494
3355,20318.5351
3356,20335.0658
3357,20347.6067
3358,20362.2277
3359,20373.5142
3360,20381.1276
3361,20390.6846
3362,20398.9608
3363,20409.4999
3364,20418.6478
3365,20431.3042
3366,20443.5399
3367,20455.4763
3368,20466.8314
3369,20477.2213
3370,20487.9131
3371,20498.9035
3372,20507.9281
3373,20525.1799
3374,20537.5385
3375,20548.7001
3376,20557.6539
3377,20571.4591
3378,20584.1722
3379,20595.5129
3380,20605.7651
3381,20615.4432
3382,20625.1130
3383,20633.9567
3384,20643.5783
3385,20652.5357
3386,20663.5137
3387,20670.3596
3388,20681.6690
3389,20698.6499
3390,20715.6594
3391,20728.7929
3392,20746.0210
3393,20759.8512
3394,20772.0280
3395,20782.5160
3396,20792.0411
3397,20804.8134
3398,20818.3849
3399,20835.1126
3400,20846.9560
3401,20864.3956
3402,20875.5991
3403,20884.3596
3404,20898.8304
3405,20915.8752
3406,20927.4950
3407,20942.6377
3408,20952.6474
3409,20961.8826
3410,20984.1998
3411,20994.9570
3412,21013.0625
3413,21021.9038
3414,21041.1179
3415,21063.2458
3416,21079.3083
3417,21088.1519
3418,21102.9332
3419,21115.4723
3420,21124.8302
3421,21136.0114
3422,21148.0322
3423,21157.3644
3424,21167.0203
3425,21187.9256
3426,21201.0484
3427,21212.7814
3428,21221.6291
3429,21235.8336
3430,21252.8410
3431,21260.5360
3432,21272.8879
3433,21284.1899
3434,21294.8000
3435,21302.8753
3436,21312.4485
3437,21326.9880
3438,21336.8628
3439,21346.5664
3440,21356.3299
3441,21365.6597
3442,21376.9991
3443,21393.3198
3444,21408.2484
3445,21418.5929
3446,21427.3913
3447,21435.8494
3448,21446.2616
3449,21454.9804
3450,21463.5823
3451,21473.6412
3452,21484.4878
3453,21497.0849
3454,21507.9508
3455,21515.6515
3456,21525.1577
3457,21534.8725
3458,21543.9432
3459,21554.2939
3460,21568.5952
3461,21580.7371
3462,21592.7432
3463,21608.5205
3464,21617.9135
3465,21628.5129
3466,21643.5966
3467,21651.1836
3468,21662.4300
3469,21675.8347
3470,21685.6315
3471,21700.7940
3472,21711.8914
3473,21729.1112
3474,21742.0871
3475,21754.3228
3476,21764.9901
3477,21783.4766
3478,21794.7993
3479,21807.4837
3480,21815.9299
3481,21824.4243
3482,21831.9252
3483,21842.7081
3484,21849.2703
3485,21859.6132
3486,21866.8146
3487,21881.0184
3488,21889.7533
3489,21898.4790
3490,21905.0636
3491,21915.1473
3492,21925.7944
3493,21935.9915
3494,21946.9311
3495,21956.8980
3496,21968.9174
3497,21981.3030
3498,21993.1428
3499,22002.4829
3500,22014.9784
3501,22028.7552
3502,22043.5245
3503,22058.6290
3504,22078.4423
3505,22092.3691
3506,22102.4537
3507,22115.8938
3508,22127.8172
3509,22138.7408
3510,22154.0210
3511,22165.9608
3512,22174.5918
3513,22187.3164
3514,22199.5921
3515,22212.6536
3516,22223.1333
3517,22232.3563
3518,22239.4552
3519,22249.5277
3520,22257.8294
3521,22265.8839
3522,22274.2927
3523,22282.2118
3524,22290.4875
3525,22298.9509
3526,22310.8556
3527,22321.5914
3528,22336.6449
3529,22352.1845
3530,22360.8088
3531,22374.1784
3532,22383.0144
3533,22393.5027
3534,22401.6297
3535,22411.0544
3536,22420.9342
3537,22431.8602
3538,22443.2898
3539,22454.7138
3540,22465.8108
3541,22475.1151
3542,22485.6794
3543,22496.1524
3544,22506.9482
3545,22518.6687
3546,22530.9725
3547,22543.0200
3548,22554.0190
3549,22569.2041
3550,22577.7581
3551,22586.5171
3552,22597.5008
3553,22608.5734
3554,22620.8677
3555,22632.2894
3556,22644.4314
3557,22680.6228
3558,22688.8347
3559,22699.1515
3560,22712.0907
3561,22724.6218
3562,22734.1416
3563,22745.9500
3564,22757.9234
3565,22771.7037
3566,22783.1633
3567,22791.7261
3568,22804.3306
3569,22813.1778
3570,22821.7843
3571,22831.7268
3572,22840.3444
3573,22849.3187
3574,22861.5057
3575,22871.6159
3576,22884.1100
3577,22895.4859
3578,22905.8373
3579,22917.2866
3580,22929.0595
3581,22938.3094
3582,22950.2370
3583,22964.2060
3584,22975.8086
3585,22987.9413
3586,23000.8824
3587,23018.9815
3588,23032.6490
3589,23043.1983
3590,23052.2697
3591,23062.1502
3592,23073.6620
3593,23080.5533
3594,23091.7130
3595,23104.6684
3596,23119.4050
3597,23129.5085
3598,23141.9501
3599,23152.1986
3600,23164.3174
3601,23173.6269
3602,23182.5323
3603,23198.0922
3604,23211.1535
3605,23231.5264
3606,23239.7900
3607,23248.3616
3608,23260.1840
3609,23272.9068
3610,23282.8071
3611,23290.7565
3612,23297.6949
3613,23308.4357
3614,23323.1521
3615,23330.9855
3616,23340.3089
3617,23346.7951
3618,23352.5207
3619,23361.5198
3620,23375.3626
3621,23384.2933
3622,23397.5980
3623,23409.5242
3624,23421.8004
3625,23433.6426
3626,23442.4298
3627,23454.2289
3628,23465.7364
3629,23478.7889
3630,23489.6960
3631,23503.2218
3632,23515.1765
3633,23522.8519
3634,23530.6749
3635,23541.4090
3636,23549.9833
3637,23563.3025
3638,23570.9050
3639,23634.3849
3640,23643.7767
3641,23654.5584
3642,23664.8469
3643,23672.7705
3644,23682.8740
3645,23694.1414
3646,23707.3941
3647,23720.1970
3648,23738.4887
3649,23746.7439
3650,23758.1165
3651,23765.7874
3652,23775.4233
3653,23786.3550
3654,23798.8145
3655,23808.8942
3656,23823.3383
3657,23835.0403
3658,23847.6300
3659,23855.9396
3660,23866.1780
3661,23878.2914
3662,23891.8052
3663,23903.4040
3664,23916.0373
3665,23929.1089
3666,23938.4718
3667,23951.2932
3668,23965.1260
3669,23975.8904
3670,23983.5403
3671,23993.5303
3672,24006.3953
3673,24016.7656
3674,24026.5000
3675,24035.2621
3676,24049.1898
3677,24061.1176
3678,24071.9843
3679,24082.6571
3680,24094.3317
3681,24102.6380
3682,24112.2849
3683,24122.8538
3684,24134.5079
3685,24151.4525
3686,24160.6112
3687,24171.3369
3688,24187.9232
3689,24199.1308
3690,24207.3021
3691,24219.9926
3692,24231.1251
3693,24245.5878
3694,24256.3605
3695,24265.7936
3696,24272.7237
3697,24283.6983
3698,24294.8804
3699,24304.8882
3700,24315.0616
3701,24329.6485
3702,24344.4233
3703,24360.5700
3704,24372.5803
3705,24385.8900
3706,24401.9439
3707,24414.9625
3708,24425.1907
3709,24435.0452
3710,24447.9785
3711,24462.7428
3712,24476.0623
3713,24485.7512
3714,24496.9943
3715,24506.1991
3716,24518.0020
3717,24532.7911
3718,24546.6316
3719,24554.4505
3720,24563.4816
3721,24573.9362
3722,24583.0712
3723,24594.2934
3724,24610.0569
3725,24619.2980
3726,24630.2667
3727,24638.3903
3728,24651.2287
3729,24661.0572
3730,24670.3703
3731,24678.9434
3732,24691.8075
3733,24702.5683
3734,24715.6520
3735,24733.1476
3736,24753.3400
3737,24764.2946
3738,24772.8329
3739,24787.8447
3740,24794.0125
3741,24802.3732
3742,24810.4248
3743,24819.2487
3744,24831.5566
3745,24842.0014
3746,24850.9011
3747,24863.6518
3748,24877.2097
3749,24889.2097
3750,24904.7244
3751,24920.7234
3752,24936.1336
3753,24951.8247
3754,24967.6623
3755,24980.5634
3756,24994.9112
3757,25011.1976
3758,25022.7256
3759,25034.1086
3760,25047.1416
3761,25054.5180
3762,25061.4879
3763,25072.7232
3764,25087.3885
3765,25101.6109
3766,25114.5968
3767,25126.2815
3768,25134.5749
3769,25144.9375
3770,25160.7430
3771,25171.6936
3772,25181.7167
3773,25191.5872
3774,25201.2577
3775,25208.4854
3776,25218.3266
3777,25228.4544
3778,25238.2112
3779,25253.3090
3780,25264.1265
3781,25274.8551
3782,25284.8768
3783,25295.0151
3784,25304.4238
3785,25312.9711
3786,25323.2944
3787,25333.3013
3788,25341.3405
3789,25348.8784
3790,25356.0939
3791,25362.7031
3792,25369.2110
3793,25379.6484
3794,25387.9952
3795,25398.5596
3796,25405.6954
3797,25412.8740
3798,25422.9407
3799,25435.1096
3800,25447.3529
3801,25454.9539
3802,25466.1233
3803,25477.2439
3804,25488.2519
3805,25502.6286
3806,25512.9991
3807,25520.2863
3808,25536.8638
3809,25544.2994
3810,25554.1070
3811,25563.9935
3812,25575.0842
3813,25586.4818
3814,25596.9126
3815,25604.9495
3816,25617.6140
3817,25629.0920
3818,25639.8985
3819,25658.6123
3820,25669.0974
3821,25684.5992
3822,25699.3034
3823,25710.0730
3824,25729.7301
3825,25737.5107
3826,25747.6342
3827,25757.7488
3828,25765.2309
3829,25784.2622
3830,25797.2794
3831,25815.9275
3832,25824.9099
3833,25840.6219
3834,25851.3100
3835,25865.3615
3836,25876.0946
3837,25889.5903
3838,25900.2156
3839,25912.7865
3840,25926.0921
3841,25937.0892
3842,25948.7336
3843,25961.5333
3844,25972.0833
3845,25984.5533
3846,25997.2992
3847,26008.9180
3848,26020.4573
3849,26034.9367
3850,26045.3701
3851,26066.4961
3852,26081.4953
3853,26097.4801
3854,26108.7384
3855,26120.7089
3856,26128.8784
3857,26145.0982
3858,26157.5277
3859,26169.5299
3860,26176.5518
3861,26195.7855
3862,26205.0755
3863,26218.1053
3864,26231.1506
3865,26245.1477
3866,26264.8795
3867,26279.1338
3868,26287.1625
3869,26306.0703
3870,26319.6650
3871,26330.4210
3872,26338.3405
3873,26348.3646
3874,26359.8371
3875,26370.8756
3876,26382.0994
3877,26394.5806
3878,26403.5833
3879,26414.2847
3880,26424.4838
3881,26435.5705
3882,26451.6745
3883,26468.3166
3884,26479.4705
3885,26488.4191
3886,26499.4273
3887,26509.0775
3888,26522.9149
3889,26534.3916
3890,26552.9335
3891,26568.6111
3892,26578.9235
3893,26587.4662
3894,26596.3242
3895,26604.1524
3896,26612.7665
3897,26619.0879
3898,26633.4782
3899,26643.7113
3900,26653.0874
3901,26667.8581
3902,26683.9657
3903,26692.1401
3904,26701.5946
3905,26711.3242
3906,26722.4498
3907,26731.4231
3908,26742.7022
3909,26757.1375
3910,26770.8199
3911,26781.4827
3912,26789.9888
3913,26799.1588
3914,26809.4614
3915,26820.0910
3916,26836.2439
3917,26847.1413
3918,26864.0757
3919,26870.0964
3920,26886.0917
3921,26900.5170
3922,26910.4517
3923,26918.5271
3924,26930.7065
3925,26944.5124
3926,26959.3911
3927,26973.3531
3928,26982.3256
3929,26993.5861
3930,27003.1710
3931,27011.0216
3932,27018.6341
3933,27031.1553
3934,27045.0656
3935,27056.0472
3936,27067.4539
3937,27083.4720
3938,27095.5560
3939,27107.3754
3940,27114.1632
3941,27125.3841
3942,27136.3502
3943,27148.5643
3944,27154.9261
3945,27163.2648
3946,27173.9564
3947,27183.5053
3948,27194.7107
3949,27207.6263
3950,27219.5556
3951,27231.9362
3952,27246.3076
3953,27253.5439
3954,27265.1742
3955,27280.1795
3956,27293.8967
3957,27306.5228
3958,27317.1520
3959,27331.9213
3960,27342.1884
3961,27350.8174
3962,27362.1569
3963,27374.7747
3964,27382.2758
3965,27392.0772
3966,27404.0732
3967,27419.8327
3968,27429.0466
3969,27442.1177
3970,27453.4810
3971,27464.1693
3972,27474.6120
3973,27482.6806
3974,27491.8218
3975,27506.8049
3976,27524.2469
3977,27539.9897
3978,27551.7247
3979,27566.2956
3980,27579.7603
3981,27588.0530
3982,27596.6978
3983,27611.1913
3984,27623.1911
3985,27635.0923
3986,27650.0726
3987,27662.9376
3988,27670.8591
3989,27682.7197
3990,27693.0189
3991,27708.5495
3992,27721.8847
3993,27732.8537
3994,27743.1049
3995,27752.9035
3996,27764.2062
3997,27775.7003
3998,27787.6601
3999,27803.5135
4000,27812.8481
4001,27823.9119
4002,27844.1617
4003,27850.2767
4004,27858.3522
4005,27865.0231
4006,27875.7451
4007,27885.9630
4008,27897.0692
4009,27909.7545
4010,27922.7779
4011,27936.3663
4012,27951.7372
4013,27959.5385
4014,27973.4070
4015,27985.2715
4016,27995.1973
4017,28006.4840
4018,28019.2366
4019,28030.7050
4020,28038.7261
4021,28047.0285
4022,28055.4316
4023,28064.2967
4024,28073.2105
4025,28085.1176
4026,28097.2044
4027,28109.6227
4028,28113.3680
4029,28122.7214
4030,28133.7035
4031,28145.0043
4032,28155.2513
4033,28164.4962
4034,28177.6760
4035,28186.1868
4036,28194.3099
4037,28210.3672
4038,28219.7616
4039,28228.8795
4040,28240.8803
4041,28252.2974
4042,28267.3659
4043,28277.9558
4044,28288.5175
4045,28299.4440
4046,28309.4566
4047,28321.2392
4048,28332.3305
4049,28340.8906
4050,28351.8152
4051,28363.3878
4052,28372.2968
4053,28380.5320
4054,28394.6934
4055,28404.2001
4056,28415.2749
4057,28427.7644
4058,28439.9490
4059,28450.5455
4060,28462.7781
4061,28471.6356
4062,28481.5593
4063,28492.9841
4064,28503.3863
4065,28513.5815
4066,28522.8179
4067,28534.3652
4068,28544.8365
4069,28554.2958
4070,28564.8208
4071,28577.2629
4072,28594.3396
4073,28608.3803
4074,28619.3449
4075,28632.0343
4076,28645.9894
4077,28654.4242
4078,28666.4538
4079,28675.2646
4080,28685.2689
4081,28697.5691
4082,28712.4782
4083,28725.5120
4084,28736.0232
4085,28745.2443
4086,28759.5949
4087,28773.6409
4088,28781.9755
4089,28791.3954
4090,28801.2292
4091,28810.6761
4092,28819.7610
4093,28834.9147
4094,28846.7190
4095,28853.8296
4096,28861.7246
4097,28873.9514
4098,28890.6307
4099,28909.7579
4100,28920.1887
4101,28931.5095
4102,28944.5093
4103,28959.8458
4104,28972.8479
4105,28987.2050
4106,28999.9282
4107,29016.4773
4108,29028.3911
4109,29044.9612
4110,29061.0201
4111,29076.8988
4112,29088.7883
4113,29102.1311
4114,29115.7126
4115,29129.5178
4116,29142.1702
4117,29152.2462
4118,29167.4571
4119,29180.7711
4120,29193.6567
4121,29204.0505
4122,29219.7044
4123,29232.3091
4124,29242.9080
4125,29250.5729
4126,29263.1419
4127,29269.8298
4128,29280.9196
4129,29289.9714
4130,29299.2682
4131,29305.7487
4132,29312.5749
4133,29321.6918
4134,29330.4839
4135,29338.0010
4136,29344.9275
4137,29353.8802
4138,29362.2468
4139,29371.4242
4140,29389.3030
4141,29400.5716
4142,29414.4382
4143,29422.9472
4144,29433.4822
4145,29442.9567
4146,29458.4563
4147,29469.8648
4148,29483.2189
4149,29498.7829
4150,29511.5161
4151,29521.9486
4152,29531.8112
4153,29547.3189
4154,29561.0192
4155,29573.8010
4156,29583.4517
4157,29596.9427
4158,29607.1532
4159,29616.8315
4160,29623.1716
4161,29640.8572
4162,29651.1955
4163,29661.4957
4164,29671.9897
4165,29684.4974
4166,29697.5610
4167,29707.9289
4168,29721.4093
4169,29737.1819
4170,29749.1641
4171,29762.1775
4172,29771.5812
4173,29785.3787
4174,29798.3785
4175,29808.6360
4176,29822.0081
4177,29837.7566
4178,29847.3346
4179,29860.4641
4180,29871.1798
4181,29883.6477
4182,29897.2595
4183,29909.4236
4184,29925.1919
4185,29941.4093
4186,29954.8285
4187,29964.7167
4188,29974.3710
4189,29982.8770
4190,29991.3373
4191,30000.4256
4192,30011.8387
4193,30019.8150
4194,30031.5094
4195,30042.9437
4196,30050.2617
4197,30064.5132
4198,30076.3333
4199,30088.9299
4200,30101.0373
4201,30111.2280
4202,30122.3974
4203,30135.0241
4204,30147.6982
4205,30159.4851
4206,30166.0991
4207,30172.3201
4208,30179.9788
4209,30185.7319
4210,30195.1687
4211,30207.1426
4212,30216.1691
4213,30233.0625
4214,30241.7803
4215,30252.2187
4216,30261.3075
4217,30270.9739
4218,30283.3781
4219,30291.8758
4220,30301.9757
4221,30310.8273
4222,30319.7970
4223,30328.1033
4224,30336.3330
4225,30348.0756
4226,30355.2933
4227,30362.4957
4228,30370.8453
4229,30383.4078
4230,30393.3058
4231,30402.5362
4232,30411.7782
4233,30421.0129
4234,30431.7641
4235,30439.8603
4236,30449.7728
4237,30460.5122
4238,30471.4110
4239,30478.6015
4240,30486.9046
4241,30512.2123
4242,30519.8302
4243,30527.4484
4244,30534.8241
4245,30544.2834
4246,30551.6813
4247,30559.9000
4248,30568.0032
4249,30580.3304
4250,30592.9809
4251,30602.7892
4252,30615.8040
4253,30628.8254
4254,30645.5488
4255,30656.0295
4256,30666.3620
4257,30679.4982
4258,30692.2958
4259,30713.6779
4260,30723.6362
4261,30732.7883
4262,30741.3650
4263,30752.6388
4264,30773.1624
4265,30787.8878
4266,30798.0111
4267,30812.0475
4268,30823.4663
4269,30834.3756
4270,30845.4132
4271,30853.3473
4272,30865.0100
4273,30875.7825
4274,30885.8664
4275,30897.5363
4276,30912.1351
4277,30922.6246
4278,30936.6624
4279,30956.4190
4280,30965.8363
4281,30974.7469
4282,30983.3984
4283,30995.4596
4284,31009.7456
4285,31017.8347
4286,31031.7874
4287,31041.4784
4288,31056.5596
4289,31069.4733
4290,31084.6155
4291,31097.4495
4292,31108.5675
4293,31118.2749
4294,31131.5653
4295,31140.7342
4296,31152.1420
4297,31160.8407
4298,31167.3808
4299,31176.8875
4300,31189.3351
4301,31202.8790
4302,31225.7059
4303,31237.1247
4304,31246.6595
4305,31255.3036
4306,31265.4216
4307,31275.2910
4308,31282.3207
4309,31289.8068
4310,31296.8724
4311,31306.1166
4312,31318.9299
4313,31335.5007
4314,31347.8580
4315,31361.9931
4316,31373.1024
4317,31384.6750
4318,31395.7894
4319,31406.3566
4320,31416.7438
4321,31432.9605
4322,31444.5724
4323,31452.1031
4324,31467.5250
4325,31479.7742
4326,31494.8428
4327,31502.3761
4328,31510.1800
4329,31519.9983
4330,31533.0119
4331,31548.1522
4332,31557.7610
4333,31563.9515
4334,31576.0870
4335,31587.6610
4336,31600.8849
4337,31612.8743
4338,31626.2474
4339,31655.2444
4340,31664.6092
4341,31673.1026
4342,31680.6262
4343,31689.6062
4344,31696.8627
4345,31704.2897
4346,31714.2277
4347,31730.8874
4348,31744.0798
4349,31752.4722
4350,31765.6088
4351,31776.3512
4352,31790.8475
4353,31803.5181
4354,31831.9578
4355,31840.7779
4356,31850.8949
4357,31864.2626
4358,31878.5486
4359,31893.0244
4360,31911.5448
4361,31926.9805
4362,31936.9295
4363,31952.9006
4364,31964.0973
4365,31976.8388
4366,31989.4385
4367,32001.2884
4368,32013.9153
4369,32030.8528
4370,32038.3844
4371,32052.5706
4372,32067.0645
4373,32085.7573
4374,32095.8939
4375,32109.5445
4376,32121.3529
4377,32131.6807
4378,32142.0631
4379,32154.0637
4380,32163.8815
4381,32179.2123
4382,32193.2180
4383,32204.3064
4384,32217.2549
4385,32231.0240
4386,32238.6329
4387,32253.2279
4388,32264.6806
4389,32274.0164
4390,32282.0780
4391,32291.6093
4392,32301.1997
4393,32311.0085
4394,32320.0362
4395,32327.6784
4396,32336.2269
4397,32344.7459
4398,32351.4574
4399,32360.7950
4400,32371.9072
4401,32382.7796
4402,32389.8299
4403,32395.6590
4404,32403.5807
4405,32409.3573
4406,32416.8634
4407,32423.5554
4408,32430.7058
4409,32439.1286
4410,32446.6648
4411,32457.4986
4412,32469.2795
4413,32480.4568
4414,32492.7216
4415,32504.4527
4416,32516.8657
4417,32528.4796
4418,32538.2576
4419,32549.4339
4420,32562.7601
4421,32572.4726
4422,32583.2295
4423,32595.3691
4424,32611.5255
4425,32621.3419
4426,32632.5974
4427,32642.2315
4428,32653.5599
4429,32663.6608
4430,32674.5908
4431,32685.7264
4432,32699.1367
4433,32711.4286
4434,32722.3482
4435,32737.7896
4436,32751.6983
4437,32765.2647
4438,32776.9899
4439,32795.0652
4440,32803.3185
4441,32817.8384
4442,32838.1867
4443,32851.4853
4444,32866.0433
4445,32877.9762
4446,32885.0718
4447,32895.5634
4448,32909.8668
4449,32924.6292
4450,32932.5147
4451,32943.3579
4452,32956.2495
4453,32969.6312
4454,32981.2620
4455,32994.2677
4456,33006.6726
4457,33017.1554
4458,33028.6388
4459,33043.5989
4460,33057.9817
4461,33071.3744
4462,33081.5601
4463,33092.6487
4464,33106.6301
4465,33127.3494
4466,33144.4097
4467,33159.4198
4468,33171.9592
4469,33184.7990
4470,33198.8993
4471,33210.2137
4472,33219.4266
4473,33228.1983
4474,33246.6235
4475,33255.3158
4476,33269.1905
4477,33278.3916
4478,33289.5470
4479,33298.3081
4480,33308.6290
4481,33320.1091
4482,33329.0882
4483,33340.1818
4484,33348.5279
4485,33356.5812
4486,33367.4991
4487,33375.4709
4488,33391.8135
4489,33404.9480
4490,33414.0375
4491,33421.6981
4492,33429.4474
4493,33438.7639
4494,33448.3304
4495,33462.2858
4496,33471.8020
4497,33482.3604
4498,33497.4527
4499,33524.2136
4500,33531.7354
4501,33539.7334
4502,33549.4723
4503,33561.2099
4504,33568.6426
4505,33575.7155
4506,33582.6273
4507,33593.7195
4508,33603.4808
4509,33614.8872
4510,33627.8000
4511,33641.1190
4512,33653.0190
4513,33669.3425
4514,33681.4337
4515,33695.2105
4516,33709.5637
4517,33718.3104
4518,33733.6369
4519,33741.8258
4520,33755.8565
4521,33765.9831
4522,33782.3105
4523,33793.9281
4524,33805.1414
4525,33817.0562
4526,33832.3169
4527,33839.4959
4528,33848.3636
4529,33857.2547
4530,33866.3421
4531,33878.2969
4532,33889.9109
4533,33902.7712
4534,33916.1692
4535,33927.2563
4536,33943.4044
4537,33950.5424
4538,33963.4876
4539,33978.8980
4540,33987.0899
4541,34000.8757
4542,34013.0861
4543,34030.5321
4544,34041.1909
4545,34053.8640
4546,34065.7892
4547,34073.8788
4548,34085.8653
4549,34099.3128
4550,34110.7740
4551,34123.3218
4552,34134.9623
4553,34150.0587
4554,34157.3322
4555,34166.0056
4556,34175.8108
4557,34185.3871
4558,34196.4061
4559,34203.6600
4560,34215.6889
4561,34225.8368
4562,34234.4677
4563,34246.4831
4564,34259.6114
4565,34269.8586
4566,34280.8104
4567,34296.0670
4568,34311.6102
4569,34322.7966
4570,34331.8477
4571,34342.9534
4572,34352.0396
4573,34362.3819
4574,34370.2893
4575,34378.7732
4576,34390.9526
4577,34405.3969
4578,34415.9193
4579,34428.1020
4580,34443.4211
4581,34454.2668
4582,34468.2119
4583,34478.5719
4584,34489.3355
4585,34497.4532
4586,34508.7881
4587,34520.3409
4588,34533.9069
4589,34546.1245
4590,34582.2594
4591,34593.6313
4592,34601.9340
4593,34611.4228
4594,34624.5925
4595,34633.8294
4596,34645.5190
4597,34659.3666
4598,34674.7973
4599,34689.3399
4600,34703.3653
4601,34719.4805
4602,34732.5590
4603,34742.2595
4604,34753.6216
4605,34766.4011
4606,34779.9144
4607,34792.8264
4608,34805.6107
4609,34815.8276
4610,34825.4821
4611,34834.5046
4612,34848.0287
4613,34856.6530
4614,34863.8556
4615,34876.1051
4616,34886.5020
4617,34894.6321
4618,34908.8724
4619,34919.9502
4620,34932.3878
4621,34942.5616
4622,34951.9610
4623,34962.0132
4624,34970.1211
4625,34981.4570
4626,34992.1191
4627,35005.5258
4628,35022.4807
4629,35032.5785
4630,35047.0123
4631,35060.4792
4632,35071.0645
4633,35083.2276
4634,35094.0232
4635,35102.5276
4636,35114.1665
4637,35130.0788
4638,35138.3495
4639,35151.2141
4640,35163.8677
4641,35175.8957
4642,35186.0421
4643,35198.6091
4644,35214.4709
4645,35228.0722
4646,35240.0489
4647,35254.1642
4648,35266.2294
4649,35278.4867
4650,35290.8533
4651,35302.9392
4652,35317.1644
4653,35332.8304
4654,35345.8614
4655,35359.0806
4656,35367.5225
4657,35377.8963
4658,35388.1819
4659,35401.7029
4660,35416.5704
4661,35427.6946
4662,35439.6162
4663,35452.6772
4664,35466.6905
4665,35478.4188
4666,35490.2062
4667,35500.0997
4668,35518.7173
4669,35529.8977
4670,35543.2138
4671,35549.6106
4672,35562.0110
4673,35570.1818
4674,35579.8967
4675,35589.4377
4676,35598.9444
4677,35607.9590
4678,35614.8543
4679,35621.9733
4680,35633.9953
4681,35643.8668
4682,35653.1096
4683,35665.5195
4684,35674.9620
4685,35685.1246
4686,35698.2412
4687,35713.1505
4688,35720.7694
4689,35732.1219
4690,35743.5107
4691,35763.0770
4692,35771.7099
4693,35785.2752
4694,35798.5573
4695,35810.7898
4696,35821.2039
4697,35831.9287
4698,35846.3840
4699,35854.8384
4700,35869.6308
4701,35878.7165
4702,35895.6435
4703,35908.9260
4704,35920.4042
4705,35935.4658
4706,35947.9945
4707,35959.3289
4708,35972.9447
4709,35985.0597
4710,35997.6127
4711,36017.8523
4712,36036.7780
4713,36048.7142
4714,36058.2502
4715,36070.8911
4716,36081.6596
4717,36096.6704
4718,36103.8487
4719,36111.7575
4720,36122.6084
4721,36136.6882
4722,36149.0993
4723,36159.5523
4724,36172.5836
4725,36180.3763
4726,36190.1369
4727,36203.8112
4728,36213.7351
4729,36222.8651
4730,36233.9001
4731,36244.0927
4732,36256.3074
4733,36269.3717
4734,36281.3287
4735,36295.5823
4736,36311.4562
4737,36324.3451
4738,36341.4693
4739,36350.6165
4740,36369.2381
4741,36378.9055
4742,36386.0464
4743,36394.7883
4744,36408.3743
4745,36422.1456
4746,36433.2635
4747,36445.9035
4748,36460.1042
4749,36474.2391
4750,36488.1105
4751,36502.9948
4752,36515.3167
4753,36526.6392
4754,36534.2948
4755,36544.6422
4756,36558.4075
4757,36569.5915
4758,36582.6876
4759,36597.9981
4760,36605.2666
4761,36619.4556
4762,36630.2381
4763,36640.5628
4764,36649.2527
4765,36661.8743
4766,36671.0818
4767,36682.0719
4768,36693.7342
4769,36704.9818
4770,36717.7780
4771,36733.2039
4772,36748.9598
4773,36759.9075
4774,36771.0025
4775,36782.8813
4776,36792.1693
4777,36803.4832
4778,36812.5842
4779,36826.7307
4780,36834.9254
4781,36841.7363
4782,36849.5202
4783,36859.4346
4784,36869.8354
4785,36880.1389
4786,36890.9292
4787,36901.3815
4788,36912.0021
4789,36919.4303
4790,36933.6863
4791,36944.5841
4792,36953.6071
4793,36962.0974
4794,36969.3904
4795,36984.9844
4796,36996.9468
4797,37009.0263
4798,37020.2096
4799,37039.8004
4800,37046.4363
4801,37058.6398
4802,37067.0545
4803,37077.4763
4804,37084.5461
4805,37097.8782
4806,37110.1069
4807,37115.6332
4808,37129.2930
4809,37140.2674
4810,37155.3142
4811,37167.8994
4812,37179.9524
4813,37187.8111
4814,37202.0049
4815,37214.4642
4816,37225.4848
4817,37237.3261
4818,37250.4976
4819,37270.1583
4820,37282.9804
4821,37293.9034
4822,37301.1456
4823,37320.4985
4824,37338.0740
4825,37350.1108
4826,37360.0175
4827,37367.0208
4828,37374.5677
4829,37381.7103
4830,37390.0592
4831,37402.4634
4832,37412.6289
4833,37426.3091
4834,37439.6510
4835,37451.2436
4836,37470.2373
4837,37480.8502
4838,37493.0582
4839,37500.6337
4840,37508.4059
4841,37517.4022
4842,37526.3183
4843,37532.7950
4844,37545.8355
4845,37552.9871
4846,37562.7429
4847,37571.5063
4848,37582.8128
4849,37590.8413
4850,37600.5361
4851,37609.2389
4852,37619.8058
4853,37632.5946
4854,37642.1170
4855,37651.2611
4856,37660.8822
4857,37672.8296
4858,37685.8337
4859,37696.3742
4860,37703.6288
4861,37713.6395
4862,37723.9778
4863,37737.6869
4864,37746.8760
4865,37756.4616
4866,37764.6532
4867,37778.3585
4868,37788.3861
4869,37799.8562
4870,37812.2132
4871,37824.5897
4872,37842.3910
4873,37855.0570
4874,37863.5821
4875,37876.3249
4876,37887.1329
4877,37897.2967
4878,37917.4962
4879,37927.9065
4880,37949.7964
4881,37957.8876
4882,37971.0665
4883,37984.5598
4884,37999.1419
4885,38010.3948
4886,38026.5522
4887,38039.2096
4888,38052.6528
4889,38078.1295
4890,38085.7382
4891,38097.4200
4892,38108.3362
4893,38116.9508
4894,38127.2185
4895,38143.8181
4896,38155.7875
4897,38169.1275
4898,38181.3037
4899,38191.6177
4900,38201.5131
4901,38212.1277
4902,38226.8727
4903,38230.9649
4904,38242.3029
4905,38253.5963
4906,38264.7533
4907,38274.8308
4908,38286.5841
4909,38300.0085
4910,38311.3742
4911,38322.4471
4912,38333.9818
4913,38345.1598
4914,38361.6469
4915,38370.9908
4916,38381.5804
4917,38396.8790
4918,38407.2433
4919,38419.4510
4920,38434.7367
4921,38440.1453
4922,38451.0527
4923,38463.3200
4924,38475.0385
4925,38488.3373
4926,38499.7814
4927,38514.3220
4928,38525.7096
4929,38537.5469
4930,38549.1478
4931,38560.4553
4932,38570.0462
4933,38579.8678
4934,38595.5327
4935,38604.6906
4936,38616.4615
4937,38624.3615
4938,38632.8473
4939,38642.3512
4940,38652.1528
4941,38662.2014
4942,38669.9634
4943,38679.4465
4944,38689.7678
4945,38700.2673
4946,38711.8554
4947,38718.2803
4948,38727.0000
4949,38739.0392
4950,38754.2298
4951,38767.8289
4952,38779.8080
4953,38791.9340
4954,38806.5207
4955,38821.2368
4956,38835.4156
4957,38852.8693
4958,38862.4456
4959,38870.9092
4960,38879.8668
4961,38890.1918
4962,38902.4467
4963,38914.4390
4964,38923.6035
4965,38934.8445
4966,38953.8126
4967,38961.4954
4968,38975.2271
4969,38984.9756
4970,38999.5613
4971,39010.5212
4972,39022.9461
4973,39037.7746
4974,39046.6220
4975,39057.2515
4976,39073.7891
4977,39087.0786
4978,39098.4795
4979,39108.7458
4980,39121.4194
4981,39132.9801
4982,39144.2323
4983,39152.6144
4984,39164.2239
4985,39174.6674
4986,39186.6636
4987,39196.9006
4988,39208.9140
4989,39217.3045
4990,39230.9980
4991,39248.5216
4992,39262.4249
4993,39282.7263
4994,39295.6326
4995,39311.5540
4996,39330.7106
4997,39347.3430
4998,39363.5314
4999,39378.8235
5000,39394.0413
5001,39408.0701
5002,39420.3494
5003,39429.1127
5004,39444.1040
5005,39452.4398
5006,39463.1531
5007,39473.8226
5008,39486.2237
5009,39499.0733
5010,39512.1462
5011,39521.6303
5012,39538.1591
5013,39551.8405
5014,39564.4953
5015,39582.0236
5016,39592.2422
5017,39601.8338
5018,39615.1152
5019,39627.5616
5020,39640.1546
5021,39666.2045
5022,39675.8771
5023,39685.5752
5024,39696.8949
5025,39707.2513
5026,39717.6576
5027,39728.1246
5028,39739.7554
5029,39746.6493
5030,39756.9027
5031,39768.2700
5032,39782.6028
5033,39802.1972
5034,39809.9511
5035,39817.8253
5036,39830.5426
5037,39849.4756
5038,39864.4125
5039,39879.2648
5040,39887.4373
5041,39902.9267
5042,39915.3173
5043,39927.0613
5044,39935.5242
5045,39947.5253
5046,39956.2902
5047,39968.9505
5048,39990.4096
5049,40007.7572
5050,40030.0581
5051,40037.2884
5052,40046.1693
5053,40054.4660
5054,40064.3103
5055,40072.4494
5056,40084.7845
5057,40096.9892
5058,40108.0503
5059,40115.2461
5060,40124.2833
5061,40132.0753
5062,40143.7733
5063,40154.2473
5064,40164.9771
5065,40172.8065
5066,40184.2000
5067,40194.3376
5068,40204.7958
5069,40219.7764
5070,40233.7604
5071,40250.3929
5072,40261.6124
5073,40269.4166
5074,40283.9208
5075,40295.5129
5076,40306.8545
5077,40319.3207
5078,40327.4221
5079,40336.1771
5080,40343.3533
5081,40355.4220
5082,40369.0076
5083,40380.8930
5084,40390.1482
5085,40405.6003
5086,40419.5368
5087,40430.9387
5088,40443.9628
5089,40456.7051
5090,40485.0833
5091,40494.2553
5092,40501.2043
5093,40511.7183
5094,40519.0575
5095,40527.2574
5096,40535.3286
5097,40542.8667
5098,40548.3758
5099,40555.6726
5100,40565.4166
5101,40572.0499
5102,40584.8081
5103,40593.5476
5104,40601.0487
5105,40608.3324
5106,40619.6055
5107,40628.9651
5108,40640.7042
5109,40652.4816
5110,40659.2381
5111,40669.5240
5112,40681.1957
5113,40688.7445
5114,40699.4445
5115,40708.1680
5116,40717.5322
5117,40725.7712
5118,40734.2405
5119,40741.8599
5120,40750.4542
5121,40761.2307
5122,40770.8271
5123,40780.5738
5124,40790.2176
5125,40799.2456
5126,40811.3480
5127,40822.8357
5128,40836.2088
5129,40853.3580
5130,40861.3880
5131,40877.8002
5132,40887.0025
5133,40900.0597
5134,40911.9670
5135,40922.2174
5136,40938.8866
5137,40952.4877
5138,40964.1609
5139,40975.2901
5140,40987.4830
5141,41000.1833
5142,41012.8422
5143,41025.7359
5144,41040.5457
5145,41048.9810
5146,41057.9333
5147,41071.2202
5148,41087.4317
5149,41098.1562
5150,41109.8015
5151,41117.3263
5152,41124.6161
5153,41139.2760
5154,41152.7450
5155,41167.6409
5156,41182.5275
5157,41197.3174
5158,41209.1939
5159,41221.4832
5160,41237.6418
5161,41251.3359
5162,41264.7502
5163,41277.7681
5164,41288.0197
5165,41300.6606
5166,41308.4769
5167,41318.6221
5168,41330.5881
5169,41337.8999
5170,41347.4302
5171,41364.4459
5172,41372.4160
5173,41385.1473
5174,41398.7312
5175,41413.4231
5176,41429.6298
5177,41443.9344
5178,41451.9892
5179,41504.5304
5180,41514.2310
5181,41520.4756
5182,41526.2058
5183,41536.0956
5184,41544.0633
5185,41558.6562
5186,41573.8919
5187,41588.3141
5188,41601.2368
5189,41613.5178
5190,41628.3691
5191,41640.9216
5192,41653.7282
5193,41676.9764
5194,41688.8323
5195,41697.1021
5196,41706.9821
5197,41719.2173
5198,41730.5233
5199,41739.8400
5200,41749.3532
5201,41762.7454
5202,41771.1525
5203,41789.1133
5204,41807.5099
5205,41817.2376
5206,41834.5385
5207,41850.6298
5208,41862.9336
5209,41870.0290
5210,41882.2010
5211,41891.5746
5212,41901.2063
5213,41909.7989
5214,41923.8589
5215,41941.4513
5216,41954.4456
5217,41962.4951
5218,41971.6322
5219,41982.3153
5220,41991.8475
5221,42000.5488
5222,42010.3490
5223,42019.4635
5224,42029.9470
5225,42040.3559
5226,42054.6644
5227,42070.3678
5228,42080.4286
5229,42093.0202
5230,42102.7589
5231,42111.7947
5232,42125.2241
5233,42138.3958
5234,42151.5927
5235,42160.8174
5236,42169.7166
5237,42182.8196
5238,42194.6352
5239,42206.2678
5240,42218.2488
5241,42232.7683
5242,42245.7526
5243,42252.8527
5244,42267.4344
5245,42278.6291
5246,42291.8680
5247,42303.2036
5248,42314.0829
5249,42325.7723
5250,42337.6477
5251,42350.2915
5252,42361.2542
5253,42373.7352
5254,42385.5414
5255,42401.3081
5256,42413.1703
5257,42425.6258
5258,42437.1386
5259,42448.8521
5260,42459.9385
5261,42472.2636
5262,42484.8559
5263,42500.7701
5264,42533.2484
5265,42546.5424
5266,42559.1393
5267,42566.3433
5268,42574.8353
5269,42582.3510
5270,42587.0605
5271,42595.3786
5272,42606.7863
5273,42618.1839
5274,42632.4213
5275,42643.0724
5276,42656.9502
5277,42667.3658
5278,42681.1864
5279,42692.5189
5280,42703.4347
5281,42715.1079
5282,42725.4627
5283,42735.5678
5284,42744.6849
5285,42760.8614
5286,42784.4849
5287,42794.3101
5288,42805.4063
5289,42815.3572
5290,42828.5184
5291,42843.8575
5292,42853.8957
5293,42864.6159
5294,42879.3962
5295,42891.2399
5296,42902.6878
5297,42920.1748
5298,42934.5326
5299,42948.3025
5300,42958.2591
5301,42969.0461
5302,42985.4004
5303,42996.9113
5304,43010.9015
5305,43023.4306
5306,43035.6600
5307,43048.4295
5308,43059.2952
5309,43071.1231
5310,43086.7939
5311,43100.5752
5312,43115.3719
5313,43129.6206
5314,43142.8425
5315,43156.5888
5316,43165.1397
5317,43181.4203
5318,43192.9529
5319,43207.3069
5320,43217.5643
5321,43229.3856
5322,43240.1927
5323,43249.8658
5324,43265.5933
5325,43278.2745
5326,43289.3856
5327,43301.8870
5328,43312.5160
5329,43325.4774
5330,43346.5989
5331,43361.9671
5332,43371.7625
5333,43381.5663
5334,43388.1471
5335,43398.4587
5336,43409.2224
5337,43420.9566
5338,43432.6055
5339,43448.9100
5340,43458.4816
5341,43468.2167
5342,43479.2826
5343,43487.3309
5344,43500.8345
5345,43512.2106
5346,43524.5757
5347,43533.5681
5348,43545.6049
5349,43557.7199
5350,43568.6374
5351,43577.6701
5352,43586.4322
5353,43594.1193
5354,43602.0024
5355,43609.9260
5356,43617.3451
5357,43625.1621
5358,43633.0419
5359,43643.4407
5360,43652.1919
5361,43660.1620
5362,43668.4117
5363,43677.2356
5364,43686.0728
5365,43697.5057
5366,43704.1678
5367,43714.1466
5368,43725.9161
5369,43739.2118
5370,43751.1096
5371,43763.5245
5372,43778.7204
5373,43786.5393
5374,43797.9338
5375,43812.8605
5376,43826.5107
5377,43837.0347
5378,43847.7082
5379,43861.4118
5380,43873.9974
5381,43887.6655
5382,43902.5850
5383,43916.2154
5384,43926.8837
5385,43941.1731
5386,43953.1801
5387,43965.0681
5388,43977.8590
5389,43991.8153
5390,44003.1080
5391,44012.3632
5392,44022.4628
5393,44032.3637
5394,44039.0637
5395,44048.3515
5396,44056.9496
5397,44064.6858
5398,44071.3356
5399,44081.9883
5400,44090.0578
5401,44097.6088
5402,44107.0185
5403,44114.9728
5404,44123.4097
5405,44135.5042
5406,44147.1074
5407,44164.1169
5408,44175.6423
5409,44188.0362
5410,44199.8918
5411,44212.7028
5412,44227.4029
5413,44243.0117
5414,44260.0441
5415,44270.1585
5416,44282.6710
5417,44299.7475
5418,44311.9297
5419,44319.7646
5420,44331.1090
5421,44342.2954
5422,44352.2010
5423,44360.9400
5424,44368.3240
5425,44377.4474
5426,44387.0080
5427,44398.1631
5428,44406.4832
5429,44420.6233
5430,44434.4652
5431,44446.0468
5432,44452.5213
5433,44462.0593
5434,44471.1399
5435,44480.1650
5436,44490.9158
5437,44504.4892
5438,44516.0773
5439,44523.9904
5440,44532.5503
5441,44541.2376
5442,44551.1217
5443,44559.9117
5444,44568.1891
5445,44579.5321
5446,44587.4953
5447,44597.5595
5448,44604.7966
5449,44615.0475
5450,44625.3009
5451,44638.1791
5452,44654.4929
5453,44664.5389
5454,44672.2357
5455,44679.6699
5456,44690.8264
5457,44699.5645
5458,44713.4898
5459,44724.1561
5460,44741.8151
5461,44758.1294
5462,44766.5691
5463,44777.1537
5464,44788.7840
5465,44800.0901
5466,44813.4680
5467,44821.4316
5468,44832.7143
5469,44844.0452
5470,44862.0565
5471,44876.1938
5472,44889.4300
5473,44906.9297
5474,44923.6465
5475,44938.0002
5476,44953.5911
5477,44970.4218
5478,44987.1194
5479,45007.4489
5480,45021.7218
5481,45032.3830
5482,45047.9276
5483,45060.4429
5484,45070.9798
5485,45084.1677
5486,45102.3684
5487,45114.9204
5488,45125.8802
5489,45133.7383
5490,45146.8005
5491,45156.0380
5492,45166.4124
5493,45178.3772
5494,45185.2424
5495,45196.2149
5496,45204.0575
5497,45210.2795
5498,45225.3308
5499,45235.1429
5500,45245.7557
5501,45254.2217
5502,45270.3748
5503,45280.3996
5504,45289.0613
5505,45300.5612
5506,45312.3255
5507,45320.5178
5508,45328.9895
5509,45336.9470
5510,45348.4795
5511,45359.3037
5512,45402.3209
5513,45413.0433
5514,45423.5299
5515,45429.8015
5516,45438.0684
5517,45449.7890
5518,45466.0239
5519,45475.0013
5520,45485.0285
5521,45493.9878
5522,45502.0974
5523,45516.4106
5524,45527.0584
5525,45540.9732
5526,45554.6708
5527,45566.5848
5528,45577.6579
5529,45588.9387
5530,45600.9645
5531,45614.1901
5532,45624.8636
5533,45632.8931
5534,45640.4431
5535,45648.5627
5536,45659.1458
5537,45668.2289
5538,45679.4922
5539,45696.3861
5540,45798.7731
5541,45808.6705
5542,45817.3826
5543,45828.9921
5544,45837.5258
5545,45848.3748
5546,45858.2842
5547,45872.2882
5548,45893.1437
5549,45909.8811
5550,45919.2553
5551,45932.8048
5552,45944.4218
5553,45958.2143
5554,45976.2540
5555,45986.8665
5556,45996.9392
5557,46011.8325
5558,46018.4972
5559,46031.7245
5560,46042.8159
5561,46055.0027
5562,46067.5790
5563,46084.6064
5564,46096.1800
5565,46108.6228
5566,46122.5600
5567,46134.0735
5568,46144.9320
5569,46156.5814
5570,46168.5047
5571,46175.7162
5572,46188.3621
5573,46196.1544
5574,46211.1692
5575,46218.8697
5576,46227.5796
5577,46238.8582
5578,46248.3044
5579,46257.1874
5580,46266.2284
5581,46279.1240
5582,46293.7646
5583,46311.0967
5584,46323.4200
5585,46336.3965
5586,46349.6432
5587,46364.1453
5588,46375.7374
5589,46388.2136
5590,46397.3627
5591,46410.3596
5592,46418.4813
5593,46433.0077
5594,46442.9388
5595,46450.9246
5596,46461.0329
5597,46473.8715
5598,46487.8085
5599,46504.4346
5600,46519.2158
5601,46533.5758
5602,46544.8239
5603,46553.5178
5604,46560.8730
5605,46567.5700
5606,46575.7735
5607,46591.1369
5608,46601.9030
5609,46617.4753
5610,46631.0718
5611,46646.8496
5612,46655.1752
5613,46662.8597
5614,46675.0910
5615,46682.8272
5616,46690.3265
5617,46699.5497
5618,46711.8585
5619,46724.6683
5620,46743.6602
5621,46752.5690
5622,46765.5663
5623,46778.9192
5624,46788.3081
5625,46801.0931
5626,46814.0774
5627,46826.8611
5628,46838.9614
5629,46851.1810
5630,46862.6349
5631,46870.9688
5632,46882.2215
5633,46891.7463
5634,46905.9963
5635,46918.2937
5636,46930.5322
5637,46942.8680
5638,46956.0864
5639,46967.4335
5640,46979.2898
5641,46989.1505
5642,47007.0524
5643,47023.8233
5644,47040.7920
5645,47054.9915
5646,47069.1006
5647,47085.3384
5648,47098.5107
5649,47112.1778
5650,47121.7828
5651,47140.6555
5652,47152.4765
5653,47163.8930
5654,47173.5129
5655,47182.6658
5656,47193.1710
5657,47202.2157
5658,47213.1982
5659,47222.5800
5660,47230.0985
5661,47238.3950
5662,47247.5128
5663,47258.0111
5664,47266.4671
5665,47277.0863
5666,47285.3053
5667,47296.5217
5668,47310.7276
5669,47330.4503
5670,47343.0276
5671,47357.6174
5672,47371.5134
5673,47386.5716
5674,47402.7154
5675,47421.8194
5676,47436.8672
5677,47446.6312
5678,47461.5734
5679,47483.3002
5680,47494.2634
5681,47508.2467
5682,47517.9455
5683,47535.1624
5684,47546.8621
5685,47557.2233
5686,47567.7943
5687,47580.6727
5688,47597.2915
5689,47611.8617
5690,47622.0751
5691,47637.8648
5692,47650.8873
5693,47663.7154
5694,47680.1183
5695,47690.0158
5696,47698.6959
5697,47707.1273
5698,47721.5841
5699,47733.9675
5700,47756.1131
5701,47766.9280
5702,47780.2892
5703,47797.9698
5704,47808.4886
5705,47815.4349
5706,47826.8816
5707,47838.1879
5708,47853.1041
5709,47868.1171
5710,47881.2168
5711,47897.9328
5712,47913.3661
5713,47923.7661
5714,47937.3999
5715,47958.0047
5716,47972.2028
5717,47984.8888
5718,48000.7019
5719,48016.9163
5720,48034.9579
5721,48046.6781
5722,48059.6783
5723,48069.5515
5724,48082.6666
5725,48093.7927
5726,48102.1504
5727,48110.2502
5728,48119.7963
5729,48134.3794
5730,48149.1537
5731,48160.1641
5732,48170.2807
5733,48181.0882
5734,48196.6491
5735,48205.5163
5736,48214.9158
5737,48225.5442
5738,48237.3242
5739,48251.0660
5740,48264.1604
5741,48277.4832
5742,48286.4108
5743,48299.5474
5744,48311.7576
5745,48319.1357
5746,48329.7844
5747,48337.1983
5748,48353.0126
5749,48362.4914
5750,48376.7955
5751,48387.2204
5752,48399.0905
5753,48410.9380
5754,48420.8875
5755,48435.6143
5756,48447.6182
5757,48461.1714
5758,48473.9950
5759,48484.4186
5760,48494.4897
5761,48506.8858
5762,48520.6079
5763,48530.9775
5764,48542.7554
5765,48556.9820
5766,48568.5794
5767,48580.4031
5768,48587.9216
5769,48595.6509
5770,48606.9822
5771,48623.0860
5772,48634.3379
5773,48649.7035
5774,48659.4174
5775,48670.7332
5776,48685.4794
5777,48697.1154
5778,48707.4523
5779,48718.4765
5780,48733.8815
5781,48746.8271
5782,48759.4256
5783,48771.5373
5784,48782.2764
5785,48795.5782
5786,48805.1503
5787,48815.8085
5788,48826.8828
5789,48837.8143
5790,48852.4795
5791,48868.2523
5792,48875.4659
5793,48885.3159
5794,48900.6066
5795,48915.2341
5796,48926.4660
5797,48936.1267
5798,48951.1890
5799,48962.8539
5800,48971.7107
5801,48983.6214
5802,48996.9497
5803,49008.1074
5804,49019.4695
5805,49034.0555
5806,49042.5255
5807,49057.8284
5808,49071.4748
5809,49078.4376
5810,49089.0532
5811,49102.7737
5812,49117.0990
5813,49126.8501
5814,49138.7455
5815,49150.7273
5816,49169.1246
5817,49180.2726
5818,49188.5870
5819,49200.7203
5820,49213.7125
5821,49225.7893
5822,49241.9679
5823,49250.9472
5824,49265.7957
5825,49274.9825
5826,49287.6291
5827,49304.7023
5828,49316.0892
5829,49327.3594
5830,49335.9966
5831,49346.0820
5832,49355.8884
5833,49369.6938
5834,49382.8256
5835,49393.4996
5836,49399.2600
5837,49407.1391
5838,49418.5367
5839,49427.7351
5840,49439.4996
5841,49452.7636
5842,49461.9300
5843,49468.0452
5844,49475.2195
5845,49483.1295
5846,49492.7387
5847,49505.6028
5848,49517.4119
5849,49527.1127
5850,49536.5191
5851,49546.0508
5852,49558.1341
5853,49570.3795
5854,49581.2802
5855,49591.2075
5856,49601.4278
5857,49611.6383
5858,49623.7493
5859,49635.3347
5860,49649.2193
5861,49663.6639
5862,49672.1489
5863,49683.9108
5864,49695.9209
5865,49711.9277
5866,49720.4139
5867,49730.3030
5868,49740.1712
5869,49747.3242
5870,49764.3845
5871,49773.5448
5872,49782.2168
5873,49796.7362
5874,49807.2298
5875,49819.1257
5876,49831.6929
5877,49842.2611
5878,49852.3159
5879,49867.7342
5880,49880.1868
5881,49894.7923
5882,49908.1354
5883,49920.3985
5884,49932.2512
5885,49942.8537
5886,49956.0585
5887,49968.5109
5888,49983.4692
5889,49993.7999
5890,50006.7167
5891,50018.5602
5892,50030.4718
5893,50041.2190
5894,50053.9153
5895,50063.7951
5896,50074.7478
5897,50087.8766
5898,50098.1557
5899,50109.9415
5900,50136.4057
5901,50142.9048
5902,50152.8761
5903,50161.3975
5904,50172.1566
5905,50180.3257
5906,50190.7094
5907,50203.1221
5908,50214.6735
5909,50221.7522
5910,50231.9443
5911,50243.0542
5912,50269.4063
5913,50277.5741
5914,50288.6326
5915,50302.8932
5916,50311.4965
5917,50322.1502
5918,50333.5714
5919,50350.2309
5920,50360.2278
5921,50374.9661
5922,50386.9839
5923,50397.1910
5924,50404.1321
5925,50413.4111
5926,50421.6609
5927,50430.9938
5928,50438.6227
5929,50449.0497
5930,50457.7339
5931,50465.8177
5932,50473.9327
5933,50482.5659
5934,50494.0233
5935,50507.0970
5936,50519.2456
5937,50534.8623
5938,50542.2680
5939,50552.3286
5940,50566.5212
5941,50580.2481
5942,50588.4216
5943,50600.1911
5944,50616.3065
5945,50633.3261
5946,50647.5768
5947,50659.5218
5948,50670.1236
5949,50682.0328
5950,50695.1919
5951,50702.9622
5952,50708.6036
5953,50716.6426
5954,50724.4236
5955,50737.2510
5956,50750.7470
5957,50763.1385
5958,50775.5342
5959,50790.4570
5960,50800.5712
5961,50809.4254
5962,50822.5570
5963,50839.0262
5964,50851.8183
5965,50863.9147
5966,50876.1532
5967,50886.3871
5968,50896.6644
5969,50909.5187
5970,50921.9954
5971,50932.7607
5972,50943.1458
5973,50953.5179
5974,50965.4067
5975,50981.3011
5976,50993.8393
5977,51004.0462
5978,51021.9028
5979,51033.4773
5980,51045.0890
5981,51063.2596
5982,51073.7019
5983,51083.7965
5984,51090.5323
5985,51100.1956
5986,51111.8865
5987,51122.7231
5988,51130.5537
5989,51139.9345
5990,51147.4061
5991,51159.8632
5992,51169.7195
5993,51181.4213
5994,51190.0256
5995,51198.7455
5996,51210.8061
5997,51218.8776
5998,51231.1671
5999,51245.9292
6000,51256.0599
6001,51263.6178
6002,51277.7653
6003,51284.8172
6004,51297.6432
6005,51307.0254
6006,51315.6278
6007,51323.0412
6008,51331.8014
6009,51343.9782
6010,51356.5912
6011,51365.2468
6012,51377.9175
6013,51392.0321
6014,51407.7682
6015,51419.8484
6016,51433.9628
6017,51442.4293
6018,51453.2583
6019,51467.2468
6020,51483.3002
6021,51498.4558
6022,51508.6553
6023,51520.7591
6024,51540.4792
6025,51563.4980
6026,51578.4571
6027,51586.9539
6028,51596.4875
6029,51607.4317
6030,51618.2368
6031,51634.1040
6032,51644.5060
6033,51657.6812
6034,51673.3577
6035,51684.0727
6036,51697.2544
6037,51704.8628
6038,51718.3599
6039,51732.3575
6040,51746.8157
6041,51760.5605
6042,51772.5847
6043,51789.4287
6044,51799.9291
6045,51813.8616
6046,51823.8432
6047,51836.8130
6048,51850.4310
6049,51863.5929
6050,51872.7012
6051,51883.7192
6052,51894.4793
6053,51904.6037
6054,51912.8067
6055,51923.4948
6056,51936.3580
6057,51947.2804
6058,51956.8837
6059,51977.8910
6060,51985.0745
6061,51997.0033
6062,52007.7007
6063,52020.9947
6064,52032.0921
6065,52042.7732
6066,52054.8143
6067,52067.4932
6068,52078.8262
6069,52093.4548
6070,52107.9199
6071,52116.0400
6072,52122.1693
6073,52132.1497
6074,52139.9870
6075,52147.1510
6076,52160.5837
6077,52172.9612
6078,52185.4641
6079,52197.6562
6080,52210.2058
6081,52222.2564
6082,52243.0975
6083,52252.9707
6084,52262.4338
6085,52275.4140
6086,52282.9797
6087,52294.4331
6088,52306.0100
6089,52318.2347
6090,52332.7727
6091,52346.6022
6092,52363.4193
6093,52373.6963
6094,52390.3320
6095,52403.5008
6096,52416.5475
6097,52432.3766
6098,52441.1397
6099,52452.9240
6100,52469.1796
6101,52477.3152
6102,52489.7001
6103,52499.6440
6104,52511.3556
6105,52523.5808
6106,52531.3320
6107,52538.9268
6108,52546.1490
6109,52553.4015
6110,52558.9998
6111,52566.3686
6112,52575.0747
6113,52583.5576
6114,52594.5404
6115,52602.9079
6116,52609.4306
6117,52617.5048
6118,52625.8450
6119,52637.4407
6120,52648.9027
6121,52660.4531
6122,52671.7250
6123,52757.1273
6124,52767.9765
6125,52779.1877
6126,52788.3749
6127,52801.5566
6128,52814.5015
6129,52825.1171
6130,52833.1282
6131,52842.4325
6132,52849.5922
6133,52858.9840
6134,52867.4908
6135,52876.1158
6136,52888.1099
6137,52897.6517
6138,52904.6652
6139,52913.9774
6140,52922.0781
6141,52934.3882
6142,52948.8990
6143,52962.7283
6144,52973.5267
6145,52985.9498
6146,52998.1422
6147,53011.2891
6148,53028.3740
6149,53045.3928
6150,53057.1306
6151,53069.4637
6152,53084.2068
6153,53092.2413
6154,53103.7416
6155,53117.8803
6156,53130.0611
6157,53145.1180
6158,53154.4683
6159,53164.6230
6160,53183.2318
6161,53193.0039
6162,53204.6852
6163,53215.5530
6164,53228.5998
6165,53235.6164
6166,53254.3135
6167,53264.3840
6168,53277.5304
6169,53293.7179
6170,53304.0869
6171,53316.6876
6172,53331.6774
6173,53344.4152
6174,53353.8301
6175,53365.0820
6176,53376.2653
6177,53387.5012
6178,53401.2623
6179,53412.7865
6180,53420.0778
6181,53428.9830
6182,53446.0838
6183,53457.7110
6184,53468.1880
6185,53479.0881
6186,53488.7805
6187,53498.3029
6188,53510.7493
6189,53522.1505
6190,53535.3818
6191,53548.1653
6192,53558.0685
6193,53566.7493
6194,53576.2687
6195,53584.5275
6196,53596.8466
6197,53606.5645
6198,53617.0964
6199,53622.5748
6200,53631.7317
6201,53641.8250
6202,53649.4493
6203,53657.5506
6204,53665.6423
6205,53674.4919
6206,53682.4980
6207,53691.0298
6208,53697.7148
6209,53708.0278
6210,53721.7350
6211,53735.9231
6212,53747.9525
6213,53761.1442
6214,53776.7022
6215,53784.3590
6216,53795.5976
6217,53806.2189
6218,53813.5908
6219,53824.1801
6220,53832.4602
6221,53840.4038
6222,53849.2563
6223,53858.2480
6224,53870.1205
6225,53881.0303
6226,53891.6755
6227,53901.1652
6228,53910.2330
6229,53918.3650
6230,53930.3877
6231,53939.3473
6232,53950.1610
6233,53959.7030
6234,53972.2190
6235,53987.9043
6236,54000.6814
6237,54014.2248
6238,54025.8594
6239,54035.7780
6240,54049.5138
6241,54059.1047
6242,54068.5766
6243,54079.9387
6244,54088.7768
6245,54097.1403
6246,54105.1505
6247,54113.1136
6248,54122.7124
6249,54137.3396
6250,54150.3816
6251,54167.3310
6252,54180.3122
6253,54197.0015
6254,54209.0054
6255,54217.7174
6256,54230.2492
6257,54239.8083
6258,54244.9975
6259,54252.3994
6260,54260.1504
6261,54267.6477
6262,54282.4967
6263,54294.5473
6264,54302.7892
6265,54317.7471
6266,54330.3161
6267,54341.8908
6268,54358.6750
6269,54366.9431
6270,54381.9590
6271,54390.6200
6272,54399.8730
6273,54410.9287
6274,54423.1703
6275,54431.8936
6276,54441.8418
6277,54455.6706
6278,54470.4020
6279,54485.0066
6280,54497.0710
6281,54510.4589
6282,54521.0142
6283,54555.1565
6284,54565.5000
6285,54576.9136
6286,54593.0774
6287,54604.5952
6288,54613.2274
6289,54625.0975
6290,54636.4267
6291,54654.6297
6292,54667.7418
6293,54676.7297
6294,54686.5077
6295,54700.0194
6296,54717.7956
6297,54731.0905
6298,54742.9354
6299,54753.8974
6300,54766.6101
6301,54781.9021
6302,54799.2628
6303,54811.1780
6304,54821.1944
6305,54830.9288
6306,54838.0914
6307,54850.5552
6308,54859.0584
6309,54869.4434
6310,54880.6963
6311,54898.8743
6312,54910.6379
6313,54925.0395
6314,54934.2828
6315,54946.7542
6316,54960.2995
6317,54971.6246
6318,54984.0107
6319,54992.8999
6320,55001.5886
6321,55013.0994
6322,55023.1986
6323,55033.2637
6324,55044.4658
6325,55056.4320
6326,55070.9403
6327,55085.0599
6328,55100.8503
6329,55110.2438
6330,55120.6846
6331,55130.1117
6332,55138.0889
6333,55148.4401
6334,55165.1833
6335,55173.1589
6336,55181.0470
6337,55186.4910
6338,55194.8359
6339,55202.4713
6340,55212.2426
6341,55225.3110
6342,55235.8730
6343,55248.3766
6344,55260.8714
6345,55272.8872
6346,55288.2998
6347,55299.6628
6348,55311.3940
6349,55324.6377
6350,55337.2052
6351,55345.4537
6352,55355.8016
6353,55365.3162
6354,55376.5697
6355,55385.8309
6356,55397.3112
6357,55414.5753
6358,55423.5787
6359,55434.2883
6360,55449.9469
6361,55458.6592
6362,55473.5842
6363,55480.9432
6364,55496.0604
6365,55510.5121
6366,55519.7959
6367,55530.6687
6368,55538.4231
6369,55549.2818
6370,55562.1116
6371,55571.9810
6372,55583.1540
6373,55594.8403
6374,55602.8285
6375,55613.1899
6376,55634.8796
6377,55648.6125
6378,55667.4066
6379,55678.9923
6380,55686.2693
6381,55696.9590
6382,55710.4523
6383,55718.8776
6384,55731.4944
6385,55739.7852
6386,55748.3084
6387,55756.1514
6388,55765.8648
6389,55778.8718
6390,55786.9523
6391,55797.9560
6392,55818.1264
6393,55825.1491
6394,55835.6061
6395,55843.6096
6396,55890.7754
6397,55900.3050
6398,55906.4834
6399,55914.5312
6400,55920.8665
6401,55930.0108
6402,55937.0995
6403,55947.0356
6404,55960.2661
6405,55970.7556
6406,55979.6064
6407,55997.2918
6408,56007.7941
6409,56017.2198
6410,56035.2557
6411,56046.4792
6412,56056.2835
6413,56065.3570
6414,56076.5066
6415,56088.2206
6416,56095.7470
6417,56105.0577
6418,56115.3321
6419,56123.1501
6420,56134.2731
6421,56145.5016
6422,56157.1975
6423,56168.2885
6424,56179.4231
6425,56190.9208
6426,56201.3526
6427,56211.1211
6428,56222.2874
6429,56234.1454
6430,56244.5121
6431,56254.9393
6432,56264.3535
6433,56273.4399
6434,56282.8231
6435,56292.1059
6436,56303.8454
6437,56316.6156
6438,56330.1849
6439,56338.7895
6440,56350.8000
6441,56359.8728
6442,56366.9426
6443,56376.2908
6444,56386.5860
6445,56399.2035
6446,56409.6229
6447,56419.4763
6448,56434.0453
6449,56444.9201
6450,56456.6891
6451,56468.3661
6452,56482.3484
6453,56495.4689
6454,56504.6952
6455,56516.7410
6456,56536.9396
6457,56546.2017
6458,56554.0881
6459,56566.0172
6460,56575.4063
6461,56590.8356
6462,56602.2182
6463,56616.7521
6464,56626.1222
6465,56634.7742
6466,56646.1101
6467,56656.0204
6468,56669.4121
6469,56677.1019
6470,56687.4316
6471,56696.7421
6472,56705.9834
6473,56713.8302
6474,56725.4591
6475,56734.2033
6476,56745.5311
6477,56755.3337
6478,56766.8321
6479,56778.3811
6480,56792.4345
6481,56799.4528
6482,56811.4264
6483,56819.3653
6484,56829.5035
6485,56836.7739
6486,56846.9851
6487,56857.7361
6488,56871.1669
6489,56880.0800
6490,56889.1273
6491,56901.5422
6492,56916.2509
6493,56932.9002
6494,56947.5517
6495,56963.6812
6496,56974.5762
6497,56983.5443
6498,56998.6353
6499,57011.1060
6500,57019.4876
6501,57036.5295
6502,57045.8014
6503,57055.4800
6504,57071.9202
6505,57081.6119
6506,57092.8404
6507,57102.4346
6508,57114.1238
6509,57129.0097
6510,57138.8113
6511,57149.0059
6512,57160.9430
6513,57173.9149
6514,57184.5682
6515,57193.2020
6516,57201.4649
6517,57211.7059
6518,57219.0018
6519,57230.2244
6520,57243.3095
6521,57257.1883
6522,57269.9020
6523,57278.2955
6524,57290.4875
6525,57301.5704
6526,57313.9946
6527,57333.2074
6528,57344.1694
6529,57354.7282
6530,57368.0089
6531,57382.8669
6532,57395.8404
6533,57411.0792
6534,57421.1502
6535,57435.4029
6536,57446.2574
6537,57454.6864
6538,57471.9520
6539,57479.1343
6540,57486.7537
6541,57498.9884
6542,57511.4763
6543,57523.9847
6544,57534.6596
6545,57544.7173
6546,57557.7207
6547,57568.7382
6548,57584.1591
6549,57592.0432
6550,57598.2649
6551,57605.3152
6552,57615.5770
6553,57626.3850
6554,57634.6600
6555,57650.6317
6556,57675.1428
6557,57684.7680
6558,57698.5929
6559,57709.3244
6560,57720.7832
6561,57733.9373
6562,57747.7741
6563,57760.4504
6564,57769.3334
6565,57791.7600
6566,57801.2207
6567,57813.0100
6568,57824.7495
6569,57832.7036
6570,57847.2779
6571,57859.5984
6572,57870.8799
6573,57883.7304
6574,57896.0910
6575,57906.3082
6576,57919.2579
6577,57931.0946
6578,57937.6521
6579,57951.4544
6580,57962.3656
6581,57973.8812
6582,57981.8084
6583,57999.0268
6584,58011.4183
6585,58020.9932
6586,58034.3332
6587,58043.6225
6588,58057.6527
6589,58069.7949
6590,58079.6797
6591,58089.3989
6592,58099.6172
6593,58115.3882
6594,58123.5425
6595,58135.3478
6596,58145.0958
6597,58163.9020
6598,58183.9204
6599,58197.4292
6600,58205.9519
6601,58216.4845
6602,58230.0754
6603,58241.7870
6604,58254.4396
6605,58269.1991
6606,58279.0384
6607,58289.6345
6608,58303.0908
6609,58315.9583
6610,58327.0991
6611,58337.6513
6612,58353.7695
6613,58366.0960
6614,58376.2708
6615,58385.9653
6616,58396.7783
6617,58404.6454
6618,58416.9049
6619,58424.0777
6620,58432.3099
6621,58442.9936
6622,58449.8005
6623,58459.3406
6624,58473.4812
6625,58485.6336
6626,58500.0510
6627,58513.8824
6628,58528.4104
6629,58545.4459
6630,58558.3246
6631,58571.4729
6632,58581.5310
6633,58589.3428
6634,58596.9570
6635,58606.7457
6636,58619.8361
6637,58635.6761
6638,58652.3795
6639,58666.4822
6640,58677.7754
6641,58687.3038
6642,58700.9943
6643,58712.9526
6644,58747.3109
6645,58759.8684
6646,58766.7344
6647,58774.2879
6648,58790.0784
6649,58802.5706
6650,58814.9464
6651,58828.0923
6652,58844.3673
6653,58860.2929
6654,58869.7467
6655,58881.2079
6656,58887.4693
6657,58893.3229
6658,58906.6346
6659,58915.3066
6660,58924.7344
6661,58932.0362
6662,58943.7628
6663,58953.6045
6664,58964.0779
6665,58972.5914
6666,58983.9668
6667,58999.4676
6668,59007.6711
6669,59015.9805
6670,59026.0143
6671,59034.7588
6672,59042.8605
6673,59049.4695
6674,59057.7745
6675,59069.2427
6676,59083.3449
6677,59098.5501
6678,59108.1865
6679,59123.3099
6680,59133.3520
6681,59143.6732
6682,59153.2145
6683,59169.0300
6684,59178.9899
6685,59191.4318
6686,59204.2580
6687,59219.5635
6688,59228.8296
6689,59242.2478
6690,59253.1211
6691,59267.8208
6692,59281.1224
6693,59289.5167
6694,59298.4045
6695,59311.8539
6696,59322.3968
6697,59332.4730
6698,59343.8926
6699,59352.5233
6700,59362.7632
6701,59376.2751
6702,59387.2869
6703,59396.9128
6704,59404.6612
6705,59421.4942
6706,59434.5849
6707,59449.4948
6708,59460.3698
6709,59470.8345
6710,59479.1217
6711,59497.2801
6712,59511.7304
6713,59529.5601
6714,59540.9591
6715,59551.4643
6716,59564.0025
6717,59575.8128
6718,59586.5862
6719,59598.7999
6720,59610.3511
6721,59622.5581
6722,59636.9874
6723,59647.2294
6724,59658.4344
6725,59670.1837
6726,59680.9273
6727,59708.8730
6728,59720.8028
6729,59732.2614
6730,59749.8808
6731,59761.4987
6732,59777.1027
6733,59784.9343
6734,59804.3315
6735,59811.0955
6736,59822.1743
6737,59838.4233
6738,59846.1022
6739,59856.3664
6740,59864.8684
6741,59878.2260
6742,59890.6672
6743,59903.4889
6744,59916.9750
6745,59926.3115
6746,59936.5904
6747,59946.1772
6748,59959.1770
6749,59970.6724
6750,59981.9183
6751,59995.2376
6752,60006.1917
6753,60022.4910
6754,60041.1093
6755,60051.4269
6756,60062.7015
6757,60073.7553
6758,60089.7825
6759,60101.2051
6760,60113.1263
6761,60129.4856
6762,60140.6977
6763,60150.0509
6764,60165.9307
6765,60181.9520
6766,60199.3160
6767,60216.8233
6768,60231.1225
6769,60243.2938
6770,60253.8433
6771,60270.7653
6772,60283.3602
6773,60298.7049
6774,60310.9374
6775,60321.5318
6776,60332.3193
6777,60343.8892
6778,60354.6712
6779,60364.7506
6780,60376.2026
6781,60392.1893
6782,60400.3613
6783,60411.2310
6784,60420.0823
6785,60434.8779
6786,60450.8660
6787,60460.7539
6788,60469.7225
6789,60480.9127
6790,60489.2168
6791,60496.2962
6792,60505.8775
6793,60519.3777
6794,60534.2569
6795,60544.1394
6796,60562.7768
6797,60569.1383
6798,60583.4706
6799,60596.5409
6800,60610.2757
6801,60621.7604
6802,60642.6852
6803,60653.7757
6804,60667.1500
6805,60686.8417
6806,60701.5939
6807,60718.7412
6808,60734.2353
6809,60762.6779
6810,60774.2074
6811,60783.8655
6812,60795.2037
6813,60812.0811
6814,60821.4347
6815,60832.1331
6816,60841.0034
6817,60851.0132
6818,60860.9674
6819,60872.1182
6820,60881.9861
6821,60893.1201
6822,60902.9930
6823,60914.2642
6824,60926.5280
6825,60939.0554
6826,60950.0165
6827,60963.6157
6828,60981.2140
6829,60992.4321
6830,61008.7881
6831,61024.4200
6832,61035.0323
6833,61048.2473
6834,61056.3419
6835,61066.6687
6836,61076.9587
6837,61089.0784
6838,61101.7153
6839,61115.7100
6840,61129.0202
6841,61137.7604
6842,61150.1796
6843,61161.3176
6844,61173.4989
6845,61185.1385
6846,61194.9797
6847,61203.6641
6848,61215.0366
6849,61226.9967
6850,61237.5956
6851,61249.6588
6852,61263.6087
6853,61274.6351
6854,61284.9870
6855,61292.8786
6856,61300.2539
6857,61308.2917
6858,61325.4788
6859,61337.8994
6860,61351.8915
6861,61363.3850
6862,61372.4315
6863,61385.5081
6864,61397.7647
6865,61412.3707
6866,61425.3793
6867,61434.6809
6868,61448.1661
6869,61461.7386
6870,61471.4723
6871,61483.8479
6872,61490.7403
6873,61507.8897
6874,61520.9703
6875,61534.0736
6876,61553.8764
6877,61560.5454
6878,61567.8554
6879,61579.8800
6880,61591.9311
6881,61600.2960
6882,61612.3624
6883,61621.8448
6884,61639.1919
6885,61653.3942
6886,61661.6125
6887,61672.7009
6888,61686.9142
6889,61701.8139
6890,61715.5666
6891,61728.7467
6892,61735.3740
6893,61746.7468
6894,61759.3577
6895,61769.4888
6896,61776.5231
6897,61783.3107
6898,61791.1122
6899,61797.9801
6900,61804.4338
6901,61814.5108
6902,61820.9615
6903,61834.1780
6904,61847.5068
6905,61861.8362
6906,61874.6557
6907,61889.2231
6908,61905.5619
6909,61921.3259
6910,61937.3503
6911,61951.3357
6912,61959.8968
6913,61967.2117
6914,61977.7558
6915,61986.5448
6916,61999.0907
6917,62009.9628
6918,62021.6279
6919,62036.7663
6920,62057.0495
6921,62072.4277
6922,62094.2369
6923,62106.4322
6924,62120.2359
6925,62133.2266
6926,62147.2440
6927,62155.5855
6928,62170.4307
6929,62184.7188
6930,62202.4763
6931,62222.3494
6932,62235.6551
6933,62247.0591
6934,62261.5263
6935,62270.5748
6936,62295.5809
6937,62312.9489
6938,62319.1314
6939,62330.8654
6940,62343.8308
6941,62352.4339
6942,62363.8017
6943,62373.7543
6944,62385.4203
6945,62399.6301
6946,62413.9738
6947,62428.5281
6948,62439.0070
6949,62451.0705
6950,62464.7300
6951,62477.4423
6952,62486.3386
6953,62499.4283
6954,62508.8277
