id,t_pub_ms
1,2.7244
2,4.3952
3,10.5557
4,12.4283
5,16.2768
6,21.1689
7,27.9381
8,32.8758
9,39.3901
10,41.1084
11,45.5399
12,49.5536
13,52.0701
14,56.3142
15,71.9063
16,80.7076
17,93.2503
18,97.1663
19,103.5221
20,110.3103
21,117.1761
22,122.7911
23,125.1316
24,127.9924
25,132.3268
26,136.0345
27,140.5275
28,144.9807
29,149.2660
30,152.9577
31,157.1889
32,165.0124
33,171.0989
34,181.1569
35,186.0287
36,192.1890
37,197.2141
38,202.8365
39,208.6024
40,216.1655
41,219.9545
42,225.7390
43,232.2395
44,239.4860
45,246.8038
46,252.9335
47,257.9713
48,262.9097
49,272.7883
50,279.7403
51,287.1394
52,292.4469
53,297.4677
54,303.4542
55,309.1247
56,314.4329
57,321.5606
58,329.9267
59,335.6802
60,342.4258
61,349.1161
62,355.6120
63,362.6933
64,371.8953
65,385.8197
66,397.1884
67,402.2019
68,407.6240
69,413.7688
70,420.9440
71,426.5821
72,432.7784
73,438.8852
74,445.2016
75,451.3474
76,457.7048
77,464.0534
78,473.2907
79,477.3200
80,485.6679
81,492.8749
82,496.6261
83,503.4697
84,506.4964
85,512.3765
86,515.3961
87,519.4414
88,523.3011
89,527.3921
90,533.8185
91,541.2366
92,546.9022
93,553.7796
94,558.7261
95,565.6402
96,571.0826
97,575.8989
98,584.8587
99,609.5893
100,613.4453
101,621.3169
102,629.3771
103,639.3516
104,647.6278
105,649.6761
106,655.6642
107,667.5789
108,674.2768
109,681.2637
110,684.4652
111,688.1535
112,691.6845
113,696.5222
114,703.4688
115,722.5268
116,726.4433
117,736.0060
118,742.9907
119,749.9821
120,756.1555
121,760.4315
122,765.9276
123,770.2184
124,777.8492
125,784.4448
126,792.5541
127,797.4401
128,809.6352
129,815.9983
130,821.9028
131,833.5838
132,841.0184
133,848.3379
134,856.4525
135,860.3313
136,866.3130
137,871.4895
138,876.1706
139,883.5790
140,888.0248
141,893.0869
142,897.5306
143,903.9185
144,909.8089
145,914.0625
146,918.8380
147,922.8175
148,926.6255
149,933.2190
150,937.3870
151,941.3428
152,945.4432
153,950.8450
154,954.9520
155,959.1365
156,963.3667
157,967.7815
158,972.3806
159,977.1454
160,981.9756
161,986.3434
162,990.7167
163,1002.3925
164,1011.8432
165,1019.3810
166,1020.7624
167,1026.0823
168,1031.3411
169,1034.8110
170,1040.6394
171,1046.9635
172,1049.6027
173,1052.1886
174,1057.9576
175,1063.0543
176,1068.2127
177,1072.6171
178,1077.0411
179,1083.5032
180,1089.3352
181,1094.3384
182,1100.2905
183,1105.1250
184,1112.8607
185,1119.5445
186,1125.6015
187,1132.5722
188,1138.6118
189,1144.6791
190,1156.0647
191,1156.2040
192,1156.3408
193,1160.8424
194,1163.0006
195,1165.5371
196,1170.5873
197,1175.9243
198,1183.4915
199,1187.3155
200,1189.5957
201,1191.6397
202,1194.4299
203,1199.5063
204,1204.4339
205,1207.9074
206,1212.2357
207,1217.3641
208,1222.2257
209,1226.6843
210,1230.7980
211,1237.0017
212,1242.9559
213,1246.7506
214,1251.0908
215,1256.6476
216,1260.4973
217,1265.6271
218,1269.5940
219,1275.3074
220,1277.3666
221,1282.9483
222,1288.2504
223,1294.7574
224,1300.9942
225,1306.1521
226,1311.4896
227,1318.0485
228,1322.9268
229,1327.1813
230,1331.7587
231,1338.0470
232,1341.1863
233,1345.2897
234,1349.0453
235,1353.4882
236,1356.7207
237,1361.1035
238,1364.9321
239,1368.1242
240,1372.1650
241,1377.2712
242,1381.2153
243,1385.6423
244,1389.9460
245,1393.9826
246,1398.0911
247,1402.5891
248,1406.1811
249,1410.6421
250,1415.4227
251,1421.6707
252,1426.3742
253,1432.7941
254,1438.9346
255,1445.3816
256,1445.4968
257,1448.7166
258,1454.5169
259,1455.8790
260,1455.9507
261,1462.6806
262,1465.2388
263,1474.4062
264,1479.9149
265,1481.7836
266,1483.6280
267,1486.0041
268,1489.2118
269,1492.3894
270,1494.7867
271,1497.5755
272,1500.4573
273,1503.2666
274,1506.0918
275,1508.8398
276,1511.9195
277,1514.3194
278,1517.0043
279,1519.6939
280,1522.3429
281,1525.1126
282,1527.8690
283,1531.0910
284,1533.9370
285,1537.0290
286,1539.9244
287,1542.5568
288,1547.2145
289,1549.5813
290,1551.9743
291,1555.0950
292,1557.8344
293,1560.5714
294,1563.6079
295,1566.3574
296,1569.2687
297,1573.6704
298,1575.6369
299,1578.8267
300,1583.9164
301,1588.0449
302,1591.2273
303,1594.8744
304,1597.7218
305,1600.8937
306,1604.1279
307,1607.3804
308,1610.5158
309,1614.1524
310,1617.2633
311,1619.7326
312,1622.6835
313,1625.8502
314,1628.9749
315,1631.9571
316,1635.0098
317,1638.0424
318,1640.9805
319,1643.9929
320,1647.0265
321,1650.6109
322,1653.6407
323,1656.7256
324,1660.2414
325,1663.0530
326,1670.0809
327,1681.1407
328,1696.2283
329,1704.8593
330,1711.7438
331,1720.0327
332,1727.2339
333,1732.4247
334,1739.1343
335,1746.2206
336,1753.4051
337,1759.5468
338,1764.8418
339,1773.2430
340,1780.6792
341,1788.1062
342,1794.9791
343,1799.6562
344,1805.6080
345,1810.6887
346,1816.1967
347,1830.5192
348,1831.1794
349,1835.3415
350,1844.5640
351,1848.7198
352,1851.9173
353,1858.9597
354,1862.8817
355,1866.4858
356,1870.8873
357,1875.1280
358,1879.2169
359,1882.1802
360,1887.5811
361,1891.7813
362,1894.9928
363,1899.5807
364,1903.0936
365,1906.4841
366,1910.8574
367,1914.7615
368,1919.2836
369,1923.4369
370,1926.5430
371,1931.0853
372,1935.6730
373,1939.8508
374,1943.6140
375,1947.6759
376,1951.7190
377,1955.2281
378,1958.6468
379,1962.5380
380,1966.6626
381,1969.2464
382,1974.8623
383,1979.0697
384,1983.6848
385,1988.0989
386,1992.4443
387,1996.2971
388,2000.0417
389,2004.0898
390,2007.8528
391,2012.0373
392,2016.4328
393,2020.8924
394,2026.3863
395,2030.7388
396,2035.1734
397,2039.6602
398,2043.9358
399,2048.6510
400,2053.6389
401,2057.6909
402,2064.0073
403,2067.6856
404,2068.6758
405,2071.6903
406,2077.6095
407,2085.0580
408,2092.4051
409,2098.5000
410,2106.0519
411,2113.3921
412,2121.1882
413,2126.1058
414,2131.1867
415,2135.9138
416,2139.9655
417,2144.9308
418,2149.4412
419,2154.1736
420,2159.1127
421,2163.4419
422,2168.0133
423,2172.7352
424,2177.1319
425,2182.2615
426,2185.9829
427,2191.0660
428,2196.2566
429,2199.2991
430,2204.0746
431,2208.4932
432,2212.5230
433,2216.6202
434,2219.4126
435,2222.9638
436,2227.5605
437,2231.2956
438,2237.3784
439,2241.8706
440,2246.5532
441,2250.5608
442,2254.6427
443,2257.5815
444,2261.5094
445,2265.9268
446,2270.0102
447,2274.0831
448,2278.4145
449,2282.5453
450,2286.7799
451,2290.3852
452,2294.3330
453,2297.8256
454,2300.9396
455,2305.4953
456,2310.0212
457,2312.9950
458,2317.0991
459,2322.4330
460,2325.1467
461,2328.4295
462,2330.9608
463,2335.2447
464,2339.5526
465,2341.8851
466,2347.4667
467,2350.6248
468,2353.8258
469,2356.9696
470,2361.7532
471,2366.9219
472,2372.6470
473,2377.3847
474,2382.9648
475,2387.7604
476,2391.7630
477,2395.1063
478,2400.3386
479,2404.7492
480,2409.8215
481,2414.8850
482,2418.5665
483,2422.1039
484,2428.0925
485,2434.3262
486,2437.5248
487,2441.6764
488,2444.9329
489,2449.2106
490,2453.3091
491,2457.6712
492,2460.8269
493,2465.3194
494,2469.1548
495,2472.8415
496,2484.1793
497,2493.1972
498,2496.6497
499,2501.7724
500,2506.5231
501,2511.7142
502,2517.2205
503,2525.7430
504,2532.7604
505,2539.6364
506,2544.2398
507,2550.6289
508,2557.8532
509,2567.5526
510,2569.4294
511,2572.7756
512,2577.0812
513,2582.4718
514,2586.5557
515,2589.4227
516,2593.6344
517,2596.6873
518,2601.3520
519,2610.7514
520,2612.4806
521,2620.8456
522,2622.3881
523,2625.2916
524,2627.3293
525,2631.0797
526,2635.0129
527,2639.9379
528,2646.1241
529,2649.0581
530,2654.7539
531,2659.2426
532,2663.7380
533,2670.2459
534,2674.4704
535,2678.9763
536,2682.4498
537,2684.8643
538,2687.3946
539,2690.4974
540,2693.1825
541,2695.8742
542,2698.4656
543,2701.1960
544,2704.4876
545,2706.9228
546,2734.0026
547,2734.2672
548,2734.4503
549,2736.1531
550,2736.3217
551,2740.2735
552,2742.6777
553,2746.0465
554,2749.2368
555,2752.9624
556,2756.3162
557,2761.8368
558,2765.1634
559,2768.4669
560,2772.0802
561,2776.8984
562,2778.1851
563,2783.4420
564,2786.7446
565,2791.3475
566,2793.0655
567,2795.7182
568,2805.1858
569,2808.3611
570,2810.6079
571,2814.4891
572,2817.8430
573,2821.2566
574,2825.9306
575,2830.4155
576,2834.5959
577,2839.0381
578,2844.2223
579,2848.1591
580,2850.5483
581,2853.2062
582,2856.2996
583,2858.6631
584,2863.0400
585,2865.9813
586,2868.4146
587,2871.5913
588,2873.5876
589,2877.9061
590,2882.3988
591,2886.4493
592,2891.1533
593,2894.9761
594,2900.2328
595,2903.2998
596,2907.3014
597,2913.5227
598,2918.0360
599,2922.5128
600,2927.7258
601,2931.6673
602,2936.4545
603,2940.1488
604,2942.6897
605,2947.7506
606,2951.0093
607,2955.7552
608,2960.0618
609,2965.2910
610,2969.1982
611,2973.1293
612,2978.6389
613,2982.3897
614,2986.5434
615,2989.5537
616,2994.5586
617,2998.7531
618,3003.0611
619,3006.0148
620,3009.8107
621,3013.5248
622,3018.5266
623,3021.8468
624,3026.3994
625,3030.9656
626,3036.6058
627,3040.7770
628,3046.2234
629,3049.9933
630,3054.5521
631,3057.8802
632,3061.8231
633,3066.1006
634,3068.6154
635,3071.0769
636,3075.5541
637,3080.0004
638,3083.4036
639,3085.9432
640,3090.4388
641,3095.2694
642,3099.0772
643,3103.5240
644,3107.5394
645,3111.4945
646,3114.8589
647,3118.6650
648,3123.3308
649,3131.4828
650,3133.4550
651,3134.2738
652,3139.5988
653,3142.2257
654,3143.1944
655,3143.6772
656,3146.4643
657,3150.1317
658,3152.3147
659,3156.3666
660,3158.2427
661,3161.2329
662,3166.5606
663,3167.4562
664,3169.2753
665,3172.8575
666,3177.0298
667,3178.8199
668,3180.5651
669,3182.6160
670,3184.7701
671,3188.1344
672,3192.0719
673,3194.1390
674,3200.3303
675,3205.4052
676,3209.5406
677,3217.9551
678,3219.3742
679,3222.6071
680,3229.3360
681,3232.7676
682,3234.5479
683,3237.3919
684,3238.9205
685,3242.2841
686,3247.1445
687,3252.2111
688,3256.4740
689,3262.5737
690,3270.7980
691,3271.8792
692,3280.7899
693,3286.7107
694,3293.2639
695,3297.9846
696,3301.3189
697,3304.9233
698,3306.5999
699,3309.0341
700,3311.7354
701,3315.0194
702,3317.6560
703,3322.3064
704,3327.4901
705,3330.9963
706,3336.4711
707,3340.1515
708,3343.9624
709,3347.4224
710,3350.4050
711,3358.5167
712,3362.9625
713,3369.1986
714,3372.6933
715,3377.7401
716,3382.1898
717,3387.0237
718,3390.9805
719,3395.5622
720,3400.4467
721,3405.0252
722,3409.5399
723,3413.9454
724,3419.5206
725,3424.2709
726,3428.3872
727,3432.0331
728,3435.8509
729,3438.5145
730,3443.1410
731,3444.4191
732,3452.5144
733,3453.5108
734,3456.1670
735,3469.9447
736,3475.8587
737,3476.0821
738,3478.6601
739,3484.3004
740,3488.4677
741,3496.3975
742,3500.7851
743,3500.9644
744,3504.4470
745,3514.5557
746,3520.7825
747,3522.2423
748,3523.7808
749,3528.9464
750,3533.6587
751,3537.6589
752,3543.6094
753,3549.4494
754,3554.6894
755,3559.5293
756,3563.5047
757,3568.7959
758,3572.8245
759,3576.8621
760,3581.9733
761,3585.2077
762,3587.8701
763,3591.7764
764,3596.2768
765,3599.9990
766,3602.6475
767,3605.2711
768,3610.1313
769,3613.8449
770,3616.5078
771,3619.0798
772,3622.2725
773,3626.7490
774,3630.5783
775,3634.2103
776,3639.2937
777,3645.3354
778,3649.0893
779,3651.4041
780,3655.0953
781,3658.1287
782,3660.7814
783,3664.1176
784,3666.8627
785,3669.8420
786,3672.9057
787,3675.4136
788,3677.9180
789,3680.5758
790,3683.5246
791,3685.9291
792,3689.2080
793,3692.3523
794,3695.5018
795,3697.8893
796,3700.7833
797,3704.5226
798,3706.9647
799,3709.6047
800,3712.1446
801,3715.3029
802,3718.2910
803,3721.4172
804,3725.1759
805,3727.7584
806,3730.4647
807,3733.6442
808,3736.6841
809,3740.0663
810,3743.1405
811,3746.0022
812,3748.8322
813,3752.9652
814,3755.0335
815,3758.6162
816,3761.1625
817,3763.7265
818,3766.6585
819,3769.0427
820,3771.9321
821,3774.3509
822,3777.0753
823,3780.2448
824,3782.4676
825,3784.9388
826,3787.7278
827,3790.2195
828,3792.6848
829,3795.4676
830,3800.5078
831,3802.4271
832,3804.3838
833,3806.1655
834,3808.6152
835,3811.9082
836,3814.3518
837,3817.0025
838,3820.1716
839,3822.9501
840,3825.5839
841,3829.8986
842,3833.9508
843,3837.8119
844,3841.8920
845,3846.6067
846,3850.0614
847,3852.4778
848,3854.1954
849,3855.8986
850,3859.4968
851,3871.1860
852,3873.0562
853,3875.9472
854,3878.8142
855,3881.2969
856,3883.9364
857,3886.5557
858,3889.2906
859,3891.9439
860,3894.5990
861,3897.1629
862,3900.2316
863,3902.4153
864,3905.1414
865,3908.0114
866,3911.4003
867,3913.6040
868,3916.0874
869,3918.5922
870,3921.6366
871,3923.9209
872,3926.3954
873,3929.0290
874,3931.6790
875,3934.1879
876,3936.7101
877,3939.2648
878,3941.8895
879,3945.3189
880,3947.5582
881,3950.0451
882,3952.5797
883,3955.0939
884,3957.5787
885,3960.2256
886,3963.2397
887,3965.8749
888,3968.4448
889,3972.4374
890,3975.0977
891,3977.7441
892,3980.2721
893,3982.7478
894,3985.4248
895,3987.8681
896,3990.2954
897,3993.1042
898,3995.8582
899,3998.4262
900,4001.0500
901,4003.9680
902,4006.0854
903,4008.6002
904,4010.8991
905,4013.6125
906,4016.4816
907,4019.1836
908,4021.8904
909,4024.5948
910,4027.2481
911,4030.4437
912,4033.2174
913,4036.3288
914,4039.1421
915,4042.0105
916,4045.0144
917,4048.1832
918,4051.2421
919,4054.1739
920,4057.9472
921,4060.0781
922,4062.4828
923,4065.9935
924,4068.4488
925,4071.4495
926,4073.3352
927,4076.0057
928,4078.7623
929,4081.4197
930,4084.0409
931,4086.7090
932,4089.3955
933,4092.1185
934,4094.7547
935,4097.4874
936,4100.2200
937,4103.0762
938,4105.7854
939,4108.9091
940,4111.6154
941,4114.6483
942,4117.2283
943,4120.0709
944,4122.8085
945,4125.6554
946,4128.4299
947,4134.5870
948,4137.4080
949,4140.4622
950,4143.3728
951,4146.2219
952,4149.0390
953,4151.9046
954,4154.7544
955,4157.6505
956,4160.5091
957,4163.8408
958,4166.2724
959,4169.1618
960,4172.4098
961,4175.6980
962,4178.5352
963,4181.4654
964,4184.4177
965,4187.5598
966,4190.4323
967,4193.5656
968,4197.7146
969,4200.7713
970,4203.6664
971,4207.0343
972,4211.5335
973,4216.0649
974,4220.1140
975,4222.4879
976,4227.8402
977,4230.8023
978,4233.5763
979,4239.0699
980,4243.0110
981,4247.0708
982,4251.5180
983,4254.3232
984,4257.9491
985,4265.1088
986,4267.4150
987,4270.1848
988,4272.6116
989,4274.5278
990,4276.7107
991,4279.3739
992,4283.7803
993,4285.9557
994,4288.2879
995,4290.4334
996,4292.7945
997,4295.4066
998,4299.7303
999,4303.2174
1000,4307.1959
1001,4311.1243
1002,4315.6168
1003,4319.5524
1004,4323.4675
1005,4327.1084
1006,4330.5244
1007,4334.2361
1008,4337.8031
1009,4341.3136
1010,4344.6891
1011,4348.3527
1012,4352.1392
1013,4355.7816
1014,4359.9730
1015,4364.1341
1016,4367.0545
1017,4369.5498
1018,4371.9566
1019,4375.1047
1020,4378.7847
1021,4382.3636
1022,4385.8857
1023,4389.3220
1024,4392.7505
1025,4396.1029
1026,4400.0249
1027,4403.6016
1028,4406.9984
1029,4410.8324
1030,4414.4058
1031,4418.3331
1032,4422.2188
1033,4425.8037
1034,4429.4724
1035,4432.8461
1036,4436.3039
1037,4440.2068
1038,4446.0375
1039,4451.8666
1040,4456.4376
1041,4461.3166
1042,4465.7998
1043,4470.2823
1044,4474.4065
1045,4478.4062
1046,4481.7367
1047,4484.9398
1048,4488.5197
1049,4492.2667
1050,4495.8823
1051,4500.6213
1052,4504.0252
1053,4508.5065
1054,4515.8446
1055,4524.2438
1056,4529.9523
1057,4537.6887
1058,4540.3221
1059,4550.7226
1060,4555.1596
1061,4557.2114
1062,4560.8542
1063,4564.0664
1064,4571.7757
1065,4578.4996
1066,4583.3409
1067,4587.5103
1068,4591.3458
1069,4595.2506
1070,4598.7825
1071,4601.1915
1072,4604.8524
1073,4607.3565
1074,4610.2376
1075,4617.9657
1076,4619.4844
1077,4621.0725
1078,4621.6507
1079,4630.4531
1080,4630.8863
1081,4636.9374
1082,4649.4086
1083,4655.6082
1084,4660.3034
1085,4664.5465
1086,4669.9760
1087,4675.2965
1088,4679.9204
1089,4684.4828
1090,4687.8104
1091,4692.1413
1092,4694.3235
1093,4698.0007
1094,4702.0578
1095,4706.5060
1096,4710.7797
1097,4714.8170
1098,4718.9023
1099,4722.4562
1100,4726.7365
1101,4729.9001
1102,4734.4887
1103,4738.3697
1104,4742.1057
1105,4745.8456
1106,4748.7450
1107,4754.0398
1108,4760.1788
1109,4763.7851
1110,4767.7598
1111,4772.1262
1112,4775.9206
1113,4779.2101
1114,4786.4845
1115,4789.4483
1116,4793.7827
1117,4797.2996
1118,4800.9636
1119,4804.6100
1120,4807.8544
1121,4812.3016
1122,4818.7644
1123,4819.7751
1124,4821.7299
1125,4825.3901
1126,4828.9464
1127,4832.9270
1128,4838.0737
1129,4842.1757
1130,4845.3298
1131,4849.3636
1132,4856.1468
1133,4857.8994
1134,4862.3083
1135,4866.5407
1136,4870.5218
1137,4875.2816
1138,4877.8164
1139,4880.3389
1140,4883.3303
1141,4885.5171
1142,4888.4554
1143,4890.5454
1144,4893.4698
1145,4896.1399
1146,4898.5970
1147,4901.2525
1148,4904.0990
1149,4906.6648
1150,4909.2216
1151,4912.1072
1152,4914.5370
1153,4917.0606
1154,4919.9233
1155,4922.3979
1156,4924.4554
1157,4926.9645
1158,4929.6918
1159,4931.7386
1160,4934.1724
1161,4936.5921
1162,4939.1413
1163,4941.5069
1164,4944.3083
1165,4946.3086
1166,4948.2734
1167,4952.1019
1168,4955.3902
1169,4958.0214
1170,4960.8452
1171,4963.0079
1172,4965.4472
1173,4969.4626
1174,4973.0179
1175,4976.9931
1176,4982.1706
1177,4985.0628
1178,4988.5390
1179,4989.6851
1180,4991.8137
1181,4995.6000
1182,4999.4426
1183,5004.1800
1184,5007.7674
1185,5011.9452
1186,5016.3405
1187,5019.7010
1188,5022.2838
1189,5025.8057
1190,5029.8581
1191,5033.8516
1192,5037.7164
1193,5041.8987
1194,5045.1162
1195,5049.0305
1196,5053.1375
1197,5057.1656
1198,5059.5324
1199,5062.3033
1200,5065.5832
1201,5070.4436
1202,5075.0670
1203,5079.2148
1204,5082.8397
1205,5086.9226
1206,5090.5738
1207,5094.7297
1208,5099.0191
1209,5102.3593
1210,5106.4134
1211,5110.4031
1212,5114.3560
1213,5130.5072
1214,5130.6865
1215,5130.8453
1216,5133.6586
1217,5133.8413
1218,5137.5179
1219,5137.7335
1220,5137.9380
1221,5140.0042
1222,5143.1293
1223,5146.9650
1224,5150.8904
1225,5153.7745
1226,5156.5351
1227,5159.7700
1228,5165.1130
1229,5169.5232
1230,5175.3340
1231,5180.3722
1232,5184.9999
1233,5189.1620
1234,5194.2339
1235,5199.1103
1236,5203.8829
1237,5207.8085
1238,5212.4856
1239,5218.5330
1240,5222.3830
1241,5228.4102
1242,5232.7168
1243,5237.6409
1244,5243.2234
1245,5248.4255
1246,5251.9433
1247,5257.6644
1248,5258.6451
1249,5266.3608
1250,5269.5069
1251,5272.9242
1252,5276.6180
1253,5281.6470
1254,5286.9718
1255,5291.2602
1256,5296.1056
1257,5299.3660
1258,5303.5285
1259,5309.1493
1260,5313.0608
1261,5317.7471
1262,5321.7034
1263,5326.2722
1264,5333.6592
1265,5337.9331
1266,5342.0231
1267,5350.6415
1268,5353.6537
1269,5361.7485
1270,5365.0553
1271,5369.7183
1272,5376.2779
1273,5380.4929
1274,5385.3192
1275,5389.9913
1276,5393.6100
1277,5398.2124
1278,5401.8240
1279,5407.4237
1280,5408.9904
1281,5413.6236
1282,5418.2386
1283,5423.7700
1284,5428.1659
1285,5431.3095
1286,5438.1080
1287,5442.6568
1288,5444.4027
1289,5455.6255
1290,5460.5401
1291,5462.6617
1292,5466.2166
1293,5470.2229
1294,5474.2727
1295,5476.6521
1296,5480.1779
1297,5482.7094
1298,5488.5352
1299,5491.2539
1300,5493.4995
1301,5497.8423
1302,5502.0223
1303,5503.7632
1304,5511.7354
1305,5513.6473
1306,5516.7730
1307,5518.9862
1308,5520.9839
1309,5525.7895
1310,5529.9859
1311,5534.1616
1312,5539.1674
1313,5541.8892
1314,5546.4001
1315,5549.7298
1316,5554.4889
1317,5559.7768
1318,5564.3785
1319,5567.7791
1320,5572.5112
1321,5576.9541
1322,5580.7083
1323,5584.6057
1324,5589.7360
1325,5592.7465
1326,5597.9409
1327,5604.3587
1328,5606.7126
1329,5610.6443
1330,5613.7276
1331,5617.1529
1332,5619.7085
1333,5622.6227
1334,5625.3054
1335,5628.3138
1336,5631.8176
1337,5634.6018
1338,5637.6781
1339,5640.6384
1340,5643.7976
1341,5646.8511
1342,5653.0914
1343,5655.6699
1344,5660.5086
1345,5663.0504
1346,5666.9466
1347,5672.0710
1348,5677.6595
1349,5682.2178
1350,5684.8798
1351,5689.0826
1352,5694.4644
1353,5699.0905
1354,5703.7656
1355,5709.5501
1356,5714.0701
1357,5719.0156
1358,5723.8305
1359,5730.0005
1360,5734.5803
1361,5738.2839
1362,5739.4278
1363,5740.7477
1364,5747.1998
1365,5752.3298
1366,5760.4454
1367,5764.2155
1368,5768.8963
1369,5773.9129
1370,5778.2445
1371,5783.6273
1372,5790.6806
1373,5794.7011
1374,5798.8210
1375,5804.3189
1376,5808.4793
1377,5812.6354
1378,5817.5876
1379,5821.8651
1380,5826.4294
1381,5830.8878
1382,5835.9265
1383,5841.5246
1384,5844.8904
1385,5850.2860
1386,5855.1207
1387,5858.8061
1388,5863.6866
1389,5868.4320
1390,5873.7214
1391,5880.2567
1392,5884.6564
1393,5888.7949
1394,5894.0771
1395,5897.5832
1396,5902.2634
1397,5907.1269
1398,5911.0358
1399,5916.8096
1400,5920.8877
1401,5924.0925
1402,5928.6778
1403,5932.1136
1404,5936.0466
1405,5940.0496
1406,5943.9816
1407,5948.3228
1408,5951.5080
1409,5955.6005
1410,5959.7902
1411,5963.4919
1412,5968.4246
1413,5972.9261
1414,5981.0154
1415,5981.1513
1416,5985.8954
1417,5990.5262
1418,5994.7634
1419,5998.2202
1420,6002.2011
1421,6006.9013
1422,6010.6270
1423,6015.1446
1424,6018.1990
1425,6022.6500
1426,6027.6139
1427,6031.8255
1428,6036.6035
1429,6039.0885
1430,6044.3473
1431,6049.4876
1432,6053.5564
1433,6058.9218
1434,6064.9300
1435,6068.8686
1436,6072.9322
1437,6077.4987
1438,6081.4044
1439,6086.0138
1440,6091.4104
1441,6097.1558
1442,6101.9382
1443,6105.9005
1444,6110.3826
1445,6114.3386
1446,6118.6407
1447,6122.8125
1448,6127.4157
1449,6132.3061
1450,6137.3632
1451,6141.6569
1452,6147.4051
1453,6162.8642
1454,6162.9732
1455,6168.9222
1456,6173.0390
1457,6183.2418
1458,6185.6973
1459,6193.2502
1460,6195.6549
1461,6197.9678
1462,6205.7247
1463,6211.1194
1464,6214.0310
1465,6219.9826
1466,6224.2599
1467,6228.0040
1468,6233.8352
1469,6238.3018
1470,6243.6304
1471,6248.6007
1472,6252.8133
1473,6256.9096
1474,6267.0267
1475,6267.5886
1476,6270.4203
1477,6271.2235
1478,6276.7699
1479,6277.9288
1480,6293.4744
1481,6293.7136
1482,6297.5521
1483,6297.7412
1484,6302.9869
1485,6310.6878
1486,6313.6942
1487,6318.3157
1488,6320.6506
1489,6321.2256
1490,6321.6674
1491,6327.1117
1492,6328.7072
1493,6331.1319
1494,6335.2342
1495,6339.7744
1496,6342.8862
1497,6345.8488
1498,6348.4612
1499,6351.1927
1500,6354.0084
1501,6356.9245
1502,6359.3752
1503,6362.6959
1504,6365.4144
1505,6368.0422
1506,6370.6837
1507,6373.3768
1508,6376.2124
1509,6378.7680
1510,6381.4516
1511,6384.1610
1512,6386.7474
1513,6389.3144
1514,6391.8498
1515,6394.3303
1516,6396.7142
1517,6399.3387
1518,6401.9887
1519,6404.4442
1520,6407.2740
1521,6409.6138
1522,6412.5748
1523,6414.9773
1524,6417.6681
1525,6420.4574
1526,6423.3980
1527,6426.1174
1528,6428.6556
1529,6432.4009
1530,6433.9690
1531,6435.3931
1532,6436.2373
1533,6439.3761
1534,6443.5563
1535,6448.8339
1536,6456.3310
1537,6458.5478
1538,6463.2466
1539,6469.2872
1540,6474.2463
1541,6478.9333
1542,6484.0600
1543,6486.4094
1544,6490.4242
1545,6493.0511
1546,6496.7351
1547,6499.1343
1548,6503.8109
1549,6508.9378
1550,6513.2318
1551,6518.4789
1552,6523.5491
1553,6527.7348
1554,6532.3739
1555,6537.2798
1556,6541.4276
1557,6545.9671
1558,6546.7765
1559,6549.5434
1560,6550.9958
1561,6554.9111
1562,6558.6700
1563,6563.7844
1564,6566.1502
1565,6569.0720
1566,6571.9783
1567,6573.2934
1568,6576.6981
1569,6577.0504
1570,6580.4138
1571,6582.3433
1572,6598.8643
1573,6599.0989
1574,6599.2334
1575,6599.3626
1576,6599.5879
1577,6599.7379
1578,6599.8664
1579,6599.9877
1580,6600.1375
1581,6607.5234
1582,6608.2635
1583,6619.6165
1584,6620.9819
1585,6621.1646
1586,6622.6692
1587,6631.4571
1588,6640.6107
1589,6642.2527
1590,6646.6424
1591,6653.8281
1592,6658.4623
1593,6664.1173
1594,6666.6131
1595,6675.0240
1596,6676.2908
1597,6678.8707
1598,6681.7319
1599,6684.3600
1600,6687.0575
1601,6689.5530
1602,6692.2791
1603,6697.6719
1604,6701.3035
1605,6704.9317
1606,6707.1872
1607,6710.2184
1608,6712.8727
1609,6715.5077
1610,6718.3607
1611,6721.1626
1612,6724.3021
1613,6727.0281
1614,6730.4330
1615,6734.8003
1616,6737.7920
1617,6739.9719
1618,6742.4893
1619,6745.0564
1620,6747.7326
1621,6751.0130
1622,6753.6502
1623,6756.5732
1624,6758.9083
1625,6765.0132
1626,6767.7956
1627,6770.4620
1628,6773.0751
1629,6775.7175
1630,6778.4054
1631,6781.5330
1632,6783.7846
1633,6786.3374
1634,6789.2923
1635,6792.0725
1636,6794.6172
1637,6797.3127
1638,6800.3330
1639,6803.1301
1640,6805.6495
1641,6808.2547
1642,6811.1818
1643,6813.8292
1644,6816.4506
1645,6819.0513
1646,6821.5711
1647,6824.2772
1648,6827.2834
1649,6829.6618
1650,6833.0224
1651,6835.3269
1652,6837.7385
1653,6840.6339
1654,6842.6256
1655,6845.4728
1656,6848.2282
1657,6850.8301
1658,6853.2617
1659,6855.9752
1660,6858.5715
1661,6861.3858
1662,6863.9944
1663,6866.5116
1664,6868.9084
1665,6871.6033
1666,6873.6091
1667,6876.0939
1668,6878.4561
1669,6881.0604
1670,6883.7874
1671,6885.9589
1672,6888.2952
1673,6890.7111
1674,6893.1186
1675,6896.2097
1676,6898.4206
1677,6901.5844
1678,6903.6391
1679,6906.0297
1680,6908.4713
1681,6910.8520
1682,6913.2378
1683,6915.6532
1684,6918.0274
1685,6921.2339
1686,6924.0816
1687,6926.4615
1688,6928.9181
1689,6931.3304
1690,6934.1516
1691,6936.6825
1692,6939.1069
1693,6941.5448
1694,6944.0589
1695,6946.5785
1696,6949.0077
1697,6951.7770
1698,6953.8350
1699,6956.4040
1700,6958.9312
1701,6961.2818
1702,6963.7415
1703,6966.1582
1704,6968.5814
1705,6971.4947
1706,6973.8612
1707,6976.4969
1708,6978.9264
1709,6981.2479
1710,6984.0109
1711,6986.5458
1712,6988.9848
1713,6991.7233
1714,6994.1769
1715,6996.7086
1716,6999.9657
1717,7001.6608
1718,7004.1690
1719,7006.5746
1720,7008.9731
1721,7011.7571
1722,7013.9151
1723,7016.4185
1724,7018.8129
1725,7021.3437
1726,7023.6728
1727,7025.9926
1728,7028.3792
1729,7030.6573
1730,7033.2460
1731,7035.9442
1732,7038.5251
1733,7040.9679
1734,7043.3702
1735,7045.8744
1736,7048.5280
1737,7051.1422
1738,7053.6616
1739,7056.1295
1740,7058.7807
1741,7061.3859
1742,7064.3020
1743,7066.9382
1744,7070.2820
1745,7073.2617
1746,7076.1514
1747,7078.7051
1748,7081.4221
1749,7084.0037
1750,7087.9011
1751,7092.0002
1752,7095.5796
1753,7099.2935
1754,7103.7085
1755,7107.7478
1756,7111.4197
1757,7114.5115
1758,7117.4958
1759,7123.7879
1760,7126.5364
1761,7130.3113
1762,7133.5289
1763,7137.9385
1764,7141.5272
1765,7146.4183
1766,7149.5218
1767,7154.0484
1768,7158.4637
1769,7162.3268
1770,7165.4582
1771,7170.0406
1772,7173.8446
1773,7177.8848
1774,7181.4420
1775,7185.2233
1776,7188.2515
1777,7192.4660
1778,7196.2972
1779,7199.4510
1780,7204.9239
1781,7208.1058
1782,7209.6899
1783,7213.1703
1784,7215.4546
1785,7219.0425
1786,7222.0452
1787,7226.2058
1788,7229.4898
1789,7233.2277
1790,7237.7193
1791,7241.4393
1792,7245.3191
1793,7249.1574
1794,7252.9731
1795,7256.0267
1796,7260.0017
1797,7263.4501
1798,7267.0145
1799,7270.7574
1800,7274.9612
1801,7278.0757
1802,7281.4898
1803,7285.0499
1804,7288.7101
1805,7292.9573
1806,7297.2295
1807,7300.7810
1808,7305.4137
1809,7309.0322
1810,7312.9997
1811,7317.3697
1812,7321.6138
1813,7324.5430
1814,7328.6083
1815,7332.5248
1816,7335.8767
1817,7340.6873
1818,7345.1383
1819,7348.8424
1820,7353.0433
1821,7356.8170
1822,7360.5776
1823,7364.1365
1824,7367.6300
1825,7371.2621
1826,7375.2885
1827,7378.9363
1828,7382.9954
1829,7386.0781
1830,7388.2477
1831,7392.5967
1832,7400.0640
1833,7400.7044
1834,7403.7855
1835,7412.4329
1836,7417.2528
1837,7424.6044
1838,7431.1132
1839,7435.8675
1840,7438.7810
1841,7442.7395
1842,7446.4741
1843,7450.1410
1844,7454.2942
1845,7457.3269
1846,7460.7420
1847,7464.7880
1848,7467.8555
1849,7471.2794
1850,7474.4809
1851,7479.4409
1852,7483.8192
1853,7488.3907
1854,7492.4181
1855,7496.1305
1856,7499.3370
1857,7502.9149
1858,7506.9249
1859,7509.6831
1860,7513.6008
1861,7517.4131
1862,7521.1008
1863,7525.0072
1864,7528.0023
1865,7531.5402
1866,7535.0292
1867,7539.1421
1868,7543.0415
1869,7545.9032
1870,7549.9239
1871,7553.3876
1872,7557.3688
1873,7561.4629
1874,7564.6470
1875,7568.2156
1876,7571.8639
1877,7576.2153
1878,7579.9367
1879,7583.1833
1880,7585.8114
1881,7588.2158
1882,7590.6739
1883,7593.1764
1884,7596.1719
1885,7600.3726
1886,7604.5625
1887,7608.5129
1888,7612.2448
1889,7615.9501
1890,7620.1997
1891,7624.5298
1892,7628.3851
1893,7632.4120
1894,7636.4882
1895,7640.5194
1896,7644.5990
1897,7648.8285
1898,7652.6990
1899,7656.7991
1900,7661.4897
1901,7665.2629
1902,7669.3625
1903,7673.6643
1904,7677.9168
1905,7681.8755
1906,7683.8982
1907,7686.4994
1908,7689.0516
1909,7691.6656
1910,7694.4141
1911,7697.0282
1912,7699.6341
1913,7702.3678
1914,7705.0450
1915,7707.5202
1916,7710.0658
1917,7712.6098
1918,7715.1418
1919,7717.5481
1920,7720.0019
1921,7722.4514
1922,7725.0388
1923,7727.5288
1924,7730.0599
1925,7733.0232
1926,7735.5881
1927,7738.0750
1928,7740.8149
1929,7743.6311
1930,7746.6033
1931,7750.3788
1932,7752.9864
1933,7755.5099
1934,7757.7345
1935,7760.4895
1936,7763.0038
1937,7770.3397
1938,7770.4492
1939,7772.8794
1940,7776.1605
1941,7779.3086
1942,7783.0644
1943,7786.6673
1944,7790.7164
1945,7794.0500
1946,7800.7207
1947,7804.7097
1948,7808.4121
1949,7811.9714
1950,7815.0506
1951,7817.4121
1952,7819.8881
1953,7822.3217
1954,7824.7480
1955,3832.7701
1956,3842.4428
1957,3849.1423
1958,3857.3937
1959,3867.1391
1960,3880.6331
1961,3891.3491
1962,3902.5607
1963,3915.3295
1964,3926.1818
1965,3935.7150
1966,3947.2322
1967,3956.7356
1968,3967.0379
1969,3979.8372
1970,3994.0994
1971,4008.6682
1972,4021.4529
1973,4036.3088
1974,4047.1079
1975,4057.9188
1976,4068.6316
1977,4082.0661
1978,4095.4411
1979,4112.5801
1980,4123.0848
1981,4136.8663
1982,4155.2677
1983,4166.9426
1984,4180.7327
1985,4193.2647
1986,4206.1574
1987,4219.2755
1988,4232.1537
1989,4247.3404
1990,4259.2387
1991,4278.7824
1992,4293.9162
1993,4314.7006
1994,4326.5917
1995,4333.8659
1996,4346.0031
1997,4357.4808
1998,4374.2211
1999,4387.4013
2000,4406.2126
2001,4419.9278
2002,4443.9602
2003,4456.8453
2004,4472.3666
2005,4483.4845
2006,4493.1870
2007,4506.0744
2008,4514.6475
2009,4527.9853
2010,4535.7728
2011,4549.3197
2012,4561.7559
2013,4572.0954
2014,4583.2570
2015,4593.8592
2016,4608.0933
2017,4624.2883
2018,4640.0321
2019,4653.7805
2020,4677.0482
2021,4694.4454
2022,4713.9173
2023,4733.2535
2024,4743.2058
2025,4759.9046
2026,4783.5472
2027,4803.8108
2028,4813.3025
2029,4823.1287
2030,4835.3448
2031,4847.1451
2032,4856.6291
2033,4866.8554
2034,4874.4943
2035,4887.5940
2036,4898.0529
2037,4913.6612
2038,4922.6708
2039,4934.2391
2040,4946.2299
2041,4953.9766
2042,4963.0814
2043,4976.5472
2044,4986.1648
2045,4994.9689
2046,5007.7465
2047,5018.4960
2048,5029.5315
2049,5043.9248
2050,5054.6055
2051,5073.4448
2052,5080.5671
2053,5092.6960
2054,5106.2431
2055,5124.0594
2056,5138.5567
2057,5152.3163
2058,5164.3584
2059,5178.4623
2060,5189.7402
2061,5198.7557
2062,5220.9716
2063,5238.9138
2064,5251.0591
2065,5264.6139
2066,5274.7347
2067,5288.9051
2068,5299.7737
2069,5307.9336
2070,5323.7295
2071,5336.5519
2072,5348.3012
2073,5355.3183
2074,5363.9910
2075,5372.7901
2076,5388.7393
2077,5399.5800
2078,5410.9330
2079,5420.3126
2080,5432.9562
2081,5440.5451
2082,5450.9647
2083,5466.3973
2084,5476.5193
2085,5487.6370
2086,5502.1954
2087,5510.3185
2088,5525.5919
2089,5545.3479
2090,5566.6311
2091,5581.5508
2092,5604.0764
2093,5619.2052
2094,5627.7385
2095,5640.6763
2096,5658.4642
2097,5676.7170
2098,5695.5452
2099,5721.2586
2100,5731.4444
2101,5740.5314
2102,5751.2553
2103,5763.6759
2104,5777.1349
2105,5793.7095
2106,5808.1543
2107,5821.0421
2108,5840.6672
2109,5853.4679
2110,5869.5838
2111,5884.3980
2112,5893.1673
2113,5906.1368
2114,5919.8427
2115,5931.6149
2116,5941.7694
2117,5954.1800
2118,5964.7896
2119,5978.7567
2120,5994.2014
2121,6009.9158
2122,6024.8797
2123,6036.1235
2124,6045.7804
2125,6054.6527
2126,6067.6579
2127,6080.9970
2128,6091.5709
2129,6097.3730
2130,6108.1657
2131,6121.0232
2132,6134.9254
2133,6142.9460
2134,6150.7342
2135,6172.6651
2136,6184.2401
2137,6195.0920
2138,6208.1478
2139,6220.3937
2140,6229.2089
2141,6241.1110
2142,6254.8442
2143,6266.9752
2144,6278.4851
2145,6291.7185
2146,6304.6880
2147,6315.7256
2148,6325.2587
2149,6337.0469
2150,6347.7759
2151,6358.6659
2152,6369.5302
2153,6385.2181
2154,6400.7936
2155,6416.0154
2156,6426.9063
2157,6436.6267
2158,6447.3088
2159,6458.2970
2160,6473.0694
2161,6481.1838
2162,6491.2508
2163,6501.4195
2164,6509.5153
2165,6523.0930
2166,6534.2536
2167,6542.7430
2168,6552.4719
2169,6572.6886
2170,6586.0863
2171,6598.0022
2172,6608.0880
2173,6624.9225
2174,6631.2988
2175,6644.7124
2176,6653.1403
2177,6670.0647
2178,6675.8127
2179,6684.2897
2180,6693.4850
2181,6702.3480
2182,6710.5901
2183,6720.0119
2184,6730.6132
2185,6741.7712
2186,6758.8098
2187,6768.6472
2188,6778.2640
2189,6789.3991
2190,6808.1436
2191,6814.9776
2192,6823.1020
2193,6831.5411
2194,6840.7950
2195,6848.1493
2196,6858.2406
2197,6868.5029
2198,6968.9648
2199,6977.5500
2200,6985.8892
2201,6996.9637
2202,7008.7128
2203,7018.1522
2204,7030.5886
2205,7037.9064
2206,7045.5580
2207,7063.3574
2208,7074.5203
2209,7093.8718
2210,7106.2629
2211,7119.0479
2212,7130.9972
2213,7139.0579
2214,7147.0671
2215,7158.5147
2216,7170.4786
2217,7188.9617
2218,7201.1104
2219,7217.1888
2220,7231.6551
2221,7248.3494
2222,7260.3621
2223,7273.8764
2224,7280.2522
2225,7287.6902
2226,7295.1527
2227,7304.4755
2228,7314.6315
2229,7325.6977
2230,7336.6632
2231,7356.7915
2232,7372.9837
2233,7389.7440
2234,7396.2355
2235,7408.1624
2236,7422.1542
2237,7435.4184
2238,7441.5743
2239,7448.3905
2240,7455.3676
2241,7464.0124
2242,7473.3386
2243,7480.7787
2244,7487.3309
2245,7495.7287
2246,7511.9507
2247,7522.6157
2248,7533.9546
2249,7541.0180
2250,7548.3463
2251,7555.9759
2252,7566.2291
2253,7574.1553
2254,7581.6805
2255,7588.5997
2256,7595.4165
2257,7601.6636
2258,7609.9873
2259,7618.3794
2260,7627.7804
2261,7635.3929
2262,7646.4660
2263,7657.9652
2264,7665.8745
2265,7676.1744
2266,7691.6611
2267,7698.9758
2268,7708.5309
2269,7720.4940
2270,7726.5155
2271,7733.4988
2272,7745.0233
2273,7757.8189
2274,7771.3356
2275,7785.8548
2276,7800.9820
2277,7815.7229
2278,7826.0982
2279,7834.8470
2280,7845.1476
2281,7853.3421
2282,7863.1387
2283,7878.0534
2284,7886.2381
2285,7895.3292
2286,7902.3716
2287,7916.2292
2288,7928.5810
2289,7942.8778
2290,7951.8433
2291,7965.9832
2292,7974.8833
2293,7984.1855
2294,7992.6920
2295,8000.6909
2296,8012.9375
2297,8022.5863
2298,8031.5833
2299,8040.1838
2300,8050.4386
2301,8059.7057
2302,8070.1821
2303,8082.6697
2304,8092.9186
2305,8110.5895
2306,8121.3677
2307,8132.0829
2308,8143.8849
2309,8156.0323
2310,8168.5379
2311,8180.9502
2312,8195.1768
2313,8206.8841
2314,8217.9096
2315,8231.3986
2316,8238.7369
2317,8252.7571
2318,8269.9792
2319,8278.0628
2320,8294.9469
2321,8305.2452
2322,8313.5238
2323,8324.0385
2324,8333.9262
2325,8342.1593
2326,8351.9289
2327,8364.1777
2328,8379.4558
2329,8394.8281
2330,8402.0135
2331,8413.4493
2332,8421.7670
2333,8431.6781
2334,8443.1551
2335,8455.2453
2336,8466.9051
2337,8478.1797
2338,8493.4402
2339,8508.9805
2340,8523.4704
2341,8537.4167
2342,8557.2765
2343,8568.6011
2344,8585.5088
2345,8592.1824
2346,8602.6080
2347,8621.3744
2348,8636.2998
2349,8652.9639
2350,8668.2160
2351,8678.2765
2352,8688.9548
2353,8699.0433
2354,8710.9630
2355,8722.2693
2356,8731.0445
2357,8740.9456
2358,8751.5459
2359,8765.3756
2360,8777.0023
2361,8794.5678
2362,8810.8130
2363,8825.7835
2364,8842.5448
2365,8860.1985
2366,8871.1920
2367,8886.9638
2368,8896.2750
2369,8906.4348
2370,8914.8135
2371,8922.2441
2372,8934.4559
2373,8944.3603
2374,8953.2659
2375,8961.3054
2376,8971.9260
2377,8981.5257
2378,8993.9377
2379,9004.2746
2380,9014.0517
2381,9021.2383
2382,9034.9000
2383,9043.5357
2384,9050.4446
2385,9060.4208
2386,9075.9120
2387,9090.5735
2388,9100.0445
2389,9115.4144
2390,9122.2730
2391,9131.4394
2392,9138.0932
2393,9145.8681
2394,9153.7859
2395,9162.8191
2396,9173.2531
2397,9185.5459
2398,9196.9123
2399,9208.3216
2400,9220.1841
2401,9233.9888
2402,9246.6779
2403,9259.4485
2404,9272.6352
2405,9287.8525
2406,9301.7182
2407,9311.8525
2408,9329.9408
2409,9341.0189
2410,9347.1296
2411,9356.2152
2412,9365.8245
2413,9375.6356
2414,9385.2754
2415,9395.9401
2416,9405.6833
2417,9415.1590
2418,9425.7026
2419,9433.5589
2420,9443.4054
2421,9454.3269
2422,9467.2513
2423,9479.7323
2424,9492.5869
2425,9503.8850
2426,9516.9172
2427,9527.4613
2428,9548.3549
2429,9567.1871
2430,9583.5109
2431,9609.8194
2432,9617.6605
2433,9629.1723
2434,9640.1186
2435,9653.5888
2436,9668.0853
2437,9683.1136
2438,9701.3009
2439,9724.7002
2440,9743.0000
2441,9757.8249
2442,9771.1263
2443,9788.7475
2444,9812.6316
2445,9826.4458
2446,9834.7192
2447,9846.5755
2448,9858.4373
2449,9870.1949
2450,9882.0884
2451,9895.2253
2452,9911.6566
2453,9926.0938
2454,9941.8402
2455,9954.1049
2456,9970.3071
2457,9982.6880
2458,9989.8319
2459,10000.9832
2460,10013.9771
2461,10022.0978
2462,10032.7861
2463,10040.7684
2464,10048.5926
2465,10056.9208
2466,10071.6934
2467,10084.1997
2468,10093.6680
2469,10101.6457
2470,10109.2820
2471,10123.4803
2472,10135.1185
2473,10149.2627
2474,10160.2798
2475,10171.0517
2476,10188.8607
2477,10197.9725
2478,10206.9721
2479,10215.2488
2480,10224.2341
2481,10233.9101
2482,10244.5447
2483,10253.1350
2484,10264.2667
2485,10273.8297
2486,10281.6288
2487,10290.2210
2488,10299.5498
2489,10309.9589
2490,10323.7514
2491,10332.2728
2492,10340.3332
2493,10350.2569
2494,10360.3270
2495,10372.2317
2496,10384.4819
2497,10393.7945
2498,10403.6138
2499,10413.2109
2500,10424.4874
2501,10434.5863
2502,10444.3760
2503,10453.6109
2504,10464.1676
2505,10474.0145
2506,10483.5391
2507,10493.8025
2508,10504.2024
2509,10514.5340
2510,10524.1554
2511,10532.9547
2512,10542.4297
2513,10553.6456
2514,10569.4842
2515,10577.4319
2516,10586.0004
2517,10596.1440
2518,10606.3144
2519,10616.1516
2520,10627.5241
2521,10635.6199
2522,10645.6375
2523,10655.1950
2524,10666.1222
2525,10676.3074
2526,10684.8640
2527,10692.4641
2528,10700.6543
2529,10709.8579
2530,10718.3251
2531,10726.0203
2532,10734.2257
2533,10742.6670
2534,10755.3787
2535,10762.3050
2536,10774.7715
2537,10782.7461
2538,10791.0521
2539,10801.6868
2540,10811.8827
2541,10821.4862
2542,10831.9871
2543,10845.5696
2544,10854.8696
2545,10864.1739
2546,10873.8751
2547,10883.8532
2548,10894.8207
2549,10904.5579
2550,10914.5620
2551,10926.1525
2552,10936.1944
2553,10945.7786
2554,10955.1699
2555,10966.3162
2556,10976.2077
2557,10984.2358
2558,10993.3083
2559,11000.5202
2560,11009.6734
2561,11020.9956
2562,11032.4168
2563,11046.8023
2564,11065.3882
2565,11075.3624
2566,11085.8619
2567,11099.4518
2568,11119.6821
2569,11128.8688
2570,11141.7022
2571,11149.7126
2572,11161.1369
2573,11171.8087
2574,11180.7332
2575,11187.4831
2576,11196.6264
2577,11209.8291
2578,11223.4874
2579,11232.0094
2580,11242.0714
2581,11255.4028
2582,11268.0902
2583,11280.5865
2584,11289.9556
2585,11302.1049
2586,11313.5622
2587,11324.9211
2588,11336.3252
2589,11347.4076
2590,11355.9878
2591,11364.4705
2592,11378.8471
2593,11390.8508
2594,11401.9670
2595,11411.9473
2596,11422.1544
2597,11434.9864
2598,11445.5385
2599,11459.9807
2600,11470.2439
2601,11479.1598
2602,11498.8563
2603,11513.2837
2604,11520.7150
2605,11532.4683
2606,11544.0860
2607,11556.1285
2608,11567.9922
2609,11582.5937
2610,11594.9569
2611,11604.3890
2612,11614.5771
2613,11624.4748
2614,11633.4431
2615,11644.5975
2616,11653.2938
2617,11662.7429
2618,11671.8421
2619,11681.9370
2620,11690.7563
2621,11703.8920
2622,11714.1709
2623,11732.7540
2624,11741.0812
2625,11754.6949
2626,11766.3901
2627,11778.5408
2628,11787.5688
2629,11800.8127
2630,11816.3512
2631,11828.4247
2632,11844.5761
2633,11855.7835
2634,11866.6451
2635,11882.1108
2636,11893.8243
2637,11902.6949
2638,11913.8465
2639,11925.1444
2640,11935.5094
2641,11947.7258
2642,11965.0428
2643,11978.2593
2644,11987.8972
2645,12005.1649
2646,12013.0367
2647,12025.1884
2648,12036.8693
2649,12051.1041
2650,12065.2592
2651,12079.0830
2652,12090.2092
2653,12105.6430
2654,12117.5768
2655,12133.2622
2656,12143.8036
2657,12151.2823
2658,12166.5282
2659,12180.0239
2660,12191.6823
2661,12204.7505
2662,12221.4925
2663,12237.2308
2664,12250.1397
2665,12263.7277
2666,12273.7200
2667,12288.4550
2668,12306.3855
2669,12314.8336
2670,12324.6379
2671,12333.7076
2672,12343.2872
2673,12354.4967
2674,12368.4802
2675,12383.6143
2676,12399.0817
2677,12410.4748
2678,12420.1748
2679,12431.6268
2680,12447.7448
2681,12460.9723
2682,12474.5944
2683,12485.0645
2684,12498.4963
2685,12514.0436
2686,12532.4345
2687,12543.5162
2688,12553.1883
2689,12568.1448
2690,12574.6250
2691,12584.4579
2692,12593.1365
2693,12604.7659
2694,12617.1193
2695,12625.3159
2696,12636.3719
2697,12651.1898
2698,12665.4608
2699,12685.8301
2700,12701.4041
2701,12719.9187
2702,12732.6138
2703,12748.1639
2704,12764.1571
2705,12776.9108
2706,12785.9647
2707,12795.1338
2708,12806.3958
2709,12818.3925
2710,12828.4824
2711,12848.8913
2712,12863.0345
2713,12876.3068
2714,12886.6520
2715,12896.9312
2716,12905.0155
2717,12913.5454
2718,12933.7478
2719,12946.7878
2720,12955.3719
2721,12965.2205
2722,12976.3374
2723,12984.6854
2724,12991.5092
2725,13000.1225
2726,13005.6036
2727,13012.7218
2728,13021.9345
2729,13032.2514
2730,13040.1168
2731,13048.3816
2732,13055.3076
2733,13063.1866
2734,13071.3108
2735,13078.1505
2736,13085.3062
2737,13092.5128
2738,13100.9285
2739,13111.1705
2740,13123.1997
2741,13135.2153
2742,13141.9280
2743,13152.3540
2744,13168.4172
2745,13178.5648
2746,13186.3165
2747,13194.0939
2748,13206.8765
2749,13220.7057
2750,13234.6299
2751,13242.9874
2752,13250.0122
2753,13256.4149
2754,13263.4170
2755,13273.0033
2756,13281.4531
2757,13288.3203
2758,13299.7546
2759,13312.9599
2760,13322.4599
2761,13334.8088
2762,13345.7708
2763,13361.8333
2764,13374.2008
2765,13385.9546
2766,13399.5690
2767,13414.1335
2768,13429.5845
2769,13439.3821
2770,13447.0699
2771,13454.2980
2772,13464.2396
2773,13476.9077
2774,13487.1597
2775,13498.1167
2776,13512.6755
2777,13525.3167
2778,13533.8888
2779,13544.7826
2780,13554.1720
2781,13565.0079
2782,13576.2315
2783,13594.1992
2784,13610.2438
2785,13619.8516
2786,13631.7306
2787,13647.7365
2788,13657.4275
2789,13671.5860
2790,13686.8279
2791,13700.4321
2792,13707.6254
2793,13716.0478
2794,13724.3648
2795,13732.0831
2796,13742.6469
2797,13752.1904
2798,13764.1432
2799,13774.4887
2800,13783.9100
2801,13795.6698
2802,13807.6696
2803,13818.0561
2804,13832.5469
2805,13840.9798
2806,13849.3583
2807,13855.6700
2808,13871.1131
2809,13885.0126
2810,13901.0711
2811,13911.2902
2812,13919.5790
2813,13934.0248
2814,13949.5571
2815,13960.9616
2816,13969.8937
2817,13979.8448
2818,13994.4110
2819,14008.7640
2820,14025.0630
2821,14038.3587
2822,14048.0447
2823,14061.0120
2824,14065.2425
2825,14073.2198
2826,14080.3237
2827,14095.6185
2828,14101.4812
2829,14112.1950
2830,14121.2695
2831,14132.8998
2832,14143.3563
2833,14152.3364
2834,14169.4357
2835,14187.1254
2836,14202.7035
2837,14214.8225
2838,14223.7146
2839,14231.7398
2840,14239.6820
2841,14257.4623
2842,14272.0101
2843,14280.5402
2844,14289.4981
2845,14300.6675
2846,14312.9046
2847,14325.8991
2848,14338.2487
2849,14350.6756
2850,14361.7101
2851,14371.7780
2852,14383.5137
2853,14392.7748
2854,14402.7014
2855,14410.0556
2856,14418.1457
2857,14425.7979
2858,14433.9478
2859,14443.0859
2860,14451.9389
2861,14468.1823
2862,14483.7244
2863,14496.2695
2864,14507.9241
2865,14518.2478
2866,14528.9257
2867,14541.2254
2868,14554.4906
2869,14566.4520
2870,14575.0515
2871,14585.8667
2872,14605.3798
2873,14616.8053
2874,14630.2619
2875,14644.5668
2876,14656.5039
2877,14662.8888
2878,14672.8866
2879,14683.5511
2880,14702.3115
2881,14717.4203
2882,14734.4735
2883,14747.2913
2884,14763.6375
2885,14778.5807
2886,14788.0583
2887,14798.3077
2888,14813.6194
2889,14823.7355
2890,14833.9658
2891,14845.2880
2892,14861.8927
2893,14876.2250
2894,14889.4203
2895,14897.1188
2896,14908.5131
2897,14918.2141
2898,14927.8660
2899,14940.2606
2900,14952.8818
2901,14966.9006
2902,14980.7663
2903,14991.5881
2904,15003.5276
2905,15016.1955
2906,15029.5563
2907,15043.7131
2908,15053.5707
2909,15067.5161
2910,15080.8508
2911,15095.9632
2912,15108.5632
2913,15117.2340
2914,15128.1989
2915,15137.8462
2916,15147.8870
2917,15161.7241
2918,15174.3386
2919,15186.7623
2920,15199.1172
2921,15210.0589
2922,15220.3696
2923,15232.3251
2924,15242.1346
2925,15252.5272
2926,15263.9201
2927,15274.9178
2928,15287.1664
2929,15303.4518
2930,15315.4287
2931,15328.8517
2932,15337.0218
2933,15350.3911
2934,15364.6958
2935,15378.9361
2936,15391.4940
2937,15415.5078
2938,15426.8439
2939,15436.2390
2940,15449.5902
2941,15461.8490
2942,15472.3153
2943,15486.1434
2944,15500.5286
2945,15511.7745
2946,15525.8021
2947,15537.9760
2948,15549.9768
2949,15561.0523
2950,15577.2796
2951,15586.0610
2952,15596.2477
2953,15610.8153
2954,15624.2876
2955,15635.5863
2956,15648.8316
2957,15658.7336
2958,15674.5634
2959,15685.1842
2960,15697.6688
2961,15707.3956
2962,15721.6916
2963,15728.7862
2964,15742.0559
2965,15752.3766
2966,15769.8560
2967,15782.4025
2968,15792.6576
2969,15803.2672
2970,15822.0384
2971,15836.1340
2972,15846.7915
2973,15860.3454
2974,15870.1513
2975,15882.1058
2976,15894.5689
2977,15909.1725
2978,15915.8373
2979,15930.2776
2980,15939.5084
2981,15947.9907
2982,15963.4774
2983,15978.2274
2984,15986.6028
2985,15999.9430
2986,16015.3835
2987,16029.8014
2988,16048.5592
2989,16058.6028
2990,16076.1979
2991,16092.1776
2992,16107.0371
2993,16122.3454
2994,16136.4658
2995,16153.0931
2996,16167.3303
2997,16177.6381
2998,16189.1487
2999,16199.0898
3000,16207.2020
3001,16215.1639
3002,16224.6342
3003,16232.6701
3004,16246.4557
3005,16256.3322
3006,16267.8883
3007,16276.6542
3008,16285.0163
3009,16293.3462
3010,16304.1730
3011,16312.4647
3012,16320.4494
3013,16328.3014
3014,16339.4361
3015,16346.9236
3016,16354.7339
3017,16364.3708
3018,16372.7734
3019,16381.1986
3020,16389.6010
3021,16397.9762
3022,16407.3508
3023,16419.3299
3024,16433.2559
3025,16446.5301
3026,16460.4824
3027,16472.4050
3028,16486.1951
3029,16501.4529
3030,16507.9975
3031,16522.9805
3032,16535.7108
3033,16548.6026
3034,16565.7856
3035,16573.6187
3036,16582.4890
3037,16595.7501
3038,16611.0351
3039,16622.9851
3040,16635.9921
3041,16645.3152
3042,16658.2069
3043,16674.1045
3044,16685.6968
3045,16694.0887
3046,16704.3893
3047,16714.1204
3048,16724.1848
3049,16736.1042
3050,16745.7035
3051,16755.6875
3052,16767.9830
3053,16782.8686
3054,16789.6731
3055,16799.8033
3056,16810.8487
3057,16828.4588
3058,16842.8152
3059,16859.0989
3060,16866.1523
3061,16881.1529
3062,16893.1119
3063,16904.8834
3064,16921.5186
3065,16935.0381
3066,16944.2041
3067,16952.4724
3068,16961.8142
3069,16975.0495
3070,16985.7767
3071,16997.5243
3072,17006.1731
3073,17020.0143
3074,17030.8881
3075,17045.6800
3076,17072.2730
3077,17080.4265
3078,17093.7097
3079,17106.4231
3080,17119.3819
3081,17131.3882
3082,17139.1041
3083,17154.0914
3084,17167.2490
3085,17180.9356
3086,17191.0222
3087,17204.5212
3088,17217.6528
3089,17232.9834
3090,17249.1474
3091,17256.8033
3092,17264.2789
3093,17277.5209
3094,17285.3956
3095,17297.5149
3096,17308.2082
3097,17320.6475
3098,17331.9921
3099,17346.4098
3100,17357.3039
3101,17372.5848
3102,17387.8238
3103,17403.9140
3104,17415.7388
3105,17428.0126
3106,17435.9260
3107,17445.8883
3108,17458.2903
3109,17472.4994
3110,17486.0640
3111,17495.9726
3112,17507.2458
3113,17514.8973
3114,17524.5121
3115,17535.6600
3116,17546.8414
3117,17557.7443
3118,17568.4862
3119,17581.4149
3120,17588.4819
3121,17596.2548
3122,17611.5329
3123,17628.2661
3124,17641.8176
3125,17653.5780
3126,17666.4691
3127,17683.8801
3128,17693.0861
3129,17705.5018
3130,17720.6731
3131,17734.1757
3132,17746.4075
3133,17758.8336
3134,17771.0078
3135,17785.2967
3136,17798.3053
3137,17815.6044
3138,17831.8808
3139,17842.5720
3140,17848.6545
3141,17858.5935
3142,17870.9283
3143,17884.3415
3144,17894.0074
3145,17902.2257
3146,17913.9695
3147,17927.9873
3148,17942.6718
3149,17959.6605
3150,17978.8477
3151,17992.2252
3152,18002.1019
3153,18010.5236
3154,18019.9971
3155,18032.5139
3156,18044.1704
3157,18051.1341
3158,18059.3476
3159,18070.2400
3160,18079.9818
3161,18090.0927
3162,18103.2248
3163,18118.1695
3164,18130.1441
3165,18140.3687
3166,18148.3531
3167,18157.6850
3168,18179.7261
3169,18191.4990
3170,18200.4716
3171,18211.5827
3172,18219.0201
3173,18232.7654
3174,18241.9341
3175,18249.4278
3176,18257.9401
3177,18267.1881
3178,18276.4175
3179,18289.0270
3180,18302.0353
3181,18312.7515
3182,18326.0005
3183,18337.2865
3184,18350.1308
3185,18363.2503
3186,18375.3569
3187,18385.7257
3188,18400.0983
3189,18411.2935
3190,18427.1865
3191,18435.6272
3192,18449.5981
3193,18463.1128
3194,18474.8156
3195,18487.2990
3196,18499.0966
3197,18512.6600
3198,18523.9377
3199,18531.1291
3200,18539.9525
3201,18552.2242
3202,18560.9138
3203,18570.9410
3204,18579.6132
3205,18591.2344
3206,18598.7864
3207,18610.6656
3208,18624.6963
3209,18633.2247
3210,18646.3082
3211,18654.4905
3212,18666.0392
3213,18672.6246
3214,18679.4207
3215,18690.6683
3216,18699.6388
3217,18713.8941
3218,18727.2000
3219,18733.9199
3220,18742.5892
3221,18756.1207
3222,18770.4453
3223,18782.8336
3224,18793.5932
3225,18806.5844
3226,18815.6562
3227,18831.3353
3228,18843.0386
3229,18856.2117
3230,18867.0731
3231,18877.1427
3232,18885.0222
3233,18897.0058
3234,18908.6132
3235,18918.4725
3236,18926.8525
3237,18939.3432
3238,18952.3051
3239,18967.3452
3240,18979.8331
3241,18988.8153
3242,18999.5539
3243,19005.2435
3244,19012.4094
3245,19023.9871
3246,19037.3724
3247,19045.6836
3248,19059.7408
3249,19073.5474
3250,19083.2357
3251,19089.8631
3252,19098.1398
3253,19106.4076
3254,19114.7034
3255,19122.8821
3256,19130.2631
3257,19140.6872
3258,19148.3378
3259,19156.9891
3260,19167.2499
3261,19176.7671
3262,19202.9195
3263,19212.8432
3264,19220.7911
3265,19231.1280
3266,19237.0703
3267,19244.1461
3268,19252.2578
3269,19260.4926
3270,19269.8274
3271,19278.8098
3272,19289.8824
3273,19299.2549
3274,19308.5380
3275,19318.4593
3276,19329.1025
3277,19337.6255
3278,19347.2397
3279,19358.1927
3280,19374.8190
3281,19383.6241
3282,19395.8402
3283,19405.3271
3284,19417.6219
3285,19429.2715
3286,19445.1239
3287,19462.9436
3288,19479.6662
3289,19488.2641
3290,19503.4568
3291,19512.9943
3292,19521.3218
3293,19530.0932
3294,19543.1728
3295,19551.7473
3296,19574.3723
3297,19584.7945
3298,19598.8672
3299,19611.7539
3300,19627.1505
3301,19637.2261
3302,19649.9054
3303,19658.2911
3304,19667.7129
3305,19681.4399
3306,19689.8880
3307,19699.7278
3308,19716.8584
3309,19727.2699
3310,19738.0087
3311,19751.1110
3312,19760.1211
3313,19770.2973
3314,19783.9470
3315,19796.7942
3316,19808.8291
3317,19823.3378
3318,19837.6567
3319,19849.5531
3320,19859.2262
3321,19873.0447
3322,19887.9714
3323,19902.8678
3324,19921.8163
3325,19932.4696
3326,19945.2281
3327,19957.1800
3328,19969.0237
3329,19984.0701
3330,19995.8835
3331,20002.9354
3332,20014.6520
3333,20029.0592
3334,20043.2694
3335,20053.7395
3336,20065.5205
3337,20083.4064
3338,20092.3247
3339,20104.8753
3340,20114.8665
3341,20128.6829
3342,20141.6597
3343,20153.6441
3344,20167.8731
3345,20180.3255
3346,20191.3774
3347,20207.4354
3348,20219.8455
3349,20231.3437
3350,20244.3123
3351,20258.9529
3352,20272.5794
3353,20285.2118
3354,20297.9386
3355,20316.2680
3356,20335.2077
3357,20345.1190
3358,20360.5731
3359,20373.6060
3360,20379.1218
3361,20387.9795
3362,20397.6181
3363,20407.9590
3364,20418.6866
3365,20430.5408
3366,20442.0176
3367,20455.8873
3368,20466.2743
3369,20478.0004
3370,20487.0632
3371,20497.9191
3372,20506.9125
3373,20525.6433
3374,20533.7195
3375,20544.4965
3376,20557.0474
3377,20569.9775
3378,20583.4594
3379,20594.9912
3380,20604.6634
3381,20614.8982
3382,20624.6624
3383,20633.1766
3384,20642.5526
3385,20651.7646
3386,20663.8029
3387,20669.8740
3388,20679.1351
3389,20696.4471
3390,20713.9738
3391,20726.5813
3392,20743.8769
3393,20758.8739
3394,20770.7002
3395,20781.1584
3396,20790.9636
3397,20802.6161
3398,20816.2112
3399,20833.4818
3400,20845.2933
3401,20862.9990
3402,20873.7020
3403,20883.4820
3404,20896.8251
3405,20914.6900
3406,20923.6338
3407,20943.0299
3408,20951.2012
3409,20962.6515
3410,20983.1219
3411,20997.0725
3412,21011.9853
3413,21023.7081
3414,21039.2492
3415,21062.8648
3416,21077.8403
3417,21086.7801
3418,21100.0211
3419,21114.1274
3420,21124.5565
3421,21133.8406
3422,21147.5329
3423,21155.5722
3424,21166.3008
3425,21183.4142
3426,21200.2592
3427,21214.0312
3428,21222.2965
3429,21233.5174
3430,21251.4668
3431,21259.5792
3432,21271.0314
3433,21282.7883
3434,21295.8579
3435,21302.5849
3436,21312.6171
3437,21327.1396
3438,21335.4375
3439,21346.0779
3440,21355.3612
3441,21364.4588
3442,21375.7391
3443,21393.7345
3444,21405.4461
3445,21417.3808
3446,21426.5642
3447,21435.1099
3448,21444.5078
3449,21453.8643
3450,21462.4951
3451,21472.2366
3452,21483.3508
3453,21496.2232
3454,21507.4403
3455,21514.7638
3456,21523.5286
3457,21533.8764
3458,21542.7873
3459,21552.4461
3460,21566.0169
3461,21581.1071
3462,21593.0049
3463,21602.3862
3464,21616.6093
3465,21627.1918
3466,21640.9442
3467,21650.1229
3468,21661.3982
3469,21674.7057
3470,21684.0045
3471,21698.9911
3472,21712.2145
3473,21726.3424
3474,21741.0634
3475,21752.1901
3476,21766.5257
3477,21783.2408
3478,21794.4956
3479,21806.6566
3480,21815.1410
3481,21824.5645
3482,21832.9344
3483,21841.5022
3484,21849.5202
3485,21860.0845
3486,21866.3130
3487,21880.3635
3488,21889.4126
3489,21898.6077
3490,21905.6542
3491,21914.4607
3492,21926.0039
3493,21935.9279
3494,21945.5388
3495,21955.8451
3496,21967.6881
3497,21979.4798
3498,21992.3987
3499,22002.0757
3500,22012.9192
3501,22027.0612
3502,22041.8680
3503,22055.4173
3504,22073.1192
3505,22086.6501
3506,22100.5728
3507,22114.4173
3508,22127.6829
3509,22136.5328
3510,22150.1050
3511,22165.1821
3512,22175.4744
3513,22186.5053
3514,22198.8003
3515,22213.2461
3516,22222.1525
3517,22231.4248
3518,22238.9247
3519,22250.2215
3520,22256.7458
3521,22264.8096
3522,22273.1595
3523,22281.1468
3524,22289.4547
3525,22297.7834
3526,22309.3472
3527,22320.1869
3528,22335.3493
3529,22347.7504
3530,22360.0283
3531,22372.8111
3532,22382.1905
3533,22391.9635
3534,22400.5101
3535,22409.4832
3536,22419.4176
3537,22430.2530
3538,22441.7090
3539,22453.1000
3540,22463.9487
3541,22474.1721
3542,22484.1094
3543,22494.8702
3544,22505.4712
3545,22516.9146
3546,22528.3923
3547,22541.4097
3548,22552.0866
3549,22565.3090
3550,22575.1944
3551,22585.4635
3552,22596.8859
3553,22606.7386
3554,22619.5447
3555,22630.8353
3556,22643.7995
3557,22679.5204
3558,22690.0525
3559,22697.9127
3560,22707.4816
3561,22725.1542
3562,22733.6385
3563,22749.0563
3564,22756.4008
3565,22774.3108
3566,22782.5081
3567,22791.2667
3568,22804.1024
3569,22812.4332
3570,22820.9720
3571,22830.6386
3572,22839.3683
3573,22848.1636
3574,22860.4248
3575,22870.9757
3576,22883.7070
3577,22895.0145
3578,22907.1403
3579,22917.6738
3580,22928.3192
3581,22936.7535
3582,22948.6063
3583,22962.5568
3584,22973.8605
3585,22986.2561
3586,22999.4898
3587,23015.6989
3588,23031.6532
3589,23042.6605
3590,23052.3624
3591,23059.4666
3592,23073.3066
3593,23081.0156
3594,23092.1278
3595,23105.0401
3596,23119.0109
3597,23130.7049
3598,23146.8256
3599,23153.8086
3600,23163.4908
3601,23173.0909
3602,23184.0143
3603,23196.8503
3604,23214.5426
3605,23229.5187
3606,23238.6105
3607,23247.5035
3608,23258.5859
3609,23271.5981
3610,23281.9490
3611,23289.8736
3612,23296.6394
3613,23307.4832
3614,23322.0677
3615,23331.1942
3616,23340.6568
3617,23346.6690
3618,23352.8833
3619,23361.7258
3620,23373.8363
3621,23382.7353
3622,23395.8085
3623,23408.2308
3624,23422.1280
3625,23431.4370
3626,23442.8489
3627,23452.5025
3628,23464.3102
3629,23476.7206
3630,23488.4040
3631,23502.0721
3632,23514.1582
3633,23523.2749
3634,23530.8328
3635,23540.9520
3636,23547.9963
3637,23560.3838
3638,23582.3405
3639,23633.9753
3640,23642.6144
3641,23653.5676
3642,23667.0713
3643,23671.1555
3644,23682.7264
3645,23690.6235
3646,23704.6635
3647,23722.3103
3648,23736.5682
3649,23745.3249
3650,23756.3457
3651,23766.3326
3652,23778.2626
3653,23789.3877
3654,23800.3743
3655,23809.7703
3656,23821.7030
3657,23833.4684
3658,23846.3624
3659,23856.1006
3660,23868.4113
3661,23877.5022
3662,23890.9378
3663,23901.5508
3664,23915.5519
3665,23928.5786
3666,23938.0500
3667,23950.4261
3668,23964.0954
3669,23974.0922
3670,23983.3391
3671,23992.5330
3672,24004.0064
3673,24015.8582
3674,24025.4307
3675,24034.2116
3676,24049.0682
3677,24061.8312
3678,24070.2434
3679,24082.4609
3680,24093.4980
3681,24101.4845
3682,24111.0094
3683,24120.4569
3684,24133.1065
3685,24149.0271
3686,24159.6658
3687,24169.5311
3688,24186.6348
3689,24199.2784
3690,24205.7924
3691,24218.4160
3692,24229.5444
3693,24244.2482
3694,24255.6713
3695,24264.4949
3696,24273.5891
3697,24283.5679
3698,24291.1465
3699,24304.7566
3700,24313.0131
3701,24325.3648
3702,24342.8533
3703,24358.7651
3704,24372.7410
3705,24385.0091
3706,24399.9443
3707,24415.3607
3708,24424.2666
3709,24436.6205
3710,24445.5144
3711,24460.0580
3712,24474.8514
3713,24485.2340
3714,24495.8622
3715,24504.9853
3716,24516.7420
3717,24531.5421
3718,24546.0579
3719,24553.8580
3720,24562.7301
3721,24572.2766
3722,24581.4393
3723,24592.8950
3724,24609.5684
3725,24618.7005
3726,24628.7732
3727,24637.1226
3728,24650.8062
3729,24660.8267
3730,24670.0149
3731,24679.3618
3732,24691.6087
3733,24700.0365
3734,24714.0749
3735,24731.6849
3736,24753.7608
3737,24762.9266
3738,24770.8671
3739,24785.8191
3740,24793.1502
3741,24804.2817
3742,24811.1477
3743,24818.8140
3744,24832.0618
3745,24841.4056
3746,24850.1785
3747,24863.5967
3748,24876.1740
3749,24888.0477
3750,24903.4343
3751,24917.6459
3752,24933.5990
3753,24949.4553
3754,24965.3788
3755,24979.6305
3756,24993.3062
3757,25010.0212
3758,25021.8410
3759,25032.8155
3760,25046.0265
3761,25052.6564
3762,25062.1879
3763,25074.7509
3764,25087.9741
3765,25102.4241
3766,25114.0916
3767,25125.9961
3768,25134.8073
3769,25144.1002
3770,25159.8833
3771,25171.2205
3772,25181.8943
3773,25191.6599
3774,25200.1874
3775,25208.4482
3776,25219.2791
3777,25228.9832
3778,25238.2722
3779,25251.5390
3780,25263.5355
3781,25273.4661
3782,25284.4024
3783,25294.7764
3784,25305.7764
3785,25314.9507
3786,25325.9447
3787,25333.4560
3788,25341.8417
3789,25348.0096
3790,25355.1488
3791,25362.7927
3792,25368.6411
3793,25378.7069
3794,25387.2609
3795,25397.7280
3796,25404.7797
3797,25411.9728
3798,25421.1102
3799,25433.5511
3800,25446.3804
3801,25454.0143
3802,25464.4716
3803,25475.5907
3804,25486.5990
3805,25501.1327
3806,25511.6544
3807,25519.8021
3808,25532.5584
3809,25548.5375
3810,25555.2249
3811,25562.7472
3812,25575.4027
3813,25585.6237
3814,25596.8716
3815,25602.7315
3816,25615.9337
3817,25626.8315
3818,25639.2322
3819,25654.1865
3820,25668.6120
3821,25690.5642
3822,25698.8676
3823,25710.8443
3824,25729.4693
3825,25738.5242
3826,25747.8008
3827,25758.0702
3828,25768.6391
3829,25782.3381
3830,25797.0538
3831,25814.8851
3832,25825.6490
3833,25841.0535
3834,25849.7772
3835,25865.6011
3836,25871.5827
3837,25885.6833
3838,25897.2833
3839,25911.2291
3840,25924.3460
3841,25935.5137
3842,25947.3228
3843,25959.7154
3844,25970.4313
3845,25983.0198
3846,25995.8396
3847,26007.0350
3848,26019.1324
3849,26030.8685
3850,26043.8325
3851,26063.8993
3852,26078.7284
3853,26095.0117
3854,26107.2018
3855,26119.2698
3856,26131.0894
3857,26144.4845
3858,26156.8444
3859,26168.1738
3860,26176.5983
3861,26195.4927
3862,26203.4762
3863,26216.0084
3864,26231.5559
3865,26245.0969
3866,26265.8904
3867,26278.3306
3868,26289.6640
3869,26303.3090
3870,26317.4441
3871,26330.6491
3872,26338.4905
3873,26348.1271
3874,26358.3968
3875,26373.2498
3876,26384.7582
3877,26395.5266
3878,26401.7422
3879,26414.0759
3880,26425.2679
3881,26434.9306
3882,26454.4504
3883,26470.3791
3884,26478.5607
3885,26485.6892
3886,26498.1296
3887,26507.9365
3888,26521.5871
3889,26533.8104
3890,26552.9382
3891,26567.1284
3892,26578.5770
3893,26587.1174
3894,26596.1785
3895,26603.3976
3896,26611.6288
3897,26618.1066
3898,26631.9878
3899,26643.1909
3900,26653.0843
3901,26667.4049
3902,26676.3146
3903,26694.8609
3904,26702.7113
3905,26715.6906
3906,26723.5591
3907,26730.4170
3908,26741.6940
3909,26755.5923
3910,26769.8879
3911,26780.5421
3912,26789.0759
3913,26797.9524
3914,26808.0564
3915,26820.4598
3916,26833.7371
3917,26846.4146
3918,26863.6727
3919,26871.1627
3920,26883.9219
3921,26898.6325
3922,26909.8332
3923,26922.7870
3924,26933.0041
3925,26946.7089
3926,26959.9512
3927,26970.6326
3928,26980.5875
3929,26994.4239
3930,27002.3463
3931,27011.0774
3932,27019.5124
3933,27029.5002
3934,27044.0912
3935,27054.3973
3936,27066.0024
3937,27081.8388
3938,27097.6892
3939,27107.0707
3940,27113.9977
3941,27124.8720
3942,27135.3555
3943,27147.4330
3944,27153.7218
3945,27162.1356
3946,27172.7374
3947,27182.3497
3948,27190.8517
3949,27205.1222
3950,27217.7236
3951,27229.5439
3952,27244.7112
3953,27253.5999
3954,27264.8005
3955,27282.4664
3956,27295.0814
3957,27307.5650
3958,27317.3921
3959,27330.7953
3960,27342.0670
3961,27349.9525
3962,27361.2323
3963,27373.3027
3964,27381.4590
3965,27391.0847
3966,27402.7603
3967,27419.5633
3968,27427.8901
3969,27440.3975
3970,27452.5862
3971,27463.8069
3972,27474.2560
3973,27482.1887
3974,27490.3462
3975,27503.8905
3976,27522.1002
3977,27537.5187
3978,27552.2759
3979,27565.1109
3980,27578.4032
3981,27589.3774
3982,27596.6182
3983,27610.6241
3984,27625.4842
3985,27636.1384
3986,27650.4323
3987,27663.4488
3988,27671.1242
3989,27683.6033
3990,27693.3882
3991,27707.4270
3992,27721.0679
3993,27732.9826
3994,27743.2590
3995,27751.2972
3996,27763.7677
3997,27775.1906
3998,27786.6533
3999,27802.4714
4000,27813.2486
4001,27824.0764
4002,27841.5797
4003,27851.0089
4004,27857.6324
4005,27865.4058
4006,27874.2452
4007,27884.7849
4008,27898.4241
4009,27909.2000
4010,27922.2069
4011,27935.3116
4012,27951.5438
4013,27962.6942
4014,27975.3728
4015,27984.2174
4016,27996.0608
4017,28003.9485
4018,28017.1568
4019,28029.3865
4020,28037.7495
4021,28045.7590
4022,28054.3551
4023,28062.8467
4024,28070.7438
4025,28083.5965
4026,28095.4871
4027,28111.2561
4028,28113.9538
4029,28121.5837
4030,28133.0500
4031,28145.8168
4032,28153.0004
4033,28163.4092
4034,28176.3599
4035,28186.5063
4036,28194.0575
4037,28210.0754
4038,28218.5338
4039,28227.5407
4040,28241.6964
4041,28253.5350
4042,28266.2330
4043,28276.5319
4044,28287.6918
4045,28298.2121
4046,28308.5055
4047,28321.0120
4048,28329.2456
4049,28338.1777
4050,28349.6065
4051,28362.2234
4052,28372.9703
4053,28380.8203
4054,28391.3631
4055,28401.6218
4056,28413.1088
4057,28425.1306
4058,28438.4754
4059,28448.9584
4060,28461.5104
4061,28470.6728
4062,28479.9471
4063,28494.6856
4064,28503.1874
4065,28513.3405
4066,28522.8686
4067,28533.0188
4068,28544.2770
4069,28554.8363
4070,28563.4658
4071,28579.0317
4072,28589.0329
4073,28606.0688
4074,28618.2132
4075,28630.4555
4076,28643.3423
4077,28653.7430
4078,28664.8259
4079,28674.3426
4080,28683.7561
4081,28696.0893
4082,28711.8831
4083,28725.0364
4084,28734.6208
4085,28744.5509
4086,28755.5599
4087,28773.0432
4088,28781.0729
4089,28791.6906
4090,28801.2645
4091,28811.6920
4092,28817.4863
4093,28833.9188
4094,28847.0671
4095,28853.7958
4096,28859.5912
4097,28875.4630
4098,28889.1356
4099,28904.5875
4100,28919.9903
4101,28930.5100
4102,28942.6360
4103,28958.1013
4104,28970.7732
4105,28985.5504
4106,28998.1065
4107,29014.1990
4108,29026.1757
4109,29043.0593
4110,29059.0913
4111,29075.1102
4112,29086.8254
4113,29100.8306
4114,29114.4323
4115,29127.5935
4116,29140.5094
4117,29150.7177
4118,29165.0746
4119,29179.0543
4120,29191.6933
4121,29202.4677
4122,29218.1294
4123,29231.8268
4124,29241.2918
4125,29251.8783
4126,29262.8849
4127,29268.7533
4128,29279.8481
4129,29288.3224
4130,29299.3205
4131,29305.2261
4132,29312.6094
4133,29320.6527
4134,29329.8261
4135,29337.1303
4136,29344.2528
4137,29353.1110
4138,29361.1236
4139,29370.4076
4140,29390.5034
4141,29401.6280
4142,29414.6757
4143,29421.9315
4144,29432.2133
4145,29442.2154
4146,29454.7048
4147,29468.6265
4148,29481.8478
4149,29497.6571
4150,29510.4535
4151,29521.4949
4152,29531.8115
4153,29545.8744
4154,29559.5949
4155,29572.2802
4156,29582.6819
4157,29595.2125
4158,29605.1662
4159,29613.9910
4160,29625.3622
4161,29640.8951
4162,29649.9302
4163,29660.6264
4164,29672.0846
4165,29683.0812
4166,29696.1048
4167,29706.7239
4168,29719.0568
4169,29736.1341
4170,29747.9801
4171,29760.4978
4172,29770.7253
4173,29783.7725
4174,29797.2546
4175,29807.2882
4176,29822.3107
4177,29838.2683
4178,29845.9094
4179,29858.7663
4180,29869.7615
4181,29882.0364
4182,29896.0304
4183,29908.3200
4184,29923.1756
4185,29936.6422
4186,29951.5061
4187,29963.5065
4188,29977.8917
4189,29982.2111
4190,29990.3185
4191,29998.8956
4192,30010.8955
4193,30020.6575
4194,30030.4315
4195,30043.2491
4196,30050.6005
4197,30061.9628
4198,30074.1954
4199,30086.8311
4200,30099.4248
4201,30110.0645
4202,30120.7125
4203,30134.3966
4204,30146.9998
4205,30159.0967
4206,30165.9820
4207,30172.1089
4208,30179.4977
4209,30185.7040
4210,30193.4752
4211,30208.8039
4212,30220.7017
4213,30232.1625
4214,30242.8088
4215,30252.9151
4216,30261.9584
4217,30269.4709
4218,30282.1302
4219,30290.3781
4220,30300.6513
4221,30309.3381
4222,30318.2316
4223,30326.8888
4224,30335.2315
4225,30347.0097
4226,30354.0113
4227,30363.9424
4228,30370.9855
4229,30384.3074
4230,30393.8675
4231,30404.5763
4232,30410.9440
4233,30419.4193
4234,30430.9864
4235,30439.3182
4236,30448.3566
4237,30459.5537
4238,30471.2737
4239,30478.6766
4240,30486.7780
4241,30513.1238
4242,30519.5036
4243,30527.7944
4244,30534.5869
4245,30543.5984
4246,30551.1203
4247,30559.1679
4248,30567.2696
4249,30579.2873
4250,30591.6338
4251,30602.7710
4252,30612.8569
4253,30625.7265
4254,30641.6121
4255,30655.5350
4256,30667.1841
4257,30677.2299
4258,30691.1023
4259,30714.0434
4260,30722.3864
4261,30731.4544
4262,30740.9191
4263,30751.5337
4264,30772.4478
4265,30784.8828
4266,30796.4029
4267,30808.0237
4268,30822.7835
4269,30833.9300
4270,30844.8429
4271,30853.4029
4272,30864.0389
4273,30875.2899
4274,30885.2446
4275,30898.7513
4276,30912.0333
4277,30923.9454
4278,30939.4391
4279,30957.0019
4280,30965.7388
4281,30975.2595
4282,30983.2687
4283,30994.4410
4284,31009.9547
4285,31017.8990
4286,31030.8554
4287,31039.3956
4288,31054.0335
4289,31067.6041
4290,31082.8581
4291,31095.8624
4292,31106.4484
4293,31117.4657
4294,31130.4131
4295,31139.6203
4296,31151.1714
4297,31160.1589
4298,31167.9378
4299,31176.5606
4300,31186.8553
4301,31200.8340
4302,31224.1442
4303,31237.1976
4304,31247.4313
4305,31253.8087
4306,31266.0811
4307,31274.7831
4308,31282.1233
4309,31290.7438
4310,31297.1921
4311,31305.5267
4312,31316.6754
4313,31332.1755
4314,31346.3271
4315,31358.7909
4316,31371.5265
4317,31382.6923
4318,31394.4998
4319,31404.8047
4320,31415.0343
4321,31426.5199
4322,31439.7655
4323,31456.7180
4324,31469.5232
4325,31476.3083
4326,31496.0654
4327,31502.5492
4328,31513.9120
4329,31521.8136
4330,31531.5559
4331,31546.9477
4332,31556.4964
4333,31564.7666
4334,31573.9610
4335,31586.0143
4336,31599.5944
4337,31611.3303
4338,31626.0445
4339,31653.6560
4340,31663.3162
4341,31671.6535
4342,31680.3706
4343,31689.2591
4344,31696.6171
4345,31703.2924
4346,31713.8927
4347,31726.2688
4348,31743.7015
4349,31750.6111
4350,31767.2017
4351,31780.0720
4352,31793.0882
4353,31801.8534
4354,31829.7727
4355,31839.5793
4356,31850.0125
4357,31863.8394
4358,31878.2413
4359,31892.7586
4360,31911.1793
4361,31924.0890
4362,31937.7401
4363,31950.2344
4364,31962.4803
4365,31973.8531
4366,31987.3855
4367,31999.7890
4368,32012.3680
4369,32030.6640
4370,32039.3975
4371,32053.9649
4372,32067.3795
4373,32083.2951
4374,32095.1726
4375,32109.8287
4376,32119.9768
4377,32130.3289
4378,32140.9078
4379,32152.8716
4380,32162.7526
4381,32177.8152
4382,32191.1180
4383,32201.9613
4384,32215.9984
4385,32227.9162
4386,32244.5080
4387,32252.3942
4388,32263.7744
4389,32273.1969
4390,32281.3163
4391,32290.1201
4392,32300.0178
4393,32309.8035
4394,32319.2322
4395,32326.9322
4396,32335.4969
4397,32343.8950
4398,32351.0976
4399,32362.5069
4400,32371.0904
4401,32382.7238
4402,32390.0828
4403,32396.4617
4404,32402.8797
4405,32409.7338
4406,32416.9681
4407,32423.4111
4408,32431.1743
4409,32439.7931
4410,32445.5185
4411,32455.9281
4412,32467.9453
4413,32479.1498
4414,32490.8237
4415,32503.1402
4416,32515.2941
4417,32527.3309
4418,32537.0858
4419,32548.0351
4420,32561.9576
4421,32571.4011
4422,32581.8918
4423,32593.9560
4424,32610.5967
4425,32620.4562
4426,32631.5057
4427,32642.3564
4428,32651.2463
4429,32661.8645
4430,32674.2952
4431,32684.8149
4432,32699.0407
4433,32710.6016
4434,32719.3527
4435,32736.1016
4436,32747.9525
4437,32763.0470
4438,32774.9166
4439,32795.1636
4440,32804.7786
4441,32817.9383
4442,32836.5352
4443,32849.5507
4444,32866.5278
4445,32877.4877
4446,32884.1767
4447,32895.2811
4448,32911.2163
4449,32923.3878
4450,32932.3969
4451,32942.6587
4452,32954.2358
4453,32967.5138
4454,32979.7041
4455,32992.5866
4456,33004.9074
4457,33015.5807
4458,33026.7887
4459,33048.3129
4460,33057.1125
4461,33069.8469
4462,33080.5311
4463,33091.6028
4464,33104.4321
4465,33124.3265
4466,33141.5818
4467,33157.8422
4468,33170.8703
4469,33183.4252
4470,33196.9097
4471,33208.4124
4472,33218.2553
4473,33227.0811
4474,33244.5810
4475,33254.8993
4476,33267.3042
4477,33277.8280
4478,33288.4946
4479,33296.9825
4480,33306.7915
4481,33319.5763
4482,33328.5241
4483,33338.3574
4484,33347.5091
4485,33355.4838
4486,33366.4434
4487,33374.2695
4488,33390.5971
4489,33403.2192
4490,33412.4250
4491,33420.1245
4492,33428.2291
4493,33439.0190
4494,33448.9141
4495,33460.5868
4496,33470.2055
4497,33481.6239
4498,33494.9889
4499,33522.2054
4500,33530.7028
4501,33539.8571
4502,33548.2509
4503,33561.4851
4504,33567.8098
4505,33575.5088
4506,33582.1471
4507,33593.7817
4508,33601.5840
4509,33613.1327
4510,33625.4811
4511,33639.3461
4512,33651.1776
4513,33667.7692
4514,33679.1561
4515,33693.3029
4516,33710.9056
4517,33721.6203
4518,33732.0406
4519,33747.9863
4520,33753.5291
4521,33763.9811
4522,33783.5183
4523,33792.7341
4524,33803.9768
4525,33815.5942
4526,33832.4003
4527,33839.5672
4528,33848.3202
4529,33856.4229
4530,33865.2449
4531,33877.9035
4532,33889.2410
4533,33899.8017
4534,33913.8641
4535,33925.8990
4536,33943.0969
4537,33951.0908
4538,33961.9954
4539,33977.2272
4540,33990.7920
4541,33999.5353
4542,34014.5578
4543,34031.1818
4544,34039.8071
4545,34051.0089
4546,34061.9302
4547,34079.6270
4548,34085.6533
4549,34099.9660
4550,34109.6652
4551,34125.5748
4552,34134.7258
4553,34149.8897
4554,34156.1961
4555,34164.3813
4556,34174.8016
4557,34182.8547
4558,34195.4000
4559,34203.8319
4560,34215.2262
4561,34225.0719
4562,34233.6285
4563,34245.5356
4564,34258.0566
4565,34268.1575
4566,34278.5475
4567,34294.2183
4568,34310.9190
4569,34320.5004
4570,34332.8087
4571,34343.4610
4572,34350.9870
4573,34361.0942
4574,34369.7150
4575,34379.8954
4576,34387.9511
4577,34409.4758
4578,34418.7644
4579,34431.0689
4580,34441.9339
4581,34452.8816
4582,34466.8140
4583,34479.8229
4584,34489.0070
4585,34497.7200
4586,34507.6394
4587,34519.6149
4588,34533.0610
4589,34544.1575
4590,34581.5275
4591,34592.0675
4592,34601.6974
4593,34609.4379
4594,34623.4882
4595,34633.0750
4596,34644.7744
4597,34656.2967
4598,34672.7836
4599,34687.5877
4600,34701.7381
4601,34719.7487
4602,34731.0805
4603,34741.0769
4604,34752.0504
4605,34764.3452
4606,34777.8060
4607,34791.0984
4608,34804.0390
4609,34814.5456
4610,34824.2779
4611,34833.1738
4612,34846.7724
4613,34855.1099
4614,34862.9346
4615,34874.1071
4616,34884.6250
4617,34892.9980
4618,34905.3497
4619,34918.4568
4620,34930.0194
4621,34942.6913
4622,34950.7384
4623,34960.1276
4624,34969.2614
4625,34981.2355
4626,34991.6818
4627,35004.1313
4628,35021.8780
4629,35031.6141
4630,35044.7905
4631,35059.5405
4632,35069.8254
4633,35082.3805
4634,35093.1275
4635,35101.7625
4636,35112.7710
4637,35125.4086
4638,35137.7585
4639,35149.7796
4640,35161.4227
4641,35174.3240
4642,35183.8512
4643,35195.9269
4644,35212.1813
4645,35225.9178
4646,35238.1053
4647,35252.3801
4648,35264.6115
4649,35276.8159
4650,35288.8718
4651,35301.3370
4652,35315.7604
4653,35331.0883
4654,35344.2342
4655,35357.6949
4656,35366.1373
4657,35376.4236
4658,35386.4763
4659,35400.4123
4660,35414.6829
4661,35426.1899
4662,35438.1325
4663,35450.1755
4664,35465.6286
4665,35477.4420
4666,35488.9007
4667,35498.4858
4668,35518.4977
4669,35529.2394
4670,35542.0425
4671,35551.6939
4672,35562.5782
4673,35569.1345
4674,35578.8875
4675,35588.1264
4676,35597.9195
4677,35608.0933
4678,35615.1671
4679,35621.8338
4680,35634.6974
4681,35643.3003
4682,35652.9307
4683,35666.0168
4684,35675.3595
4685,35686.5137
4686,35697.0758
4687,35712.1062
4688,35719.6791
4689,35730.5193
4690,35741.5917
4691,35755.1649
4692,35772.2733
4693,35782.3265
4694,35796.5355
4695,35810.6906
4696,35822.3286
4697,35833.1728
4698,35847.3432
4699,35854.8002
4700,35868.9270
4701,35880.8475
4702,35894.9029
4703,35909.1034
4704,35920.6650
4705,35934.7258
4706,35949.7380
4707,35959.4760
4708,35973.5241
4709,35982.9850
4710,35995.8789
4711,36017.7636
4712,36039.1591
4713,36046.7756
4714,36057.2360
4715,36069.9646
4716,36080.9786
4717,36090.1558
4718,36103.8857
4719,36112.4911
4720,36122.4134
4721,36137.0168
4722,36148.6990
4723,36158.1283
4724,36170.9616
4725,36179.4493
4726,36189.0194
4727,36201.7941
4728,36212.1909
4729,36221.6227
4730,36232.4305
4731,36243.0334
4732,36254.3721
4733,36267.9038
4734,36279.8548
4735,36292.5689
4736,36309.6788
4737,36322.8006
4738,36341.8412
4739,36355.0031
4740,36369.1919
4741,36377.0232
4742,36384.9423
4743,36394.9804
4744,36406.2705
4745,36420.6944
4746,36431.7539
4747,36443.5065
4748,36458.2419
4749,36472.4233
4750,36486.0156
4751,36503.1261
4752,36515.1236
4753,36526.2461
4754,36533.4599
4755,36544.4863
4756,36556.7276
4757,36568.3842
4758,36581.9390
4759,36596.6916
4760,36610.9331
4761,36618.0410
4762,36630.9283
4763,36640.4240
4764,36649.0273
4765,36661.1109
4766,36669.6012
4767,36679.1699
4768,36692.0226
4769,36703.9561
4770,36716.9890
4771,36732.0828
4772,36747.2811
4773,36757.9899
4774,36769.4306
4775,36781.7464
4776,36790.0112
4777,36800.5440
4778,36812.1274
4779,36825.9094
4780,36834.6055
4781,36841.3463
4782,36848.5346
4783,36858.0492
4784,36868.3667
4785,36878.6154
4786,36889.4124
4787,36901.0768
4788,36911.2971
4789,36920.8543
4790,36931.7164
4791,36944.8938
4792,36953.8777
4793,36962.7357
4794,36972.0213
4795,36984.1218
4796,36996.7737
4797,37007.1545
4798,37019.0887
4799,37039.0248
4800,37047.0152
4801,37058.0175
4802,37067.5669
4803,37077.7590
4804,37084.3582
4805,37098.0546
4806,37108.7108
4807,37115.8483
4808,37129.1461
4809,37139.8578
4810,37153.4026
4811,37166.1777
4812,37178.7932
4813,37187.9649
4814,37199.9543
4815,37213.4767
4816,37224.6025
4817,37237.1633
4818,37248.6842
4819,37268.9049
4820,37283.6797
4821,37292.0287
4822,37308.8446
4823,37318.0962
4824,37335.1438
4825,37348.5656
4826,37358.7019
4827,37366.2071
4828,37373.5983
4829,37380.6977
4830,37389.1835
4831,37401.8881
4832,37410.1155
4833,37424.6678
4834,37442.0681
4835,37454.5984
4836,37468.0183
4837,37479.2895
4838,37492.8069
4839,37501.4877
4840,37509.2359
4841,37517.3202
4842,37525.6109
4843,37534.3642
4844,37545.6240
4845,37553.0436
4846,37561.9047
4847,37570.6666
4848,37582.1915
4849,37589.6049
4850,37598.5358
4851,37608.6969
4852,37618.9761
4853,37631.3729
4854,37640.9094
4855,37650.2903
4856,37659.7021
4857,37671.9189
4858,37683.4648
4859,37695.7178
4860,37707.4623
4861,37715.7495
4862,37722.7085
4863,37736.8195
4864,37747.8068
4865,37756.1922
4866,37766.0465
4867,37776.7284
4868,37787.8976
4869,37798.3506
4870,37813.1244
4871,37823.2012
4872,37842.1075
4873,37851.8507
4874,37862.8933
4875,37876.2393
4876,37885.2520
4877,37896.4410
4878,37916.0023
4879,37926.6868
4880,37947.1207
4881,37958.2436
4882,37970.8307
4883,37985.3244
4884,37997.9477
4885,38008.9536
4886,38025.3286
4887,38037.4379
4888,38051.8410
4889,38070.0183
4890,38085.9609
4891,38098.5429
4892,38107.3351
4893,38116.5948
4894,38127.3026
4895,38142.3054
4896,38154.8333
4897,38168.0560
4898,38179.3697
4899,38190.5143
4900,38200.1824
4901,38210.6550
4902,38222.1224
4903,38229.8436
4904,38240.7804
4905,38252.0862
4906,38263.4065
4907,38273.1667
4908,38286.7157
4909,38296.6325
4910,38311.4662
4911,38322.8500
4912,38332.6707
4913,38341.7435
4914,38354.4068
4915,38368.3090
4916,38380.9674
4917,38396.4727
4918,38407.0578
4919,38418.2453
4920,38432.3568
4921,38442.4496
4922,38450.1562
4923,38461.9291
4924,38475.5316
4925,38487.0813
4926,38498.1256
4927,38512.7242
4928,38524.1113
4929,38536.1001
4930,38547.4696
4931,38558.7060
4932,38571.5849
4933,38579.1523
4934,38594.9950
4935,38603.9772
4936,38617.0223
4937,38623.5933
4938,38631.9501
4939,38641.1216
4940,38651.2182
4941,38661.1519
4942,38669.0650
4943,38678.5109
4944,38688.3566
4945,38700.4368
4946,38711.4279
4947,38718.9078
4948,38726.8503
4949,38737.2797
4950,38759.2332
4951,38767.1192
4952,38778.8794
4953,38790.0398
4954,38804.8265
4955,38819.1290
4956,38831.6939
4957,38852.6893
4958,38862.5038
4959,38870.4245
4960,38878.5350
4961,38888.4146
4962,38900.6424
4963,38913.5766
4964,38923.0065
4965,38932.5058
4966,38947.6175
4967,38960.7098
4968,38973.2485
4969,38983.9706
4970,38998.4488
4971,39009.3379
4972,39021.5056
4973,39035.9108
4974,39046.0844
4975,39058.1136
4976,39073.8423
4977,39090.0974
4978,39097.7826
4979,39107.6229
4980,39118.8707
4981,39129.2558
4982,39143.3108
4983,39153.2688
4984,39163.9109
4985,39173.1572
4986,39187.7747
4987,39195.2903
4988,39207.4642
4989,39217.5674
4990,39231.4680
4991,39247.2246
4992,39260.0508
4993,39280.7965
4994,39293.8437
4995,39308.9001
4996,39328.0361
4997,39344.5408
4998,39361.3896
4999,39376.6572
5000,39391.6512
5001,39405.1361
5002,39420.9828
5003,39429.8890
5004,39442.7309
5005,39451.4477
5006,39461.9939
5007,39472.2955
5008,39483.7611
5009,39497.7212
5010,39512.2497
5011,39525.7020
5012,39536.0847
5013,39550.9322
5014,39562.8018
5015,39582.1605
5016,39592.3688
5017,39602.4194
5018,39613.6503
5019,39625.6273
5020,39638.9127
5021,39664.3178
5022,39679.1234
5023,39686.4681
5024,39693.9077
5025,39707.1135
5026,39716.8598
5027,39728.4908
5028,39736.9812
5029,39745.3699
5030,39754.2400
5031,39765.9602
5032,39780.8990
5033,39800.5073
5034,39810.2973
5035,39818.0242
5036,39830.5721
5037,39846.6451
5038,39863.0936
5039,39877.2023
5040,39889.8876
5041,39901.0530
5042,39916.3139
5043,39927.1019
5044,39937.1684
5045,39947.0007
5046,39957.6147
5047,39967.2978
5048,39989.3720
5049,40005.8444
5050,40027.5867
5051,40036.2377
5052,40047.1289
5053,40054.6093
5054,40065.4297
5055,40074.3616
5056,40084.9466
5057,40095.5842
5058,40106.9114
5059,40115.7293
5060,40123.5435
5061,40130.6422
5062,40142.2594
5063,40157.1088
5064,40163.5132
5065,40174.5222
5066,40185.0028
5067,40193.1946
5068,40203.6479
5069,40218.7831
5070,40231.0693
5071,40248.8086
5072,40259.9623
5073,40269.6967
5074,40281.7683
5075,40295.2120
5076,40304.9095
5077,40320.2667
5078,40328.3169
5079,40336.4248
5080,40343.4634
5081,40354.2645
5082,40365.5455
5083,40380.4882
5084,40390.1362
5085,40404.2978
5086,40418.9475
5087,40429.7695
5088,40442.5819
5089,40455.6973
5090,40483.7723
5091,40493.6597
5092,40500.9627
5093,40511.2648
5094,40517.5219
5095,40527.4990
5096,40534.0712
5097,40542.9718
5098,40550.0307
5099,40555.9490
5100,40564.1749
5101,40571.6078
5102,40584.0945
5103,40594.6863
5104,40603.6601
5105,40609.9553
5106,40619.9157
5107,40630.8413
5108,40641.1073
5109,40651.7620
5110,40658.4141
5111,40668.4418
5112,40680.3901
5113,40687.7499
5114,40700.4001
5115,40707.3219
5116,40716.8512
5117,40724.8139
5118,40734.1974
5119,40741.9171
5120,40749.7282
5121,40759.1281
5122,40769.9573
5123,40779.7999
5124,40791.2626
5125,40798.5234
5126,40809.1934
5127,40820.9367
5128,40835.2382
5129,40852.1173
5130,40860.0960
5131,40876.9982
5132,40886.6744
5133,40900.5342
5134,40910.5251
5135,40921.9279
5136,40937.8746
5137,40950.9428
5138,40962.8129
5139,40972.6157
5140,40986.1407
5141,40998.7094
5142,41012.1343
5143,41025.5136
5144,41040.3593
5145,41048.5442
5146,41058.8529
5147,41071.7714
5148,41085.7880
5149,41098.3527
5150,41109.9799
5151,41116.0352
5152,41123.9209
5153,41137.0132
5154,41151.0048
5155,41165.6060
5156,41180.8281
5157,41195.4248
5158,41207.6278
5159,41220.2828
5160,41235.9190
5161,41249.8333
5162,41263.0575
5163,41277.5977
5164,41288.4061
5165,41300.7865
5166,41307.3800
5167,41316.6511
5168,41329.2451
5169,41338.9144
5170,41347.8765
5171,41364.0423
5172,41371.8755
5173,41383.0938
5174,41396.7593
5175,41410.9018
5176,41427.9337
5177,41442.3287
5178,41450.4275
5179,41503.7036
5180,41514.0374
5181,41519.8863
5182,41525.8038
5183,41535.3582
5184,41543.2930
5185,41556.1719
5186,41578.5270
5187,41588.2549
5188,41600.0140
5189,41611.6397
5190,41626.6448
5191,41639.8494
5192,41652.3550
5193,41676.3260
5194,41687.3233
5195,41695.9815
5196,41706.0061
5197,41722.9874
5198,41729.9793
5199,41741.1354
5200,41747.8175
5201,41761.8933
5202,41776.8028
5203,41788.5544
5204,41802.7804
5205,41815.2571
5206,41831.1296
5207,41848.8307
5208,41860.5509
5209,41868.9895
5210,41881.1929
5211,41890.3635
5212,41900.0978
5213,41908.3557
5214,41923.5811
5215,41941.0326
5216,41953.0029
5217,41961.3957
5218,41970.4239
5219,41980.5589
5220,41990.4764
5221,41999.3730
5222,42009.3181
5223,42018.8701
5224,42030.4034
5225,42040.1063
5226,42055.9404
5227,42069.1345
5228,42079.5896
5229,42092.4261
5230,42104.3999
5231,42114.9087
5232,42124.0542
5233,42136.6746
5234,42149.9031
5235,42160.2924
5236,42170.2287
5237,42182.3468
5238,42193.6216
5239,42204.5786
5240,42216.7106
5241,42232.2440
5242,42243.2930
5243,42255.1250
5244,42265.9948
5245,42276.9551
5246,42288.8525
5247,42301.4059
5248,42312.0475
5249,42324.0509
5250,42335.3999
5251,42348.5498
5252,42359.0417
5253,42372.0734
5254,42383.6555
5255,42399.2667
5256,42411.3100
5257,42423.9652
5258,42434.9279
5259,42446.3532
5260,42458.3280
5261,42470.5932
5262,42482.7051
5263,42499.2216
5264,42531.7667
5265,42546.7622
5266,42557.3401
5267,42566.2677
5268,42574.7721
5269,42581.0418
5270,42587.5988
5271,42595.2234
5272,42606.0665
5273,42617.0144
5274,42631.1922
5275,42643.8773
5276,42654.9261
5277,42666.2455
5278,42679.8840
5279,42691.2880
5280,42703.9244
5281,42715.7309
5282,42722.9691
5283,42734.4069
5284,42743.7427
5285,42759.8109
5286,42784.0061
5287,42795.7597
5288,42803.4210
5289,42812.7089
5290,42826.4542
5291,42842.5350
5292,42851.8989
5293,42863.3120
5294,42876.3227
5295,42888.1218
5296,42903.8961
5297,42917.4213
5298,42932.7309
5299,42946.7413
5300,42958.3268
5301,42966.4698
5302,42983.0699
5303,42995.7523
5304,43008.3950
5305,43021.1859
5306,43033.6788
5307,43046.6278
5308,43057.6081
5309,43068.2259
5310,43084.7661
5311,43098.9511
5312,43112.6120
5313,43127.6157
5314,43140.2543
5315,43155.7286
5316,43166.6484
5317,43180.4273
5318,43192.1220
5319,43203.2454
5320,43215.5817
5321,43227.9065
5322,43238.6224
5323,43248.8086
5324,43263.0601
5325,43279.2366
5326,43287.6365
5327,43300.2129
5328,43311.0280
5329,43323.7944
5330,43344.6014
5331,43361.5332
5332,43372.2162
5333,43382.1185
5334,43389.1988
5335,43399.0576
5336,43409.9550
5337,43418.8778
5338,43431.0973
5339,43447.4392
5340,43457.3543
5341,43466.8946
5342,43478.3792
5343,43487.5913
5344,43499.7826
5345,43512.2793
5346,43523.9046
5347,43534.1392
5348,43544.2169
5349,43556.0925
5350,43567.6596
5351,43576.6380
5352,43585.4225
5353,43593.3337
5354,43601.0473
5355,43608.9530
5356,43616.4324
5357,43624.3329
5358,43632.0379
5359,43641.6080
5360,43650.5024
5361,43659.0242
5362,43667.7172
5363,43676.4951
5364,43686.9950
5365,43698.2172
5366,43704.2446
5367,43712.6145
5368,43724.1652
5369,43737.6304
5370,43749.7942
5371,43763.6905
5372,43778.6815
5373,43785.7966
5374,43798.3682
5375,43811.9137
5376,43825.2950
5377,43835.3922
5378,43845.3319
5379,43859.7052
5380,43872.0071
5381,43885.4575
5382,43902.2918
5383,43913.8947
5384,43924.9456
5385,43938.1914
5386,43951.3435
5387,43963.0439
5388,43976.0206
5389,43989.9089
5390,44004.3373
5391,44014.6580
5392,44026.4163
5393,44031.8756
5394,44038.8250
5395,44048.3983
5396,44056.5605
5397,44063.5982
5398,44073.2582
5399,44082.9880
5400,44091.0854
5401,44098.0971
5402,44107.2681
5403,44113.8804
5404,44124.8355
5405,44136.0707
5406,44147.1746
5407,44162.0364
5408,44173.3038
5409,44186.0106
5410,44197.7568
5411,44210.6719
5412,44224.3381
5413,44241.0426
5414,44259.6343
5415,44269.8827
5416,44282.5584
5417,44299.2537
5418,44311.4498
5419,44320.5063
5420,44333.5712
5421,44343.0161
5422,44351.3567
5423,44360.2734
5424,44367.5668
5425,44376.7798
5426,44385.4411
5427,44397.3053
5428,44405.3743
5429,44418.8855
5430,44434.5949
5431,44446.6648
5432,44451.8547
5433,44462.4887
5434,44473.6583
5435,44481.3321
5436,44490.5984
5437,44502.9945
5438,44516.1977
5439,44523.2816
5440,44531.2445
5441,44540.3378
5442,44550.6792
5443,44559.4492
5444,44568.4500
5445,44579.3505
5446,44586.6992
5447,44596.5376
5448,44603.4410
5449,44613.4088
5450,44624.8686
5451,44636.9400
5452,44651.1714
5453,44663.0380
5454,44671.0472
5455,44678.8757
5456,44690.1481
5457,44697.1154
5458,44714.6132
5459,44722.9300
5460,44741.2236
5461,44759.1949
5462,44765.8212
5463,44776.4504
5464,44787.5707
5465,44798.7435
5466,44812.7100
5467,44819.7520
5468,44830.7483
5469,44843.0045
5470,44859.4456
5471,44874.7382
5472,44887.0099
5473,44904.7973
5474,44921.5589
5475,44936.2032
5476,44951.9191
5477,44968.3840
5478,44984.4260
5479,45005.0826
5480,45021.5814
5481,45031.2519
5482,45048.7134
5483,45059.3727
5484,45070.0474
5485,45083.3666
5486,45101.5141
5487,45115.3681
5488,45125.4315
5489,45133.1646
5490,45147.5916
5491,45154.9335
5492,45163.0564
5493,45176.8918
5494,45185.3871
5495,45196.7885
5496,45203.1639
5497,45209.5180
5498,45224.5512
5499,45233.8521
5500,45244.1564
5501,45254.3554
5502,45269.9718
5503,45279.3758
5504,45288.1918
5505,45299.4218
5506,45310.8795
5507,45319.6898
5508,45328.0489
5509,45335.9296
5510,45345.6423
5511,45357.8341
5512,45402.0467
5513,45416.1499
5514,45423.6889
5515,45429.3160
5516,45437.6521
5517,45448.5264
5518,45465.3103
5519,45476.1491
5520,45485.2636
5521,45493.8545
5522,45501.9305
5523,45515.3363
5524,45531.8077
5525,45540.8227
5526,45554.1046
5527,45564.8034
5528,45576.4170
5529,45587.2397
5530,45599.9744
5531,45612.5710
5532,45623.4834
5533,45631.7821
5534,45639.6677
5535,45647.7215
5536,45659.4262
5537,45667.2966
5538,45678.2908
5539,45695.6556
5540,45800.7638
5541,45809.5431
5542,45817.0645
5543,45829.1748
5544,45838.5260
5545,45848.4218
5546,45860.9383
5547,45873.7156
5548,45889.6575
5549,45904.4847
5550,45919.0872
5551,45930.9251
5552,45942.7040
5553,45955.5640
5554,45974.8590
5555,45985.8677
5556,45995.9199
5557,46010.3040
5558,46019.9077
5559,46030.6551
5560,46044.0981
5561,46057.6277
5562,46069.4120
5563,46084.4374
5564,46100.0648
5565,46110.5945
5566,46124.7325
5567,46132.6890
5568,46143.7788
5569,46155.9856
5570,46168.2801
5571,46177.6302
5572,46185.8633
5573,46197.8664
5574,46209.4951
5575,46217.0932
5576,46226.5317
5577,46238.5800
5578,46247.1850
5579,46255.2831
5580,46264.8900
5581,46277.5807
5582,46292.7477
5583,46309.2306
5584,46321.5444
5585,46336.6523
5586,46348.2676
5587,46362.4368
5588,46374.2614
5589,46387.3227
5590,46396.4887
5591,46408.5560
5592,46417.2907
5593,46432.5566
5594,46441.9909
5595,46450.7864
5596,46459.1608
5597,46476.0642
5598,46490.3040
5599,46503.6907
5600,46519.4972
5601,46532.0704
5602,46544.0955
5603,46552.8884
5604,46560.5674
5605,46567.1349
5606,46579.3753
5607,46589.1523
5608,46603.8246
5609,46615.6249
5610,46628.7756
5611,46644.6614
5612,46654.2857
5613,46662.1680
5614,46674.4659
5615,46683.5775
5616,46694.7212
5617,46698.4258
5618,46711.6275
5619,46720.6385
5620,46742.9779
5621,46752.2302
5622,46762.8858
5623,46776.6161
5624,46787.0297
5625,46799.6421
5626,46812.5503
5627,46825.2234
5628,46837.5432
5629,46852.1273
5630,46861.9785
5631,46871.6595
5632,46879.8199
5633,46889.4517
5634,46904.1934
5635,46916.4424
5636,46929.8997
5637,46942.3013
5638,46955.9472
5639,46966.3301
5640,46978.5373
5641,46987.9091
5642,47005.8320
5643,47021.3280
5644,47038.9287
5645,47053.2680
5646,47066.9985
5647,47083.9908
5648,47098.2301
5649,47110.1532
5650,47120.4488
5651,47143.5890
5652,47151.7074
5653,47163.6171
5654,47175.6887
5655,47183.5625
5656,47193.3501
5657,47202.9157
5658,47212.5893
5659,47222.0888
5660,47229.2440
5661,47237.5059
5662,47246.6874
5663,47254.3051
5664,47265.5072
5665,47276.1805
5666,47285.6321
5667,47295.1920
5668,47307.8933
5669,47326.6506
5670,47339.6659
5671,47356.1780
5672,47369.0999
5673,47384.6729
5674,47400.6972
5675,47419.8990
5676,47431.0274
5677,47449.9087
5678,47461.8461
5679,47484.6275
5680,47496.2347
5681,47505.3673
5682,47518.2219
5683,47534.5759
5684,47546.4134
5685,47555.3329
5686,47566.8199
5687,47579.6928
5688,47595.3071
5689,47607.1112
5690,47620.1417
5691,47636.4632
5692,47648.7489
5693,47662.0505
5694,47680.7566
5695,47690.1803
5696,47697.6309
5697,47705.9782
5698,47719.5008
5699,47732.3456
5700,47754.4460
5701,47767.2837
5702,47779.2192
5703,47795.1128
5704,47808.5256
5705,47816.0007
5706,47825.1729
5707,47837.1696
5708,47851.1472
5709,47866.3807
5710,47879.2756
5711,47896.4930
5712,47911.1445
5713,47921.7925
5714,47938.9474
5715,47956.6514
5716,47971.0350
5717,47982.8775
5718,47998.7130
5719,48014.7755
5720,48033.7946
5721,48046.1669
5722,48060.2276
5723,48069.3069
5724,48082.1235
5725,48094.0356
5726,48100.8198
5727,48111.9273
5728,48119.6311
5729,48136.6858
5730,48148.6895
5731,48160.1610
5732,48170.8643
5733,48183.0833
5734,48194.8876
5735,48204.7634
5736,48214.8287
5737,48223.8281
5738,48236.0156
5739,48249.7411
5740,48262.6774
5741,48275.6810
5742,48285.2738
5743,48298.0936
5744,48312.2120
5745,48318.8608
5746,48329.7167
5747,48336.5698
5748,48353.2605
5749,48363.0586
5750,48376.9145
5751,48386.1921
5752,48398.0010
5753,48410.0158
5754,48419.8949
5755,48432.0965
5756,48447.0551
5757,48459.9471
5758,48472.1849
5759,48480.9620
5760,48491.8127
5761,48505.5063
5762,48519.8517
5763,48530.2224
5764,48546.2008
5765,48554.7955
5766,48567.2812
5767,48578.9492
5768,48586.9882
5769,48595.7475
5770,48605.6528
5771,48621.3646
5772,48634.7921
5773,48648.0281
5774,48658.2041
5775,48668.8533
5776,48686.7230
5777,48696.4338
5778,48706.0513
5779,48717.7649
5780,48732.6479
5781,48745.7423
5782,48758.0304
5783,48770.1905
5784,48780.7269
5785,48793.3044
5786,48804.4345
5787,48815.9177
5788,48825.0828
5789,48836.9677
5790,48853.2870
5791,48867.5709
5792,48875.5715
5793,48884.4790
5794,48900.9006
5795,48914.5284
5796,48925.1299
5797,48936.0902
5798,48950.8352
5799,48962.4758
5800,48971.1347
5801,48982.1756
5802,48995.9736
5803,49006.7024
5804,49018.1055
5805,49031.6527
5806,49042.5663
5807,49057.2860
5808,49066.9551
5809,49077.3659
5810,49088.1765
5811,49101.2602
5812,49115.8931
5813,49124.7621
5814,49137.6386
5815,49151.5634
5816,49167.9642
5817,49183.5284
5818,49187.1605
5819,49200.5427
5820,49212.4360
5821,49224.2398
5822,49237.2832
5823,49251.0056
5824,49262.7232
5825,49274.1835
5826,49284.3132
5827,49304.6653
5828,49315.1553
5829,49326.4413
5830,49334.5354
5831,49344.9478
5832,49354.9788
5833,49369.8702
5834,49380.7526
5835,49389.5316
5836,49398.8545
5837,49406.0810
5838,49417.8166
5839,49426.3709
5840,49437.5291
5841,49451.9897
5842,49461.7028
5843,49469.3108
5844,49475.5054
5845,49482.5296
5846,49491.4553
5847,49503.1514
5848,49515.7688
5849,49525.6681
5850,49535.0256
5851,49544.5590
5852,49555.7098
5853,49568.9514
5854,49579.3388
5855,49589.8070
5856,49599.6423
5857,49610.0230
5858,49621.8996
5859,49633.0345
5860,49647.2809
5861,49663.8601
5862,49672.2257
5863,49684.7730
5864,49694.9284
5865,49705.7323
5866,49719.1641
5867,49728.5600
5868,49740.4065
5869,49749.2559
5870,49764.7548
5871,49774.8260
5872,49781.9600
5873,49797.0521
5874,49806.5393
5875,49818.1775
5876,49831.2953
5877,49843.2972
5878,49852.2677
5879,49866.6441
5880,49878.6795
5881,49894.2738
5882,49904.8474
5883,49918.7286
5884,49933.2612
5885,49941.3340
5886,49955.2426
5887,49968.6055
5888,49982.6260
5889,49991.9639
5890,50005.3260
5891,50017.4150
5892,50029.2528
5893,50039.9113
5894,50052.6853
5895,50062.5846
5896,50073.5462
5897,50086.9262
5898,50098.2423
5899,50109.5147
5900,50133.7645
5901,50143.2447
5902,50151.0556
5903,50161.7799
5904,50170.2569
5905,50180.3851
5906,50190.4089
5907,50202.8253
5908,50214.9229
5909,50223.4809
5910,50231.0450
5911,50242.2040
5912,50262.1915
5913,50277.5383
5914,50287.7767
5915,50300.3592
5916,50310.6956
5917,50318.1987
5918,50329.1965
5919,50343.7364
5920,50359.0555
5921,50370.9381
5922,50383.0922
5923,50395.5588
5924,50403.0709
5925,50411.9484
5926,50420.7277
5927,50429.0044
5928,50437.6059
5929,50447.4814
5930,50456.6114
5931,50464.7493
5932,50472.8124
5933,50481.2982
5934,50493.1347
5935,50505.4381
5936,50519.2797
5937,50534.2307
5938,50541.9283
5939,50552.2480
5940,50566.0374
5941,50579.3018
5942,50588.7442
5943,50598.0852
5944,50616.0080
5945,50629.6628
5946,50645.2549
5947,50656.9963
5948,50668.4349
5949,50680.8126
5950,50694.9444
5951,50702.2908
5952,50708.0936
5953,50716.4893
5954,50724.8974
5955,50735.4589
5956,50748.9803
5957,50761.2889
5958,50773.8864
5959,50789.7415
5960,50797.0753
5961,50807.2727
5962,50821.5513
5963,50836.7140
5964,50849.9198
5965,50862.8390
5966,50876.3549
5967,50885.5209
5968,50895.2780
5969,50907.8245
5970,50921.1023
5971,50931.0074
5972,50941.6461
5973,50952.2953
5974,50963.8982
5975,50980.2265
5976,50992.9936
5977,51003.3765
5978,51018.4102
5979,51032.2616
5980,51047.3161
5981,51060.9357
5982,51075.6996
5983,51082.3987
5984,51090.7845
5985,51099.6172
5986,51111.5465
5987,51121.3803
5988,51129.1070
5989,51138.8710
5990,51147.7134
5991,51159.7106
5992,51168.4334
5993,51180.1319
5994,51190.3026
5995,51198.5478
5996,51211.0577
5997,51220.6724
5998,51231.0271
5999,51239.4366
6000,51253.8214
6001,51262.6472
6002,51277.4827
6003,51284.4481
6004,51296.9675
6005,51306.3207
6006,51315.1932
6007,51323.3309
6008,51332.0849
6009,51343.1356
6010,51355.1409
6011,51366.6248
6012,51376.3204
6013,51390.7354
6014,51406.5642
6015,51418.0830
6016,51433.1207
6017,51442.8291
6018,51452.5175
6019,51465.8370
6020,51481.5505
6021,51496.7253
6022,51507.1924
6023,51519.3419
6024,51540.6454
6025,51564.4331
6026,51578.3103
6027,51586.7279
6028,51597.9795
6029,51607.0654
6030,51618.3684
6031,51631.3696
6032,51643.9803
6033,51658.0400
6034,51674.7751
6035,51684.4938
6036,51697.6388
6037,51705.4729
6038,51718.8749
6039,51730.3777
6040,51744.8699
6041,51758.9395
6042,51771.8496
6043,51785.9578
6044,51799.9337
6045,51813.0291
6046,51822.2184
6047,51835.8483
6048,51849.5965
6049,51861.7587
6050,51871.7043
6051,51882.5047
6052,51893.1510
6053,51903.5714
6054,51911.4287
6055,51922.0471
6056,51936.3365
6057,51946.5466
6058,51956.9225
6059,51971.0891
6060,51985.5638
6061,51997.8805
6062,52008.7302
6063,52019.5575
6064,52030.3757
6065,52042.1405
6066,52053.4658
6067,52066.4420
6068,52074.5459
6069,52092.3345
6070,52106.1704
6071,52115.2749
6072,52121.9022
6073,52130.0943
6074,52139.8151
6075,52146.5316
6076,52160.0866
6077,52171.3128
6078,52184.8617
6079,52198.5092
6080,52207.9787
6081,52220.3526
6082,52243.1905
6083,52250.9239
6084,52263.1917
6085,52275.1780
6086,52282.9716
6087,52294.7781
6088,52304.0111
6089,52317.4121
6090,52330.2200
6091,52344.7080
6092,52361.1777
6093,52372.0896
6094,52388.0997
6095,52399.8420
6096,52411.1667
6097,52429.8184
6098,52443.4712
6099,52452.7960
6100,52468.5559
6101,52477.0744
6102,52487.9816
6103,52498.3575
6104,52507.3173
6105,52521.8093
6106,52532.6140
6107,52538.4760
6108,52546.8247
6109,52553.3304
6110,52559.0920
6111,52565.8412
6112,52575.7833
6113,52582.6356
6114,52594.0406
6115,52602.1986
6116,52609.4704
6117,52618.3200
6118,52626.5407
6119,52637.1725
6120,52648.1812
6121,52658.5305
6122,52671.7572
6123,52755.1041
6124,52767.2234
6125,52774.5967
6126,52787.9670
6127,52801.4638
6128,52813.2226
6129,52821.4753
6130,52832.2783
6131,52838.7928
6132,52848.7253
6133,52859.9060
6134,52866.9353
6135,52877.9528
6136,52891.6674
6137,52898.3290
6138,52904.3796
6139,52913.2018
6140,52921.3061
6141,52933.1491
6142,52947.7277
6143,52960.6299
6144,52972.9276
6145,52984.9136
6146,52997.3707
6147,53010.0322
6148,53027.1411
6149,53043.8356
6150,53055.4132
6151,53068.1760
6152,53083.0071
6153,53091.4714
6154,53102.0296
6155,53116.6198
6156,53130.8861
6157,53143.1353
6158,53154.1739
6159,53163.8143
6160,53183.8396
6161,53193.7957
6162,53203.5322
6163,53212.8005
6164,53228.2043
6165,53236.2339
6166,53249.7919
6167,53264.6706
6168,53277.6785
6169,53293.5581
6170,53303.7095
6171,53317.4584
6172,53331.8138
6173,53341.2466
6174,53353.5984
6175,53364.8098
6176,53375.5078
6177,53386.5986
6178,53399.5922
6179,53411.9060
6180,53418.9358
6181,53428.8857
6182,53443.5880
6183,53456.2216
6184,53467.0575
6185,53478.0891
6186,53487.7787
6187,53496.5031
6188,53509.1565
6189,53520.8521
6190,53534.0621
6191,53547.0545
6192,53557.3416
6193,53566.8130
6194,53575.7213
6195,53583.4341
6196,53596.0376
6197,53604.9855
6198,53616.4565
6199,53622.6754
6200,53631.5007
6201,53640.1453
6202,53648.0305
6203,53656.8966
6204,53664.2730
6205,53674.0174
6206,53681.2584
6207,53690.7089
6208,53696.8312
6209,53706.6102
6210,53720.3615
6211,53734.4205
6212,53746.8035
6213,53759.5558
6214,53777.0026
6215,53785.2397
6216,53796.1686
6217,53806.4506
6218,53813.6029
6219,53825.3734
6220,53833.2789
6221,53840.7631
6222,53848.8467
6223,53857.9581
6224,53871.5775
6225,53880.3530
6226,53890.8179
6227,53899.6274
6228,53909.3289
6229,53917.2552
6230,53928.9382
6231,53937.9032
6232,53948.7059
6233,53958.3161
6234,53970.6798
6235,53985.8286
6236,53999.6271
6237,54012.0990
6238,54024.4875
6239,54035.1026
6240,54048.1894
6241,54059.0584
6242,54067.8189
6243,54079.5224
6244,54088.7156
6245,54097.3442
6246,54106.6372
6247,54112.8395
6248,54120.7542
6249,54135.8075
6250,54148.8693
6251,54167.2022
6252,54179.8468
6253,54193.5139
6254,54210.1462
6255,54216.7928
6256,54230.2232
6257,54236.0427
6258,54244.4479
6259,54252.1498
6260,54259.5503
6261,54267.6575
6262,54282.7682
6263,54293.7729
6264,54301.8453
6265,54316.2284
6266,54329.0491
6267,54340.6346
6268,54358.3212
6269,54366.3495
6270,54382.2916
6271,54390.2507
6272,54399.5149
6273,54410.0575
6274,54426.1324
6275,54435.8513
6276,54443.6255
6277,54454.8290
6278,54468.9603
6279,54485.7574
6280,54497.2129
6281,54505.3995
6282,54519.0840
6283,54553.6132
6284,54564.8286
6285,54575.4793
6286,54591.7580
6287,54602.2520
6288,54612.2766
6289,54623.1265
6290,54634.0764
6291,54654.0103
6292,54668.3681
6293,54675.8244
6294,54686.6965
6295,54700.5765
6296,54716.5930
6297,54729.4691
6298,54741.4622
6299,54751.5874
6300,54764.9643
6301,54780.4098
6302,54796.1788
6303,54811.4667
6304,54821.7444
6305,54831.2333
6306,54837.9116
6307,54850.0397
6308,54859.2329
6309,54869.1580
6310,54881.2225
6311,54895.8364
6312,54911.5136
6313,54925.0064
6314,54933.4419
6315,54945.8613
6316,54960.8448
6317,54970.1278
6318,54983.7053
6319,54992.5814
6320,55000.9422
6321,55012.2769
6322,55022.0277
6323,55033.0658
6324,55042.6929
6325,55054.7483
6326,55069.3660
6327,55082.9515
6328,55100.0187
6329,55109.5622
6330,55118.5706
6331,55129.8752
6332,55136.8611
6333,55145.1652
6334,55162.7204
6335,55170.7776
6336,55179.6737
6337,55186.2803
6338,55193.7397
6339,55202.5733
6340,55214.0009
6341,55224.1533
6342,55237.3519
6343,55246.9301
6344,55259.4812
6345,55271.7311
6346,55287.6246
6347,55296.5341
6348,55310.9145
6349,55323.0047
6350,55336.4122
6351,55343.7071
6352,55356.5664
6353,55366.6909
6354,55374.7783
6355,55386.5020
6356,55400.0583
6357,55412.6546
6358,55422.7200
6359,55433.6333
6360,55450.1958
6361,55457.6697
6362,55472.7590
6363,55481.9620
6364,55496.8808
6365,55508.3947
6366,55521.1504
6367,55528.8532
6368,55538.2993
6369,55549.6278
6370,55561.3363
6371,55570.4794
6372,55583.4796
6373,55593.7936
6374,55601.6290
6375,55608.6404
6376,55630.0700
6377,55648.0575
6378,55664.1550
6379,55675.6239
6380,55683.8861
6381,55694.8097
6382,55709.5151
6383,55719.4433
6384,55730.4597
6385,55740.1981
6386,55747.4012
6387,55757.4384
6388,55765.9538
6389,55776.9670
6390,55787.0011
6391,55797.4253
6392,55815.6822
6393,55825.5701
6394,55836.7226
6395,55843.1141
6396,55891.1464
6397,55900.1603
6398,55906.2636
6399,55914.9251
6400,55921.1726
6401,55929.1782
6402,55936.9397
6403,55946.8558
6404,55955.3709
6405,55969.7845
6406,55978.8539
6407,55995.4376
6408,56007.4306
6409,56019.2752
6410,56032.5165
6411,56045.8071
6412,56055.1224
6413,56064.3890
6414,56075.8700
6415,56087.4593
6416,56095.4101
6417,56104.8293
6418,56114.9130
6419,56122.1733
6420,56133.3358
6421,56143.8780
6422,56155.0682
6423,56166.4472
6424,56178.0190
6425,56189.3878
6426,56199.4767
6427,56209.9950
6428,56220.5641
6429,56232.7328
6430,56242.4793
6431,56253.4788
6432,56263.1087
6433,56272.3200
6434,56281.7566
6435,56291.2276
6436,56302.3431
6437,56317.1964
6438,56330.0550
6439,56338.6540
6440,56350.4040
6441,56360.1680
6442,56367.4958
6443,56376.0777
6444,56387.0671
6445,56398.0310
6446,56409.8196
6447,56419.6272
6448,56434.2682
6449,56443.1055
6450,56455.7502
6451,56467.4416
6452,56480.6108
6453,56494.3564
6454,56503.5608
6455,56516.2823
6456,56535.9111
6457,56546.7944
6458,56554.4775
6459,56565.4151
6460,56575.9969
6461,56590.4398
6462,56601.2409
6463,56615.4048
6464,56625.0947
6465,56633.4648
6466,56645.1101
6467,56655.6623
6468,56669.4524
6469,56676.1687
6470,56687.1750
6471,56698.3566
6472,56704.5076
6473,56713.0427
6474,56723.6042
6475,56732.5287
6476,56744.7236
6477,56754.6968
6478,56765.9554
6479,56777.3392
6480,56788.0898
6481,56798.2831
6482,56811.7824
6483,56819.1221
6484,56829.6983
6485,56838.4597
6486,56847.4095
6487,56857.0344
6488,56868.7682
6489,56878.8886
6490,56888.1586
6491,56899.9383
6492,56914.1750
6493,56928.7367
6494,56946.1920
6495,56961.9889
6496,56972.5325
6497,56983.2721
6498,56999.2695
6499,57010.8931
6500,57019.0794
6501,57038.2130
6502,57046.8376
6503,57055.1412
6504,57070.7896
6505,57080.5726
6506,57091.5380
6507,57101.0649
6508,57113.2212
6509,57129.1988
6510,57137.8162
6511,57147.7630
6512,57157.2707
6513,57173.7003
6514,57184.6261
6515,57192.9076
6516,57201.0159
6517,57210.5761
6518,57218.2844
6519,57231.2641
6520,57243.9353
6521,57255.3797
6522,57267.9665
6523,57278.9984
6524,57288.6720
6525,57299.1662
6526,57312.4995
6527,57331.8629
6528,57342.5505
6529,57353.4117
6530,57366.6112
6531,57380.9488
6532,57393.9135
6533,57412.6496
6534,57420.2571
6535,57434.3495
6536,57445.7688
6537,57453.9022
6538,57471.6568
6539,57479.2616
6540,57488.3244
6541,57497.4558
6542,57510.7985
6543,57522.8391
6544,57533.3743
6545,57543.6537
6546,57556.6044
6547,57567.4736
6548,57582.8760
6549,57591.4578
6550,57597.6076
6551,57604.1260
6552,57614.3372
6553,57625.2561
6554,57634.8281
6555,57650.8965
6556,57673.8994
6557,57685.0944
6558,57697.8779
6559,57709.9624
6560,57719.1956
6561,57731.0309
6562,57746.0814
6563,57758.8627
6564,57770.3488
6565,57785.5563
6566,57801.6093
6567,57812.5069
6568,57823.7648
6569,57834.3501
6570,57843.3733
6571,57859.7260
6572,57870.7347
6573,57882.3807
6574,57894.5811
6575,57906.4126
6576,57918.0920
6577,57929.8205
6578,57937.7794
6579,57949.7967
6580,57962.7647
6581,57974.5059
6582,57982.4049
6583,57997.6158
6584,58010.1922
6585,58024.1449
6586,58034.5693
6587,58045.2757
6588,58055.2092
6589,58068.3649
6590,58079.6571
6591,58089.6730
6592,58097.4164
6593,58112.5777
6594,58122.8049
6595,58133.9972
6596,58145.2796
6597,58164.1097
6598,58182.8804
6599,58197.7274
6600,58204.5844
6601,58215.8637
6602,58229.6813
6603,58239.7065
6604,58252.5578
6605,58269.7628
6606,58278.0433
6607,58288.4676
6608,58301.5492
6609,58316.6683
6610,58324.3632
6611,58336.1373
6612,58352.6883
6613,58366.3187
6614,58375.6104
6615,58383.8990
6616,58394.9130
6617,58402.6339
6618,58414.1955
6619,58423.1901
6620,58431.4797
6621,58442.1268
6622,58449.1494
6623,58457.8218
6624,58472.2569
6625,58483.4778
6626,58498.5147
6627,58512.1422
6628,58526.4192
6629,58542.2657
6630,58554.1360
6631,58571.5685
6632,58580.7650
6633,58588.5293
6634,58597.3105
6635,58606.0166
6636,58618.5546
6637,58633.6882
6638,58648.4065
6639,58663.4626
6640,58675.9679
6641,58685.7421
6642,58699.1429
6643,58711.1268
6644,58747.5712
6645,58758.7912
6646,58767.6992
6647,58775.7301
6648,58790.5815
6649,58801.4257
6650,58813.3881
6651,58826.3016
6652,58841.3708
6653,58855.1171
6654,58869.7200
6655,58880.2402
6656,58887.2652
6657,58893.9452
6658,58906.1148
6659,58915.8273
6660,58928.4449
6661,58932.7064
6662,58942.5702
6663,58953.2652
6664,58964.5495
6665,58972.3282
6666,58982.8310
6667,58998.4612
6668,59006.7246
6669,59015.0959
6670,59026.0916
6671,59033.4225
6672,59043.9312
6673,59049.1149
6674,59057.8637
6675,59071.7118
6676,59082.0141
6677,59097.8186
6678,59107.5616
6679,59122.1600
6680,59134.6631
6681,59145.5495
6682,59154.7017
6683,59167.8662
6684,59177.7997
6685,59189.9865
6686,59202.4953
6687,59219.7511
6688,59227.7563
6689,59240.6087
6690,59252.3711
6691,59266.5081
6692,59281.0454
6693,59289.9485
6694,59298.7289
6695,59310.0162
6696,59320.2174
6697,59335.2528
6698,59342.9408
6699,59351.6235
6700,59361.7821
6701,59375.1383
6702,59387.3951
6703,59395.6571
6704,59402.9167
6705,59420.5129
6706,59434.4201
6707,59449.4441
6708,59459.7876
6709,59469.4889
6710,59478.4524
6711,59495.5652
6712,59510.3352
6713,59527.8852
6714,59539.5489
6715,59550.0851
6716,59562.5639
6717,59574.2726
6718,59585.1972
6719,59597.2242
6720,59608.7728
6721,59620.6758
6722,59635.7694
6723,59645.7474
6724,59656.9939
6725,59668.5393
6726,59679.3768
6727,59708.8335
6728,59718.5140
6729,59730.6120
6730,59745.4228
6731,59760.5741
6732,59775.8286
6733,59783.4020
6734,59802.6319
6735,59811.7037
6736,59820.4412
6737,59834.4681
6738,59845.1216
6739,59855.5989
6740,59863.9791
6741,59876.2689
6742,59889.3692
6743,59901.9573
6744,59915.5252
6745,59925.0669
6746,59937.3021
6747,59945.8969
6748,59957.2423
6749,59969.1415
6750,59980.3312
6751,59993.8874
6752,60004.2400
6753,60020.9811
6754,60039.4297
6755,60049.6726
6756,60061.7013
6757,60072.4392
6758,60088.7682
6759,60102.4194
6760,60114.8574
6761,60127.4769
6762,60139.2369
6763,60150.6057
6764,60163.5184
6765,60179.0557
6766,60196.9497
6767,60210.8159
6768,60224.5464
6769,60241.0748
6770,60252.0123
6771,60268.5447
6772,60280.7527
6773,60296.4456
6774,60312.2933
6775,60320.4756
6776,60329.5808
6777,60344.1939
6778,60352.7021
6779,60362.9012
6780,60374.9182
6781,60390.6076
6782,60400.2204
6783,60410.9395
6784,60420.9156
6785,60433.6064
6786,60449.7952
6787,60460.7193
6788,60468.5562
6789,60480.0434
6790,60487.2739
6791,60494.7078
6792,60505.0886
6793,60518.5645
6794,60531.1832
6795,60544.1709
6796,60561.9080
6797,60568.5046
6798,60582.0003
6799,60595.5806
6800,60608.3086
6801,60620.0459
6802,60644.2156
6803,60654.1278
6804,60667.3508
6805,60685.6847
6806,60700.0618
6807,60715.8525
6808,60732.7058
6809,60761.1616
6810,60771.4567
6811,60782.7652
6812,60794.1918
6813,60810.4019
6814,60821.4242
6815,60831.8081
6816,60839.6213
6817,60851.0349
6818,60860.4999
6819,60870.9080
6820,60881.1777
6821,60891.8226
6822,60901.9053
6823,60914.3662
6824,60924.9709
6825,60937.5954
6826,60949.1446
6827,60965.5643
6828,60976.3284
6829,60991.1616
6830,61006.8707
6831,61023.9131
6832,61035.0728
6833,61046.7734
6834,61055.1550
6835,61064.8258
6836,61075.2294
6837,61087.3728
6838,61099.9641
6839,61112.6838
6840,61127.8837
6841,61136.3811
6842,61148.4025
6843,61159.5891
6844,61171.4985
6845,61183.7232
6846,61193.9812
6847,61202.7392
6848,61214.0932
6849,61225.5921
6850,61237.2961
6851,61247.8890
6852,61262.5005
6853,61273.9136
6854,61283.9854
6855,61291.6992
6856,61300.0681
6857,61308.1827
6858,61325.0983
6859,61337.7874
6860,61350.7733
6861,61363.3957
6862,61370.7967
6863,61384.0768
6864,61396.2293
6865,61411.7141
6866,61425.6942
6867,61433.9817
6868,61449.2021
6869,61454.7839
6870,61470.6700
6871,61483.7546
6872,61493.5200
6873,61506.0046
6874,61519.6896
6875,61532.1841
6876,61553.9143
6877,61559.6011
6878,61566.8757
6879,61578.8596
6880,61590.8556
6881,61600.4579
6882,61611.3489
6883,61620.4693
6884,61637.8009
6885,61653.2674
6886,61660.5103
6887,61671.9139
6888,61684.8619
6889,61701.6833
6890,61713.8445
6891,61728.2836
6892,61735.7731
6893,61746.1121
6894,61757.9887
6895,61769.2256
6896,61776.7174
6897,61783.3519
6898,61791.3570
6899,61798.0180
6900,61804.4086
6901,61814.4267
6902,61822.4852
6903,61835.2957
6904,61847.9183
6905,61863.2631
6906,61872.9291
6907,61887.4130
6908,61904.0816
6909,61920.5050
6910,61937.9408
6911,61950.4516
6912,61958.6697
6913,61967.1679
6914,61978.0025
6915,61989.9125
6916,61998.5528
6917,62010.0086
6918,62020.3748
6919,62034.1375
6920,62054.8117
6921,62070.3635
6922,62091.2945
6923,62104.4366
6924,62118.5718
6925,62131.3524
6926,62146.6556
6927,62154.8679
6928,62167.2287
6929,62183.1694
6930,62196.6612
6931,62221.8747
6932,62235.4069
6933,62248.3683
6934,62260.9246
6935,62279.1219
6936,62295.4750
6937,62312.4056
6938,62319.4883
6939,62331.0764
6940,62342.3946
6941,62351.1927
6942,62363.2779
6943,62372.5288
6944,62384.1898
6945,62398.7463
6946,62412.8721
6947,62427.3114
6948,62437.2277
6949,62450.1674
6950,62464.0749
6951,62476.5346
6952,62485.4140
6953,62498.0526
6954,62507.3740
