id,t_pub_ms
1,1.3266
2,3.4351
3,8.8692
4,11.8461
5,15.7847
6,21.0285
7,26.8366
8,37.3969
9,37.7545
10,41.5714
11,44.6682
12,48.5659
13,51.7397
14,56.9673
15,69.5369
16,80.2021
17,91.5017
18,98.4330
19,101.8460
20,109.2093
21,115.2606
22,121.3889
23,124.6734
24,127.4185
25,131.3646
26,135.2527
27,139.6496
28,143.9214
29,148.5922
30,152.4589
31,157.4798
32,164.0792
33,172.9743
34,183.4478
35,186.9824
36,191.1585
37,196.2032
38,201.7274
39,207.6385
40,212.9023
41,218.7502
42,224.7958
43,230.9861
44,238.1384
45,245.4503
46,252.6093
47,257.1096
48,261.8766
49,269.7043
50,282.0606
51,285.0554
52,291.3370
53,296.3684
54,302.0689
55,308.1162
56,319.0200
57,323.5314
58,328.6095
59,334.5671
60,341.4030
61,348.0763
62,354.6882
63,361.7678
64,371.0105
65,380.6283
66,396.1189
67,402.4594
68,407.7652
69,414.7520
70,420.0194
71,425.5939
72,433.0337
73,437.8557
74,444.5789
75,449.8415
76,458.5440
77,463.1836
78,471.0219
79,476.1982
80,480.8369
81,487.6761
82,495.8403
83,500.7946
84,505.8181
85,510.0279
86,515.9366
87,518.8174
88,522.8171
89,526.7751
90,534.4496
91,540.2687
92,545.8686
93,552.3808
94,557.9813
95,564.7359
96,570.4420
97,575.2826
98,582.4187
99,609.3595
100,612.4191
101,620.5683
102,628.1939
103,639.8902
104,652.1902
105,657.7268
106,659.4756
107,663.4521
108,678.1042
109,694.2582
110,702.8375
111,704.6909
112,705.8179
113,717.8724
114,722.5294
115,729.9380
116,732.3315
117,739.9406
118,744.2698
119,756.6495
120,761.5988
121,763.6638
122,768.1282
123,772.0721
124,777.0951
125,785.3656
126,791.1699
127,796.6907
128,808.3482
129,814.1394
130,820.6873
131,831.5697
132,838.5274
133,847.1234
134,855.9344
135,859.6411
136,865.3269
137,870.9509
138,874.8167
139,882.6082
140,887.2397
141,892.3130
142,896.9033
143,903.1456
144,908.9231
145,913.4037
146,918.1635
147,922.1735
148,926.0514
149,932.3823
150,936.7464
151,940.8455
152,944.8526
153,950.3212
154,954.3047
155,958.5493
156,962.6658
157,967.0930
158,971.5343
159,976.4240
160,981.1680
161,985.6985
162,990.2098
163,1011.7588
164,1023.0155
165,1023.3636
166,1023.6616
167,1029.5520
168,1031.0206
169,1041.1687
170,1043.5114
171,1049.9196
172,1053.6952
173,1056.9439
174,1061.0521
175,1064.9965
176,1068.4280
177,1073.4212
178,1079.8516
179,1086.9677
180,1093.5237
181,1095.6638
182,1101.0728
183,1105.8517
184,1111.7430
185,1119.8857
186,1124.5160
187,1131.6798
188,1139.6611
189,1145.3912
190,1160.9209
191,1164.0298
192,1169.6477
193,1175.1907
194,1177.4325
195,1184.3467
196,1187.7925
197,1190.0458
198,1192.2824
199,1195.3471
200,1200.0875
201,1205.3795
202,1208.2467
203,1213.4416
204,1217.9680
205,1221.6227
206,1225.9834
207,1231.7786
208,1237.8268
209,1244.5409
210,1247.4837
211,1251.7526
212,1257.3981
213,1261.1024
214,1264.9431
215,1270.3209
216,1274.4551
217,1278.0952
218,1282.1746
219,1287.4184
220,1293.7782
221,1299.9279
222,1305.3484
223,1310.5459
224,1320.7619
225,1324.4457
226,1326.1738
227,1332.2887
228,1336.3261
229,1340.6634
230,1344.6257
231,1348.4488
232,1351.4075
233,1356.2250
234,1359.1542
235,1362.8895
236,1367.5437
237,1370.3773
238,1372.7767
239,1376.3285
240,1381.4142
241,1386.4384
242,1390.0871
243,1394.0516
244,1397.5954
245,1400.9480
246,1405.1237
247,1409.7860
248,1414.5877
249,1421.7691
250,1423.5246
251,1427.9366
252,1429.8370
253,1435.4546
254,1455.2443
255,1476.0563
256,1476.8603
257,1477.1478
258,1477.7744
259,1478.4093
260,1478.6491
261,1478.8525
262,1489.6240
263,1492.0218
264,1495.1601
265,1497.9746
266,1500.8683
267,1503.6676
268,1506.4688
269,1509.2225
270,1511.5278
271,1514.6921
272,1517.3879
273,1520.0634
274,1522.7501
275,1525.5103
276,1528.5769
277,1532.1643
278,1534.2612
279,1537.4372
280,1540.2749
281,1542.9132
282,1546.1435
283,1548.0843
284,1552.3584
285,1553.6635
286,1556.4239
287,1559.1850
288,1561.8980
289,1564.5244
290,1567.2920
291,1570.3428
292,1573.6794
293,1576.6332
294,1579.8213
295,1584.3928
296,1587.6167
297,1591.7048
298,1593.7421
299,1595.7799
300,1599.1652
301,1601.9685
302,1605.0990
303,1608.4116
304,1611.4619
305,1614.5473
306,1617.6932
307,1620.6577
308,1623.8439
309,1626.8795
310,1629.8940
311,1632.9572
312,1635.9921
313,1639.0383
314,1641.9160
315,1644.9525
316,1647.9783
317,1651.0062
318,1654.0332
319,1657.1298
320,1660.6793
321,1663.3296
322,1667.2041
323,1671.9890
324,1686.7497
325,1697.3369
326,1706.5294
327,1715.6856
328,1721.3216
329,1727.8683
330,1731.5211
331,1740.6874
332,1748.2650
333,1748.5318
334,1750.8380
335,1752.1851
336,1757.9992
337,1765.5449
338,1769.5770
339,1777.6022
340,1784.1878
341,1791.2562
342,1795.5432
343,1800.2203
344,1804.8391
345,1809.8829
346,1819.0749
347,1831.1672
348,1833.0083
349,1835.2785
350,1845.0141
351,1849.0629
352,1852.8252
353,1858.1166
354,1862.0565
355,1865.9606
356,1870.3313
357,1874.4779
358,1878.6199
359,1882.7052
360,1886.8296
361,1891.2344
362,1895.4582
363,1898.9496
364,1902.5297
365,1905.9451
366,1910.2540
367,1914.1946
368,1918.5233
369,1922.9274
370,1927.0787
371,1930.4299
372,1935.0433
373,1939.2028
374,1943.0201
375,1947.2113
376,1951.2153
377,1954.6850
378,1958.0040
379,1961.9267
380,1965.9469
381,1970.1555
382,1973.9141
383,1978.3294
384,1983.0182
385,1987.4012
386,1991.7545
387,1995.7790
388,1999.3939
389,2003.4611
390,2007.3161
391,2011.4136
392,2015.7149
393,2019.9656
394,2025.6486
395,2030.0169
396,2034.4067
397,2039.0286
398,2043.2553
399,2048.0294
400,2052.9277
401,2069.1345
402,2073.5927
403,2078.3744
404,2081.2118
405,2091.3970
406,2095.0112
407,2096.4918
408,2102.5558
409,2107.0635
410,2109.3750
411,2112.4678
412,2123.4074
413,2126.9069
414,2131.7916
415,2137.5589
416,2140.5909
417,2145.0827
418,2148.7746
419,2153.5480
420,2158.3736
421,2162.8888
422,2167.3238
423,2171.9909
424,2176.4231
425,2181.6740
426,2186.5864
427,2190.3248
428,2195.5643
429,2199.9366
430,2203.3474
431,2207.8755
432,2211.9741
433,2215.7536
434,2220.0308
435,2223.3818
436,2227.0920
437,2230.6108
438,2236.6366
439,2241.0820
440,2245.9397
441,2249.8972
442,2254.0636
443,2258.1189
444,2262.1646
445,2265.2390
446,2269.3720
447,2273.4137
448,2277.7796
449,2281.9030
450,2286.1474
451,2289.7670
452,2293.7543
453,2297.3289
454,2301.5282
455,2305.0418
456,2309.4397
457,2313.3445
458,2316.4926
459,2323.4317
460,2332.4583
461,2336.5841
462,2340.6281
463,2343.9274
464,2345.1552
465,2348.8231
466,2351.9850
467,2357.7120
468,2361.1217
469,2366.1852
470,2368.1395
471,2373.2684
472,2376.7333
473,2382.2315
474,2385.8759
475,2388.9749
476,2394.5010
477,2396.4596
478,2400.9340
479,2405.4160
480,2409.2126
481,2422.4057
482,2423.4574
483,2425.6825
484,2429.0352
485,2432.9767
486,2436.8749
487,2441.0696
488,2445.3707
489,2448.6897
490,2452.6761
491,2457.1157
492,2461.2620
493,2464.6659
494,2468.6210
495,2474.2994
496,2484.9737
497,2494.4551
498,2497.4432
499,2503.5756
500,2506.8018
501,2514.3924
502,2518.7352
503,2526.6285
504,2535.1801
505,2539.0322
506,2543.6535
507,2549.3102
508,2556.9003
509,2564.3544
510,2591.7833
511,2601.3365
512,2605.8066
513,2611.8419
514,2635.5875
515,2643.7187
516,2647.8741
517,2652.8268
518,2655.4830
519,2657.5351
520,2664.8462
521,2667.2623
522,2671.5348
523,2676.9855
524,2678.3490
525,2683.0208
526,2685.7066
527,2688.3340
528,2690.9328
529,2693.6383
530,2696.6927
531,2699.3198
532,2702.0390
533,2704.8213
534,2707.9678
535,2737.3815
536,2737.4871
537,2738.4992
538,2738.5943
539,2738.7803
540,2738.9357
541,2739.0924
542,2739.2364
543,2739.2936
544,2739.3396
545,2739.3839
546,2739.5608
547,2739.7635
548,2739.9361
549,2744.4482
550,2747.3488
551,2751.1249
552,2753.4368
553,2757.3011
554,2759.6757
555,2763.9573
556,2767.5090
557,2773.2394
558,2777.0867
559,2779.0146
560,2782.2599
561,2786.9711
562,2787.4515
563,2789.9108
564,2790.5843
565,2797.9403
566,2799.2060
567,2808.3737
568,2810.7426
569,2812.6056
570,2816.7994
571,2820.0421
572,2820.8096
573,2827.7357
574,2831.1567
575,2835.5391
576,2842.3343
577,2846.2558
578,2848.7554
579,2851.8913
580,2854.0740
581,2856.9491
582,2859.5741
583,2863.6122
584,2866.5686
585,2869.3869
586,2874.0437
587,2876.3676
588,2878.4122
589,2880.8753
590,2882.9792
591,2888.2916
592,2890.8029
593,2895.1068
594,2898.8557
595,2904.4833
596,2908.3350
597,2912.9953
598,2918.6094
599,2923.3124
600,2927.2015
601,2932.6370
602,2937.1593
603,2940.7845
604,2943.8393
605,2947.1455
606,2952.0459
607,2956.3613
608,2960.9621
609,2964.7653
610,2968.7190
611,2974.0343
612,2978.1671
613,2981.8101
614,2985.9598
615,2990.4590
616,2993.9432
617,2998.2946
618,3002.6093
619,3006.7761
620,3010.6530
621,3014.5266
622,3017.8390
623,3022.5229
624,3027.6177
625,3031.8248
626,3035.9862
627,3041.5421
628,3045.5892
629,3050.6587
630,3055.1982
631,3058.6860
632,3061.3031
633,3066.7741
634,3069.3717
635,3071.8234
636,3076.3009
637,3079.5720
638,3082.9625
639,3086.4561
640,3089.8976
641,3094.6696
642,3098.5312
643,3102.9234
644,3107.0478
645,3110.8868
646,3114.4443
647,3118.2323
648,3133.8565
649,3139.4496
650,3147.9092
651,3151.5980
652,3159.9700
653,3164.1514
654,3173.4211
655,3173.9018
656,3176.4309
657,3176.9009
658,3183.2352
659,3186.3575
660,3188.4744
661,3190.7535
662,3194.8662
663,3202.2481
664,3208.3373
665,3209.2719
666,3212.7810
667,3213.0551
668,3222.1141
669,3224.4303
670,3229.9709
671,3231.5249
672,3237.3888
673,3244.4913
674,3248.3633
675,3255.2841
676,3258.7917
677,3263.5083
678,3266.4988
679,3273.7916
680,3282.5713
681,3283.4525
682,3284.7753
683,3289.2184
684,3293.8452
685,3298.1727
686,3301.6961
687,3303.7004
688,3306.9851
689,3309.3007
690,3312.2656
691,3313.9803
692,3315.7630
693,3318.5530
694,3324.4705
695,3330.0717
696,3335.4642
697,3339.5262
698,3341.3601
699,3344.7108
700,3347.7378
701,3350.7617
702,3357.6119
703,3362.0088
704,3366.7035
705,3373.8811
706,3378.4213
707,3382.9591
708,3390.4254
709,3391.9544
710,3397.1508
711,3400.9879
712,3407.2001
713,3410.0838
714,3414.6621
715,3418.6244
716,3423.7771
717,3427.3350
718,3431.1285
719,3434.6440
720,3443.9936
721,3447.3445
722,3453.8500
723,3457.8009
724,3460.1331
725,3466.5387
726,3473.6483
727,3480.3889
728,3485.9927
729,3489.7344
730,3491.0228
731,3497.0837
732,3502.0053
733,3509.4483
734,3514.8246
735,3515.0115
736,3524.3113
737,3529.5553
738,3533.1156
739,3537.1320
740,3541.8115
741,3548.5291
742,3550.9133
743,3555.7752
744,3562.8695
745,3564.7631
746,3568.2020
747,3572.1002
748,3579.3476
749,3582.9213
750,3585.6662
751,3588.3574
752,3595.6850
753,3597.2745
754,3600.4899
755,3603.1475
756,3605.7234
757,3608.0632
758,3611.9397
759,3614.3131
760,3617.3284
761,3619.8864
762,3622.7746
763,3626.0209
764,3629.2109
765,3631.9566
766,3635.1261
767,3640.0983
768,3647.1066
769,3649.8344
770,3653.0418
771,3655.9641
772,3658.6385
773,3661.2895
774,3664.6583
775,3667.4004
776,3668.9596
777,3671.6931
778,3673.7072
779,3676.2366
780,3678.8089
781,3681.3428
782,3684.2990
783,3686.7881
784,3689.6980
785,3691.5240
786,3693.7854
787,3696.2969
788,3698.7331
789,3701.6184
790,3704.9670
791,3707.4361
792,3710.0861
793,3712.6858
794,3715.8175
795,3716.5625
796,3719.1808
797,3722.2776
798,3724.2105
799,3725.8949
800,3728.6334
801,3731.3387
802,3734.4768
803,3737.2568
804,3740.6166
805,3743.6407
806,3744.2482
807,3747.5092
808,3749.6793
809,3752.4698
810,3755.9178
811,3757.9074
812,3761.7006
813,3764.3201
814,3765.7440
815,3769.5601
816,3770.1807
817,3772.7652
818,3775.9211
819,3777.9219
820,3780.7658
821,3783.3109
822,3785.6886
823,3788.1494
824,3790.6811
825,3793.1895
826,3795.9590
827,3800.0290
828,3800.1506
829,3800.2095
830,3800.2629
831,3809.1257
832,3810.6887
833,3812.6953
834,3815.7303
835,3817.8008
836,3820.7824
837,3823.7646
838,3826.4191
839,3828.9924
840,3833.4460
841,3837.2025
842,3841.2566
843,3845.4170
844,3848.3603
845,3850.3089
846,3856.8835
847,3857.9946
848,3869.0767
849,3869.1804
850,3869.4074
851,3870.7578
852,3873.8749
853,3876.8926
854,3880.2795
855,3882.0324
856,3885.3776
857,3887.4342
858,3890.0709
859,3892.7641
860,3895.4506
861,3898.0267
862,3900.7046
863,3903.3687
864,3906.0812
865,3908.8576
866,3911.8919
867,3914.4270
868,3916.9145
869,3919.4574
870,3922.0912
871,3924.6619
872,3927.2003
873,3929.9655
874,3932.5247
875,3934.9554
876,3937.6299
877,3940.0911
878,3942.7092
879,3945.8036
880,3948.3688
881,3950.8560
882,3953.4080
883,3955.9405
884,3958.3600
885,3961.2758
886,3964.1531
887,3966.8198
888,3970.7401
889,3973.3169
890,3975.9412
891,3978.5404
892,3981.0898
893,3983.5374
894,3986.2242
895,3988.6773
896,3991.1375
897,3994.1378
898,3996.7222
899,3999.2521
900,4001.8122
901,4004.3979
902,4006.8417
903,4009.3715
904,4011.8937
905,4014.5574
906,4017.2746
907,4019.9864
908,4022.6824
909,4025.3553
910,4028.1141
911,4031.2510
912,4034.0066
913,4037.1296
914,4040.0178
915,4042.8362
916,4045.9092
917,4049.0205
918,4052.0227
919,4056.1922
920,4058.7451
921,4060.5011
922,4064.3525
923,4067.3053
924,4069.8733
925,4071.0387
926,4074.5370
927,4076.7834
928,4079.5517
929,4082.1559
930,4084.7943
931,4087.4591
932,4090.1482
933,4092.8686
934,4095.5606
935,4098.2587
936,4101.0594
937,4103.8380
938,4106.9176
939,4109.6988
940,4112.6883
941,4115.4730
942,4117.9461
943,4120.8251
944,4123.6224
945,4126.4176
946,4132.4277
947,4135.3915
948,4138.2322
949,4141.2489
950,4144.1371
951,4147.0304
952,4149.7936
953,4152.6473
954,4155.5502
955,4158.4139
956,4161.3533
957,4165.8082
958,4167.0871
959,4169.8923
960,4173.1665
961,4176.5447
962,4179.3160
963,4182.2288
964,4185.2860
965,4188.4027
966,4191.2341
967,4194.5875
968,4198.6067
969,4201.5326
970,4204.4392
971,4207.6678
972,4212.1375
973,4216.7835
974,4220.5536
975,4225.2486
976,4228.6332
977,4231.5695
978,4234.4098
979,4238.2410
980,4242.4688
981,4246.3286
982,4250.6518
983,4258.2572
984,4259.3639
985,4264.3085
986,4268.0283
987,4273.8333
988,4273.9170
989,4274.9844
990,4277.5521
991,4280.0603
992,4284.4086
993,4286.5455
994,4288.9457
995,4291.1015
996,4293.4823
997,4296.0057
998,4299.2651
999,4302.7720
1000,4306.4115
1001,4310.5586
1002,4314.9443
1003,4318.9552
1004,4322.9291
1005,4326.4427
1006,4329.9387
1007,4333.6849
1008,4337.2142
1009,4340.7023
1010,4344.2225
1011,4347.7962
1012,4351.4590
1013,4355.2701
1014,4359.2577
1015,4363.5702
1016,4366.5838
1017,4369.2207
1018,4371.6345
1019,4374.4988
1020,4378.2241
1021,4381.6848
1022,4385.2842
1023,4388.6564
1024,4392.1926
1025,4395.6289
1026,4399.3595
1027,4403.0323
1028,4406.3692
1029,4410.1870
1030,4413.7602
1031,4417.5944
1032,4421.4952
1033,4425.2331
1034,4428.8526
1035,4432.3061
1036,4435.6716
1037,4440.3012
1038,4445.1613
1039,4451.0431
1040,4455.6315
1041,4460.8822
1042,4465.0564
1043,4469.3832
1044,4473.7971
1045,4477.7794
1046,4481.3521
1047,4484.5514
1048,4488.1110
1049,4491.6565
1050,4495.0013
1051,4499.7585
1052,4503.5596
1053,4508.6322
1054,4514.1113
1055,4523.2289
1056,4528.8997
1057,4536.6037
1058,4541.1446
1059,4554.8229
1060,4557.9677
1061,4562.8784
1062,4566.2086
1063,4568.4338
1064,4570.9810
1065,4577.6482
1066,4582.5605
1067,4586.6780
1068,4590.7240
1069,4594.3630
1070,4598.2268
1071,4600.8890
1072,4604.4338
1073,4606.9720
1074,4609.6985
1075,4639.7684
1076,4642.1640
1077,4644.5043
1078,4647.0995
1079,4649.6718
1080,4650.6422
1081,4651.9737
1082,4656.2126
1083,4659.4698
1084,4666.5156
1085,4671.8497
1086,4674.7997
1087,4679.3163
1088,4683.4433
1089,4687.3913
1090,4691.5026
1091,4694.7091
1092,4697.5207
1093,4700.7360
1094,4704.5381
1095,4708.6883
1096,4712.4336
1097,4716.2561
1098,4721.9472
1099,4726.0284
1100,4730.4666
1101,4734.9973
1102,4739.2709
1103,4741.4994
1104,4745.0998
1105,4749.3699
1106,4757.6308
1107,4759.2449
1108,4764.3931
1109,4768.2509
1110,4771.5654
1111,4774.7281
1112,4779.7062
1113,4784.9498
1114,4790.0255
1115,4793.2997
1116,4796.8912
1117,4799.7720
1118,4802.1808
1119,4805.1002
1120,4809.7472
1121,4820.7181
1122,4823.8387
1123,4825.5939
1124,4828.6912
1125,4832.5174
1126,4835.7790
1127,4839.3898
1128,4843.8802
1129,4846.9827
1130,4849.7491
1131,4852.2074
1132,4856.9312
1133,4860.6012
1134,4866.4176
1135,4869.8981
1136,4875.3920
1137,4878.1471
1138,4880.7790
1139,4882.9896
1140,4885.9508
1141,4887.6247
1142,4890.9862
1143,4893.1496
1144,4895.1571
1145,4897.2836
1146,4899.3926
1147,4902.6666
1148,4904.8884
1149,4907.3887
1150,4909.8523
1151,4912.6065
1152,4915.3092
1153,4917.7971
1154,4920.5036
1155,4922.6913
1156,4925.1027
1157,4927.6342
1158,4930.0439
1159,4932.4617
1160,4934.9318
1161,4937.3200
1162,4939.8439
1163,4942.2116
1164,4944.6609
1165,4947.0131
1166,4950.2795
1167,4952.9474
1168,4956.1744
1169,4958.6656
1170,4961.2632
1171,4963.7320
1172,4966.2156
1173,4968.8392
1174,4972.4405
1175,4976.3427
1176,4984.2923
1177,4989.1102
1178,4992.1279
1179,4995.1262
1180,4998.8282
1181,5003.5632
1182,5007.3755
1183,5010.0939
1184,5012.5446
1185,5017.2703
1186,5021.8589
1187,5025.2635
1188,5029.3856
1189,5033.3598
1190,5037.2758
1191,5040.1855
1192,5044.5073
1193,5046.2568
1194,5049.7680
1195,5053.6251
1196,5057.7006
1197,5059.9868
1198,5061.3079
1199,5065.0382
1200,5069.8268
1201,5073.9074
1202,5075.7997
1203,5081.1875
1204,5084.8937
1205,5087.5778
1206,5091.1417
1207,5095.5977
1208,5099.8569
1209,5103.6353
1210,5108.1221
1211,5111.6712
1212,5117.9826
1213,5142.7748
1214,5143.9505
1215,5147.4407
1216,5150.1503
1217,5154.4032
1218,5157.3300
1219,5160.3105
1220,5168.7310
1221,5170.8350
1222,5175.7224
1223,5181.4098
1224,5185.3507
1225,5189.9619
1226,5195.3135
1227,5199.3921
1228,5203.2101
1229,5208.6377
1230,5213.3737
1231,5217.1860
1232,5223.2277
1233,5227.4613
1234,5233.6590
1235,5238.4210
1236,5241.3127
1237,5246.2478
1238,5251.4322
1239,5255.8513
1240,5267.6461
1241,5268.6658
1242,5271.1713
1243,5275.9936
1244,5279.7298
1245,5282.5856
1246,5287.7367
1247,5292.1429
1248,5298.7976
1249,5302.9220
1250,5304.9753
1251,5309.9015
1252,5313.7541
1253,5318.6576
1254,5322.4149
1255,5326.2053
1256,5327.9114
1257,5333.0832
1258,5337.4848
1259,5342.2847
1260,5345.0282
1261,5350.1844
1262,5352.9468
1263,5357.4245
1264,5359.1394
1265,5365.3021
1266,5367.0571
1267,5369.7333
1268,5370.7209
1269,5372.7553
1270,5377.6462
1271,5378.8838
1272,5383.9962
1273,5388.6242
1274,5400.7111
1275,5413.0144
1276,5416.9650
1277,5423.8040
1278,5428.0930
1279,5432.1799
1280,5435.1363
1281,5443.3174
1282,5448.0283
1283,5450.2208
1284,5451.5989
1285,5453.0454
1286,5454.3309
1287,5456.8539
1288,5460.1343
1289,5463.7582
1290,5466.7003
1291,5469.6612
1292,5472.9896
1293,5475.6396
1294,5478.3549
1295,5483.2015
1296,5484.0007
1297,5489.6700
1298,5494.3449
1299,5496.5572
1300,5503.5436
1301,5507.6356
1302,5510.6881
1303,5512.8393
1304,5515.4057
1305,5518.4481
1306,5521.1532
1307,5525.1033
1308,5530.1344
1309,5531.6954
1310,5538.2819
1311,5540.9260
1312,5544.8887
1313,5548.8083
1314,5551.7128
1315,5557.8771
1316,5563.0865
1317,5565.1720
1318,5570.3826
1319,5571.9748
1320,5575.3124
1321,5577.8348
1322,5583.5681
1323,5587.7678
1324,5591.0082
1325,5592.0396
1326,5598.3200
1327,5601.6595
1328,5607.2130
1329,5611.2688
1330,5614.5258
1331,5617.7952
1332,5620.4627
1333,5623.4052
1334,5626.1389
1335,5629.3614
1336,5632.4573
1337,5635.8867
1338,5638.7780
1339,5641.5172
1340,5644.7973
1341,5647.7935
1342,5653.4791
1343,5657.2325
1344,5660.9282
1345,5664.4683
1346,5667.8238
1347,5672.9453
1348,5678.4441
1349,5682.7953
1350,5685.9529
1351,5689.6203
1352,5693.8305
1353,5698.3564
1354,5704.6559
1355,5710.5091
1356,5715.3399
1357,5719.6636
1358,5724.7694
1359,5729.2671
1360,5733.8881
1361,5743.2082
1362,5743.9837
1363,5751.3685
1364,5757.7269
1365,5763.3142
1366,5768.1010
1367,5771.8246
1368,5779.0592
1369,5782.9924
1370,5788.8510
1371,5793.9000
1372,5798.2347
1373,5801.7082
1374,5807.6105
1375,5811.9073
1376,5814.9657
1377,5821.1746
1378,5825.6783
1379,5830.1563
1380,5832.8526
1381,5838.4249
1382,5844.2247
1383,5847.6655
1384,5851.2020
1385,5855.3691
1386,5859.4811
1387,5862.5324
1388,5869.0448
1389,5874.5689
1390,5878.8998
1391,5883.9433
1392,5888.1278
1393,5891.7844
1394,5896.9190
1395,5898.5851
1396,5902.9155
1397,5910.3665
1398,5914.2437
1399,5918.8676
1400,5923.4433
1401,5926.4667
1402,5930.8238
1403,5932.6785
1404,5936.6117
1405,5940.6631
1406,5944.6125
1407,5948.3685
1408,5952.0710
1409,5956.0962
1410,5958.9672
1411,5964.1550
1412,5969.2130
1413,5973.5749
1414,5976.9812
1415,5980.9458
1416,5985.1656
1417,5989.6779
1418,5994.0827
1419,5998.8456
1420,6002.8050
1421,6006.2063
1422,6011.2581
1423,6014.5335
1424,6018.8074
1425,6023.3264
1426,6028.5494
1427,6032.5072
1428,6037.3921
1429,6040.4096
1430,6044.7919
1431,6048.7411
1432,6054.3265
1433,6058.0680
1434,6064.1549
1435,6069.5171
1436,6073.4477
1437,6076.7369
1438,6082.1414
1439,6086.7090
1440,6092.2043
1441,6096.3902
1442,6101.2571
1443,6106.5035
1444,6109.7469
1445,6114.9635
1446,6117.9998
1447,6123.3866
1448,6128.1848
1449,6132.8809
1450,6136.7152
1451,6144.2895
1452,6146.4765
1453,6154.5172
1454,6160.6822
1455,6181.9832
1456,6182.1222
1457,6182.5287
1458,6197.9446
1459,6211.0453
1460,6216.4354
1461,6220.9926
1462,6224.7684
1463,6227.2201
1464,6230.8538
1465,6237.5774
1466,6239.3401
1467,6245.3408
1468,6247.5371
1469,6251.4274
1470,6254.7152
1471,6256.4600
1472,6260.9828
1473,6261.0757
1474,6261.1265
1475,6270.2043
1476,6270.7605
1477,6274.4908
1478,6278.6574
1479,6280.5390
1480,6292.0716
1481,6293.4277
1482,6296.8581
1483,6298.9316
1484,6299.5257
1485,6305.2719
1486,6312.0046
1487,6313.5855
1488,6321.9562
1489,6324.2702
1490,6325.1958
1491,6328.0675
1492,6330.7784
1493,6334.5108
1494,6339.0725
1495,6340.8790
1496,6343.5490
1497,6346.1983
1498,6348.7985
1499,6351.6173
1500,6354.3303
1501,6357.2559
1502,6360.1682
1503,6364.1973
1504,6365.7181
1505,6368.3920
1506,6370.9950
1507,6373.7078
1508,6376.5514
1509,6379.1058
1510,6381.7859
1511,6384.5026
1512,6387.0587
1513,6389.6339
1514,6392.1523
1515,6394.6288
1516,6397.6512
1517,6399.6878
1518,6402.3063
1519,6404.8164
1520,6407.5923
1521,6410.2557
1522,6412.8699
1523,6415.2901
1524,6417.9823
1525,6420.8186
1526,6423.7056
1527,6426.4221
1528,6428.9491
1529,6438.2882
1530,6441.0052
1531,6442.6832
1532,6446.0151
1533,6447.9725
1534,6451.3161
1535,6457.6492
1536,6464.6759
1537,6466.0356
1538,6467.7064
1539,6471.2617
1540,6474.3850
1541,6479.1391
1542,6484.9279
1543,6488.7912
1544,6491.0014
1545,6497.0462
1546,6499.7146
1547,6503.2296
1548,6508.2185
1549,6509.9206
1550,6513.9625
1551,6519.1123
1552,6524.1287
1553,6528.3887
1554,6532.9063
1555,6536.8512
1556,6542.0308
1557,6550.0376
1558,6550.8769
1559,6553.2844
1560,6553.9348
1561,6555.9428
1562,6558.8639
1563,6564.4364
1564,6570.6074
1565,6571.8701
1566,6574.4383
1567,6574.5430
1568,6576.1943
1569,6578.2528
1570,6579.2327
1571,6582.7537
1572,6609.0181
1573,6610.2126
1574,6611.6755
1575,6613.4233
1576,6614.4207
1577,6614.6247
1578,6615.3758
1579,6617.0869
1580,6618.7186
1581,6618.9220
1582,6619.1475
1583,6619.5276
1584,6621.0136
1585,6621.4843
1586,6621.5427
1587,6631.0039
1588,6638.1283
1589,6654.9013
1590,6659.5459
1591,6670.1260
1592,6672.0386
1593,6674.5555
1594,6677.8944
1595,6680.6042
1596,6683.3990
1597,6685.9159
1598,6688.6435
1599,6691.3061
1600,6694.2880
1601,6696.7771
1602,6702.2235
1603,6705.3938
1604,6708.0832
1605,6710.6776
1606,6713.3341
1607,6716.2371
1608,6718.8201
1609,6721.7789
1610,6724.7763
1611,6727.5131
1612,6731.3988
1613,6733.6490
1614,6736.8572
1615,6738.3835
1616,6741.6208
1617,6744.1554
1618,6745.9915
1619,6749.3896
1620,6751.7262
1621,6754.6992
1622,6757.4730
1623,6763.2473
1624,6766.0389
1625,6768.6932
1626,6771.2910
1627,6773.8612
1628,6776.7849
1629,6782.1760
1630,6783.0060
1631,6784.5764
1632,6787.9093
1633,6790.2749
1634,6792.8443
1635,6795.6476
1636,6798.4216
1637,6801.2996
1638,6803.9198
1639,6806.5505
1640,6809.0155
1641,6811.6322
1642,6814.3313
1643,6817.4129
1644,6819.5279
1645,6822.0289
1646,6824.7309
1647,6826.1559
1648,6828.4163
1649,6830.5120
1650,6833.5760
1651,6836.1056
1652,6838.8634
1653,6843.0824
1654,6844.5892
1655,6847.2984
1656,6849.5407
1657,6851.6459
1658,6854.0230
1659,6856.8523
1660,6859.5970
1661,6862.1678
1662,6864.7618
1663,6867.3072
1664,6869.6690
1665,6872.0214
1666,6874.3904
1667,6876.8551
1668,6879.2741
1669,6881.8343
1670,6884.2783
1671,6886.7009
1672,6889.0731
1673,6891.5331
1674,6893.8651
1675,6896.8167
1676,6899.2250
1677,6902.0464
1678,6904.4383
1679,6906.8136
1680,6909.2259
1681,6911.6609
1682,6914.0062
1683,6916.5461
1684,6918.8178
1685,6922.2591
1686,6924.8939
1687,6927.2759
1688,6929.6968
1689,6932.1525
1690,6935.0107
1691,6937.4416
1692,6939.8782
1693,6942.2965
1694,6944.8872
1695,6947.3758
1696,6949.7762
1697,6952.2078
1698,6954.6518
1699,6957.1874
1700,6959.6872
1701,6962.0819
1702,6964.5362
1703,6966.9738
1704,6969.4967
1705,6972.2321
1706,6974.6866
1707,6977.3421
1708,6979.6703
1709,6982.0917
1710,6985.3797
1711,6987.3588
1712,6989.7439
1713,6992.2664
1714,6995.0159
1715,6997.5557
1716,6999.6102
1717,7002.4588
1718,7004.9741
1719,7007.3817
1720,7009.7864
1721,7012.1925
1722,7014.7986
1723,7017.2088
1724,7019.7015
1725,7022.0766
1726,7024.4424
1727,7026.7737
1728,7029.1164
1729,7031.5375
1730,7034.3332
1731,7036.8319
1732,7039.4294
1733,7041.7562
1734,7044.2584
1735,7046.8009
1736,7049.3438
1737,7051.9817
1738,7054.4736
1739,7056.9918
1740,7059.5801
1741,7062.2630
1742,7065.1813
1743,7067.8637
1744,7069.8981
1745,7072.7334
1746,7075.7794
1747,7078.3069
1748,7081.0623
1749,7083.6504
1750,7087.3926
1751,7091.3992
1752,7095.0134
1753,7098.7465
1754,7103.0529
1755,7107.1291
1756,7110.7957
1757,7118.8266
1758,7120.8324
1759,7124.4953
1760,7126.0178
1761,7131.0127
1762,7134.1667
1763,7137.5523
1764,7142.3061
1765,7145.8154
1766,7150.2702
1767,7153.5819
1768,7157.8603
1769,7161.8927
1770,7166.3628
1771,7169.6274
1772,7173.3429
1773,7177.3233
1774,7180.9804
1775,7184.7811
1776,7188.8399
1777,7191.8347
1778,7195.8241
1779,7201.0088
1780,7210.6404
1781,7211.5273
1782,7212.1904
1783,7213.7742
1784,7216.4803
1785,7219.8663
1786,7222.5397
1787,7225.5785
1788,7230.4344
1789,7233.8436
1790,7237.2813
1791,7240.8559
1792,7244.7724
1793,7248.6656
1794,7252.3892
1795,7256.6431
1796,7260.7121
1797,7264.0793
1798,7267.5278
1799,7271.4512
1800,7274.2977
1801,7278.6820
1802,7282.0156
1803,7285.6379
1804,7289.5186
1805,7293.7143
1806,7296.6235
1807,7301.5006
1808,7304.7833
1809,7309.7625
1810,7313.7403
1811,7318.0068
1812,7321.2073
1813,7325.1467
1814,7328.2025
1815,7332.1097
1816,7336.5560
1817,7340.0738
1818,7344.6574
1819,7348.2397
1820,7352.4559
1821,7356.3013
1822,7360.1177
1823,7363.6720
1824,7367.0027
1825,7370.6455
1826,7374.6233
1827,7378.4173
1828,7386.4911
1829,7387.5678
1830,7390.8634
1831,7395.2620
1832,7400.2936
1833,7402.6866
1834,7410.4276
1835,7416.5351
1836,7421.5453
1837,7427.2614
1838,7431.1883
1839,7435.2901
1840,7439.1227
1841,7443.1870
1842,7447.3319
1843,7450.4943
1844,7453.8546
1845,7457.8950
1846,7461.2374
1847,7464.3047
1848,7468.4529
1849,7471.9653
1850,7476.0232
1851,7480.0980
1852,7484.4375
1853,7487.9348
1854,7492.8997
1855,7496.6378
1856,7499.7432
1857,7503.3851
1858,7506.3937
1859,7510.3695
1860,7514.2808
1861,7518.0488
1862,7521.5738
1863,7525.5337
1864,7528.5800
1865,7532.1155
1866,7535.5361
1867,7538.4939
1868,7542.5520
1869,7546.2587
1870,7550.4656
1871,7553.9515
1872,7557.7006
1873,7561.0266
1874,7565.0239
1875,7568.8081
1876,7572.3758
1877,7575.7163
1878,7579.5150
1879,7582.7820
1880,7586.2966
1881,7588.9812
1882,7592.3984
1883,7593.9074
1884,7596.4615
1885,7599.7300
1886,7604.0831
1887,7607.9173
1888,7611.6877
1889,7615.4628
1890,7619.6129
1891,7624.0168
1892,7627.8794
1893,7631.8245
1894,7635.9344
1895,7640.0390
1896,7643.9762
1897,7648.4020
1898,7652.1854
1899,7656.1852
1900,7660.7420
1901,7664.7446
1902,7668.7431
1903,7673.0194
1904,7677.5389
1905,7680.6338
1906,7683.3818
1907,7686.1594
1908,7688.7066
1909,7691.3021
1910,7694.0560
1911,7696.6212
1912,7699.2688
1913,7701.9875
1914,7704.7155
1915,7707.1686
1916,7709.7216
1917,7712.2560
1918,7714.6900
1919,7717.2153
1920,7719.7185
1921,7722.1284
1922,7724.6933
1923,7727.1657
1924,7729.6984
1925,7732.6541
1926,7735.2138
1927,7737.7253
1928,7740.3266
1929,7743.2737
1930,7746.0740
1931,7750.0179
1932,7752.6240
1933,7755.1701
1934,7757.7634
1935,7760.1340
1936,7762.6123
1937,7765.2562
1938,7768.7104
1939,7772.4695
1940,7775.3811
1941,7778.7716
1942,7782.6135
1943,7786.2682
1944,7790.2808
1945,7793.4477
1946,7800.2710
1947,7804.1053
1948,7807.9734
1949,7811.5821
1950,7814.4526
1951,7817.0888
1952,7819.5477
1953,7821.9814
1954,7824.3988
1955,3832.4118
1956,3842.0103
1957,3848.7272
1958,3856.9560
1959,3866.5438
1960,3880.2722
1961,3891.0241
1962,3905.1476
1963,3920.2535
1964,3925.4465
1965,3934.2687
1966,3948.3120
1967,3958.0281
1968,3968.2467
1969,3978.5197
1970,3992.8012
1971,4006.5799
1972,4020.5572
1973,4035.0473
1974,4045.8927
1975,4056.7579
1976,4070.2908
1977,4082.2616
1978,4094.9080
1979,4112.6568
1980,4123.1594
1981,4136.9572
1982,4155.2091
1983,4166.1890
1984,4180.1503
1985,4192.4837
1986,4205.3244
1987,4218.4184
1988,4231.3437
1989,4246.0794
1990,4258.3892
1991,4278.7371
1992,4294.1685
1993,4312.2988
1994,4325.3088
1995,4332.7510
1996,4348.4356
1997,4356.5576
1998,4373.7702
1999,4386.4498
2000,4404.9585
2001,4418.9394
2002,4443.1446
2003,4456.2023
2004,4471.8618
2005,4483.0005
2006,4494.4568
2007,4506.6960
2008,4515.0473
2009,4528.4436
2010,4535.5949
2011,4548.6169
2012,4560.6084
2013,4570.6210
2014,4581.6331
2015,4595.0747
2016,4607.2848
2017,4623.6148
2018,4639.1580
2019,4653.1036
2020,4675.5161
2021,4693.0854
2022,4712.3570
2023,4732.4517
2024,4742.8403
2025,4758.2347
2026,4781.9221
2027,4802.4919
2028,4812.9764
2029,4821.0778
2030,4834.7869
2031,4846.8256
2032,4856.5524
2033,4867.2466
2034,4875.7043
2035,4888.0093
2036,4898.8121
2037,4911.6912
2038,4921.9863
2039,4933.9149
2040,4944.3665
2041,4954.9668
2042,4964.0372
2043,4975.9653
2044,4985.8065
2045,4994.6575
2046,5007.1814
2047,5022.1910
2048,5029.0577
2049,5039.7213
2050,5053.4132
2051,5071.9306
2052,5081.3229
2053,5095.3169
2054,5107.3318
2055,5126.6162
2056,5138.3712
2057,5151.8145
2058,5163.2407
2059,5177.7787
2060,5189.2645
2061,5202.6930
2062,5226.3384
2063,5241.4701
2064,5253.9120
2065,5261.6937
2066,5274.0469
2067,5287.8742
2068,5299.3803
2069,5307.5097
2070,5322.7978
2071,5336.2081
2072,5347.8940
2073,5354.6979
2074,5363.6937
2075,5372.4165
2076,5388.3669
2077,5398.9422
2078,5410.2690
2079,5419.9369
2080,5433.1102
2081,5440.9418
2082,5450.1767
2083,5465.6253
2084,5477.6163
2085,5488.9061
2086,5501.2195
2087,5509.5105
2088,5521.9493
2089,5543.4933
2090,5567.0781
2091,5577.1525
2092,5604.3854
2093,5618.7987
2094,5627.3353
2095,5637.8713
2096,5657.0895
2097,5675.5073
2098,5693.4569
2099,5719.5106
2100,5731.9021
2101,5741.7331
2102,5753.6938
2103,5764.7443
2104,5775.3103
2105,5792.0737
2106,5807.9979
2107,5828.0268
2108,5839.6378
2109,5852.1023
2110,5868.4125
2111,5883.5959
2112,5892.3612
2113,5905.0875
2114,5918.7591
2115,5931.8171
2116,5944.0126
2117,5949.2509
2118,5971.3812
2119,5981.5919
2120,5989.5549
2121,6004.6363
2122,6019.5410
2123,6032.0461
2124,6043.5295
2125,6053.6609
2126,6065.4411
2127,6081.5589
2128,6091.9764
2129,6096.8432
2130,6107.1301
2131,6120.0182
2132,6134.3627
2133,6142.3664
2134,6150.3596
2135,6171.9794
2136,6182.1918
2137,6193.5439
2138,6207.0739
2139,6217.1369
2140,6228.2736
2141,6240.1030
2142,6253.9241
2143,6266.0425
2144,6277.1809
2145,6293.9732
2146,6302.5391
2147,6315.2599
2148,6327.8556
2149,6337.0852
2150,6348.4764
2151,6357.4309
2152,6368.2039
2153,6383.8527
2154,6399.4362
2155,6415.1945
2156,6426.2166
2157,6435.7760
2158,6446.4400
2159,6457.2215
2160,6469.2955
2161,6482.5735
2162,6494.2491
2163,6502.2066
2164,6513.4554
2165,6521.9405
2166,6533.6418
2167,6542.0551
2168,6551.2979
2169,6571.4564
2170,6584.8236
2171,6597.3623
2172,6607.0085
2173,6624.6412
2174,6630.9028
2175,6644.7620
2176,6652.4646
2177,6669.2295
2178,6676.4536
2179,6685.8549
2180,6693.5537
2181,6701.9911
2182,6710.2156
2183,6719.5563
2184,6730.1254
2185,6740.5629
2186,6758.5397
2187,6768.2014
2188,6777.9472
2189,6788.4157
2190,6807.7419
2191,6815.5077
2192,6823.2603
2193,6832.7537
2194,6840.8294
2195,6848.2041
2196,6858.4585
2197,6867.8265
2198,6969.1927
2199,6977.1624
2200,6985.5697
2201,6998.4038
2202,7009.4225
2203,7018.5328
2204,7029.9127
2205,7038.6221
2206,7045.3620
2207,7063.5462
2208,7074.7936
2209,7094.4746
2210,7103.7052
2211,7117.6040
2212,7130.1351
2213,7138.6673
2214,7146.5209
2215,7157.9647
2216,7169.7733
2217,7188.1511
2218,7200.2611
2219,7216.4724
2220,7230.9680
2221,7249.7802
2222,7257.8125
2223,7274.4510
2224,7280.4549
2225,7288.5127
2226,7296.5558
2227,7303.5026
2228,7313.9768
2229,7325.3653
2230,7335.5231
2231,7355.7093
2232,7371.9289
2233,7389.2264
2234,7396.5077
2235,7406.5011
2236,7422.8418
2237,7433.2557
2238,7441.0028
2239,7447.3317
2240,7454.1967
2241,7463.6378
2242,7473.4943
2243,7480.9327
2244,7486.1503
2245,7495.1394
2246,7511.3709
2247,7522.0900
2248,7533.3505
2249,7540.4978
2250,7547.8430
2251,7555.4059
2252,7565.6805
2253,7573.5667
2254,7581.0711
2255,7588.0756
2256,7594.9352
2257,7601.0458
2258,7609.3514
2259,7617.7549
2260,7627.1605
2261,7634.0346
2262,7645.7071
2263,7656.8527
2264,7665.3090
2265,7675.3061
2266,7690.8677
2267,7698.4484
2268,7707.5448
2269,7719.6553
2270,7725.5080
2271,7734.6246
2272,7744.1761
2273,7755.2686
2274,7773.5801
2275,7785.6278
2276,7800.8037
2277,7814.9695
2278,7825.4166
2279,7834.4619
2280,7844.7871
2281,7852.6468
2282,7862.6018
2283,7877.0664
2284,7886.9779
2285,7894.3527
2286,7902.9326
2287,7915.2949
2288,7927.6514
2289,7941.7760
2290,7951.2434
2291,7965.1167
2292,7974.2956
2293,7983.5954
2294,7992.1303
2295,8000.1173
2296,8011.7135
2297,8021.8816
2298,8030.9613
2299,8039.6042
2300,8049.8490
2301,8059.0365
2302,8069.3247
2303,8081.7652
2304,8092.2887
2305,8109.4670
2306,8120.5490
2307,8135.5247
2308,8149.1840
2309,8157.9309
2310,8167.4182
2311,8179.9963
2312,8189.5602
2313,8202.5473
2314,8220.5324
2315,8231.7293
2316,8243.7046
2317,8254.2503
2318,8270.1204
2319,8277.5581
2320,8295.4023
2321,8304.5068
2322,8312.7284
2323,8322.9523
2324,8334.0840
2325,8341.3475
2326,8351.2473
2327,8362.9966
2328,8378.4139
2329,8394.4263
2330,8401.6871
2331,8411.7639
2332,8421.0052
2333,8431.8264
2334,8442.4298
2335,8454.1929
2336,8466.3150
2337,8477.2794
2338,8492.7211
2339,8507.8695
2340,8522.7211
2341,8536.6220
2342,8559.4492
2343,8578.1229
2344,8583.8745
2345,8591.4278
2346,8601.8445
2347,8619.7181
2348,8635.4022
2349,8652.1215
2350,8667.8758
2351,8677.1941
2352,8686.7733
2353,8697.5515
2354,8709.8215
2355,8721.4735
2356,8730.4828
2357,8741.2109
2358,8752.0192
2359,8764.3597
2360,8776.0046
2361,8794.6904
2362,8810.0917
2363,8824.3480
2364,8841.4297
2365,8860.5402
2366,8870.0151
2367,8887.7420
2368,8897.2256
2369,8905.1690
2370,8914.4263
2371,8921.9244
2372,8933.7695
2373,8943.6746
2374,8952.8294
2375,8960.9191
2376,8971.5002
2377,8980.9072
2378,8993.4773
2379,9003.8424
2380,9015.1947
2381,9020.9534
2382,9034.5469
2383,9043.2470
2384,9050.1065
2385,9059.4304
2386,9075.3362
2387,9090.0548
2388,9099.1914
2389,9114.1155
2390,9121.5644
2391,9130.0824
2392,9138.3202
2393,9145.7014
2394,9151.8354
2395,9159.7502
2396,9171.8333
2397,9185.9117
2398,9195.7824
2399,9207.5179
2400,9219.4312
2401,9232.7988
2402,9245.8770
2403,9258.6825
2404,9269.2547
2405,9289.7360
2406,9303.0477
2407,9315.0017
2408,9324.6758
2409,9333.8964
2410,9344.4679
2411,9355.7122
2412,9365.1032
2413,9375.2172
2414,9384.7430
2415,9395.3948
2416,9405.0918
2417,9415.4460
2418,9424.3116
2419,9432.6563
2420,9441.0744
2421,9452.6513
2422,9465.8077
2423,9478.8773
2424,9491.7500
2425,9504.9458
2426,9516.0987
2427,9527.6048
2428,9547.6322
2429,9565.4397
2430,9582.2122
2431,9609.5045
2432,9617.1920
2433,9628.5532
2434,9637.7387
2435,9652.7922
2436,9665.9706
2437,9681.4828
2438,9700.0077
2439,9722.9762
2440,9742.1606
2441,9756.3705
2442,9770.1154
2443,9787.7200
2444,9809.2997
2445,9824.5149
2446,9835.0530
2447,9846.4525
2448,9857.1253
2449,9869.3094
2450,9881.1476
2451,9893.9159
2452,9910.6510
2453,9925.4224
2454,9940.1581
2455,9953.2187
2456,9969.2650
2457,9982.1489
2458,9990.9892
2459,10004.5009
2460,10013.4077
2461,10022.9139
2462,10033.8173
2463,10040.1795
2464,10047.2496
2465,10055.8004
2466,10071.0142
2467,10083.4029
2468,10091.0299
2469,10101.2077
2470,10108.8383
2471,10122.9773
2472,10138.4544
2473,10147.3515
2474,10157.8586
2475,10170.6760
2476,10186.6899
2477,10196.7216
2478,10207.4583
2479,10216.3153
2480,10224.9520
2481,10233.2814
2482,10244.3762
2483,10252.0807
2484,10264.0862
2485,10273.0501
2486,10281.2347
2487,10292.5777
2488,10298.7504
2489,10309.3810
2490,10323.4117
2491,10331.8920
2492,10339.9487
2493,10349.7407
2494,10359.6723
2495,10371.8047
2496,10383.8155
2497,10393.3873
2498,10403.2283
2499,10412.8177
2500,10424.0015
2501,10433.7881
2502,10443.6367
2503,10453.1279
2504,10463.6953
2505,10473.5434
2506,10483.1445
2507,10493.2480
2508,10503.5543
2509,10514.4761
2510,10524.2093
2511,10532.9263
2512,10542.4635
2513,10553.0555
2514,10568.7048
2515,10577.4522
2516,10585.7069
2517,10594.0015
2518,10605.1083
2519,10615.3796
2520,10627.1760
2521,10635.2372
2522,10645.1831
2523,10654.6061
2524,10665.6635
2525,10675.9479
2526,10684.5410
2527,10692.0846
2528,10700.2566
2529,10709.4560
2530,10717.9811
2531,10725.6386
2532,10733.8691
2533,10742.3029
2534,10753.2368
2535,10764.4482
2536,10774.4830
2537,10781.8685
2538,10791.1553
2539,10800.1909
2540,10810.8292
2541,10822.0670
2542,10831.0637
2543,10844.7514
2544,10859.8986
2545,10868.0294
2546,10873.2672
2547,10883.2998
2548,10894.2869
2549,10903.9652
2550,10914.0346
2551,10925.6516
2552,10935.6296
2553,10945.2817
2554,10954.1705
2555,10965.3425
2556,10977.2215
2557,10983.6347
2558,10992.5396
2559,10999.5954
2560,11009.3324
2561,11021.2255
2562,11032.1860
2563,11045.2428
2564,11065.6672
2565,11076.3750
2566,11085.1510
2567,11097.2140
2568,11113.6231
2569,11126.9681
2570,11138.8738
2571,11149.2550
2572,11164.7339
2573,11173.7216
2574,11180.0573
2575,11186.9879
2576,11196.0695
2577,11208.7309
2578,11223.1853
2579,11231.5698
2580,11241.4958
2581,11254.2675
2582,11267.7600
2583,11280.2386
2584,11289.6745
2585,11300.3757
2586,11312.4928
2587,11323.5614
2588,11335.1135
2589,11346.3075
2590,11355.3045
2591,11363.7311
2592,11377.6462
2593,11389.5874
2594,11400.0037
2595,11410.9282
2596,11420.9490
2597,11433.3365
2598,11448.5993
2599,11459.2571
2600,11472.6110
2601,11485.6164
2602,11504.7867
2603,11514.9794
2604,11521.2219
2605,11531.8904
2606,11543.7217
2607,11555.6154
2608,11567.1065
2609,11582.0065
2610,11594.1529
2611,11603.8566
2612,11614.1310
2613,11623.9080
2614,11633.0862
2615,11644.0816
2616,11652.8943
2617,11662.2336
2618,11671.5612
2619,11681.2050
2620,11691.7527
2621,11705.0176
2622,11714.0915
2623,11731.9067
2624,11741.6472
2625,11753.4864
2626,11765.7354
2627,11777.6403
2628,11786.8221
2629,11801.2750
2630,11815.7859
2631,11825.9914
2632,11840.0240
2633,11859.0903
2634,11865.9256
2635,11881.6075
2636,11892.7064
2637,11905.1697
2638,11913.1098
2639,11924.5963
2640,11934.7734
2641,11946.9645
2642,11964.1845
2643,11977.1967
2644,11987.1445
2645,12004.9071
2646,12013.0627
2647,12023.7436
2648,12034.8687
2649,12049.3467
2650,12064.5182
2651,12078.0163
2652,12089.3621
2653,12104.7485
2654,12116.5738
2655,12131.1600
2656,12141.1202
2657,12151.0701
2658,12164.2389
2659,12178.8380
2660,12190.4724
2661,12203.3617
2662,12219.9087
2663,12236.4049
2664,12249.3827
2665,12263.8977
2666,12272.9709
2667,12287.8163
2668,12306.8168
2669,12315.8345
2670,12324.5764
2671,12333.7004
2672,12343.5686
2673,12355.4971
2674,12367.3210
2675,12377.1935
2676,12395.4742
2677,12410.4652
2678,12419.9896
2679,12434.4332
2680,12447.0744
2681,12460.5744
2682,12472.9190
2683,12484.2865
2684,12497.6106
2685,12512.7745
2686,12531.7950
2687,12542.9204
2688,12553.2031
2689,12568.3441
2690,12573.7162
2691,12582.6318
2692,12593.7800
2693,12606.1082
2694,12615.5438
2695,12625.8085
2696,12635.6745
2697,12650.2154
2698,12664.2950
2699,12684.1080
2700,12699.6853
2701,12719.9056
2702,12732.5728
2703,12747.6971
2704,12763.1676
2705,12776.4025
2706,12786.4881
2707,12795.4607
2708,12805.3799
2709,12818.0530
2710,12830.3380
2711,12846.9288
2712,12861.4585
2713,12877.3363
2714,12885.8919
2715,12895.8342
2716,12904.3062
2717,12912.9288
2718,12929.6229
2719,12948.2512
2720,12954.4740
2721,12964.3278
2722,12976.5453
2723,12985.1236
2724,12991.8752
2725,12999.0516
2726,13005.0721
2727,13012.4021
2728,13021.2688
2729,13031.3771
2730,13039.5401
2731,13047.7903
2732,13054.7717
2733,13062.6760
2734,13070.8323
2735,13077.6021
2736,13084.9473
2737,13092.1221
2738,13100.2209
2739,13112.6585
2740,13120.2242
2741,13133.6870
2742,13142.1182
2743,13151.1788
2744,13167.1612
2745,13178.2622
2746,13185.7517
2747,13193.4781
2748,13206.4955
2749,13219.7978
2750,13233.8879
2751,13242.6805
2752,13249.6974
2753,13256.1142
2754,13263.0620
2755,13272.6920
2756,13281.1127
2757,13288.0101
2758,13298.7218
2759,13312.6824
2760,13320.5869
2761,13332.5334
2762,13345.4585
2763,13361.4750
2764,13373.2624
2765,13385.2744
2766,13398.7968
2767,13413.1577
2768,13428.9615
2769,13439.0099
2770,13446.8443
2771,13454.1545
2772,13463.0647
2773,13475.9841
2774,13486.4440
2775,13497.2687
2776,13511.8723
2777,13523.9370
2778,13534.1666
2779,13544.9431
2780,13554.4963
2781,13564.8973
2782,13575.4769
2783,13593.3418
2784,13609.6971
2785,13620.6272
2786,13631.3176
2787,13646.8771
2788,13656.6453
2789,13672.9598
2790,13685.5550
2791,13699.6009
2792,13707.3312
2793,13715.1875
2794,13724.0441
2795,13731.6284
2796,13742.2276
2797,13753.5934
2798,13764.6086
2799,13774.0610
2800,13783.3035
2801,13795.1627
2802,13807.1024
2803,13818.2025
2804,13830.3657
2805,13840.7948
2806,13848.3751
2807,13854.7239
2808,13869.7841
2809,13884.2151
2810,13900.0432
2811,13911.8154
2812,13918.9084
2813,13934.5562
2814,13949.4035
2815,13961.2811
2816,13970.0456
2817,13979.0535
2818,13993.6922
2819,14007.5998
2820,14022.4428
2821,14032.7635
2822,14046.6325
2823,14055.9654
2824,14064.5788
2825,14072.1562
2826,14079.4063
2827,14094.6660
2828,14101.7838
2829,14110.7488
2830,14120.7938
2831,14132.6790
2832,14142.7631
2833,14151.4206
2834,14166.6365
2835,14187.3977
2836,14201.9958
2837,14214.5085
2838,14222.5511
2839,14230.8116
2840,14238.7528
2841,14252.0056
2842,14267.8878
2843,14279.6230
2844,14288.7855
2845,14299.6514
2846,14315.1524
2847,14328.6409
2848,14342.1674
2849,14350.3499
2850,14360.8158
2851,14371.2492
2852,14383.1899
2853,14391.9909
2854,14402.1139
2855,14409.6298
2856,14417.4500
2857,14425.3914
2858,14433.6109
2859,14442.5135
2860,14454.0482
2861,14470.4618
2862,14483.3007
2863,14494.8986
2864,14505.9285
2865,14516.9930
2866,14528.2638
2867,14540.4444
2868,14553.8628
2869,14566.0059
2870,14574.6827
2871,14585.3963
2872,14605.3224
2873,14617.4145
2874,14632.5507
2875,14644.1133
2876,14658.0966
2877,14663.2276
2878,14673.0671
2879,14682.2326
2880,14701.1306
2881,14716.0196
2882,14734.3402
2883,14746.3539
2884,14763.8268
2885,14778.4092
2886,14786.7939
2887,14797.4355
2888,14812.9783
2889,14823.4780
2890,14835.0940
2891,14844.5632
2892,14861.0668
2893,14875.5205
2894,14889.4861
2895,14898.2823
2896,14907.7110
2897,14917.4969
2898,14927.1080
2899,14939.6446
2900,14951.8161
2901,14966.2025
2902,14980.1548
2903,14990.8359
2904,15002.8877
2905,15015.2948
2906,15028.7476
2907,15042.8777
2908,15052.0959
2909,15067.8401
2910,15080.1039
2911,15095.4413
2912,15109.2653
2913,15116.7367
2914,15127.1799
2915,15137.2461
2916,15147.3906
2917,15161.0436
2918,15173.6388
2919,15186.0628
2920,15198.4770
2921,15209.2764
2922,15219.7654
2923,15230.8304
2924,15241.3430
2925,15251.9169
2926,15263.1168
2927,15278.6732
2928,15296.6442
2929,15303.0570
2930,15315.3961
2931,15328.3775
2932,15339.4163
2933,15349.4632
2934,15363.9755
2935,15378.1102
2936,15390.6109
2937,15411.4912
2938,15423.2173
2939,15434.4692
2940,15448.5693
2941,15462.6102
2942,15471.3106
2943,15485.2085
2944,15498.7285
2945,15510.8469
2946,15525.7158
2947,15539.2742
2948,15551.1608
2949,15561.6431
2950,15572.0344
2951,15585.9613
2952,15595.3560
2953,15610.2631
2954,15624.2392
2955,15633.7714
2956,15648.0703
2957,15658.1674
2958,15671.5481
2959,15684.2904
2960,15695.7486
2961,15714.1461
2962,15721.3674
2963,15729.1994
2964,15740.4678
2965,15752.6789
2966,15770.2081
2967,15782.3093
2968,15792.2959
2969,15802.9432
2970,15820.8992
2971,15837.0647
2972,15849.5865
2973,15859.6830
2974,15869.5602
2975,15881.4580
2976,15893.9576
2977,15903.9211
2978,15915.3290
2979,15927.3977
2980,15938.6942
2981,15947.0572
2982,15963.3963
2983,15978.7667
2984,15985.7171
2985,15999.5730
2986,16013.5050
2987,16036.9802
2988,16049.5155
2989,16059.3724
2990,16076.1495
2991,16091.0826
2992,16105.5870
2993,16121.5856
2994,16135.7563
2995,16150.8524
2996,16168.9360
2997,16174.5613
2998,16188.6632
2999,16198.7028
3000,16205.6129
3001,16213.8629
3002,16224.2208
3003,16232.3287
3004,16246.8302
3005,16259.7508
3006,16269.8309
3007,16276.0234
3008,16284.6215
3009,16292.9282
3010,16303.7798
3011,16311.9640
3012,16320.0867
3013,16327.8894
3014,16339.0269
3015,16347.2114
3016,16355.2220
3017,16362.8047
3018,16372.4039
3019,16380.4436
3020,16389.0226
3021,16397.4156
3022,16406.7194
3023,16418.6668
3024,16432.2917
3025,16446.4917
3026,16454.8166
3027,16472.0385
3028,16485.1830
3029,16500.0303
3030,16507.6587
3031,16524.5929
3032,16536.6783
3033,16548.8939
3034,16563.8130
3035,16574.9102
3036,16584.2187
3037,16597.2283
3038,16609.8466
3039,16622.5483
3040,16635.4251
3041,16644.6633
3042,16657.3451
3043,16670.5174
3044,16685.4649
3045,16693.1300
3046,16704.0086
3047,16714.2575
3048,16723.3107
3049,16735.2259
3050,16745.2369
3051,16755.1033
3052,16769.4588
3053,16782.7201
3054,16790.9091
3055,16801.7468
3056,16812.1769
3057,16823.1392
3058,16840.8892
3059,16858.0124
3060,16865.3882
3061,16878.4244
3062,16892.2877
3063,16902.4968
3064,16920.5687
3065,16934.3948
3066,16943.5563
3067,16951.8628
3068,16960.8216
3069,16974.1974
3070,16985.0655
3071,16996.7067
3072,17005.4090
3073,17019.4535
3074,17030.9486
3075,17044.7111
3076,17071.3122
3077,17080.4079
3078,17094.5954
3079,17105.7818
3080,17118.6337
3081,17130.0604
3082,17140.0149
3083,17153.5213
3084,17165.8726
3085,17182.3311
3086,17190.3975
3087,17203.6204
3088,17216.5825
3089,17231.8773
3090,17246.9990
3091,17256.1214
3092,17263.7999
3093,17275.2967
3094,17286.3374
3095,17296.6118
3096,17307.2960
3097,17319.9608
3098,17333.3075
3099,17345.7000
3100,17356.7474
3101,17378.2632
3102,17386.6346
3103,17401.5822
3104,17418.7231
3105,17426.0197
3106,17439.3477
3107,17446.3284
3108,17457.5844
3109,17469.2223
3110,17484.4034
3111,17494.4005
3112,17506.8779
3113,17514.4393
3114,17524.0350
3115,17535.1665
3116,17547.0681
3117,17558.3563
3118,17568.8448
3119,17579.3407
3120,17588.7301
3121,17595.3174
3122,17609.2331
3123,17626.9004
3124,17640.9869
3125,17652.8912
3126,17665.6437
3127,17682.2760
3128,17691.9489
3129,17704.8714
3130,17719.4397
3131,17733.0539
3132,17745.4154
3133,17757.9195
3134,17769.8658
3135,17784.6365
3136,17797.1337
3137,17814.8532
3138,17834.2514
3139,17840.2772
3140,17848.7611
3141,17858.0461
3142,17870.0166
3143,17883.7693
3144,17893.5020
3145,17901.8600
3146,17913.6305
3147,17926.4741
3148,17942.1453
3149,17959.0590
3150,17977.6893
3151,17991.6754
3152,18001.7097
3153,18010.1833
3154,18019.3803
3155,18032.1550
3156,18044.1031
3157,18052.4156
3158,18058.7611
3159,18066.9129
3160,18078.1462
3161,18089.1852
3162,18102.3126
3163,18117.0695
3164,18130.2388
3165,18140.6498
3166,18147.7003
3167,18158.6554
3168,18179.7850
3169,18192.1141
3170,18201.1223
3171,18210.7592
3172,18219.8970
3173,18231.5507
3174,18240.7765
3175,18249.0838
3176,18257.1244
3177,18266.7344
3178,18276.0944
3179,18288.2442
3180,18301.4379
3181,18312.0463
3182,18325.0513
3183,18336.6251
3184,18349.4167
3185,18362.6430
3186,18374.9323
3187,18385.9248
3188,18399.5590
3189,18410.7065
3190,18426.9009
3191,18438.6973
3192,18448.9882
3193,18462.2703
3194,18474.3998
3195,18486.7342
3196,18498.7714
3197,18512.5511
3198,18522.8293
3199,18530.4675
3200,18538.2769
3201,18551.7464
3202,18560.4396
3203,18570.2345
3204,18579.1771
3205,18590.6267
3206,18599.0245
3207,18610.1987
3208,18625.8006
3209,18633.9402
3210,18644.6455
3211,18654.4447
3212,18665.1423
3213,18672.3039
3214,18679.0562
3215,18690.4111
3216,18699.3048
3217,18712.9672
3218,18726.8405
3219,18734.3922
3220,18741.7941
3221,18754.5094
3222,18769.2106
3223,18783.1602
3224,18792.4283
3225,18805.2461
3226,18814.7380
3227,18831.5330
3228,18842.5179
3229,18856.1578
3230,18866.6272
3231,18877.2001
3232,18886.7497
3233,18896.1394
3234,18907.8138
3235,18917.8288
3236,18926.2073
3237,18938.5681
3238,18951.3922
3239,18966.7609
3240,18978.7714
3241,18987.7477
3242,18998.5459
3243,19005.7833
3244,19012.7261
3245,19023.5624
3246,19036.7410
3247,19044.9708
3248,19059.4165
3249,19075.0513
3250,19084.7285
3251,19089.0694
3252,19097.8727
3253,19105.9256
3254,19114.0594
3255,19122.4895
3256,19129.7195
3257,19139.9479
3258,19147.6557
3259,19156.5425
3260,19166.5428
3261,19174.9918
3262,19202.9543
3263,19210.5122
3264,19220.8498
3265,19230.7115
3266,19236.8395
3267,19243.7987
3268,19251.9362
3269,19259.8419
3270,19269.1677
3271,19278.1775
3272,19289.8560
3273,19295.6715
3274,19309.4950
3275,19319.1397
3276,19328.6791
3277,19337.6510
3278,19346.6446
3279,19359.7562
3280,19374.2549
3281,19383.9090
3282,19395.2601
3283,19404.6509
3284,19417.2599
3285,19427.8362
3286,19444.1257
3287,19462.0576
3288,19479.8584
3289,19489.8953
3290,19497.9939
3291,19513.6769
3292,19523.6666
3293,19530.0412
3294,19537.2362
3295,19555.3660
3296,19572.6445
3297,19585.4616
3298,19598.0346
3299,19611.4757
3300,19627.3906
3301,19641.6852
3302,19647.4738
3303,19657.8584
3304,19666.9724
3305,19680.7494
3306,19687.9363
3307,19703.5220
3308,19717.8528
3309,19727.5288
3310,19737.2272
3311,19748.3916
3312,19759.4399
3313,19769.2213
3314,19782.8898
3315,19795.7487
3316,19807.6649
3317,19822.1335
3318,19836.5951
3319,19848.1064
3320,19858.1026
3321,19871.6578
3322,19886.7021
3323,19901.7191
3324,19920.0923
3325,19929.1945
3326,19941.8080
3327,19958.7445
3328,19970.5994
3329,19984.5638
3330,19995.5740
3331,20003.4621
3332,20016.5498
3333,20026.8948
3334,20039.1057
3335,20051.7454
3336,20066.6111
3337,20080.4491
3338,20091.9788
3339,20102.3498
3340,20114.1787
3341,20128.3145
3342,20141.0854
3343,20156.7264
3344,20167.1307
3345,20179.5208
3346,20190.4240
3347,20206.8713
3348,20219.0926
3349,20230.5145
3350,20243.6116
3351,20257.2687
3352,20271.4558
3353,20284.5581
3354,20296.7668
3355,20315.0442
3356,20330.6520
3357,20347.6620
3358,20357.4629
3359,20373.4601
3360,20379.5743
3361,20389.3876
3362,20398.2747
3363,20407.1684
3364,20418.1046
3365,20430.2657
3366,20442.6239
3367,20455.0202
3368,20466.5980
3369,20478.3342
3370,20488.7943
3371,20497.4983
3372,20506.3322
3373,20518.6057
3374,20537.4560
3375,20548.7833
3376,20557.5161
3377,20569.1237
3378,20582.9732
3379,20595.2508
3380,20603.7009
3381,20615.3104
3382,20623.7276
3383,20632.5054
3384,20641.8672
3385,20651.2716
3386,20662.6003
3387,20669.2653
3388,20678.1442
3389,20695.6546
3390,20713.9440
3391,20726.0556
3392,20742.8846
3393,20758.4929
3394,20771.3432
3395,20780.8495
3396,20790.4685
3397,20801.6393
3398,20815.0249
3399,20832.1033
3400,20844.4047
3401,20862.1814
3402,20872.8187
3403,20883.0595
3404,20895.9320
3405,20914.7298
3406,20925.3070
3407,20943.4528
3408,20948.3314
3409,20959.3916
3410,20982.7514
3411,20994.3972
3412,21010.0603
3413,21022.0287
3414,21038.2066
3415,21062.0723
3416,21076.9207
3417,21087.0588
3418,21098.4442
3419,21113.7884
3420,21124.5410
3421,21134.2690
3422,21145.8192
3423,21154.9773
3424,21165.5998
3425,21183.2426
3426,21200.1939
3427,21212.1577
3428,21222.4271
3429,21232.4700
3430,21250.4213
3431,21259.2137
3432,21270.0543
3433,21282.1627
3434,21295.2013
3435,21302.5379
3436,21319.1504
3437,21328.4614
3438,21337.0383
3439,21345.8200
3440,21354.8324
3441,21363.8589
3442,21375.1113
3443,21393.3611
3444,21405.1197
3445,21416.6651
3446,21426.1737
3447,21434.6640
3448,21443.8043
3449,21453.4838
3450,21461.8907
3451,21471.6401
3452,21482.7056
3453,21495.7418
3454,21507.6253
3455,21515.0950
3456,21522.9475
3457,21533.9260
3458,21542.1133
3459,21552.8557
3460,21566.6690
3461,21580.0245
3462,21591.8441
3463,21603.0850
3464,21616.0016
3465,21626.4904
3466,21642.2966
3467,21652.3037
3468,21660.8005
3469,21674.0847
3470,21683.3391
3471,21699.0488
3472,21709.9104
3473,21728.8427
3474,21745.9271
3475,21752.0926
3476,21766.6225
3477,21782.1643
3478,21793.4816
3479,21803.1423
3480,21814.6713
3481,21824.0991
3482,21832.4800
3483,21841.6600
3484,21849.8523
3485,21860.5728
3486,21866.0541
3487,21879.8795
3488,21890.0619
3489,21898.1860
3490,21905.7813
3491,21913.1880
3492,21926.4495
3493,21936.2805
3494,21945.8447
3495,21956.3224
3496,21966.7883
3497,21978.6465
3498,21992.5797
3499,22001.3423
3500,22012.6941
3501,22026.1383
3502,22041.0209
3503,22054.5633
3504,22071.8641
3505,22090.6501
3506,22103.4625
3507,22114.3787
3508,22126.7855
3509,22136.3788
3510,22153.7194
3511,22164.9780
3512,22172.6148
3513,22184.7692
3514,22198.5652
3515,22211.4606
3516,22221.1859
3517,22230.7661
3518,22238.4052
3519,22248.3959
3520,22256.1595
3521,22264.2894
3522,22272.5933
3523,22280.6044
3524,22288.6117
3525,22297.1418
3526,22308.4915
3527,22319.2844
3528,22334.4193
3529,22351.8713
3530,22359.9598
3531,22372.0615
3532,22382.4883
3533,22391.2227
3534,22399.9331
3535,22408.6587
3536,22418.7329
3537,22429.4443
3538,22440.7661
3539,22452.4341
3540,22463.3083
3541,22473.5990
3542,22483.3705
3543,22494.0805
3544,22504.6582
3545,22515.7044
3546,22527.5426
3547,22540.6291
3548,22551.3659
3549,22564.5809
3550,22577.5573
3551,22583.1187
3552,22598.2101
3553,22605.3574
3554,22618.9039
3555,22630.6646
3556,22642.7445
3557,22678.7057
3558,22689.5821
3559,22700.3429
3560,22711.2708
3561,22725.8680
3562,22732.5475
3563,22747.3826
3564,22758.4786
3565,22770.1163
3566,22782.0053
3567,22790.5116
3568,22802.5429
3569,22811.4793
3570,22820.3850
3571,22830.0633
3572,22838.8054
3573,22847.6079
3574,22859.2954
3575,22870.5671
3576,22884.9697
3577,22896.2507
3578,22904.6018
3579,22916.7125
3580,22927.8040
3581,22936.4135
3582,22947.4955
3583,22961.6742
3584,22972.8901
3585,22985.2617
3586,22998.6513
3587,23010.1998
3588,23031.4171
3589,23043.6499
3590,23051.8105
3591,23059.0093
3592,23073.8578
3593,23079.9587
3594,23090.8091
3595,23105.1793
3596,23118.7742
3597,23129.8738
3598,23146.3134
3599,23152.7805
3600,23163.1413
3601,23174.2573
3602,23180.9702
3603,23196.4207
3604,23208.2882
3605,23228.9977
3606,23238.0266
3607,23246.9583
3608,23257.8268
3609,23270.4139
3610,23281.3864
3611,23289.3136
3612,23296.1497
3613,23306.9112
3614,23317.3845
3615,23331.9941
3616,23341.0065
3617,23347.3284
3618,23353.4980
3619,23360.6620
3620,23373.3835
3621,23381.7980
3622,23394.5937
3623,23407.6142
3624,23421.0408
3625,23432.2793
3626,23442.7056
3627,23451.3972
3628,23463.6867
3629,23475.9402
3630,23487.7322
3631,23501.6286
3632,23513.4125
3633,23522.2540
3634,23529.7818
3635,23538.9702
3636,23547.6778
3637,23558.5086
3638,23582.5629
3639,23633.1835
3640,23643.5554
3641,23653.5122
3642,23666.4052
3643,23672.1959
3644,23682.1539
3645,23694.4628
3646,23711.7617
3647,23726.2588
3648,23735.5866
3649,23747.1898
3650,23755.6453
3651,23765.0938
3652,23777.5388
3653,23792.0957
3654,23803.9510
3655,23812.1476
3656,23821.1660
3657,23832.7029
3658,23845.8426
3659,23854.9621
3660,23867.5084
3661,23876.4784
3662,23888.5412
3663,23900.8133
3664,23914.4576
3665,23927.8297
3666,23937.3822
3667,23949.0602
3668,23962.5406
3669,23973.5851
3670,23983.6895
3671,23992.8756
3672,24006.0277
3673,24015.2571
3674,24024.5886
3675,24033.7045
3676,24048.7542
3677,24060.7986
3678,24069.2883
3679,24082.3536
3680,24093.9779
3681,24101.9635
3682,24110.1687
3683,24123.2514
3684,24134.8507
3685,24151.3073
3686,24162.5819
3687,24171.9410
3688,24185.8032
3689,24198.8530
3690,24205.3230
3691,24217.7792
3692,24228.9197
3693,24243.9024
3694,24255.0483
3695,24264.0665
3696,24273.4585
3697,24282.3603
3698,24290.5679
3699,24304.5976
3700,24312.4735
3701,24326.7248
3702,24341.7897
3703,24361.2964
3704,24376.5082
3705,24391.3434
3706,24400.2249
3707,24415.1638
3708,24423.7239
3709,24433.1770
3710,24444.3986
3711,24458.9214
3712,24474.0517
3713,24484.8409
3714,24495.0151
3715,24504.5817
3716,24516.1366
3717,24531.0416
3718,24545.8302
3719,24553.6580
3720,24563.3123
3721,24571.8942
3722,24580.4100
3723,24592.4294
3724,24609.7875
3725,24619.7078
3726,24627.6474
3727,24636.6863
3728,24651.0978
3729,24659.8454
3730,24669.0686
3731,24678.2916
3732,24691.4642
3733,24702.4040
3734,24713.3362
3735,24731.1227
3736,24756.5775
3737,24763.3951
3738,24771.4965
3739,24786.2029
3740,24792.7942
3741,24803.3557
3742,24811.2979
3743,24817.7776
3744,24831.0015
3745,24841.1098
3746,24849.7791
3747,24863.7636
3748,24876.4517
3749,24887.0378
3750,24902.0908
3751,24915.9167
3752,24932.1818
3753,24948.0584
3754,24964.2193
3755,24978.9975
3756,24992.0456
3757,25009.6955
3758,25020.1886
3759,25032.2132
3760,25046.7997
3761,25055.2416
3762,25063.2157
3763,25078.6459
3764,25090.0521
3765,25100.8840
3766,25113.3304
3767,25125.4039
3768,25134.6080
3769,25143.5838
3770,25154.5761
3771,25170.3837
3772,25181.7489
3773,25191.7958
3774,25201.2169
3775,25209.1427
3776,25218.2803
3777,25226.9199
3778,25238.6062
3779,25251.7278
3780,25262.9881
3781,25272.8717
3782,25283.9601
3783,25294.4534
3784,25303.9348
3785,25312.6168
3786,25323.0274
3787,25332.6831
3788,25340.6353
3789,25348.4735
3790,25356.1258
3791,25362.4148
3792,25368.8784
3793,25377.9960
3794,25386.6475
3795,25397.2127
3796,25404.1276
3797,25411.4583
3798,25420.1307
3799,25432.9393
3800,25445.5988
3801,25453.4845
3802,25463.8979
3803,25474.7746
3804,25485.7194
3805,25500.5190
3806,25512.4876
3807,25522.6965
3808,25536.1743
3809,25550.7069
3810,25557.0266
3811,25564.2467
3812,25574.3341
3813,25585.1829
3814,25595.7773
3815,25602.4578
3816,25615.0160
3817,25626.2341
3818,25639.9848
3819,25654.0036
3820,25666.8310
3821,25682.1420
3822,25697.8877
3823,25708.3173
3824,25731.0648
3825,25737.2181
3826,25747.4008
3827,25757.9408
3828,25768.4932
3829,25781.4553
3830,25796.8030
3831,25816.0613
3832,25826.3605
3833,25839.9241
3834,25851.9573
3835,25863.7879
3836,25871.2847
3837,25886.6606
3838,25900.1625
3839,25910.4691
3840,25923.6581
3841,25934.7770
3842,25946.4381
3843,25959.0154
3844,25970.2780
3845,25982.3596
3846,25995.2555
3847,26006.4282
3848,26018.4181
3849,26029.8076
3850,26042.9654
3851,26061.2381
3852,26079.1123
3853,26094.0948
3854,26106.5509
3855,26118.5598
3856,26132.8766
3857,26149.3490
3858,26156.6906
3859,26171.1695
3860,26180.0528
3861,26194.6740
3862,26208.3330
3863,26215.2603
3864,26229.9798
3865,26244.5037
3866,26263.9589
3867,26279.3055
3868,26286.6199
3869,26302.2127
3870,26316.1719
3871,26328.7826
3872,26336.7879
3873,26346.7937
3874,26357.9414
3875,26371.9263
3876,26383.9259
3877,26395.0677
3878,26405.2725
3879,26411.6511
3880,26422.9953
3881,26436.6267
3882,26458.0202
3883,26466.0206
3884,26477.2067
3885,26488.0607
3886,26497.5233
3887,26507.1411
3888,26520.8206
3889,26533.0465
3890,26552.4387
3891,26565.3353
3892,26578.5143
3893,26585.1932
3894,26596.4494
3895,26602.7887
3896,26611.2337
3897,26617.5442
3898,26631.2225
3899,26642.1475
3900,26653.2845
3901,26667.1565
3902,26677.4294
3903,26694.3355
3904,26703.9104
3905,26709.8894
3906,26721.3147
3907,26730.1421
3908,26741.3204
3909,26755.0232
3910,26769.5351
3911,26780.1945
3912,26788.7070
3913,26797.6983
3914,26807.4911
3915,26825.0201
3916,26834.1720
3917,26847.4536
3918,26864.4807
3919,26871.8383
3920,26883.2455
3921,26899.1690
3922,26911.0045
3923,26920.2650
3924,26933.8441
3925,26947.1295
3926,26959.1379
3927,26971.5445
3928,26980.2477
3929,26995.0645
3930,27003.5985
3931,27012.4414
3932,27020.9677
3933,27029.4673
3934,27042.3265
3935,27053.6742
3936,27065.1727
3937,27080.5595
3938,27098.1336
3939,27105.9136
3940,27113.6308
3941,27124.3565
3942,27135.8964
3943,27148.6778
3944,27153.2669
3945,27161.8342
3946,27172.3175
3947,27181.9909
3948,27191.1373
3949,27204.2301
3950,27217.2170
3951,27228.5361
3952,27246.4576
3953,27253.2804
3954,27263.8595
3955,27279.2163
3956,27296.4938
3957,27306.1616
3958,27317.0865
3959,27329.8874
3960,27341.0339
3961,27349.3118
3962,27360.6288
3963,27372.6530
3964,27380.9409
3965,27390.5590
3966,27402.0422
3967,27419.3377
3968,27427.2015
3969,27439.4698
3970,27452.7118
3971,27463.7227
3972,27473.6910
3973,27481.6785
3974,27489.4679
3975,27502.9914
3976,27521.1499
3977,27536.5410
3978,27550.8995
3979,27564.8406
3980,27581.4204
3981,27588.9781
3982,27597.1525
3983,27611.2816
3984,27627.5637
3985,27638.2110
3986,27650.7027
3987,27664.5288
3988,27671.3684
3989,27682.9891
3990,27693.2259
3991,27707.6514
3992,27720.1910
3993,27731.1823
3994,27742.1434
3995,27751.3597
3996,27763.2883
3997,27774.3783
3998,27785.9232
3999,27797.9658
4000,27813.1285
4001,27823.5784
4002,27841.7342
4003,27851.5356
4004,27857.8794
4005,27864.1634
4006,27873.7671
4007,27884.4016
4008,27895.8824
4009,27906.7473
4010,27919.7638
4011,27936.0669
4012,27943.2054
4013,27958.6763
4014,27971.6258
4015,27984.1747
4016,27995.7278
4017,28003.6263
4018,28016.3743
4019,28028.7380
4020,28037.2651
4021,28045.2712
4022,28053.9191
4023,28062.4301
4024,28070.4217
4025,28083.1487
4026,28094.9290
4027,28111.9940
4028,28112.6308
4029,28121.0818
4030,28132.6413
4031,28145.3931
4032,28152.9901
4033,28162.9562
4034,28176.0836
4035,28186.1029
4036,28194.7167
4037,28208.1127
4038,28219.3358
4039,28227.7358
4040,28240.0436
4041,28251.8463
4042,28266.7334
4043,28275.5668
4044,28286.8652
4045,28297.3042
4046,28307.5988
4047,28320.4353
4048,28331.9900
4049,28338.4056
4050,28351.5248
4051,28361.4798
4052,28372.6218
4053,28380.9106
4054,28391.5968
4055,28400.6729
4056,28412.0762
4057,28424.1903
4058,28437.5799
4059,28448.3023
4060,28460.2501
4061,28470.0963
4062,28479.1543
4063,28492.7437
4064,28501.7395
4065,28513.8309
4066,28522.6164
4067,28533.6142
4068,28545.0857
4069,28553.6757
4070,28562.6349
4071,28578.6273
4072,28597.6183
4073,28605.1700
4074,28618.2795
4075,28629.5366
4076,28643.6510
4077,28652.7777
4078,28664.3088
4079,28673.8629
4080,28682.8535
4081,28695.5378
4082,28711.3655
4083,28726.0113
4084,28734.0002
4085,28744.1258
4086,28757.9150
4087,28769.0098
4088,28780.2393
4089,28790.3862
4090,28800.2412
4091,28811.1904
4092,28817.0917
4093,28833.1156
4094,28846.7417
4095,28853.6253
4096,28859.3843
4097,28873.1177
4098,28887.9223
4099,28905.1833
4100,28920.1715
4101,28931.1571
4102,28941.0751
4103,28957.5386
4104,28969.9347
4105,28984.8778
4106,28997.2694
4107,29013.2225
4108,29025.5268
4109,29042.2337
4110,29058.2337
4111,29074.4741
4112,29085.6977
4113,29100.1220
4114,29113.9872
4115,29126.8804
4116,29139.8439
4117,29150.1021
4118,29164.0067
4119,29178.3583
4120,29190.2852
4121,29201.9753
4122,29217.6597
4123,29231.4837
4124,29241.8311
4125,29249.0737
4126,29261.7726
4127,29268.4779
4128,29279.3605
4129,29289.3784
4130,29298.8343
4131,29305.1550
4132,29311.7619
4133,29320.2972
4134,29329.4711
4135,29336.6919
4136,29343.9093
4137,29352.7553
4138,29360.7781
4139,29369.9391
4140,29386.1003
4141,29400.2695
4142,29414.6149
4143,29421.6149
4144,29431.6521
4145,29441.8528
4146,29453.9006
4147,29467.9124
4148,29481.1664
4149,29496.4740
4150,29509.1538
4151,29524.0910
4152,29534.5895
4153,29545.1014
4154,29558.8818
4155,29571.5353
4156,29582.3503
4157,29596.0729
4158,29604.1508
4159,29615.5472
4160,29630.4862
4161,29641.6428
4162,29650.0018
4163,29660.2080
4164,29672.7076
4165,29682.4391
4166,29695.3506
4167,29706.0747
4168,29718.8246
4169,29734.5712
4170,29747.3307
4171,29759.8360
4172,29770.2937
4173,29782.7106
4174,29796.6785
4175,29806.5600
4176,29819.5269
4177,29837.6160
4178,29846.2942
4179,29858.0291
4180,29868.9914
4181,29881.1140
4182,29896.6179
4183,29907.1407
4184,29921.9613
4185,29935.9624
4186,29955.5585
4187,29961.0097
4188,29972.9984
4189,29981.3321
4190,29989.6762
4191,29998.4994
4192,30010.5932
4193,30019.2971
4194,30031.1301
4195,30043.0980
4196,30048.5816
4197,30060.7266
4198,30073.5459
4199,30087.6555
4200,30098.5382
4201,30109.2989
4202,30120.1031
4203,30133.8303
4204,30145.8368
4205,30158.7803
4206,30165.9484
4207,30172.9672
4208,30178.8576
4209,30186.8343
4210,30195.4334
4211,30204.9801
4212,30217.2039
4213,30233.5863
4214,30240.6905
4215,30253.4163
4216,30260.8631
4217,30270.3643
4218,30281.5731
4219,30289.7258
4220,30300.2844
4221,30308.9774
4222,30317.1425
4223,30326.2780
4224,30334.7225
4225,30346.6616
4226,30353.7271
4227,30363.5249
4228,30371.9275
4229,30385.0234
4230,30391.6361
4231,30401.2146
4232,30410.5034
4233,30419.0197
4234,30430.0370
4235,30439.3737
4236,30447.9823
4237,30459.1346
4238,30471.3275
4239,30476.6090
4240,30486.7346
4241,30511.6663
4242,30520.4139
4243,30526.9341
4244,30533.9780
4245,30543.2713
4246,30552.4120
4247,30558.8062
4248,30566.8306
4249,30579.3309
4250,30591.2669
4251,30603.1940
4252,30616.9145
4253,30627.0344
4254,30646.1339
4255,30654.1965
4256,30666.0049
4257,30678.2286
4258,30691.2327
4259,30712.7852
4260,30721.9102
4261,30730.9520
4262,30739.4936
4263,30751.7803
4264,30771.8632
4265,30785.9194
4266,30796.8216
4267,30811.6252
4268,30822.0046
4269,30833.1740
4270,30842.5934
4271,30853.5433
4272,30863.1916
4273,30873.8174
4274,30884.4995
4275,30897.7323
4276,30909.9123
4277,30922.6258
4278,30936.2657
4279,30956.3177
4280,30964.0479
4281,30974.7066
4282,30983.2196
4283,30994.1704
4284,31008.4865
4285,31019.6917
4286,31028.5137
4287,31038.1770
4288,31052.6268
4289,31066.8066
4290,31081.7199
4291,31094.8403
4292,31105.5572
4293,31118.3200
4294,31129.7271
4295,31139.6787
4296,31150.7492
4297,31159.5824
4298,31167.6686
4299,31175.8301
4300,31186.0993
4301,31200.0120
4302,31223.3803
4303,31237.5567
4304,31248.1663
4305,31254.9272
4306,31264.7171
4307,31274.1425
4308,31282.6979
4309,31289.2127
4310,31296.1853
4311,31304.7023
4312,31315.8860
4313,31332.5615
4314,31345.4475
4315,31357.6548
4316,31370.8730
4317,31381.8853
4318,31393.8522
4319,31404.1188
4320,31414.4936
4321,31431.2401
4322,31444.4013
4323,31451.5607
4324,31464.1514
4325,31476.5732
4326,31495.7414
4327,31503.0081
4328,31509.3288
4329,31520.6304
4330,31530.7825
4331,31547.4095
4332,31556.9623
4333,31565.8820
4334,31572.7901
4335,31584.9640
4336,31598.7911
4337,31610.2757
4338,31626.6153
4339,31656.4703
4340,31663.7216
4341,31671.9828
4342,31680.2943
4343,31688.8359
4344,31696.9903
4345,31704.4258
4346,31715.1623
4347,31726.4488
4348,31744.7107
4349,31751.0955
4350,31759.5863
4351,31773.9744
4352,31791.8608
4353,31802.3236
4354,31830.2500
4355,31838.9742
4356,31849.2568
4357,31863.2154
4358,31877.4564
4359,31892.2358
4360,31909.6441
4361,31922.1876
4362,31936.1856
4363,31948.8037
4364,31962.6148
4365,31974.2796
4366,31987.9103
4367,31998.8453
4368,32011.0278
4369,32025.9254
4370,32040.3295
4371,32054.0817
4372,32066.4473
4373,32083.8666
4374,32094.6498
4375,32108.9025
4376,32120.2822
4377,32129.5810
4378,32140.3880
4379,32152.2350
4380,32162.1249
4381,32176.8539
4382,32190.6462
4383,32202.2932
4384,32212.1131
4385,32224.9599
4386,32237.6680
4387,32251.8363
4388,32263.3731
4389,32272.8658
4390,32280.9458
4391,32290.5781
4392,32299.4101
4393,32309.2465
4394,32318.8434
4395,32326.6132
4396,32335.1605
4397,32343.1790
4398,32351.2399
4399,32359.5035
4400,32371.0334
4401,32383.3776
4402,32390.3933
4403,32396.1360
4404,32401.8915
4405,32408.8466
4406,32415.8509
4407,32422.6508
4408,32430.1643
4409,32438.8468
4410,32445.1087
4411,32454.9191
4412,32467.2859
4413,32478.5626
4414,32489.8746
4415,32502.6019
4416,32514.4136
4417,32526.5393
4418,32536.4950
4419,32547.4277
4420,32561.1253
4421,32570.8818
4422,32581.2316
4423,32593.1747
4424,32609.7026
4425,32622.4484
4426,32632.2792
4427,32642.0703
4428,32652.8568
4429,32660.9528
4430,32673.4254
4431,32684.1016
4432,32699.6343
4433,32709.6345
4434,32722.9593
4435,32735.1162
4436,32746.7246
4437,32760.5634
4438,32773.5512
4439,32788.3530
4440,32804.9605
4441,32818.1472
4442,32836.0665
4443,32851.4733
4444,32866.4019
4445,32878.2544
4446,32884.9285
4447,32895.5040
4448,32912.4279
4449,32925.6895
4450,32930.0737
4451,32941.8275
4452,32953.4459
4453,32969.0278
4454,32979.0754
4455,32991.6604
4456,33003.9489
4457,33014.8251
4458,33026.0293
4459,33043.3826
4460,33054.2879
4461,33069.0212
4462,33080.1506
4463,33092.1068
4464,33103.7633
4465,33122.3409
4466,33140.1713
4467,33157.1038
4468,33169.8411
4469,33182.9846
4470,33196.0623
4471,33207.6647
4472,33217.8175
4473,33226.6514
4474,33241.3368
4475,33255.3780
4476,33266.1805
4477,33276.3720
4478,33287.6554
4479,33295.9590
4480,33307.0273
4481,33319.8199
4482,33327.8923
4483,33337.7392
4484,33347.1913
4485,33355.1819
4486,33366.1242
4487,33373.9138
4488,33390.2867
4489,33402.7565
4490,33412.0660
4491,33419.7454
4492,33427.8650
4493,33437.1412
4494,33448.6790
4495,33461.6179
4496,33470.4537
4497,33481.2529
4498,33494.6573
4499,33521.1573
4500,33530.8015
4501,33540.6182
4502,33548.7120
4503,33561.5654
4504,33568.8050
4505,33575.1340
4506,33582.1054
4507,33593.5078
4508,33600.8720
4509,33611.9106
4510,33624.2304
4511,33638.4058
4512,33650.2092
4513,33666.4729
4514,33678.3254
4515,33692.2638
4516,33709.7228
4517,33721.4980
4518,33731.4856
4519,33740.5248
4520,33753.4826
4521,33763.8795
4522,33779.9766
4523,33791.7132
4524,33802.9194
4525,33814.2283
4526,33832.6652
4527,33839.2620
4528,33847.7728
4529,33855.9246
4530,33864.9879
4531,33880.0037
4532,33889.1149
4533,33901.8559
4534,33913.2369
4535,33925.0138
4536,33941.5846
4537,33950.6016
4538,33960.2494
4539,33976.8083
4540,33987.9861
4541,34001.5180
4542,34018.0445
4543,34032.4159
4544,34039.3457
4545,34050.1511
4546,34062.7131
4547,34072.6218
4548,34084.9218
4549,34100.6856
4550,34114.3787
4551,34122.7129
4552,34134.3689
4553,34144.3286
4554,34155.4527
4555,34163.6901
4556,34173.6696
4557,34184.2170
4558,34194.1848
4559,34204.0107
4560,34214.9532
4561,34224.7186
4562,34233.1879
4563,34245.1069
4564,34257.3366
4565,34268.3761
4566,34277.5412
4567,34293.6337
4568,34310.2531
4569,34321.3303
4570,34332.3841
4571,34343.7564
4572,34350.4174
4573,34362.0834
4574,34369.2067
4575,34377.3119
4576,34388.4182
4577,34403.4789
4578,34414.2466
4579,34426.9462
4580,34441.5379
4581,34452.3442
4582,34466.3765
4583,34478.5345
4584,34489.5694
4585,34498.2715
4586,34506.8538
4587,34519.1722
4588,34532.7170
4589,34543.5956
4590,34581.1944
4591,34593.5578
4592,34601.3682
4593,34608.5203
4594,34622.7567
4595,34631.8600
4596,34643.7721
4597,34654.4256
4598,34671.7048
4599,34686.7285
4600,34700.7780
4601,34719.3460
4602,34730.3965
4603,34740.5779
4604,34751.1904
4605,34763.5558
4606,34777.0309
4607,34790.1909
4608,34803.2885
4609,34814.1530
4610,34823.7324
4611,34832.5472
4612,34846.1375
4613,34855.3669
4614,34864.2502
4615,34873.6680
4616,34884.1088
4617,34892.2577
4618,34904.3570
4619,34917.5446
4620,34928.8495
4621,34942.0192
4622,34952.2610
4623,34960.5191
4624,34968.8132
4625,34981.6842
4626,34990.0675
4627,35003.4988
4628,35021.7299
4629,35031.8346
4630,35045.4247
4631,35058.5315
4632,35069.1285
4633,35081.7356
4634,35092.6499
4635,35101.3081
4636,35114.5878
4637,35129.8702
4638,35138.0310
4639,35149.5919
4640,35162.0622
4641,35173.5933
4642,35183.1019
4643,35195.2257
4644,35210.9835
4645,35224.7255
4646,35237.4377
4647,35251.5879
4648,35263.9112
4649,35275.9798
4650,35288.0957
4651,35300.6930
4652,35315.0437
4653,35330.6339
4654,35343.6024
4655,35356.7448
4656,35365.7675
4657,35375.9413
4658,35385.6962
4659,35399.5996
4660,35413.7471
4661,35425.1416
4662,35437.3939
4663,35449.3668
4664,35464.9873
4665,35477.8855
4666,35487.2079
4667,35497.7875
4668,35515.6460
4669,35527.1258
4670,35542.4023
4671,35550.9570
4672,35561.1024
4673,35568.8219
4674,35578.5420
4675,35587.7521
4676,35597.4863
4677,35607.0738
4678,35615.8895
4679,35621.6078
4680,35632.9618
4681,35642.7894
4682,35652.0262
4683,35665.5703
4684,35676.4145
4685,35684.2003
4686,35696.4295
4687,35712.3914
4688,35719.3663
4689,35730.9823
4690,35740.0343
4691,35758.0912
4692,35771.3962
4693,35781.9793
4694,35795.4197
4695,35807.6282
4696,35822.3586
4697,35830.3387
4698,35846.2605
4699,35855.6006
4700,35869.2636
4701,35882.8506
4702,35894.1200
4703,35907.6118
4704,35919.0979
4705,35933.3589
4706,35946.7101
4707,35959.8007
4708,35973.6581
4709,35982.0938
4710,35995.0068
4711,36014.7164
4712,36038.8725
4713,36046.9282
4714,36056.6916
4715,36068.7757
4716,36080.3525
4717,36090.8062
4718,36104.4693
4719,36113.7428
4720,36123.8163
4721,36135.7005
4722,36147.1925
4723,36157.1281
4724,36171.2067
4725,36179.1062
4726,36188.0276
4727,36200.7954
4728,36211.2534
4729,36221.0479
4730,36231.8907
4731,36242.2829
4732,36253.4163
4733,36267.0622
4734,36280.2978
4735,36291.1010
4736,36308.6998
4737,36321.8913
4738,36338.9800
4739,36354.7175
4740,36367.6867
4741,36377.4891
4742,36385.0889
4743,36395.4334
4744,36408.6299
4745,36419.9653
4746,36431.0701
4747,36442.7395
4748,36457.4533
4749,36471.7512
4750,36485.1770
4751,36498.3010
4752,36514.9252
4753,36524.9012
4754,36533.2456
4755,36543.5107
4756,36556.2134
4757,36567.7700
4758,36581.3959
4759,36593.7059
4760,36603.9436
4761,36618.7654
4762,36629.5607
4763,36639.1306
4764,36647.9406
4765,36660.8407
4766,36669.4546
4767,36679.8563
4768,36691.0834
4769,36703.3324
4770,36716.7199
4771,36731.4408
4772,36746.6373
4773,36757.1242
4774,36768.6889
4775,36780.8614
4776,36792.3341
4777,36799.8779
4778,36812.2993
4779,36827.2488
4780,36832.4564
4781,36841.0742
4782,36848.0923
4783,36857.4183
4784,36867.5716
4785,36877.8584
4786,36888.6671
4787,36900.4893
4788,36910.7926
4789,36920.2178
4790,36930.9938
4791,36945.2415
4792,36954.0670
4793,36962.9350
4794,36971.0891
4795,36984.3845
4796,36994.9253
4797,37006.3777
4798,37019.5127
4799,37039.5811
4800,37046.6626
4801,37056.6235
4802,37068.1536
4803,37078.5117
4804,37083.4918
4805,37098.3958
4806,37108.9776
4807,37116.4656
4808,37127.7807
4809,37139.6594
4810,37152.6184
4811,37166.6434
4812,37179.0249
4813,37189.0688
4814,37199.7859
4815,37212.4791
4816,37224.3469
4817,37238.7748
4818,37250.2296
4819,37266.3329
4820,37282.8012
4821,37292.1033
4822,37308.9428
4823,37320.6401
4824,37332.9623
4825,37347.9950
4826,37358.0115
4827,37365.6864
4828,37373.2102
4829,37380.2831
4830,37388.8218
4831,37402.2219
4832,37408.8302
4833,37423.5880
4834,37437.2032
4835,37459.6779
4836,37466.0716
4837,37478.7116
4838,37492.6078
4839,37500.4287
4840,37507.3376
4841,37517.1003
4842,37525.2919
4843,37533.1407
4844,37545.5654
4845,37553.6051
4846,37561.4629
4847,37570.2946
4848,37581.8818
4849,37589.1654
4850,37599.7391
4851,37607.3697
4852,37618.3360
4853,37630.4591
4854,37640.2323
4855,37649.4625
4856,37659.1032
4857,37671.0262
4858,37684.8845
4859,37696.9199
4860,37707.0701
4861,37715.4744
4862,37723.5703
4863,37736.1045
4864,37748.2393
4865,37756.1464
4866,37766.6581
4867,37777.0896
4868,37786.6104
4869,37797.4930
4870,37814.1499
4871,37822.3760
4872,37841.9111
4873,37852.4537
4874,37862.6626
4875,37875.8533
4876,37885.9451
4877,37896.6382
4878,37915.1955
4879,37925.8857
4880,37947.1881
4881,37958.3123
4882,37970.2072
4883,37983.4402
4884,37997.8850
4885,38007.7627
4886,38025.0134
4887,38036.7019
4888,38051.0211
4889,38078.0182
4890,38084.9760
4891,38096.5085
4892,38109.2691
4893,38115.1028
4894,38126.9560
4895,38141.1874
4896,38154.3622
4897,38167.2134
4898,38178.6861
4899,38189.9354
4900,38199.7390
4901,38210.1488
4902,38221.3249
4903,38229.2931
4904,38240.1066
4905,38251.0018
4906,38261.2782
4907,38272.5093
4908,38287.2069
4909,38297.4358
4910,38311.8677
4911,38319.7927
4912,38332.3426
4913,38347.1889
4914,38361.3858
4915,38368.7181
4916,38382.4358
4917,38397.1703
4918,38406.2479
4919,38417.5632
4920,38431.4187
4921,38440.5394
4922,38450.3574
4923,38461.2594
4924,38473.8443
4925,38486.2311
4926,38497.0922
4927,38512.0051
4928,38523.4144
4929,38535.3191
4930,38546.5837
4931,38557.8742
4932,38569.8800
4933,38585.0940
4934,38594.4421
4935,38603.0784
4936,38613.9753
4937,38623.0805
4938,38631.4507
4939,38640.4176
4940,38650.7432
4941,38660.4707
4942,38668.4449
4943,38677.8538
4944,38687.5651
4945,38699.2953
4946,38710.0563
4947,38718.0877
4948,38727.5193
4949,38736.3119
4950,38752.8052
4951,38766.5105
4952,38777.2412
4953,38788.7681
4954,38803.7565
4955,38817.9171
4956,38831.0866
4957,38851.6233
4958,38860.8670
4959,38869.0846
4960,38878.6423
4961,38887.4714
4962,38899.7116
4963,38912.8733
4964,38922.5028
4965,38931.3416
4966,38953.0342
4967,38963.8515
4968,38972.2631
4969,38983.5360
4970,38997.7956
4971,39008.7526
4972,39020.5531
4973,39035.4533
4974,39046.4795
4975,39060.7581
4976,39069.8364
4977,39086.0455
4978,39097.2929
4979,39107.1391
4980,39120.8074
4981,39132.6005
4982,39145.2868
4983,39153.5075
4984,39162.8699
4985,39172.5144
4986,39185.9107
4987,39194.7823
4988,39206.9058
4989,39217.7145
4990,39230.5286
4991,39246.6836
4992,39259.1472
4993,39280.4062
4994,39293.2310
4995,39308.0001
4996,39326.9968
4997,39343.5040
4998,39360.8885
4999,39376.0862
5000,39390.7557
5001,39404.6695
5002,39418.8976
5003,39430.7086
5004,39442.3444
5005,39451.0107
5006,39461.4813
5007,39471.6659
5008,39483.1004
5009,39497.2317
5010,39511.9867
5011,39519.8488
5012,39535.4085
5013,39549.8226
5014,39563.1626
5015,39581.3363
5016,39592.0396
5017,39603.9834
5018,39612.7489
5019,39624.8181
5020,39638.1459
5021,39663.5644
5022,39679.1756
5023,39683.9797
5024,39695.9918
5025,39706.6138
5026,39716.6355
5027,39727.8388
5028,39736.7632
5029,39746.3882
5030,39753.4378
5031,39766.5637
5032,39780.1821
5033,39799.4497
5034,39809.1581
5035,39818.0504
5036,39829.3874
5037,39847.0650
5038,39863.0280
5039,39875.6959
5040,39890.6784
5041,39898.9210
5042,39917.4826
5043,39929.0471
5044,39936.9402
5045,39948.1900
5046,39959.0120
5047,39966.9566
5048,39988.5843
5049,40004.8997
5050,40024.1745
5051,40035.8629
5052,40046.0868
5053,40054.4119
5054,40063.2286
5055,40072.4440
5056,40084.1911
5057,40097.0905
5058,40106.5209
5059,40115.6557
5060,40123.1658
5061,40130.3012
5062,40141.6142
5063,40156.3911
5064,40163.9459
5065,40175.9224
5066,40184.1660
5067,40192.4286
5068,40206.9247
5069,40221.5931
5070,40234.5858
5071,40245.5361
5072,40259.2623
5073,40275.6050
5074,40283.3259
5075,40293.5486
5076,40303.3128
5077,40319.5479
5078,40327.8136
5079,40334.7700
5080,40344.0838
5081,40353.6606
5082,40366.9012
5083,40378.6106
5084,40389.2336
5085,40403.0094
5086,40417.6462
5087,40428.8127
5088,40441.4709
5089,40454.4435
5090,40482.7402
5091,40493.7489
5092,40501.3986
5093,40510.2699
5094,40518.1901
5095,40527.0278
5096,40534.7412
5097,40541.9440
5098,40548.7249
5099,40554.9212
5100,40563.9400
5101,40573.6711
5102,40583.8637
5103,40591.8522
5104,40601.6974
5105,40610.5821
5106,40618.6888
5107,40628.3674
5108,40641.5629
5109,40650.7556
5110,40657.8057
5111,40667.7487
5112,40679.5940
5113,40687.1088
5114,40700.0377
5115,40706.7466
5116,40716.3150
5117,40724.0314
5118,40733.5546
5119,40740.0856
5120,40748.8232
5121,40758.4944
5122,40769.3391
5123,40779.1448
5124,40792.1724
5125,40799.3107
5126,40808.1057
5127,40820.4439
5128,40835.2244
5129,40849.8125
5130,40861.5100
5131,40875.6683
5132,40887.3668
5133,40899.6499
5134,40909.6706
5135,40921.2856
5136,40936.5876
5137,40950.0616
5138,40961.9117
5139,40971.8866
5140,40985.4071
5141,40997.8037
5142,41011.5416
5143,41023.6201
5144,41037.6086
5145,41049.9725
5146,41059.1435
5147,41071.9454
5148,41085.2113
5149,41096.7989
5150,41110.2886
5151,41116.4157
5152,41123.1952
5153,41135.3388
5154,41149.9462
5155,41164.3391
5156,41179.4705
5157,41194.1707
5158,41206.8582
5159,41219.0886
5160,41234.8731
5161,41248.7652
5162,41263.1745
5163,41276.7582
5164,41289.0098
5165,41299.0019
5166,41307.0700
5167,41316.4275
5168,41329.5722
5169,41337.9045
5170,41347.2171
5171,41362.4394
5172,41371.2013
5173,41382.1728
5174,41396.0223
5175,41410.0022
5176,41426.9667
5177,41441.5269
5178,41450.0120
5179,41504.8177
5180,41513.7792
5181,41520.1659
5182,41526.5672
5183,41535.5117
5184,41543.6616
5185,41555.3205
5186,41576.7229
5187,41590.9734
5188,41604.0418
5189,41610.8479
5190,41625.7515
5191,41639.4074
5192,41651.7439
5193,41673.7931
5194,41686.5916
5195,41695.5841
5196,41705.6444
5197,41723.1500
5198,41732.3098
5199,41740.6366
5200,41748.8842
5201,41757.8526
5202,41770.1631
5203,41786.7186
5204,41802.2892
5205,41817.7593
5206,41829.5493
5207,41845.1281
5208,41860.0726
5209,41868.4089
5210,41880.8880
5211,41889.8306
5212,41899.5926
5213,41907.9335
5214,41923.3601
5215,41939.6627
5216,41952.3206
5217,41960.9637
5218,41969.8846
5219,41979.9240
5220,41989.9545
5221,41998.9791
5222,42008.7867
5223,42019.2409
5224,42031.0743
5225,42039.9609
5226,42059.2704
5227,42066.6611
5228,42078.0275
5229,42089.9460
5230,42102.5400
5231,42110.5785
5232,42123.2409
5233,42135.7465
5234,42149.1554
5235,42160.5721
5236,42171.8538
5237,42181.6816
5238,42193.8336
5239,42203.9247
5240,42216.0156
5241,42231.9698
5242,42241.8749
5243,42255.6562
5244,42266.2258
5245,42276.0165
5246,42287.7703
5247,42300.6561
5248,42311.1525
5249,42323.4258
5250,42334.6586
5251,42347.8572
5252,42358.3813
5253,42371.3925
5254,42382.9207
5255,42398.5043
5256,42410.4404
5257,42423.2271
5258,42434.4058
5259,42445.6136
5260,42457.5021
5261,42469.8448
5262,42481.6504
5263,42498.5254
5264,42531.0390
5265,42546.0675
5266,42557.7855
5267,42565.0947
5268,42575.4130
5269,42580.6446
5270,42587.3120
5271,42594.9140
5272,42604.5408
5273,42616.2655
5274,42632.1096
5275,42646.6577
5276,42659.5948
5277,42665.8292
5278,42678.8619
5279,42690.3698
5280,42702.5623
5281,42714.2601
5282,42722.1670
5283,42732.9879
5284,42742.4195
5285,42759.1882
5286,42782.1071
5287,42793.5674
5288,42804.3244
5289,42813.1046
5290,42825.4206
5291,42841.8655
5292,42851.3236
5293,42862.6349
5294,42875.0427
5295,42896.1694
5296,42903.4300
5297,42918.8678
5298,42933.0542
5299,42947.2575
5300,42957.7596
5301,42967.2132
5302,42983.0501
5303,42996.4056
5304,43007.4658
5305,43020.5264
5306,43033.1967
5307,43046.1118
5308,43057.0025
5309,43067.6303
5310,43084.1277
5311,43098.3081
5312,43111.6264
5313,43126.9693
5314,43139.6499
5315,43153.1515
5316,43168.0439
5317,43180.1190
5318,43191.6912
5319,43205.2784
5320,43214.7048
5321,43227.0045
5322,43237.7229
5323,43248.1585
5324,43263.5450
5325,43278.7514
5326,43286.8433
5327,43299.4275
5328,43310.2579
5329,43322.9911
5330,43343.2631
5331,43363.2329
5332,43371.0492
5333,43381.0542
5334,43387.9621
5335,43399.8563
5336,43411.9825
5337,43420.2795
5338,43430.5935
5339,43446.5668
5340,43457.0227
5341,43466.5430
5342,43478.0929
5343,43487.3319
5344,43499.0814
5345,43510.6466
5346,43523.1085
5347,43532.9213
5348,43543.6010
5349,43555.4018
5350,43567.1873
5351,43576.2889
5352,43584.9800
5353,43592.9329
5354,43600.5249
5355,43608.6273
5356,43616.0131
5357,43624.0051
5358,43631.5706
5359,43642.0193
5360,43651.2160
5361,43659.4946
5362,43667.3317
5363,43676.0604
5364,43686.7394
5365,43700.2418
5366,43704.4249
5367,43712.0016
5368,43723.3560
5369,43736.8648
5370,43749.1357
5371,43762.9273
5372,43772.0447
5373,43786.0484
5374,43800.4673
5375,43810.8299
5376,43824.3089
5377,43834.4343
5378,43844.5280
5379,43858.5684
5380,43870.9662
5381,43884.5088
5382,43899.4691
5383,43912.6806
5384,43924.3138
5385,43936.9183
5386,43950.5105
5387,43962.0502
5388,43975.2343
5389,43989.0656
5390,44004.8645
5391,44012.9070
5392,44022.2507
5393,44032.5227
5394,44038.1312
5395,44047.8082
5396,44057.6718
5397,44064.9059
5398,44072.0856
5399,44081.2252
5400,44088.9719
5401,44098.3219
5402,44107.5935
5403,44114.5194
5404,44122.4263
5405,44133.6112
5406,44145.7961
5407,44160.8217
5408,44172.9331
5409,44185.1530
5410,44196.9194
5411,44209.7535
5412,44222.3709
5413,44240.1366
5414,44257.5207
5415,44273.8569
5416,44293.1354
5417,44299.9759
5418,44310.6973
5419,44320.1959
5420,44332.1683
5421,44340.5077
5422,44350.8005
5423,44359.8940
5424,44367.1696
5425,44376.4217
5426,44384.8004
5427,44396.5445
5428,44404.9954
5429,44418.3090
5430,44433.6054
5431,44446.8708
5432,44453.8174
5433,44461.5581
5434,44468.2891
5435,44479.3921
5436,44490.3433
5437,44502.4509
5438,44515.9326
5439,44522.9094
5440,44530.5710
5441,44540.0181
5442,44550.5445
5443,44558.9182
5444,44569.1624
5445,44579.7894
5446,44586.4146
5447,44596.8413
5448,44603.1010
5449,44613.8775
5450,44623.9841
5451,44635.5679
5452,44651.1335
5453,44661.2749
5454,44671.3891
5455,44678.4668
5456,44689.4660
5457,44696.8167
5458,44711.8843
5459,44721.1800
5460,44738.8291
5461,44757.0791
5462,44765.5694
5463,44774.9314
5464,44786.6108
5465,44797.9140
5466,44812.0482
5467,44819.3073
5468,44831.0621
5469,44841.0015
5470,44858.3868
5471,44874.2344
5472,44885.9775
5473,44903.7397
5474,44920.7847
5475,44935.5140
5476,44951.0818
5477,44967.4234
5478,44983.5823
5479,45003.2260
5480,45021.4655
5481,45030.8237
5482,45047.9841
5483,45058.7881
5484,45068.6228
5485,45082.8547
5486,45100.6362
5487,45115.3548
5488,45125.9413
5489,45134.0697
5490,45148.2179
5491,45153.1160
5492,45162.0507
5493,45176.5945
5494,45184.2878
5495,45196.4335
5496,45202.9300
5497,45209.6734
5498,45224.1545
5499,45234.3197
5500,45242.4750
5501,45254.1645
5502,45264.2000
5503,45278.4319
5504,45287.5481
5505,45298.7838
5506,45310.2169
5507,45319.0479
5508,45327.4033
5509,45335.9885
5510,45344.8253
5511,45356.9703
5512,45402.8332
5513,45414.1164
5514,45422.8046
5515,45429.1413
5516,45438.2591
5517,45448.4537
5518,45464.2041
5519,45476.6409
5520,45485.7407
5521,45494.2515
5522,45502.3167
5523,45517.9460
5524,45525.9836
5525,45539.4168
5526,45552.3181
5527,45563.7081
5528,45576.0341
5529,45586.5309
5530,45599.2253
5531,45611.9239
5532,45623.1697
5533,45631.1030
5534,45639.3225
5535,45647.3949
5536,45657.9154
5537,45666.8530
5538,45676.5323
5539,45694.1311
5540,45800.3862
5541,45808.4075
5542,45818.7556
5543,45829.7091
5544,45836.1802
5545,45849.2801
5546,45862.5488
5547,45875.7613
5548,45888.1679
5549,45904.6521
5550,45918.5088
5551,45930.1431
5552,45942.0378
5553,45954.8361
5554,45974.2048
5555,45987.7784
5556,45997.5622
5557,46012.0370
5558,46019.1045
5559,46030.7605
5560,46043.8592
5561,46059.0887
5562,46068.1000
5563,46085.8533
5564,46101.5892
5565,46112.7193
5566,46126.7025
5567,46134.2840
5568,46146.0478
5569,46157.4969
5570,46167.0647
5571,46174.7360
5572,46185.4315
5573,46196.7366
5574,46209.4443
5575,46217.9811
5576,46226.3932
5577,46237.5567
5578,46248.1210
5579,46254.8425
5580,46264.5140
5581,46276.7830
5582,46291.2412
5583,46307.3523
5584,46320.9076
5585,46333.7030
5586,46347.5020
5587,46361.7609
5588,46373.6784
5589,46385.6218
5590,46395.6540
5591,46407.7821
5592,46419.4469
5593,46431.5455
5594,46441.2982
5595,46451.0510
5596,46457.5820
5597,46470.8853
5598,46486.2573
5599,46502.3520
5600,46519.6252
5601,46532.2711
5602,46543.1261
5603,46551.3153
5604,46559.8586
5605,46567.4145
5606,46576.1588
5607,46588.1352
5608,46605.6230
5609,46614.7277
5610,46627.6717
5611,46643.6071
5612,46653.5633
5613,46661.7515
5614,46674.0246
5615,46682.6251
5616,46689.6009
5617,46699.7271
5618,46712.1987
5619,46720.2268
5620,46741.7986
5621,46751.1640
5622,46763.6297
5623,46775.7680
5624,46787.5211
5625,46798.6691
5626,46811.6710
5627,46824.0478
5628,46836.8576
5629,46849.4303
5630,46863.3287
5631,46874.0315
5632,46881.0487
5633,46888.8242
5634,46903.3387
5635,46915.4170
5636,46928.8647
5637,46942.6858
5638,46953.4175
5639,46965.6568
5640,46977.5143
5641,46987.3705
5642,47004.1752
5643,47020.3001
5644,47037.8981
5645,47052.5584
5646,47065.7468
5647,47083.2455
5648,47094.4588
5649,47108.4702
5650,47128.3858
5651,47145.5283
5652,47153.2607
5653,47165.0631
5654,47174.0377
5655,47182.0905
5656,47192.3680
5657,47201.5994
5658,47211.9129
5659,47221.7307
5660,47228.8334
5661,47237.0956
5662,47246.2988
5663,47253.8538
5664,47264.9763
5665,47275.6498
5666,47284.9648
5667,47294.5204
5668,47306.4957
5669,47324.5769
5670,47340.3919
5671,47355.1319
5672,47367.8598
5673,47384.0106
5674,47399.6980
5675,47418.1063
5676,47430.2835
5677,47450.5532
5678,47461.4229
5679,47480.1357
5680,47493.7286
5681,47502.0802
5682,47516.9513
5683,47533.6797
5684,47545.4888
5685,47554.7857
5686,47566.1836
5687,47579.1116
5688,47592.8819
5689,47606.2627
5690,47619.5390
5691,47635.6778
5692,47649.3077
5693,47660.9023
5694,47680.5630
5695,47690.7725
5696,47697.1328
5697,47705.3778
5698,47718.7576
5699,47731.7073
5700,47753.6964
5701,47765.7995
5702,47777.9295
5703,47795.8934
5704,47808.3117
5705,47816.7229
5706,47824.2605
5707,47836.5238
5708,47850.0192
5709,47865.3443
5710,47878.3298
5711,47895.7679
5712,47910.5291
5713,47920.8767
5714,47936.0235
5715,47954.3612
5716,47970.2065
5717,47983.5365
5718,47997.6432
5719,48015.3215
5720,48032.6071
5721,48045.5019
5722,48060.5974
5723,48076.0524
5724,48083.3306
5725,48094.1803
5726,48100.5697
5727,48110.5592
5728,48120.6040
5729,48138.0231
5730,48148.8290
5731,48158.6709
5732,48168.3149
5733,48178.9320
5734,48193.8927
5735,48202.7962
5736,48214.3297
5737,48223.1550
5738,48235.1453
5739,48248.4565
5740,48261.9390
5741,48274.5974
5742,48284.8642
5743,48297.3325
5744,48312.4363
5745,48319.4880
5746,48328.4576
5747,48337.3191
5748,48353.8139
5749,48362.9649
5750,48375.2503
5751,48385.9527
5752,48397.6460
5753,48409.5867
5754,48420.5761
5755,48433.6681
5756,48445.6363
5757,48460.5112
5758,48473.8300
5759,48481.0007
5760,48491.1251
5761,48504.7903
5762,48519.3369
5763,48529.4392
5764,48546.2816
5765,48557.5747
5766,48566.8049
5767,48578.4450
5768,48586.5147
5769,48596.0720
5770,48604.9297
5771,48619.9687
5772,48634.0549
5773,48647.0246
5774,48657.8350
5775,48668.3042
5776,48686.6500
5777,48696.8391
5778,48705.5407
5779,48717.9391
5780,48732.0495
5781,48746.4674
5782,48757.1929
5783,48769.5806
5784,48779.6550
5785,48792.5739
5786,48803.8964
5787,48816.0813
5788,48824.7788
5789,48835.6886
5790,48848.0999
5791,48866.7972
5792,48875.1717
5793,48884.5367
5794,48899.6685
5795,48914.2334
5796,48924.0992
5797,48936.2590
5798,48952.0729
5799,48963.4800
5800,48970.6504
5801,48985.1873
5802,48995.4426
5803,49009.0647
5804,49017.6857
5805,49030.5028
5806,49043.3505
5807,49057.0805
5808,49071.3074
5809,49076.2022
5810,49087.3466
5811,49099.8030
5812,49115.1035
5813,49126.2283
5814,49140.6708
5815,49152.3182
5816,49166.8870
5817,49179.9517
5818,49186.7630
5819,49200.3384
5820,49211.8328
5821,49223.3450
5822,49236.3472
5823,49253.9194
5824,49268.4586
5825,49275.5647
5826,49285.9249
5827,49303.2475
5828,49315.5308
5829,49326.6659
5830,49335.0506
5831,49344.6398
5832,49354.6102
5833,49368.8366
5834,49379.4966
5835,49392.1266
5836,49399.0297
5837,49405.7148
5838,49417.4716
5839,49425.6294
5840,49436.8136
5841,49453.8536
5842,49462.6677
5843,49469.1660
5844,49476.0730
5845,49482.2896
5846,49491.2663
5847,49502.7318
5848,49515.9154
5849,49525.2073
5850,49534.5194
5851,49544.0643
5852,49554.9238
5853,49568.2812
5854,49578.5527
5855,49589.3452
5856,49599.0665
5857,49609.3307
5858,49621.1185
5859,49632.2908
5860,49646.5080
5861,49664.1207
5862,49671.3479
5863,49681.5617
5864,49694.5429
5865,49705.8818
5866,49718.5731
5867,49727.9496
5868,49740.0794
5869,49748.5404
5870,49763.8309
5871,49774.0524
5872,49780.6225
5873,49796.9522
5874,49805.7261
5875,49817.7419
5876,49829.9906
5877,49843.3561
5878,49854.3630
5879,49865.6714
5880,49877.8281
5881,49893.9075
5882,49904.7985
5883,49917.8126
5884,49929.4550
5885,49946.7382
5886,49958.3225
5887,49970.2339
5888,49981.8900
5889,49991.3979
5890,50004.5440
5891,50016.9332
5892,50028.6894
5893,50039.2621
5894,50052.1307
5895,50061.9342
5896,50072.9229
5897,50087.1956
5898,50096.9398
5899,50109.3407
5900,50134.9351
5901,50141.9747
5902,50150.3608
5903,50160.2097
5904,50171.2809
5905,50179.9376
5906,50190.1739
5907,50201.8905
5908,50213.4781
5909,50223.0651
5910,50230.4919
5911,50241.7929
5912,50261.3149
5913,50278.7330
5914,50287.7336
5915,50300.0543
5916,50310.1919
5917,50318.8634
5918,50330.6129
5919,50343.3583
5920,50361.0480
5921,50369.7717
5922,50385.3204
5923,50394.6338
5924,50402.5159
5925,50411.2551
5926,50420.0742
5927,50428.0949
5928,50437.0022
5929,50445.9288
5930,50455.9989
5931,50463.9201
5932,50472.2557
5933,50480.3150
5934,50492.6937
5935,50504.8919
5936,50520.2935
5937,50533.9725
5938,50542.2146
5939,50551.8858
5940,50567.7431
5941,50578.2464
5942,50588.8197
5943,50599.4511
5944,50615.0987
5945,50626.5080
5946,50643.8069
5947,50657.8608
5948,50668.9551
5949,50679.0457
5950,50689.7042
5951,50702.7318
5952,50708.9472
5953,50714.9415
5954,50723.3047
5955,50734.8225
5956,50747.9775
5957,50760.3970
5958,50773.2015
5959,50789.1047
5960,50799.7768
5961,50811.7673
5962,50823.9193
5963,50836.7071
5964,50848.9749
5965,50862.7436
5966,50874.6953
5967,50884.9955
5968,50894.7926
5969,50907.0692
5970,50920.7187
5971,50930.2826
5972,50940.9983
5973,50951.8185
5974,50963.1169
5975,50979.1186
5976,50992.0897
5977,51004.2474
5978,51017.6334
5979,51031.9791
5980,51043.9510
5981,51062.7341
5982,51071.8131
5983,51082.8869
5984,51089.2529
5985,51098.3987
5986,51111.0818
5987,51120.4681
5988,51128.6857
5989,51138.3102
5990,51148.0823
5991,51158.9627
5992,51167.8474
5993,51179.7645
5994,51193.0923
5995,51198.0083
5996,51211.4923
5997,51223.5162
5998,51233.8715
5999,51239.6142
6000,51253.4528
6001,51262.2340
6002,51272.9044
6003,51284.5747
6004,51297.1592
6005,51304.8720
6006,51315.3536
6007,51323.2293
6008,51333.6639
6009,51344.8403
6010,51354.0721
6011,51364.3024
6012,51375.0749
6013,51389.3940
6014,51405.4449
6015,51418.3319
6016,51431.5286
6017,51441.7751
6018,51450.4507
6019,51464.9425
6020,51480.7606
6021,51496.0003
6022,51506.5310
6023,51518.7867
6024,51540.0033
6025,51564.3260
6026,51576.6771
6027,51586.7784
6028,51596.5908
6029,51606.7441
6030,51616.9620
6031,51633.3265
6032,51647.1212
6033,51661.5746
6034,51674.6571
6035,51684.5999
6036,51695.4823
6037,51708.5297
6038,51720.1915
6039,51729.4755
6040,51744.0243
6041,51758.1813
6042,51771.1480
6043,51788.6617
6044,51800.2529
6045,51811.9075
6046,51822.7894
6047,51835.2094
6048,51848.5107
6049,51860.9238
6050,51871.2816
6051,51881.6524
6052,51892.5419
6053,51902.7092
6054,51911.0384
6055,51921.3204
6056,51936.0189
6057,51948.2479
6058,51956.4946
6059,51969.8260
6060,51984.2997
6061,51996.1691
6062,52006.4800
6063,52018.8181
6064,52030.3373
6065,52040.8423
6066,52052.5725
6067,52066.8807
6068,52073.8876
6069,52091.4187
6070,52106.6797
6071,52115.4797
6072,52120.9731
6073,52132.3488
6074,52139.5888
6075,52146.1706
6076,52160.8768
6077,52171.2384
6078,52187.7577
6079,52196.1501
6080,52207.4034
6081,52219.1396
6082,52243.9079
6083,52250.8993
6084,52263.8052
6085,52274.1377
6086,52281.5573
6087,52293.6294
6088,52303.6094
6089,52317.3718
6090,52329.1562
6091,52344.1081
6092,52360.4510
6093,52371.4573
6094,52387.5003
6095,52402.6175
6096,52410.0928
6097,52427.9666
6098,52442.2438
6099,52453.7663
6100,52468.0438
6101,52478.7185
6102,52487.1948
6103,52498.0407
6104,52509.1636
6105,52522.5563
6106,52531.8847
6107,52539.2590
6108,52545.2480
6109,52553.0944
6110,52558.6746
6111,52565.5773
6112,52575.4349
6113,52582.8066
6114,52592.4015
6115,52601.5599
6116,52610.5831
6117,52617.9254
6118,52626.1492
6119,52638.5193
6120,52647.4435
6121,52658.0110
6122,52670.3129
6123,52754.4613
6124,52766.9520
6125,52778.1880
6126,52787.3366
6127,52799.9225
6128,52812.5401
6129,52824.4991
6130,52831.9962
6131,52839.0014
6132,52847.8913
6133,52858.9032
6134,52866.4443
6135,52874.5959
6136,52885.5333
6137,52897.0001
6138,52904.5300
6139,52912.8823
6140,52920.9988
6141,52932.7865
6142,52947.1614
6143,52959.7251
6144,52973.1050
6145,52984.3776
6146,52996.4826
6147,53009.1054
6148,53024.8191
6149,53042.8073
6150,53054.9021
6151,53067.4570
6152,53082.4099
6153,53091.1210
6154,53102.4513
6155,53115.6294
6156,53129.7066
6157,53143.2936
6158,53153.3613
6159,53164.1424
6160,53184.2937
6161,53194.2265
6162,53204.6361
6163,53213.9053
6164,53228.2336
6165,53237.5355
6166,53253.5191
6167,53262.6717
6168,53278.1174
6169,53292.8371
6170,53304.6029
6171,53317.9140
6172,53329.6783
6173,53340.6835
6174,53355.6139
6175,53365.9742
6176,53374.5496
6177,53385.9441
6178,53398.8392
6179,53411.5019
6180,53419.0941
6181,53429.9121
6182,53442.4326
6183,53455.5440
6184,53466.4383
6185,53477.4020
6186,53487.3974
6187,53495.7166
6188,53508.3776
6189,53520.2298
6190,53532.8941
6191,53546.7145
6192,53556.9518
6193,53565.9475
6194,53575.4480
6195,53582.9694
6196,53595.7196
6197,53604.4965
6198,53616.1823
6199,53622.5388
6200,53632.1013
6201,53640.7824
6202,53647.6412
6203,53656.5549
6204,53663.9452
6205,53674.2771
6206,53680.6130
6207,53688.5808
6208,53696.5487
6209,53705.9095
6210,53719.5189
6211,53733.5351
6212,53746.4657
6213,53759.4528
6214,53775.4390
6215,53784.4031
6216,53793.1197
6217,53806.4971
6218,53814.2200
6219,53823.5915
6220,53833.2386
6221,53839.8707
6222,53848.2413
6223,53856.5779
6224,53869.9470
6225,53880.0545
6226,53890.5008
6227,53899.0226
6228,53908.7014
6229,53916.8952
6230,53928.4985
6231,53937.4411
6232,53947.9296
6233,53957.7188
6234,53970.0534
6235,53985.0640
6236,53999.2666
6237,54012.2638
6238,54024.8127
6239,54034.3773
6240,54047.4479
6241,54059.8171
6242,54068.9197
6243,54080.8239
6244,54089.6130
6245,54096.1196
6246,54106.7913
6247,54112.6068
6248,54120.1735
6249,54136.1244
6250,54149.1468
6251,54165.8282
6252,54178.8516
6253,54193.1157
6254,54209.2123
6255,54218.1807
6256,54229.9511
6257,54235.5850
6258,54244.1707
6259,54252.8090
6260,54260.1898
6261,54266.7789
6262,54283.0479
6263,54293.1411
6264,54301.1565
6265,54315.6545
6266,54327.7123
6267,54339.8709
6268,54358.0739
6269,54368.9921
6270,54383.6129
6271,54389.9834
6272,54399.2429
6273,54411.3488
6274,54423.9542
6275,54430.8059
6276,54439.7292
6277,54454.1328
6278,54467.7923
6279,54483.5923
6280,54498.3132
6281,54508.0700
6282,54523.9213
6283,54557.4334
6284,54563.8762
6285,54578.6421
6286,54595.0599
6287,54605.1412
6288,54611.0239
6289,54621.9954
6290,54635.1609
6291,54652.5474
6292,54667.2785
6293,54676.2049
6294,54685.5612
6295,54699.6932
6296,54715.7540
6297,54727.9644
6298,54740.4864
6299,54751.0545
6300,54765.2023
6301,54780.9951
6302,54795.7046
6303,54813.8354
6304,54820.8456
6305,54829.5622
6306,54836.5207
6307,54848.4633
6308,54857.7893
6309,54867.8484
6310,54878.8540
6311,54897.9707
6312,54910.2802
6313,54924.7916
6314,54933.0587
6315,54945.6592
6316,54958.7982
6317,54968.8313
6318,54984.0336
6319,54993.3257
6320,55000.7126
6321,55011.7664
6322,55021.6784
6323,55032.8729
6324,55042.0315
6325,55053.7429
6326,55068.6305
6327,55082.1083
6328,55099.4642
6329,55108.8417
6330,55118.8598
6331,55129.6127
6332,55136.9948
6333,55145.5829
6334,55163.1219
6335,55171.8988
6336,55179.4221
6337,55186.4364
6338,55192.7056
6339,55202.0323
6340,55215.0223
6341,55226.1631
6342,55234.0803
6343,55245.8916
6344,55258.6234
6345,55270.9298
6346,55287.0374
6347,55297.0054
6348,55310.3821
6349,55322.1116
6350,55335.5746
6351,55344.5203
6352,55357.0781
6353,55364.9354
6354,55374.2070
6355,55384.9413
6356,55395.4492
6357,55411.9310
6358,55425.9350
6359,55432.6923
6360,55449.3177
6361,55456.7525
6362,55472.1322
6363,55482.9121
6364,55492.7828
6365,55506.0630
6366,55519.0115
6367,55527.6673
6368,55537.9190
6369,55548.3143
6370,55559.6192
6371,55569.8185
6372,55580.3075
6373,55593.3073
6374,55601.3131
6375,55608.8088
6376,55629.6999
6377,55645.5042
6378,55660.7704
6379,55673.8949
6380,55683.3632
6381,55694.5515
6382,55709.1999
6383,55719.1098
6384,55731.1532
6385,55740.8593
6386,55747.3691
6387,55757.0391
6388,55763.9685
6389,55776.5532
6390,55787.0877
6391,55795.5773
6392,55814.9724
6393,55826.0660
6394,55836.6532
6395,55844.4273
6396,55889.8485
6397,55899.5609
6398,55905.5846
6399,55915.3302
6400,55921.0012
6401,55927.3303
6402,55937.7019
6403,55946.2643
6404,55957.8948
6405,55972.5564
6406,55981.7417
6407,55997.1232
6408,56008.1930
6409,56016.4983
6410,56031.9638
6411,56045.1174
6412,56055.9237
6413,56064.8701
6414,56075.3198
6415,56087.0101
6416,56094.7850
6417,56103.6286
6418,56114.0401
6419,56121.8307
6420,56132.8261
6421,56144.0477
6422,56153.7414
6423,56165.8940
6424,56177.3002
6425,56188.4017
6426,56198.9076
6427,56209.5535
6428,56219.6214
6429,56231.9908
6430,56241.6925
6431,56252.8799
6432,56262.2781
6433,56271.6026
6434,56280.9327
6435,56290.2176
6436,56301.4479
6437,56316.7543
6438,56329.9065
6439,56337.3551
6440,56350.6658
6441,56361.0263
6442,56367.6724
6443,56375.8039
6444,56387.4071
6445,56398.9272
6446,56409.0145
6447,56421.0231
6448,56435.9984
6449,56442.7774
6450,56455.3967
6451,56467.0503
6452,56479.8782
6453,56493.6788
6454,56503.0856
6455,56517.0460
6456,56536.5970
6457,56547.2074
6458,56554.9564
6459,56564.1661
6460,56574.3966
6461,56588.2788
6462,56599.6943
6463,56614.9132
6464,56624.5613
6465,56632.8113
6466,56644.7721
6467,56655.7319
6468,56669.9286
6469,56676.2912
6470,56688.8924
6471,56697.3152
6472,56704.2263
6473,56712.7199
6474,56722.0211
6475,56732.1353
6476,56744.3559
6477,56754.5440
6478,56765.5721
6479,56777.5576
6480,56785.6400
6481,56797.9395
6482,56810.4181
6483,56818.8643
6484,56828.9015
6485,56836.9079
6486,56845.5060
6487,56856.3714
6488,56869.4725
6489,56878.0913
6490,56887.5198
6491,56898.9916
6492,56912.8840
6493,56929.3060
6494,56944.5841
6495,56962.4054
6496,56973.0070
6497,56983.8998
6498,56999.9118
6499,57011.7316
6500,57019.1383
6501,57036.7446
6502,57046.0436
6503,57053.9978
6504,57070.0226
6505,57080.1435
6506,57091.1107
6507,57100.6484
6508,57112.8705
6509,57126.3320
6510,57137.9716
6511,57147.4717
6512,57158.2258
6513,57169.5516
6514,57182.9188
6515,57191.8397
6516,57200.4294
6517,57209.7962
6518,57217.9639
6519,57231.4234
6520,57241.6863
6521,57254.6105
6522,57268.3594
6523,57279.7177
6524,57287.5407
6525,57298.4133
6526,57311.8780
6527,57331.2454
6528,57341.9313
6529,57352.9038
6530,57366.9584
6531,57379.9450
6532,57392.8971
6533,57412.9627
6534,57419.8456
6535,57435.1952
6536,57444.2401
6537,57452.7771
6538,57469.6543
6539,57478.5924
6540,57486.1269
6541,57496.3028
6542,57510.2990
6543,57522.1510
6544,57532.8808
6545,57543.0453
6546,57555.9671
6547,57566.8941
6548,57582.1977
6549,57591.0804
6550,57597.2705
6551,57603.4722
6552,57613.7578
6553,57624.7175
6554,57635.7198
6555,57649.6389
6556,57673.1298
6557,57685.4055
6558,57697.5946
6559,57710.2449
6560,57719.4457
6561,57731.7352
6562,57744.8823
6563,57757.8475
6564,57769.9938
6565,57790.9343
6566,57800.6160
6567,57813.0744
6568,57824.2199
6569,57833.0648
6570,57847.1229
6571,57859.8597
6572,57868.8996
6573,57881.4528
6574,57893.6398
6575,57906.5657
6576,57917.4101
6577,57930.3999
6578,57936.7743
6579,57949.2776
6580,57962.1119
6581,57968.5981
6582,57982.7201
6583,57997.4325
6584,58009.3231
6585,58020.0279
6586,58031.3625
6587,58042.0506
6588,58054.4531
6589,58067.4117
6590,58081.9223
6591,58090.6153
6592,58098.3927
6593,58111.3791
6594,58122.0000
6595,58132.9181
6596,58145.9754
6597,58159.3072
6598,58175.5135
6599,58193.4659
6600,58203.3856
6601,58215.5674
6602,58229.5976
6603,58239.5420
6604,58251.4486
6605,58268.3117
6606,58277.0782
6607,58287.2796
6608,58300.3025
6609,58312.1803
6610,58325.9408
6611,58335.1908
6612,58351.9778
6613,58365.7939
6614,58375.3099
6615,58384.1920
6616,58396.3680
6617,58402.7138
6618,58414.3569
6619,58423.2020
6620,58431.0381
6621,58441.7763
6622,58448.8747
6623,58456.9883
6624,58471.0705
6625,58483.8812
6626,58497.3316
6627,58511.2240
6628,58525.4974
6629,58545.4552
6630,58555.7175
6631,58569.0265
6632,58579.3617
6633,58587.4357
6634,58597.1613
6635,58604.4805
6636,58617.6815
6637,58632.3376
6638,58647.4195
6639,58666.3303
6640,58675.1716
6641,58685.1914
6642,58698.3914
6643,58710.2072
6644,58746.5935
6645,58757.9665
6646,58767.8332
6647,58775.8017
6648,58788.0869
6649,58800.9784
6650,58812.4976
6651,58825.4342
6652,58840.5111
6653,58858.4633
6654,58868.5768
6655,58880.2605
6656,58886.8148
6657,58894.4001
6658,58905.4954
6659,58915.5772
6660,58928.4940
6661,58933.5613
6662,58943.0044
6663,58954.3638
6664,58962.8458
6665,58975.3628
6666,58980.2649
6667,58999.5997
6668,59007.1845
6669,59015.5036
6670,59026.5372
6671,59035.3289
6672,59044.5554
6673,59050.4305
6674,59057.6155
6675,59074.2300
6676,59086.2603
6677,59098.7825
6678,59109.2989
6679,59124.0675
6680,59137.0420
6681,59142.9965
6682,59152.8265
6683,59168.3486
6684,59177.2175
6685,59189.0819
6686,59201.1034
6687,59221.0484
6688,59228.0576
6689,59239.6519
6690,59252.6386
6691,59266.8400
6692,59280.0701
6693,59287.8673
6694,59297.4787
6695,59309.0177
6696,59319.6926
6697,59334.6138
6698,59342.2332
6699,59351.1994
6700,59361.3403
6701,59374.7687
6702,59386.0934
6703,59394.9265
6704,59403.3263
6705,59420.0051
6706,59431.8871
6707,59445.2772
6708,59459.6131
6709,59468.3454
6710,59480.3035
6711,59494.5076
6712,59509.7439
6713,59527.0238
6714,59538.9042
6715,59549.4826
6716,59561.7816
6717,59573.5674
6718,59584.4738
6719,59596.4684
6720,59607.8572
6721,59619.8125
6722,59635.0455
6723,59644.9718
6724,59656.3125
6725,59667.7349
6726,59678.6933
6727,59708.7059
6728,59719.1038
6729,59731.0438
6730,59749.2878
6731,59762.3279
6732,59775.7342
6733,59783.6902
6734,59802.8717
6735,59811.2304
6736,59820.7643
6737,59835.8221
6738,59846.4727
6739,59854.9910
6740,59863.5793
6741,59875.6671
6742,59888.4594
6743,59901.2244
6744,59917.1267
6745,59924.5706
6746,59935.6296
6747,59945.8661
6748,59956.5341
6749,59968.6823
6750,59979.5024
6751,59992.6615
6752,60003.3288
6753,60020.2830
6754,60041.2412
6755,60050.6108
6756,60061.4071
6757,60071.5766
6758,60089.0749
6759,60100.8325
6760,60116.6465
6761,60130.9366
6762,60138.2504
6763,60150.2299
6764,60161.9089
6765,60177.7382
6766,60198.6506
6767,60216.4402
6768,60229.9540
6769,60239.9156
6770,60251.1780
6771,60267.7820
6772,60279.5753
6773,60295.6629
6774,60310.1063
6775,60319.9763
6776,60328.6982
6777,60345.0809
6778,60352.1757
6779,60362.2541
6780,60373.6475
6781,60391.0890
6782,60399.8132
6783,60411.7608
6784,60428.6089
6785,60432.8053
6786,60449.2998
6787,60459.4846
6788,60468.5388
6789,60480.8364
6790,60487.9019
6791,60494.6413
6792,60507.2794
6793,60522.3796
6794,60533.5765
6795,60543.0217
6796,60560.3769
6797,60570.3554
6798,60581.2252
6799,60594.7034
6800,60607.4445
6801,60619.4954
6802,60643.1246
6803,60654.4156
6804,60667.5618
6805,60684.3443
6806,60699.1405
6807,60716.2352
6808,60731.8115
6809,60760.6447
6810,60771.5909
6811,60781.9455
6812,60793.0789
6813,60809.2942
6814,60820.5760
6815,60830.8239
6816,60838.8348
6817,60850.1060
6818,60861.1844
6819,60869.4313
6820,60880.7993
6821,60891.1042
6822,60901.8757
6823,60913.9786
6824,60923.9917
6825,60936.9311
6826,60948.7867
6827,60961.5848
6828,60980.4764
6829,60995.5347
6830,61011.8077
6831,61023.4530
6832,61034.0915
6833,61046.1192
6834,61054.7936
6835,61064.1882
6836,61074.7364
6837,61086.6494
6838,61099.1576
6839,61111.8698
6840,61127.2109
6841,61135.9885
6842,61147.7005
6843,61159.0028
6844,61170.8961
6845,61183.0568
6846,61193.5561
6847,61202.4295
6848,61213.7535
6849,61224.6654
6850,61236.3276
6851,61247.9217
6852,61261.8840
6853,61273.6428
6854,61281.5149
6855,61291.3716
6856,61299.4144
6857,61307.1780
6858,61324.6198
6859,61335.2437
6860,61350.1472
6861,61362.6008
6862,61370.5196
6863,61383.4081
6864,61395.6177
6865,61410.6770
6866,61424.8097
6867,61432.4653
6868,61445.1573
6869,61460.7513
6870,61470.6178
6871,61482.5301
6872,61491.9834
6873,61505.2114
6874,61519.0578
6875,61531.5506
6876,61553.6435
6877,61562.3262
6878,61566.4415
6879,61578.1875
6880,61590.0648
6881,61600.1465
6882,61611.4671
6883,61619.8580
6884,61636.9739
6885,61652.7090
6886,61660.7935
6887,61671.0017
6888,61683.6393
6889,61701.5579
6890,61714.4470
6891,61727.5853
6892,61735.5983
6893,61745.5220
6894,61757.1485
6895,61770.5002
6896,61777.0553
6897,61783.3736
6898,61791.1954
6899,61798.3913
6900,61804.6982
6901,61812.9525
6902,61820.3490
6903,61834.9247
6904,61848.6054
6905,61859.5653
6906,61871.7456
6907,61886.3413
6908,61903.0526
6909,61917.7938
6910,61935.7560
6911,61950.1023
6912,61959.0592
6913,61967.4585
6914,61980.7050
6915,61986.8119
6916,61999.0113
6917,62010.8163
6918,62019.6588
6919,62032.8171
6920,62053.2238
6921,62069.0889
6922,62090.0748
6923,62103.7064
6924,62118.0730
6925,62130.6846
6926,62145.7450
6927,62154.5165
6928,62167.2003
6929,62182.0750
6930,62199.6920
6931,62220.9935
6932,62233.8572
6933,62245.1918
6934,62259.2263
6935,62277.6680
6936,62298.8172
6937,62312.7615
6938,62319.8423
6939,62329.0606
6940,62342.6347
6941,62351.1453
6942,62363.4913
6943,62372.0093
6944,62382.9575
6945,62397.7733
6946,62412.2753
6947,62426.4994
6948,62436.6169
6949,62450.0933
6950,62463.4001
6951,62475.9679
6952,62484.9875
6953,62497.4904
6954,62506.6607
