id,t_pub_ms
1,1.9352
2,5.1610
3,10.0644
4,14.8687
5,16.9938
6,22.3675
7,28.8730
8,37.5617
9,39.5098
10,42.3026
11,46.2320
12,49.2539
13,53.2479
14,59.2921
15,72.7799
16,81.2397
17,90.3444
18,99.4833
19,104.8267
20,111.1333
21,118.9203
22,122.3812
23,125.4420
24,128.6392
25,132.7500
26,136.6572
27,140.8961
28,145.6492
29,150.0430
30,153.7962
31,160.4445
32,165.8905
33,170.2390
34,182.2019
35,187.8471
36,193.1517
37,198.1831
38,203.8121
39,209.4641
40,215.0247
41,221.2551
42,226.6378
43,233.4137
44,240.2427
45,247.6637
46,254.1542
47,258.9204
48,264.1263
49,274.5864
50,281.5042
51,288.0673
52,294.0228
53,298.8298
54,305.1999
55,309.8366
56,316.0093
57,322.6476
58,330.4820
59,336.4549
60,343.2901
61,350.1525
62,356.6732
63,363.9946
64,373.1861
65,388.0510
66,398.6187
67,402.8645
68,408.7327
69,414.8984
70,421.7355
71,427.5229
72,434.1533
73,441.0591
74,446.8939
75,454.7067
76,458.4093
77,465.7242
78,474.4024
79,477.0317
80,485.4033
81,494.2703
82,497.4535
83,502.8448
84,506.9573
85,513.3371
86,516.5296
87,519.9177
88,524.0750
89,528.6121
90,535.1403
91,542.4805
92,547.6570
93,554.9479
94,559.4561
95,566.3834
96,572.2554
97,577.0705
98,587.4610
99,608.1769
100,614.6588
101,623.2932
102,633.3373
103,638.9890
104,647.8994
105,650.3544
106,654.9008
107,668.5195
108,675.4546
109,682.0934
110,685.2801
111,688.9663
112,693.2206
113,697.4757
114,706.2349
115,719.5344
116,733.4411
117,735.3053
118,745.7173
119,750.7417
120,758.9431
121,762.1701
122,766.9170
123,771.3711
124,779.2673
125,786.2759
126,793.4625
127,798.0535
128,809.4449
129,815.8460
130,824.1904
131,834.9502
132,842.0005
133,849.7064
134,857.4383
135,860.9877
136,867.1134
137,871.9282
138,877.3160
139,884.2847
140,888.7782
141,893.9524
142,898.1075
143,904.9792
144,910.4648
145,914.8319
146,919.6210
147,923.4648
148,928.5400
149,933.8009
150,938.1225
151,942.0445
152,946.0833
153,951.6714
154,955.7736
155,959.8305
156,964.1192
157,968.4134
158,973.3191
159,977.8955
160,982.8722
161,987.2277
162,993.7334
163,999.4462
164,1014.4100
165,1019.0279
166,1019.4032
167,1027.2350
168,1032.1920
169,1035.6665
170,1039.1061
171,1048.1956
172,1049.0682
173,1053.3156
174,1059.6504
175,1064.3024
176,1067.5726
177,1074.2054
178,1078.7528
179,1084.6422
180,1090.0381
181,1096.3988
182,1101.8829
183,1106.7138
184,1113.9350
185,1120.9795
186,1126.5123
187,1133.2850
188,1140.7406
189,1146.0998
190,1156.9660
191,1157.5725
192,1157.6619
193,1160.0146
194,1163.8160
195,1166.5859
196,1172.3766
197,1178.3965
198,1185.3023
199,1188.2021
200,1190.7713
201,1192.8365
202,1196.2831
203,1200.7008
204,1206.3520
205,1208.9367
206,1214.2153
207,1218.7250
208,1223.4781
209,1227.5226
210,1232.6441
211,1238.7562
212,1243.6631
213,1248.1823
214,1252.5773
215,1257.2396
216,1261.9092
217,1266.5899
218,1271.9202
219,1276.2687
220,1279.5889
221,1284.7667
222,1290.3638
223,1296.6988
224,1302.7244
225,1307.8680
226,1312.8064
227,1319.1950
228,1323.6210
229,1327.8096
230,1333.7386
231,1338.8929
232,1342.1021
233,1346.4236
234,1350.1403
235,1354.2492
236,1357.9693
237,1361.7532
238,1365.7310
239,1369.4425
240,1373.4245
241,1377.9082
242,1382.1173
243,1386.3535
244,1390.7988
245,1394.7444
246,1399.3618
247,1403.2493
248,1407.4385
249,1411.8733
250,1416.1718
251,1420.2392
252,1427.4189
253,1434.7599
254,1442.5778
255,1442.8027
256,1443.2716
257,1449.5492
258,1455.1170
259,1456.0347
260,1458.0147
261,1463.8405
262,1466.2986
263,1479.2585
264,1480.3071
265,1482.1894
266,1484.0660
267,1486.4140
268,1490.5667
269,1493.2675
270,1496.1495
271,1498.9364
272,1501.8528
273,1504.6079
274,1507.4306
275,1510.1504
276,1512.8791
277,1515.6114
278,1518.2953
279,1520.9112
280,1523.6378
281,1526.4430
282,1529.6597
283,1532.5236
284,1535.5234
285,1538.4586
286,1541.1789
287,1545.3837
288,1548.4908
289,1550.4518
290,1553.2815
291,1556.0515
292,1558.7804
293,1561.5325
294,1564.9371
295,1567.7395
296,1570.8272
297,1573.9508
298,1577.0187
299,1580.3313
300,1584.8851
301,1589.1504
302,1592.7625
303,1596.2181
304,1598.7689
305,1602.4599
306,1605.5341
307,1608.8827
308,1611.9044
309,1615.0141
310,1618.1207
311,1621.0692
312,1624.2640
313,1627.2933
314,1630.3535
315,1633.3587
316,1636.4236
317,1639.4269
318,1642.3748
319,1645.3569
320,1648.4289
321,1651.4330
322,1654.4867
323,1658.0970
324,1661.6156
325,1667.5446
326,1673.9743
327,1687.6194
328,1698.5207
329,1706.0344
330,1713.5143
331,1722.4603
332,1728.4136
333,1733.0308
334,1740.5145
335,1748.3830
336,1754.2641
337,1760.2441
338,1767.3714
339,1774.1075
340,1781.9188
341,1789.2652
342,1795.4402
343,1801.1439
344,1806.4866
345,1813.5293
346,1818.5985
347,1831.0583
348,1833.0896
349,1834.8191
350,1846.4715
351,1849.4270
352,1853.8272
353,1859.2970
354,1863.4892
355,1866.9744
356,1871.4929
357,1875.8161
358,1879.7996
359,1883.4164
360,1888.2518
361,1892.3771
362,1896.1704
363,1899.9782
364,1903.5337
365,1907.1267
366,1911.3419
367,1915.3001
368,1919.7097
369,1924.0634
370,1927.6924
371,1931.7613
372,1936.2669
373,1940.4480
374,1944.1750
375,1948.5307
376,1952.2173
377,1955.6932
378,1959.2280
379,1963.0938
380,1967.1135
381,1970.8085
382,1975.3463
383,1979.6915
384,1984.3976
385,1988.7338
386,1993.1145
387,1996.9726
388,2000.7102
389,2004.6268
390,2008.4441
391,2012.6133
392,2016.8567
393,2021.6768
394,2027.0727
395,2031.3804
396,2035.7888
397,2040.2737
398,2044.6393
399,2049.3846
400,2054.2536
401,2058.7308
402,2065.2485
403,2066.5591
404,2066.8056
405,2071.2140
406,2077.0729
407,2085.2602
408,2090.9750
409,2099.8764
410,2106.4615
411,2115.0665
412,2121.9401
413,2127.6960
414,2132.4534
415,2136.5621
416,2141.3383
417,2145.8323
418,2150.1350
419,2154.7740
420,2159.7655
421,2164.0131
422,2168.6623
423,2173.4118
424,2177.8090
425,2182.7970
426,2187.2199
427,2191.7694
428,2196.7788
429,2200.4876
430,2204.6511
431,2209.1315
432,2213.0578
433,2216.9604
434,2220.6597
435,2223.8586
436,2227.9053
437,2232.1897
438,2237.8900
439,2242.5320
440,2247.1426
441,2251.2178
442,2255.1796
443,2258.7886
444,2262.8527
445,2266.4895
446,2270.6289
447,2274.7772
448,2279.0933
449,2283.2251
450,2287.3623
451,2290.9713
452,2294.9483
453,2298.3220
454,2302.0816
455,2306.3507
456,2310.5860
457,2313.7760
458,2317.6990
459,2320.6110
460,2324.8870
461,2328.0737
462,2331.0580
463,2334.7178
464,2339.9880
465,2342.1011
466,2345.8898
467,2349.9033
468,2354.4054
469,2358.6714
470,2362.8719
471,2368.7594
472,2373.9440
473,2379.1525
474,2384.1872
475,2388.3250
476,2392.5514
477,2397.1493
478,2401.6204
479,2406.0931
480,2410.6443
481,2415.9241
482,2419.1849
483,2424.1121
484,2428.8006
485,2432.8992
486,2437.9680
487,2442.1744
488,2445.9517
489,2449.7790
490,2453.8124
491,2458.1878
492,2461.8201
493,2465.9302
494,2469.5783
495,2473.9387
496,2485.9495
497,2493.4409
498,2497.1747
499,2504.6585
500,2507.1082
501,2513.2265
502,2521.2910
503,2527.5178
504,2533.8962
505,2540.2868
506,2545.0199
507,2551.5220
508,2559.1161
509,2564.2548
510,2570.4095
511,2572.1662
512,2580.6932
513,2581.8856
514,2586.6587
515,2589.6585
516,2593.0309
517,2597.8587
518,2602.2124
519,2608.1302
520,2613.2472
521,2616.3051
522,2618.1374
523,2623.7087
524,2630.2941
525,2632.8983
526,2636.3909
527,2641.1629
528,2645.4475
529,2651.3422
530,2656.3022
531,2661.4418
532,2666.5020
533,2672.0400
534,2676.7735
535,2679.6086
536,2683.3854
537,2686.1041
538,2688.6652
539,2691.3171
540,2694.0138
541,2697.0527
542,2699.6806
543,2703.0320
544,2705.3840
545,2706.6138
546,2736.4626
547,2736.8252
548,2736.9523
549,2737.0615
550,2740.0115
551,2740.9103
552,2743.4480
553,2746.1836
554,2750.0913
555,2753.9835
556,2756.2006
557,2762.2306
558,2765.2605
559,2768.7023
560,2774.1759
561,2776.7105
562,2781.8213
563,2785.5804
564,2792.4271
565,2796.4134
566,2797.5116
567,2807.0443
568,2807.6065
569,2808.8484
570,2811.4300
571,2813.8101
572,2819.7522
573,2823.1928
574,2826.9970
575,2831.8217
576,2836.1354
577,2840.7524
578,2845.2294
579,2849.1025
580,2851.4390
581,2854.4497
582,2857.2609
583,2860.2531
584,2863.9870
585,2867.0070
586,2869.8847
587,2872.1495
588,2874.7599
589,2878.8526
590,2882.7229
591,2887.5375
592,2891.9947
593,2896.0083
594,2900.6429
595,2903.7864
596,2909.1091
597,2914.8045
598,2919.0598
599,2924.0851
600,2928.6094
601,2933.2404
602,2937.7284
603,2941.1314
604,2944.3157
605,2948.4961
606,2952.6496
607,2957.1109
608,2961.5514
609,2966.1336
610,2970.0611
611,2974.6988
612,2979.2144
613,2983.1421
614,2987.2134
615,2991.0061
616,2995.3814
617,2999.5506
618,3003.6933
619,3007.4320
620,3010.9880
621,3015.1484
622,3019.0642
623,3023.0954
624,3028.2056
625,3032.6455
626,3037.5853
627,3042.3977
628,3047.1132
629,3051.1816
630,3055.5837
631,3059.1671
632,3062.7608
633,3067.1866
634,3069.7289
635,3072.3341
636,3076.9479
637,3080.4920
638,3083.9088
639,3086.9627
640,3091.5589
641,3096.1647
642,3099.8008
643,3104.3274
644,3108.2821
645,3112.1445
646,3115.6540
647,3120.1558
648,3122.7086
649,3132.1449
650,3132.9069
651,3137.2161
652,3140.9383
653,3143.9815
654,3144.2149
655,3144.4161
656,3146.4064
657,3149.3316
658,3153.3206
659,3156.6987
660,3159.0083
661,3162.7192
662,3165.5202
663,3168.4752
664,3170.1243
665,3172.3108
666,3177.3937
667,3179.1673
668,3181.0124
669,3183.4593
670,3185.6833
671,3197.3035
672,3198.5416
673,3199.3170
674,3201.4003
675,3204.8233
676,3213.1245
677,3215.3742
678,3219.7087
679,3222.5056
680,3225.7528
681,3226.9554
682,3231.4150
683,3236.5623
684,3239.5425
685,3243.5048
686,3249.4600
687,3252.6655
688,3257.2875
689,3262.2375
690,3267.3521
691,3278.3968
692,3281.6942
693,3287.6012
694,3291.4031
695,3297.0102
696,3300.7576
697,3305.2592
698,3307.8811
699,3310.4320
700,3313.1902
701,3316.4349
702,3319.6077
703,3323.2617
704,3328.2092
705,3333.0970
706,3337.5504
707,3341.0475
708,3345.5086
709,3348.4759
710,3352.1445
711,3360.2669
712,3364.0561
713,3368.8619
714,3375.0606
715,3379.1621
716,3383.6982
717,3388.1292
718,3393.0171
719,3396.4972
720,3401.6278
721,3406.0042
722,3411.0057
723,3415.5300
724,3420.8302
725,3424.7525
726,3429.5475
727,3432.7707
728,3436.1420
729,3438.1337
730,3442.2231
731,3446.3589
732,3452.1346
733,3452.3520
734,3456.1381
735,3462.7063
736,3469.7509
737,3473.0985
738,3477.9515
739,3484.0839
740,3487.5281
741,3493.3345
742,3495.2488
743,3500.7007
744,3503.8435
745,3511.0636
746,3519.5022
747,3519.7840
748,3525.9030
749,3530.4029
750,3535.1903
751,3539.4523
752,3544.8966
753,3551.4572
754,3556.6375
755,3560.5671
756,3565.3691
757,3569.4580
758,3573.8449
759,3578.6753
760,3583.3285
761,3585.9876
762,3588.7392
763,3593.3716
764,3597.7120
765,3601.3279
766,3603.7681
767,3606.3652
768,3610.9288
769,3615.1433
770,3617.7645
771,3620.5156
772,3624.1028
773,3628.3123
774,3631.4716
775,3635.7069
776,3641.3791
777,3647.6789
778,3650.1055
779,3653.4786
780,3656.3108
781,3658.9854
782,3661.9251
783,3665.3831
784,3668.0582
785,3670.7270
786,3674.0496
787,3676.5997
788,3679.1899
789,3682.0784
790,3684.6457
791,3687.4962
792,3690.3257
793,3693.2621
794,3696.6615
795,3699.4438
796,3701.9689
797,3705.2696
798,3708.0319
799,3710.7408
800,3713.3908
801,3716.8984
802,3719.5323
803,3723.3667
804,3726.2530
805,3728.9934
806,3731.6785
807,3735.2421
808,3738.2703
809,3741.4019
810,3744.5891
811,3747.1240
812,3750.0064
813,3753.5148
814,3756.2611
815,3759.6259
816,3762.2986
817,3764.9112
818,3767.5579
819,3770.5340
820,3773.1035
821,3775.2154
822,3778.2397
823,3781.1108
824,3783.6432
825,3786.0093
826,3788.4979
827,3791.0831
828,3793.4935
829,3796.2780
830,3801.0151
831,3803.0264
832,3804.8558
833,3807.0486
834,3810.1478
835,3813.0174
836,3815.2683
837,3818.1643
838,3821.1498
839,3824.1224
840,3826.7758
841,3830.6987
842,3834.6312
843,3839.1566
844,3843.1196
845,3847.7035
846,3868.0780
847,3868.3538
848,3868.4826
849,3868.6726
850,3868.8591
851,3871.7058
852,3874.2573
853,3877.2330
854,3879.9622
855,3882.3419
856,3885.1607
857,3887.7974
858,3890.4164
859,3893.1589
860,3895.7930
861,3898.3834
862,3901.0494
863,3903.7344
864,3906.4910
865,3909.2250
866,3912.2460
867,3914.7205
868,3917.2287
869,3919.7772
870,3922.4620
871,3924.9964
872,3927.5477
873,3930.2809
874,3932.7679
875,3935.3380
876,3937.9015
877,3940.3517
878,3943.0528
879,3946.1451
880,3948.6940
881,3951.1995
882,3953.6965
883,3956.1977
884,3958.6499
885,3961.7035
886,3964.4840
887,3967.0506
888,3971.0741
889,3973.5734
890,3976.3150
891,3978.9209
892,3981.4157
893,3983.9053
894,3986.5327
895,3988.9295
896,3991.5307
897,3994.4201
898,3997.0775
899,3999.6786
900,4002.1555
901,4004.7390
902,4007.2637
903,4009.7275
904,4012.2366
905,4014.9872
906,4017.7634
907,4020.4668
908,4023.1695
909,4025.7940
910,4028.9249
911,4031.7197
912,4034.4958
913,4037.5850
914,4040.5109
915,4043.3342
916,4046.4246
917,4049.5439
918,4052.4998
919,4055.3589
920,4058.3293
921,4060.9896
922,4063.7741
923,4066.3006
924,4068.0318
925,4071.8975
926,4074.1248
927,4077.2376
928,4080.0173
929,4082.5918
930,4085.2559
931,4087.9483
932,4090.6007
933,4093.3394
934,4096.0257
935,4098.7203
936,4101.5711
937,4104.3062
938,4107.4040
939,4110.1637
940,4113.1618
941,4115.9511
942,4118.4390
943,4121.3558
944,4124.0957
945,4126.9217
946,4132.9808
947,4135.8862
948,4138.7682
949,4141.7651
950,4144.7124
951,4147.5456
952,4150.2690
953,4153.1308
954,4156.0435
955,4158.9618
956,4161.8359
957,4164.6211
958,4167.6061
959,4170.5830
960,4173.8276
961,4177.0179
962,4179.8487
963,4182.8091
964,4185.8604
965,4188.9210
966,4191.7062
967,4195.4598
968,4199.1768
969,4202.0268
970,4204.9139
971,4208.4246
972,4212.9033
973,4217.5548
974,4220.9635
975,4225.8966
976,4229.1985
977,4232.0600
978,4235.2107
979,4239.7923
980,4243.6934
981,4247.7763
982,4252.4548
983,4253.8216
984,4260.3331
985,4265.5306
986,4268.4317
987,4270.7360
988,4273.1659
989,4275.4540
990,4278.5847
991,4280.4408
992,4284.7245
993,4286.8962
994,4289.1767
995,4291.5144
996,4293.8461
997,4296.5074
998,4300.3972
999,4303.7686
1000,4307.8306
1001,4311.9357
1002,4316.1263
1003,4320.1225
1004,4323.9124
1005,4327.5690
1006,4331.2368
1007,4334.8114
1008,4338.3105
1009,4341.8570
1010,4345.1788
1011,4348.9406
1012,4352.7288
1013,4356.4277
1014,4360.5142
1015,4364.8653
1016,4367.4636
1017,4369.9791
1018,4372.3850
1019,4375.6232
1020,4379.3771
1021,4383.0190
1022,4386.3652
1023,4389.8063
1024,4393.2252
1025,4396.7173
1026,4400.6145
1027,4404.0613
1028,4407.7089
1029,4411.3121
1030,4414.9072
1031,4418.8435
1032,4422.7285
1033,4426.2781
1034,4429.9481
1035,4433.3367
1036,4436.8193
1037,4440.1178
1038,4447.1445
1039,4452.3547
1040,4457.3915
1041,4462.0671
1042,4466.3782
1043,4470.5291
1044,4475.0929
1045,4478.8907
1046,4482.1820
1047,4485.5554
1048,4489.1679
1049,4492.7170
1050,4496.5482
1051,4501.1330
1052,4504.5836
1053,4508.3783
1054,4517.4794
1055,4525.0187
1056,4530.9730
1057,4538.2869
1058,4543.3946
1059,4550.5462
1060,4551.1425
1061,4556.0572
1062,4561.0478
1063,4569.8116
1064,4573.2393
1065,4579.3223
1066,4583.9930
1067,4588.1279
1068,4591.8241
1069,4595.8862
1070,4599.1585
1071,4601.8085
1072,4605.1993
1073,4607.7127
1074,4611.6409
1075,4614.8412
1076,4616.7030
1077,4626.4496
1078,4628.3498
1079,4634.0668
1080,4635.1938
1081,4639.0805
1082,4650.3994
1083,4654.9292
1084,4660.8610
1085,4665.3211
1086,4670.7261
1087,4676.7006
1088,4681.1688
1089,4685.1437
1090,4689.2698
1091,4692.8720
1092,4695.4305
1093,4699.1017
1094,4702.6734
1095,4707.3445
1096,4711.5991
1097,4715.5607
1098,4719.9183
1099,4723.9976
1100,4727.4768
1101,4731.2577
1102,4735.4593
1103,4738.9793
1104,4742.6472
1105,4746.2621
1106,4750.0336
1107,4754.8401
1108,4760.8731
1109,4765.0971
1110,4768.8041
1111,4773.1099
1112,4776.7680
1113,4783.2971
1114,4787.2384
1115,4791.3506
1116,4794.8763
1117,4798.1694
1118,4801.6133
1119,4805.2680
1120,4808.8474
1121,4813.1335
1122,4815.6834
1123,4818.2561
1124,4822.5245
1125,4826.0589
1126,4830.0915
1127,4833.4219
1128,4836.8802
1129,4840.7466
1130,4845.7720
1131,4850.1318
1132,4855.3472
1133,4859.4496
1134,4862.9582
1135,4867.8458
1136,4871.3696
1137,4876.0788
1138,4878.7234
1139,4881.6142
1140,4884.1944
1141,4886.7173
1142,4889.2095
1143,4891.7534
1144,4894.3138
1145,4896.9429
1146,4899.8260
1147,4902.2815
1148,4905.2193
1149,4907.8257
1150,4910.3615
1151,4913.1112
1152,4915.6730
1153,4918.2518
1154,4920.6994
1155,4923.1954
1156,4925.5476
1157,4927.9971
1158,4930.3956
1159,4932.8184
1160,4935.2732
1161,4937.7668
1162,4940.2058
1163,4942.5461
1164,4945.0402
1165,4947.3050
1166,4950.6321
1167,4953.3510
1168,4956.5516
1169,4959.1112
1170,4961.6354
1171,4964.0934
1172,4966.5518
1173,4970.0079
1174,4973.6114
1175,4977.6087
1176,4982.0399
1177,4984.7615
1178,4987.6091
1179,4990.4761
1180,4992.8865
1181,4996.3336
1182,5000.8059
1183,5005.2223
1184,5008.6720
1185,5013.2177
1186,5016.8371
1187,5020.1478
1188,5023.4911
1189,5027.1263
1190,5031.1558
1191,5035.1474
1192,5038.8799
1193,5042.7830
1194,5046.7000
1195,5050.3216
1196,5054.1959
1197,5058.3289
1198,5060.6520
1199,5063.1440
1200,5068.1469
1201,5071.9087
1202,5076.3199
1203,5080.1237
1204,5083.6396
1205,5088.1419
1206,5091.7289
1207,5096.2124
1208,5099.7334
1209,5103.7488
1210,5107.4119
1211,5111.4409
1212,5116.4494
1213,5128.9709
1214,5134.4359
1215,5134.7148
1216,5134.8104
1217,5134.9368
1218,5135.0300
1219,5135.2019
1220,5135.3195
1221,5141.0770
1222,5144.5661
1223,5147.8431
1224,5151.5613
1225,5154.9013
1226,5157.6886
1227,5160.6569
1228,5166.0492
1229,5171.6025
1230,5176.4383
1231,5181.2735
1232,5185.9612
1233,5190.6989
1234,5195.1358
1235,5200.1305
1236,5204.9911
1237,5209.2631
1238,5214.4098
1239,5219.4729
1240,5225.0342
1241,5229.4106
1242,5234.8645
1243,5239.7590
1244,5244.1983
1245,5249.4462
1246,5253.3948
1247,5257.8268
1248,5258.9645
1249,5266.1066
1250,5270.3307
1251,5273.6452
1252,5277.9980
1253,5283.1929
1254,5288.2833
1255,5292.5467
1256,5296.9215
1257,5300.7867
1258,5305.3017
1259,5310.4255
1260,5314.1873
1261,5319.2258
1262,5323.0553
1263,5327.7087
1264,5335.1662
1265,5339.6022
1266,5342.7973
1267,5351.1844
1268,5355.4270
1269,5363.1384
1270,5365.8729
1271,5368.6674
1272,5376.9574
1273,5381.1057
1274,5386.7438
1275,5392.6449
1276,5396.3330
1277,5399.6370
1278,5404.4926
1279,5405.6222
1280,5412.2102
1281,5415.4012
1282,5419.5652
1283,5423.0111
1284,5426.6808
1285,5432.7545
1286,5438.4270
1287,5441.8378
1288,5445.3189
1289,5455.6334
1290,5459.7654
1291,5464.4551
1292,5467.9482
1293,5471.3230
1294,5474.7055
1295,5477.6788
1296,5481.3092
1297,5484.7960
1298,5488.9953
1299,5491.3538
1300,5493.5563
1301,5498.8127
1302,5501.6508
1303,5504.9171
1304,5508.7323
1305,5516.3717
1306,5517.0379
1307,5519.2776
1308,5524.7135
1309,5527.7102
1310,5534.3325
1311,5537.6754
1312,5538.6147
1313,5543.3412
1314,5547.1394
1315,5551.2266
1316,5560.3492
1317,5563.3001
1318,5566.7934
1319,5568.5441
1320,5573.6272
1321,5578.0852
1322,5581.9583
1323,5585.4449
1324,5589.4787
1325,5593.7243
1326,5598.8545
1327,5602.7553
1328,5606.6632
1329,5611.7771
1330,5614.9914
1331,5618.0105
1332,5621.0117
1333,5623.8155
1334,5626.5433
1335,5629.7412
1336,5633.0609
1337,5636.2891
1338,5639.3492
1339,5642.0240
1340,5645.3919
1341,5649.1537
1342,5654.1700
1343,5658.0725
1344,5661.4029
1345,5665.2341
1346,5668.8607
1347,5673.6922
1348,5679.2641
1349,5683.4526
1350,5686.7716
1351,5690.5451
1352,5695.1017
1353,5699.7600
1354,5705.6353
1355,5711.2308
1356,5715.5042
1357,5720.4318
1358,5725.9762
1359,5730.8078
1360,5736.0115
1361,5737.3202
1362,5739.4681
1363,5741.5221
1364,5748.2970
1365,5754.6687
1366,5760.9351
1367,5765.6889
1368,5770.0570
1369,5774.9479
1370,5780.3893
1371,5784.9638
1372,5791.5027
1373,5796.0794
1374,5800.0352
1375,5805.0282
1376,5809.9415
1377,5814.0857
1378,5818.4798
1379,5823.2934
1380,5827.5959
1381,5832.1519
1382,5836.6065
1383,5842.2203
1384,5846.2420
1385,5852.0656
1386,5856.1270
1387,5860.0378
1388,5865.7539
1389,5869.9234
1390,5875.3934
1391,5881.6268
1392,5885.8342
1393,5890.4340
1394,5894.8808
1395,5899.1632
1396,5903.7983
1397,5908.0877
1398,5912.8056
1399,5917.4881
1400,5921.6771
1401,5925.2720
1402,5929.4112
1403,5933.1956
1404,5937.2098
1405,5941.3061
1406,5945.1931
1407,5948.8919
1408,5952.6830
1409,5956.6846
1410,5960.5570
1411,5965.0366
1412,5969.9297
1413,5974.1921
1414,5977.6485
1415,5981.7550
1416,5986.3050
1417,5991.3962
1418,5995.5244
1419,5999.5160
1420,6003.4916
1421,6007.5061
1422,6011.9746
1423,6015.7347
1424,6019.5148
1425,6024.3654
1426,6029.2268
1427,6033.0920
1428,6037.5502
1429,6040.9937
1430,6045.4390
1431,6050.3793
1432,6054.9970
1433,6059.7839
1434,6065.5987
1435,6070.0822
1436,6074.0087
1437,6078.1374
1438,6082.6197
1439,6087.5437
1440,6092.7808
1441,6097.9137
1442,6102.5796
1443,6107.1153
1444,6111.0346
1445,6115.4330
1446,6119.3666
1447,6124.2249
1448,6129.0700
1449,6133.5735
1450,6137.9325
1451,6144.1045
1452,6148.5534
1453,6155.4527
1454,6161.7200
1455,6166.1756
1456,6170.6240
1457,6179.2438
1458,6185.9431
1459,6193.6133
1460,6195.0173
1461,6197.8064
1462,6208.5741
1463,6210.3384
1464,6214.6490
1465,6219.2914
1466,6223.7124
1467,6228.7538
1468,6233.5138
1469,6240.1869
1470,6244.6709
1471,6249.8472
1472,6253.0000
1473,6258.1916
1474,6261.2250
1475,6266.2907
1476,6267.5664
1477,6270.9703
1478,6276.9952
1479,6277.3798
1480,6291.7595
1481,6291.8966
1482,6291.9829
1483,6295.2878
1484,6300.1752
1485,6302.8452
1486,6304.5211
1487,6309.3407
1488,6315.1557
1489,6318.4352
1490,6320.2310
1491,6326.1526
1492,6329.3283
1493,6331.5089
1494,6336.6859
1495,6341.3112
1496,6343.9882
1497,6346.5593
1498,6349.2479
1499,6352.0377
1500,6354.7485
1501,6357.6553
1502,6360.6744
1503,6363.9336
1504,6366.0688
1505,6368.8078
1506,6371.4335
1507,6374.2244
1508,6376.9262
1509,6379.4949
1510,6382.1814
1511,6384.8777
1512,6387.5024
1513,6390.0061
1514,6392.5095
1515,6396.8842
1516,6397.5630
1517,6400.0957
1518,6402.6675
1519,6405.2901
1520,6408.0405
1521,6410.6233
1522,6413.2564
1523,6415.7107
1524,6418.4301
1525,6421.3061
1526,6424.0863
1527,6426.7979
1528,6429.3594
1529,6434.8471
1530,6434.9477
1531,6435.0028
1532,6436.7166
1533,6440.8455
1534,6444.5364
1535,6449.7640
1536,6456.6307
1537,6460.0165
1538,6464.2391
1539,6470.2170
1540,6474.9842
1541,6480.1524
1542,6483.2964
1543,6487.3126
1544,6490.7415
1545,6493.7713
1546,6496.1650
1547,6500.9356
1548,6505.3437
1549,6510.2112
1550,6514.6272
1551,6519.9306
1552,6524.7638
1553,6529.1095
1554,6533.6530
1555,6538.0206
1556,6542.7942
1557,6545.8560
1558,6547.6537
1559,6549.9265
1560,6551.6286
1561,6558.1856
1562,6563.0164
1563,6564.3260
1564,6568.8379
1565,6570.4758
1566,6572.1543
1567,6574.2235
1568,6578.0835
1569,6578.1739
1570,6580.9577
1571,6598.8078
1572,6621.1228
1573,6621.3541
1574,6621.4082
1575,6630.6233
1576,6635.7341
1577,6635.8318
1578,6635.8883
1579,6639.0851
1580,6639.8158
1581,6642.6475
1582,6651.7618
1583,6651.9589
1584,6652.3023
1585,6652.4472
1586,6656.4412
1587,6659.6570
1588,6662.5824
1589,6662.8273
1590,6663.0719
1591,6663.1367
1592,6663.2602
1593,6670.8233
1594,6673.9459
1595,6677.0730
1596,6679.3356
1597,6682.1935
1598,6684.8185
1599,6687.4957
1600,6689.9779
1601,6692.7443
1602,6695.2307
1603,6700.7713
1604,6703.4328
1605,6705.9405
1606,6708.7600
1607,6711.5364
1608,6714.2117
1609,6716.9242
1610,6719.6596
1611,6722.7952
1612,6725.5054
1613,6728.8291
1614,6732.1463
1615,6735.6369
1616,6738.5933
1617,6740.8087
1618,6743.4502
1619,6746.3405
1620,6749.7389
1621,6752.1365
1622,6754.1623
1623,6757.1516
1624,6763.6034
1625,6766.4137
1626,6769.0563
1627,6771.6398
1628,6774.2074
1629,6777.1602
1630,6779.5937
1631,6782.0599
1632,6784.9848
1633,6787.4823
1634,6790.6218
1635,6793.2022
1636,6796.0324
1637,6798.8172
1638,6801.6868
1639,6804.3859
1640,6806.9739
1641,6809.3982
1642,6812.4766
1643,6814.7354
1644,6817.7681
1645,6820.2064
1646,6822.7324
1647,6825.4459
1648,6828.1085
1649,6830.9186
1650,6833.9636
1651,6836.5035
1652,6839.3333
1653,6841.4252
1654,6843.8878
1655,6846.6353
1656,6849.2637
1657,6852.0191
1658,6854.4769
1659,6857.2106
1660,6860.0774
1661,6862.5560
1662,6865.1290
1663,6867.6741
1664,6870.0397
1665,6872.3702
1666,6874.7666
1667,6877.2228
1668,6879.6687
1669,6882.1881
1670,6884.6557
1671,6887.0816
1672,6889.4100
1673,6891.8736
1674,6894.2521
1675,6897.1939
1676,6899.6701
1677,6902.4119
1678,6904.8257
1679,6907.2270
1680,6909.6005
1681,6912.0653
1682,6914.3841
1683,6916.8119
1684,6919.3919
1685,6922.6730
1686,6925.2622
1687,6927.6371
1688,6930.0909
1689,6932.9052
1690,6935.4427
1691,6937.8083
1692,6940.3555
1693,6942.7063
1694,6945.2395
1695,6947.7477
1696,6950.1264
1697,6952.6043
1698,6955.0388
1699,6957.5853
1700,6960.0444
1701,6962.4987
1702,6964.8888
1703,6967.3271
1704,6969.9285
1705,6972.6074
1706,6975.0757
1707,6977.6824
1708,6980.0167
1709,6982.4977
1710,6985.2805
1711,6987.7472
1712,6990.1085
1713,6992.8124
1714,6995.3828
1715,6997.9982
1716,7000.4530
1717,7002.9445
1718,7005.3787
1719,7007.7443
1720,7010.1845
1721,7012.6362
1722,7015.1732
1723,7017.5653
1724,7020.0799
1725,7022.4552
1726,7024.8020
1727,7027.1435
1728,7029.4702
1729,7031.8046
1730,7034.7073
1731,7037.2114
1732,7039.6855
1733,7042.1355
1734,7044.5852
1735,7047.1630
1736,7049.7041
1737,7052.4106
1738,7054.8594
1739,7057.3468
1740,7059.9806
1741,7062.6597
1742,7065.5537
1743,7068.2745
1744,7070.8256
1745,7074.0161
1746,7076.6761
1747,7079.3071
1748,7081.9473
1749,7084.7473
1750,7088.6209
1751,7092.7601
1752,7096.3602
1753,7100.1370
1754,7104.5160
1755,7108.5625
1756,7111.9225
1757,7115.2487
1758,7119.0493
1759,7123.4069
1760,7127.5117
1761,7131.4859
1762,7134.7895
1763,7138.7434
1764,7143.0547
1765,7149.1883
1766,7151.0606
1767,7156.6925
1768,7159.2913
1769,7163.0554
1770,7167.0229
1771,7170.8360
1772,7174.6442
1773,7178.5500
1774,7182.2574
1775,7186.0011
1776,7189.3382
1777,7193.2371
1778,7196.8482
1779,7199.8286
1780,7204.0637
1781,7206.2683
1782,7209.5287
1783,7214.7052
1784,7216.8345
1785,7220.3019
1786,7222.8680
1787,7227.0021
1788,7230.9811
1789,7234.4289
1790,7238.4267
1791,7242.1386
1792,7246.1343
1793,7249.8960
1794,7253.7482
1795,7257.1952
1796,7261.1341
1797,7264.7269
1798,7267.9746
1799,7271.9691
1800,7275.7032
1801,7279.2351
1802,7282.5036
1803,7286.1047
1804,7290.2777
1805,7294.2181
1806,7298.0301
1807,7302.1924
1808,7306.2928
1809,7310.4613
1810,7314.4088
1811,7318.7132
1812,7322.1912
1813,7325.7322
1814,7329.3204
1815,7333.2453
1816,7337.4069
1817,7341.6171
1818,7345.8169
1819,7349.6907
1820,7353.8933
1821,7357.6219
1822,7361.3181
1823,7364.6705
1824,7368.3205
1825,7372.0760
1826,7376.0047
1827,7379.5359
1828,7382.2315
1829,7385.4079
1830,7388.9325
1831,7393.5480
1832,7400.0859
1833,7401.0284
1834,7406.9769
1835,7413.2593
1836,7419.9159
1837,7425.4506
1838,7432.0281
1839,7436.2381
1840,7439.8704
1841,7443.8009
1842,7447.9473
1843,7451.0548
1844,7454.6635
1845,7458.3313
1846,7461.7031
1847,7465.4288
1848,7468.9605
1849,7472.5478
1850,7476.5639
1851,7480.6359
1852,7484.9494
1853,7489.0742
1854,7493.4316
1855,7497.1321
1856,7500.5760
1857,7503.8137
1858,7507.5068
1859,7511.1017
1860,7515.0108
1861,7518.5318
1862,7522.2232
1863,7526.1641
1864,7529.0141
1865,7532.6042
1866,7535.9571
1867,7539.5434
1868,7543.4222
1869,7547.2217
1870,7550.9636
1871,7554.7101
1872,7558.3031
1873,7562.0034
1874,7565.6288
1875,7569.3357
1876,7572.8550
1877,7576.6973
1878,7580.5187
1879,7583.5521
1880,7586.8139
1881,7589.3333
1882,7591.8021
1883,7594.2667
1884,7597.0979
1885,7601.0501
1886,7605.2389
1887,7609.1902
1888,7612.8628
1889,7616.6482
1890,7620.8959
1891,7625.1457
1892,7628.9740
1893,7633.0955
1894,7637.1665
1895,7641.2802
1896,7645.3357
1897,7649.4401
1898,7653.3773
1899,7657.7063
1900,7662.0197
1901,7665.8280
1902,7669.9462
1903,7674.3243
1904,7678.3125
1905,7681.4339
1906,7684.2563
1907,7686.9001
1908,7689.4104
1909,7692.0340
1910,7694.8018
1911,7697.4227
1912,7699.9602
1913,7702.7175
1914,7705.4019
1915,7707.8567
1916,7710.4285
1917,7712.9431
1918,7715.5128
1919,7717.8812
1920,7720.3541
1921,7722.9149
1922,7725.4107
1923,7727.8666
1924,7730.4215
1925,7733.3710
1926,7735.9428
1927,7738.4036
1928,7741.0800
1929,7743.9749
1930,7747.6997
1931,7750.7412
1932,7753.3808
1933,7755.8632
1934,7758.1978
1935,7760.8137
1936,7763.3486
1937,7766.1042
1938,7769.4194
1939,7773.2277
1940,7776.2172
1941,7779.8791
1942,7783.8509
1943,7787.0481
1944,7791.0702
1945,7796.3803
1946,7801.4257
1947,7805.5840
1948,7809.0334
1949,7812.3100
1950,7815.3639
1951,7817.7629
1952,7820.2310
1953,7822.6631
1954,7825.0697
1955,3833.1566
1956,3842.7906
1957,3849.5548
1958,3857.6877
1959,3867.9144
1960,3880.9958
1961,3891.6523
1962,3905.4730
1963,3919.3971
1964,3926.9156
1965,3936.3580
1966,3949.3766
1967,3958.5931
1968,3968.2643
1969,3981.3910
1970,3995.1375
1971,4009.7373
1972,4022.8000
1973,4037.3218
1974,4047.9212
1975,4059.1817
1976,4070.7555
1977,4082.3245
1978,4095.8111
1979,4113.7650
1980,4124.2044
1981,4139.8599
1982,4155.4103
1983,4167.8150
1984,4181.4473
1985,4194.1121
1986,4207.0279
1987,4220.1262
1988,4233.0616
1989,4248.3420
1990,4260.0696
1991,4279.7523
1992,4296.4578
1993,4313.2172
1994,4326.4866
1995,4335.0055
1996,4348.0773
1997,4361.5022
1998,4375.8488
1999,4391.1564
2000,4407.3827
2001,4420.9757
2002,4445.9901
2003,4457.7534
2004,4472.3935
2005,4481.7834
2006,4493.6111
2007,4506.9885
2008,4515.7006
2009,4527.8397
2010,4536.1984
2011,4549.7420
2012,4561.6314
2013,4571.6817
2014,4583.4155
2015,4595.1054
2016,4609.7929
2017,4625.0122
2018,4641.1231
2019,4654.8531
2020,4678.5946
2021,4695.4658
2022,4714.9384
2023,4734.1161
2024,4744.1046
2025,4762.4578
2026,4784.8837
2027,4805.4419
2028,4814.3513
2029,4826.5102
2030,4836.1046
2031,4848.3698
2032,4856.9787
2033,4866.1277
2034,4874.6738
2035,4888.4220
2036,4899.8301
2037,4915.5693
2038,4926.2743
2039,4936.3186
2040,4944.2253
2041,4955.9481
2042,4964.5936
2043,4978.1976
2044,4986.9866
2045,4995.7809
2046,5006.0015
2047,5020.1838
2048,5030.2470
2049,5043.6273
2050,5056.0904
2051,5073.3650
2052,5081.0947
2053,5097.5137
2054,5110.4143
2055,5126.7865
2056,5135.2997
2057,5153.9876
2058,5164.6159
2059,5176.6415
2060,5190.0938
2061,5202.1878
2062,5225.8348
2063,5238.7419
2064,5252.7547
2065,5263.9964
2066,5276.9635
2067,5289.9432
2068,5300.1006
2069,5308.3150
2070,5324.7061
2071,5336.9148
2072,5348.5739
2073,5355.9151
2074,5364.2883
2075,5373.2073
2076,5389.0409
2077,5400.1961
2078,5411.4354
2079,5420.6946
2080,5433.4955
2081,5440.4993
2082,5452.8642
2083,5468.7829
2084,5478.7123
2085,5488.8327
2086,5502.4741
2087,5511.1482
2088,5526.6144
2089,5547.2338
2090,5567.5547
2091,5585.0489
2092,5605.2659
2093,5619.5827
2094,5628.3190
2095,5641.7699
2096,5659.5592
2097,5678.0760
2098,5696.9724
2099,5720.0804
2100,5731.0977
2101,5739.9178
2102,5754.2243
2103,5763.6950
2104,5776.9208
2105,5796.4575
2106,5808.8441
2107,5827.8403
2108,5841.5749
2109,5854.5148
2110,5870.5151
2111,5885.2456
2112,5893.8243
2113,5907.3584
2114,5920.6011
2115,5930.1491
2116,5942.0464
2117,5955.6129
2118,5966.1067
2119,5977.8259
2120,5992.5160
2121,6006.6836
2122,6020.3238
2123,6033.6947
2124,6045.2278
2125,6055.7694
2126,6068.8720
2127,6078.6698
2128,6087.3587
2129,6097.9514
2130,6109.0956
2131,6121.9897
2132,6135.4415
2133,6143.5108
2134,6151.3438
2135,6171.2046
2136,6183.8739
2137,6195.3771
2138,6208.5090
2139,6220.5014
2140,6229.8176
2141,6241.8792
2142,6255.6560
2143,6267.4730
2144,6279.4447
2145,6293.6997
2146,6304.8418
2147,6317.4336
2148,6327.1999
2149,6337.5599
2150,6347.7972
2151,6359.4077
2152,6370.8847
2153,6386.3540
2154,6402.0445
2155,6416.8298
2156,6427.3992
2157,6437.4602
2158,6448.0355
2159,6459.0495
2160,6470.7186
2161,6482.9519
2162,6492.9986
2163,6501.7245
2164,6510.7353
2165,6525.7900
2166,6534.5800
2167,6543.1216
2168,6553.6277
2169,6573.6117
2170,6587.1508
2171,6597.9900
2172,6609.1857
2173,6625.1051
2174,6631.6803
2175,6645.3297
2176,6652.5402
2177,6669.4388
2178,6676.0392
2179,6684.8307
2180,6693.5472
2181,6703.1932
2182,6711.1905
2183,6720.7541
2184,6731.6003
2185,6742.6944
2186,6759.3269
2187,6769.4948
2188,6780.1287
2189,6790.2820
2190,6808.6298
2191,6815.5236
2192,6822.9160
2193,6831.6245
2194,6841.2073
2195,6848.7151
2196,6858.1803
2197,6869.1509
2198,6971.4656
2199,6978.8127
2200,6986.7303
2201,6998.5878
2202,7009.0671
2203,7019.0296
2204,7030.5314
2205,7038.2731
2206,7046.3028
2207,7063.8328
2208,7075.8286
2209,7093.4629
2210,7105.5191
2211,7119.8764
2212,7131.6357
2213,7139.3952
2214,7147.7830
2215,7159.2221
2216,7171.2587
2217,7190.1023
2218,7202.4491
2219,7217.6664
2220,7232.4030
2221,7249.9957
2222,7257.1535
2223,7275.0123
2224,7280.6566
2225,7287.6606
2226,7296.5088
2227,7303.7829
2228,7315.2249
2229,7326.7798
2230,7337.5702
2231,7357.9500
2232,7373.9729
2233,7389.1931
2234,7396.2088
2235,7407.4328
2236,7421.6299
2237,7434.0239
2238,7442.4152
2239,7449.3208
2240,7456.3296
2241,7465.4698
2242,7474.6807
2243,7481.0684
2244,7487.5317
2245,7498.2748
2246,7512.5101
2247,7523.1001
2248,7534.4946
2249,7541.6088
2250,7548.8648
2251,7557.0054
2252,7566.8221
2253,7574.7480
2254,7582.2423
2255,7589.1204
2256,7595.9091
2257,7602.3364
2258,7610.5952
2259,7618.9480
2260,7628.2852
2261,7636.8306
2262,7647.3913
2263,7658.7362
2264,7666.3699
2265,7677.1860
2266,7692.2193
2267,7699.4970
2268,7709.2733
2269,7720.3388
2270,7726.2876
2271,7734.3512
2272,7747.6065
2273,7757.3636
2274,7774.4157
2275,7786.6521
2276,7802.3663
2277,7816.3445
2278,7826.5038
2279,7835.1841
2280,7845.4726
2281,7854.1374
2282,7863.5459
2283,7877.0995
2284,7886.5006
2285,7893.8346
2286,7904.2623
2287,7917.0787
2288,7929.4035
2289,7943.7933
2290,7952.4152
2291,7966.8241
2292,7975.5895
2293,7984.7674
2294,7994.2913
2295,8001.2741
2296,8013.8850
2297,8023.2046
2298,8032.1290
2299,8040.7898
2300,8051.0199
2301,8060.4842
2302,8070.9820
2303,8083.6012
2304,8093.7173
2305,8111.5744
2306,8125.3386
2307,8136.0209
2308,8149.6692
2309,8157.5062
2310,8168.8435
2311,8181.1781
2312,8192.0385
2313,8205.0471
2314,8221.1814
2315,8231.1859
2316,8241.7216
2317,8253.0520
2318,8269.5954
2319,8278.9547
2320,8296.0997
2321,8305.6741
2322,8313.4601
2323,8322.1693
2324,8333.8244
2325,8341.9995
2326,8352.7789
2327,8365.4709
2328,8380.2929
2329,8395.3488
2330,8402.0834
2331,8413.4109
2332,8422.7102
2333,8431.7548
2334,8443.1036
2335,8456.1958
2336,8467.5686
2337,8478.9567
2338,8494.6253
2339,8510.1531
2340,8524.6429
2341,8538.5368
2342,8550.4198
2343,8574.9457
2344,8583.9744
2345,8590.8332
2346,8604.5711
2347,8622.6900
2348,8637.0242
2349,8653.7855
2350,8669.0722
2351,8678.1311
2352,8688.7667
2353,8698.5381
2354,8711.6992
2355,8722.8060
2356,8731.7097
2357,8741.8478
2358,8752.6689
2359,8766.3431
2360,8777.8854
2361,8795.3517
2362,8811.4591
2363,8826.9355
2364,8843.6766
2365,8861.0733
2366,8872.2374
2367,8886.8277
2368,8897.0704
2369,8906.7676
2370,8915.1332
2371,8922.5936
2372,8934.9592
2373,8945.1067
2374,8953.8157
2375,8961.8912
2376,8972.5783
2377,8981.9536
2378,8994.3540
2379,9004.7066
2380,9013.7796
2381,9021.5647
2382,9035.5461
2383,9043.8762
2384,9050.7674
2385,9061.4743
2386,9076.7174
2387,9091.0652
2388,9100.6086
2389,9115.2687
2390,9123.0087
2391,9130.8570
2392,9140.1131
2393,9146.9431
2394,9153.1820
2395,9161.0491
2396,9172.7617
2397,9185.0238
2398,9196.1956
2399,9209.0285
2400,9220.8979
2401,9234.9083
2402,9247.7436
2403,9260.0439
2404,9276.0410
2405,9294.6656
2406,9301.3611
2407,9312.3462
2408,9324.9204
2409,9335.0878
2410,9345.3434
2411,9356.8833
2412,9366.5364
2413,9376.3859
2414,9385.7698
2415,9396.5194
2416,9406.0817
2417,9416.0345
2418,9424.5017
2419,9434.5396
2420,9442.1523
2421,9453.3608
2422,9468.5702
2423,9480.6294
2424,9493.4783
2425,9505.8472
2426,9517.8487
2427,9527.3087
2428,9548.1896
2429,9568.8369
2430,9585.3062
2431,9604.3525
2432,9616.4024
2433,9630.1520
2434,9639.0784
2435,9655.0469
2436,9666.6985
2437,9684.7551
2438,9702.4727
2439,9726.2735
2440,9744.2682
2441,9759.0601
2442,9772.2967
2443,9789.7868
2444,9815.8550
2445,9825.3157
2446,9835.5594
2447,9846.9572
2448,9859.8335
2449,9871.0513
2450,9882.9787
2451,9896.3881
2452,9912.9136
2453,9926.7950
2454,9943.0921
2455,9954.8655
2456,9970.9885
2457,9983.0353
2458,9989.6519
2459,10002.7914
2460,10014.2539
2461,10023.1156
2462,10033.1788
2463,10041.0504
2464,10048.2149
2465,10056.6435
2466,10072.2787
2467,10080.7691
2468,10093.0531
2469,10102.2475
2470,10110.1973
2471,10124.2976
2472,10136.1759
2473,10146.7404
2474,10159.8020
2475,10171.6678
2476,10187.3949
2477,10197.9256
2478,10207.3412
2479,10215.9896
2480,10224.5097
2481,10235.3196
2482,10243.9375
2483,10254.2472
2484,10264.2057
2485,10274.4837
2486,10282.4140
2487,10290.9751
2488,10300.4806
2489,10310.5588
2490,10324.4967
2491,10332.8476
2492,10340.9684
2493,10351.4483
2494,10361.0735
2495,10373.2104
2496,10385.3426
2497,10394.4457
2498,10404.4869
2499,10414.4616
2500,10425.3902
2501,10435.2629
2502,10445.1716
2503,10454.4377
2504,10464.7965
2505,10474.7605
2506,10484.2608
2507,10494.4541
2508,10505.0344
2509,10515.2035
2510,10524.9755
2511,10533.6242
2512,10543.0756
2513,10554.4326
2514,10570.3385
2515,10577.2719
2516,10585.0403
2517,10595.1014
2518,10605.9985
2519,10617.2426
2520,10628.2074
2521,10636.4944
2522,10646.2452
2523,10656.2331
2524,10667.0434
2525,10676.9683
2526,10685.4782
2527,10693.1047
2528,10701.2670
2529,10710.5069
2530,10718.8792
2531,10726.6409
2532,10734.8242
2533,10743.2575
2534,10754.0612
2535,10763.9117
2536,10775.1818
2537,10782.9847
2538,10792.5923
2539,10800.6270
2540,10811.6751
2541,10822.6273
2542,10833.2677
2543,10848.1896
2544,10856.7140
2545,10866.3940
2546,10874.8050
2547,10884.6090
2548,10895.6747
2549,10905.2541
2550,10915.2601
2551,10927.0537
2552,10936.8291
2553,10946.6519
2554,10956.1877
2555,10966.5430
2556,10974.5495
2557,10983.6853
2558,10993.0751
2559,10999.9855
2560,11013.6881
2561,11022.2175
2562,11031.2595
2563,11046.3254
2564,11066.8085
2565,11076.1197
2566,11086.8037
2567,11098.4843
2568,11114.1264
2569,11128.2623
2570,11139.5960
2571,11153.3401
2572,11164.8417
2573,11172.0412
2574,11180.9201
2575,11187.6769
2576,11196.9714
2577,11211.4670
2578,11223.9847
2579,11232.5928
2580,11243.1474
2581,11256.8612
2582,11269.2826
2583,11282.8338
2584,11292.4304
2585,11301.7936
2586,11314.3795
2587,11326.0262
2588,11337.0461
2589,11347.9493
2590,11356.4255
2591,11365.1955
2592,11379.2696
2593,11391.5656
2594,11401.8233
2595,11412.5433
2596,11422.9810
2597,11436.6212
2598,11448.4150
2599,11460.1223
2600,11471.9181
2601,11486.3472
2602,11503.2437
2603,11512.9521
2604,11521.1790
2605,11534.2810
2606,11545.7873
2607,11556.7248
2608,11568.8491
2609,11583.2131
2610,11595.5524
2611,11604.9571
2612,11615.2532
2613,11624.9526
2614,11633.9428
2615,11645.1979
2616,11653.7442
2617,11663.3265
2618,11672.0212
2619,11682.3196
2620,11691.4220
2621,11703.8288
2622,11713.3186
2623,11734.0419
2624,11741.3430
2625,11755.0373
2626,11766.9370
2627,11779.0315
2628,11788.2953
2629,11800.5672
2630,11815.8865
2631,11827.7466
2632,11849.1559
2633,11855.3438
2634,11866.9696
2635,11882.0319
2636,11892.5679
2637,11905.1108
2638,11914.7456
2639,11925.7443
2640,11936.0001
2641,11948.6523
2642,11968.3311
2643,11979.5666
2644,11990.3779
2645,12005.2850
2646,12012.9893
2647,12024.8990
2648,12035.9800
2649,12050.4563
2650,12066.1457
2651,12079.8662
2652,12091.3191
2653,12106.1885
2654,12118.2423
2655,12132.5777
2656,12143.8401
2657,12153.4891
2658,12166.3804
2659,12180.8863
2660,12192.6906
2661,12205.4815
2662,12222.4782
2663,12238.2510
2664,12250.8769
2665,12264.7219
2666,12274.6613
2667,12289.2380
2668,12307.8258
2669,12314.1356
2670,12325.0532
2671,12334.1115
2672,12344.0101
2673,12355.5787
2674,12368.6435
2675,12380.7893
2676,12397.8910
2677,12410.2976
2678,12420.3866
2679,12431.6740
2680,12448.7333
2681,12461.9122
2682,12473.7966
2683,12486.0101
2684,12499.3129
2685,12515.6314
2686,12533.1447
2687,12543.9582
2688,12552.5200
2689,12567.6026
2690,12574.6679
2691,12583.9701
2692,12593.0490
2693,12602.5198
2694,12617.9392
2695,12626.2906
2696,12637.6953
2697,12652.2906
2698,12669.5416
2699,12690.0513
2700,12702.2040
2701,12721.2062
2702,12733.2704
2703,12748.6520
2704,12762.9800
2705,12777.6120
2706,12785.9852
2707,12795.0368
2708,12807.5705
2709,12816.9181
2710,12830.3761
2711,12848.0375
2712,12862.4861
2713,12877.9056
2714,12887.4369
2715,12897.7067
2716,12905.6001
2717,12914.2885
2718,12932.4598
2719,12946.3534
2720,12956.0323
2721,12965.8632
2722,12977.4156
2723,12984.1988
2724,12991.0872
2725,13000.1962
2726,13005.9457
2727,13013.1569
2728,13022.4466
2729,13032.6502
2730,13040.5228
2731,13048.7835
2732,13055.7027
2733,13063.6027
2734,13071.6686
2735,13078.5525
2736,13085.7637
2737,13092.9368
2738,13101.5549
2739,13113.2231
2740,13126.7149
2741,13135.0172
2742,13141.9983
2743,13154.0649
2744,13168.9584
2745,13178.8585
2746,13186.9562
2747,13194.7656
2748,13207.3095
2749,13221.6327
2750,13235.2884
2751,13243.2909
2752,13250.3517
2753,13256.7000
2754,13263.7954
2755,13273.7577
2756,13281.8198
2757,13288.5962
2758,13300.6020
2759,13312.6562
2760,13321.1532
2761,13333.4422
2762,13346.1449
2763,13362.5314
2764,13375.2317
2765,13386.6236
2766,13400.4991
2767,13414.8719
2768,13429.6908
2769,13438.3984
2770,13447.9623
2771,13453.7017
2772,13465.5831
2773,13478.3008
2774,13487.8197
2775,13499.5644
2776,13516.3677
2777,13525.5835
2778,13534.8015
2779,13544.4353
2780,13553.7040
2781,13564.9583
2782,13577.0018
2783,13594.4595
2784,13610.8449
2785,13620.1978
2786,13631.7835
2787,13648.2501
2788,13658.2074
2789,13671.7584
2790,13684.3605
2791,13701.0522
2792,13708.1954
2793,13716.3329
2794,13724.7081
2795,13732.5244
2796,13743.7789
2797,13756.2509
2798,13765.2791
2799,13774.9546
2800,13784.4589
2801,13796.3390
2802,13808.3143
2803,13818.3646
2804,13832.4206
2805,13840.6413
2806,13849.2377
2807,13856.7193
2808,13872.0622
2809,13886.0121
2810,13903.0700
2811,13911.5965
2812,13919.8420
2813,13934.1521
2814,13949.8141
2815,13961.5822
2816,13968.6546
2817,13980.2413
2818,13996.6862
2819,14008.9209
2820,14023.9484
2821,14040.1468
2822,14047.7650
2823,14054.8410
2824,14064.9455
2825,14073.0321
2826,14080.9979
2827,14094.8992
2828,14101.3217
2829,14111.5909
2830,14119.9589
2831,14131.5625
2832,14142.4448
2833,14150.3830
2834,14170.4738
2835,14187.7115
2836,14203.3379
2837,14215.1382
2838,14224.6380
2839,14232.2505
2840,14240.4435
2841,14256.8541
2842,14272.2268
2843,14281.8496
2844,14288.4305
2845,14302.5911
2846,14311.2786
2847,14325.3140
2848,14340.0097
2849,14351.5780
2850,14362.8445
2851,14372.5436
2852,14384.0413
2853,14393.6617
2854,14403.3427
2855,14410.6410
2856,14419.0216
2857,14426.3349
2858,14434.7012
2859,14443.9759
2860,14453.2387
2861,14469.4304
2862,14482.4405
2863,14495.9230
2864,14507.7424
2865,14517.5543
2866,14529.3355
2867,14541.9266
2868,14555.3060
2869,14566.7980
2870,14575.3403
2871,14586.5960
2872,14606.5283
2873,14618.5760
2874,14629.9682
2875,14645.0486
2876,14656.2448
2877,14664.6776
2878,14673.5103
2879,14684.9973
2880,14703.3732
2881,14720.1123
2882,14736.2399
2883,14748.3218
2884,14761.5206
2885,14778.5084
2886,14786.3114
2887,14798.2171
2888,14812.9582
2889,14822.6850
2890,14836.6468
2891,14845.1717
2892,14862.9184
2893,14876.5609
2894,14888.5667
2895,14899.3440
2896,14909.2124
2897,14918.8051
2898,14928.5853
2899,14940.9573
2900,14954.4220
2901,14967.6609
2902,14981.1435
2903,14992.5127
2904,15004.2713
2905,15017.0619
2906,15030.4780
2907,15044.5509
2908,15054.1229
2909,15068.6052
2910,15081.6989
2911,15097.0321
2912,15108.6223
2913,15118.1452
2914,15128.8404
2915,15138.4571
2916,15149.0107
2917,15162.7014
2918,15175.0288
2919,15187.5691
2920,15199.8191
2921,15210.6073
2922,15221.0782
2923,15232.0056
2924,15242.8105
2925,15253.2201
2926,15264.6389
2927,15278.3353
2928,15294.9698
2929,15303.4475
2930,15315.7823
2931,15330.2441
2932,15337.9819
2933,15351.8536
2934,15365.4218
2935,15379.8599
2936,15392.3783
2937,15412.0307
2938,15423.5325
2939,15436.0611
2940,15450.0418
2941,15462.7635
2942,15473.3274
2943,15486.6188
2944,15499.9948
2945,15512.3208
2946,15526.7661
2947,15540.6108
2948,15548.1958
2949,15561.0778
2950,15573.5188
2951,15586.4873
2952,15596.3233
2953,15611.0582
2954,15623.7919
2955,15636.2200
2956,15649.2310
2957,15659.1916
2958,15675.2224
2959,15685.8425
2960,15696.3181
2961,15713.8345
2962,15721.7112
2963,15728.9286
2964,15741.3135
2965,15753.5188
2966,15774.2264
2967,15785.0010
2968,15793.1178
2969,15803.8116
2970,15823.6594
2971,15836.9272
2972,15847.7771
2973,15860.7824
2974,15870.5757
2975,15882.5889
2976,15895.2677
2977,15908.6497
2978,15918.4604
2979,15928.1886
2980,15938.2493
2981,15948.7302
2982,15963.9258
2983,15979.2342
2984,15988.0557
2985,16000.5915
2986,16020.3552
2987,16036.7558
2988,16048.0652
2989,16060.7154
2990,16077.4198
2991,16093.1227
2992,16107.7139
2993,16122.9775
2994,16137.1603
2995,16155.3915
2996,16167.6610
2997,16175.2617
2998,16188.8180
2999,16199.4412
3000,16206.6193
3001,16216.9638
3002,16224.9510
3003,16233.0084
3004,16246.3026
3005,16258.0259
3006,16269.4883
3007,16277.3829
3008,16285.3837
3009,16293.7958
3010,16304.5082
3011,16312.9277
3012,16320.7986
3013,16328.6722
3014,16339.8571
3015,16347.5630
3016,16354.4931
3017,16363.8802
3018,16373.4839
3019,16381.7317
3020,16390.0228
3021,16398.5879
3022,16407.9053
3023,16419.6951
3024,16433.9790
3025,16446.9602
3026,16459.1131
3027,16470.7704
3028,16487.2208
3029,16500.5891
3030,16512.3813
3031,16526.4590
3032,16536.3255
3033,16548.0909
3034,16564.7593
3035,16575.3949
3036,16585.2311
3037,16597.8954
3038,16611.6583
3039,16623.5797
3040,16636.6978
3041,16645.7977
3042,16659.0204
3043,16675.3356
3044,16682.4358
3045,16694.9887
3046,16705.2491
3047,16713.4326
3048,16724.9050
3049,16737.0605
3050,16746.0904
3051,16756.2566
3052,16769.9094
3053,16781.8549
3054,16789.8762
3055,16797.2214
3056,16810.9195
3057,16824.9972
3058,16842.2115
3059,16858.6397
3060,16868.7670
3061,16881.6013
3062,16893.6460
3063,16903.3198
3064,16921.8462
3065,16935.4146
3066,16944.1764
3067,16952.8010
3068,16962.3113
3069,16975.8251
3070,16986.1977
3071,16997.8704
3072,17006.7852
3073,17020.5882
3074,17031.3618
3075,17046.4339
3076,17070.8108
3077,17081.0595
3078,17093.6480
3079,17107.0907
3080,17120.0490
3081,17132.6065
3082,17140.5697
3083,17154.9351
3084,17168.2732
3085,17180.7075
3086,17191.7274
3087,17205.4539
3088,17218.9548
3089,17234.1325
3090,17250.1464
3091,17257.5729
3092,17265.4772
3093,17276.4833
3094,17285.8236
3095,17297.0564
3096,17309.2039
3097,17321.2934
3098,17334.0397
3099,17347.6546
3100,17359.9195
3101,17380.3530
3102,17390.4877
3103,17403.1322
3104,17416.1391
3105,17427.8383
3106,17436.3565
3107,17447.6037
3108,17458.0600
3109,17467.9031
3110,17488.0226
3111,17494.7312
3112,17507.7801
3113,17515.4254
3114,17525.3761
3115,17536.1266
3116,17547.6689
3117,17557.0965
3118,17568.5120
3119,17581.4474
3120,17588.5060
3121,17596.0498
3122,17606.6155
3123,17629.2987
3124,17642.8971
3125,17654.2203
3126,17667.0990
3127,17683.7058
3128,17693.7873
3129,17706.1343
3130,17721.6010
3131,17735.3382
3132,17747.3104
3133,17759.5129
3134,17772.3119
3135,17787.0054
3136,17799.2213
3137,17816.1547
3138,17832.3038
3139,17841.3682
3140,17848.9742
3141,17859.3740
3142,17872.3013
3143,17885.1063
3144,17894.3241
3145,17903.0118
3146,17914.7117
3147,17929.2324
3148,17943.5236
3149,17960.6593
3150,17980.1500
3151,17992.8489
3152,18002.5892
3153,18010.8135
3154,18019.1724
3155,18032.3806
3156,18044.3299
3157,18050.6301
3158,18058.5539
3159,18070.5914
3160,18079.1452
3161,18091.0780
3162,18103.9314
3163,18118.6812
3164,18131.8660
3165,18140.4197
3166,18148.2515
3167,18158.2823
3168,18180.6006
3169,18191.9470
3170,18199.2915
3171,18210.3984
3172,18219.1665
3173,18232.0766
3174,18242.3277
3175,18249.8915
3176,18258.4403
3177,18267.6253
3178,18277.0407
3179,18289.7661
3180,18302.7673
3181,18313.3919
3182,18326.7210
3183,18338.0051
3184,18350.6327
3185,18363.9474
3186,18375.7217
3187,18384.9957
3188,18400.8508
3189,18411.9058
3190,18425.7319
3191,18437.3646
3192,18450.8238
3193,18464.1547
3194,18475.9064
3195,18488.0579
3196,18499.7122
3197,18513.1283
3198,18523.7386
3199,18531.4496
3200,18539.3248
3201,18552.5706
3202,18561.2788
3203,18571.5430
3204,18579.9580
3205,18591.5854
3206,18599.5765
3207,18611.7098
3208,18626.3437
3209,18634.5494
3210,18645.6668
3211,18655.2706
3212,18666.0931
3213,18673.5754
3214,18679.8487
3215,18690.9845
3216,18701.3125
3217,18714.8030
3218,18726.9650
3219,18734.1750
3220,18743.9215
3221,18751.7796
3222,18771.2328
3223,18783.6816
3224,18794.4810
3225,18805.1727
3226,18816.6420
3227,18831.9294
3228,18843.5390
3229,18856.0812
3230,18866.9422
3231,18877.8329
3232,18884.9020
3233,18897.6893
3234,18909.1346
3235,18918.9277
3236,18927.4175
3237,18939.9900
3238,18953.6421
3239,18968.1251
3240,18980.0749
3241,18988.7676
3242,18999.4922
3243,19004.9047
3244,19013.0222
3245,19024.3709
3246,19037.0841
3247,19046.3049
3248,19057.1213
3249,19074.5821
3250,19084.0342
3251,19090.7619
3252,19099.0129
3253,19107.2171
3254,19115.5066
3255,19123.7094
3256,19131.0515
3257,19141.6445
3258,19149.3194
3259,19157.7988
3260,19167.8700
3261,19175.7636
3262,19202.4109
3263,19212.7976
3264,19221.0994
3265,19230.9089
3266,19237.3898
3267,19245.2631
3268,19252.5265
3269,19261.2424
3270,19270.7181
3271,19279.6705
3272,19287.2145
3273,19297.8356
3274,19308.5856
3275,19318.8229
3276,19330.0512
3277,19339.1042
3278,19348.5687
3279,19359.4282
3280,19375.8254
3281,19384.6445
3282,19396.5759
3283,19406.0204
3284,19417.9707
3285,19430.6324
3286,19445.8833
3287,19463.8429
3288,19479.9993
3289,19489.4550
3290,19499.8052
3291,19513.4833
3292,19521.5559
3293,19529.9320
3294,19543.3559
3295,19553.4554
3296,19572.8135
3297,19586.4537
3298,19598.2792
3299,19612.1502
3300,19626.3642
3301,19637.0571
3302,19648.5288
3303,19658.6776
3304,19668.0372
3305,19679.6098
3306,19689.5123
3307,19701.3133
3308,19716.6209
3309,19725.7226
3310,19737.5364
3311,19750.4249
3312,19760.5703
3313,19770.7636
3314,19784.5836
3315,19797.6089
3316,19809.6583
3317,19824.4214
3318,19838.3436
3319,19850.3120
3320,19860.2335
3321,19874.2800
3322,19888.8102
3323,19903.4209
3324,19922.2224
3325,19934.4451
3326,19943.3401
3327,19958.6933
3328,19970.8776
3329,19984.2360
3330,19996.2111
3331,20003.4862
3332,20018.8870
3333,20027.5669
3334,20040.7190
3335,20054.4610
3336,20063.9796
3337,20083.3955
3338,20092.5364
3339,20105.5012
3340,20117.1484
3341,20129.9331
3342,20141.7792
3343,20155.3066
3344,20168.7582
3345,20181.0143
3346,20192.3599
3347,20208.2586
3348,20220.6643
3349,20232.2450
3350,20244.7083
3351,20259.7048
3352,20274.3890
3353,20286.0155
3354,20299.4859
3355,20317.5206
3356,20334.5759
3357,20347.1372
3358,20363.2507
3359,20373.5485
3360,20379.7154
3361,20387.4621
3362,20398.8917
3363,20408.4988
3364,20418.9522
3365,20431.9916
3366,20442.3873
3367,20457.4637
3368,20466.0683
3369,20478.1413
3370,20490.8018
3371,20498.5652
3372,20507.5698
3373,20524.1244
3374,20537.5943
3375,20546.7613
3376,20558.1689
3377,20570.8182
3378,20583.8792
3379,20595.8090
3380,20606.0350
3381,20615.8366
3382,20624.3975
3383,20633.5647
3384,20643.1010
3385,20652.1273
3386,20663.2516
3387,20670.3920
3388,20679.9119
3389,20697.3009
3390,20714.1788
3391,20727.3557
3392,20744.8540
3393,20759.2449
3394,20771.6806
3395,20781.5020
3396,20791.4810
3397,20803.6649
3398,20817.2815
3399,20834.1343
3400,20846.0515
3401,20863.6565
3402,20874.3329
3403,20884.0125
3404,20897.5196
3405,20915.7147
3406,20925.5443
3407,20936.3775
3408,20950.0642
3409,20960.4537
3410,20983.5558
3411,20995.2123
3412,21011.0693
3413,21019.8369
3414,21040.2842
3415,21063.9591
3416,21078.5027
3417,21087.5278
3418,21101.3155
3419,21114.7976
3420,21125.1845
3421,21135.2286
3422,21147.2981
3423,21156.4121
3424,21167.3071
3425,21186.8856
3426,21200.9144
3427,21213.3043
3428,21220.6042
3429,21234.6020
3430,21252.1532
3431,21259.9220
3432,21272.3234
3433,21283.4389
3434,21295.7220
3435,21303.5798
3436,21318.8455
3437,21327.3008
3438,21335.1641
3439,21346.3962
3440,21355.8431
3441,21364.9340
3442,21376.3673
3443,21393.0619
3444,21406.5299
3445,21418.0355
3446,21426.9652
3447,21435.5011
3448,21445.6332
3449,21454.4177
3450,21462.9612
3451,21472.9335
3452,21484.0093
3453,21496.6581
3454,21507.2050
3455,21515.7866
3456,21524.3211
3457,21534.3661
3458,21543.3636
3459,21553.5724
3460,21568.0225
3461,21581.5327
3462,21592.2351
3463,21604.5597
3464,21617.2068
3465,21627.8596
3466,21641.5770
3467,21649.8671
3468,21661.9637
3469,21675.2179
3470,21684.7334
3471,21699.3284
3472,21709.7647
3473,21730.2835
3474,21746.1891
3475,21755.2531
3476,21767.3223
3477,21784.3616
3478,21794.9228
3479,21806.9525
3480,21815.0024
3481,21823.7331
3482,21832.0751
3483,21842.5443
3484,21850.2920
3485,21860.7476
3486,21866.9751
3487,21880.1935
3488,21889.5683
3489,21898.7334
3490,21905.4763
3491,21913.7361
3492,21926.0564
3493,21935.4572
3494,21945.0500
3495,21955.8702
3496,21968.1151
3497,21980.1502
3498,21991.8048
3499,22002.1019
3500,22013.7339
3501,22027.6959
3502,22042.6602
3503,22056.7479
3504,22075.4449
3505,22088.4156
3506,22104.8045
3507,22115.0842
3508,22126.9245
3509,22137.0082
3510,22149.5476
3511,22163.8284
3512,22173.4312
3513,22186.8856
3514,22199.3573
3515,22212.4689
3516,22222.3768
3517,22231.9925
3518,22239.3119
3519,22249.1467
3520,22257.3080
3521,22265.3685
3522,22273.7837
3523,22281.7242
3524,22290.1042
3525,22298.3503
3526,22310.1418
3527,22320.9200
3528,22336.1111
3529,22347.1596
3530,22360.4245
3531,22373.5971
3532,22382.6408
3533,22392.9479
3534,22400.9955
3535,22410.2883
3536,22420.2344
3537,22431.0505
3538,22442.5919
3539,22453.9132
3540,22464.7970
3541,22474.7541
3542,22485.0013
3543,22495.6446
3544,22506.2506
3545,22517.7565
3546,22529.3064
3547,22542.2039
3548,22553.0255
3549,22569.0224
3550,22577.9307
3551,22584.3294
3552,22596.7798
3553,22607.6272
3554,22620.2803
3555,22630.7054
3556,22643.6067
3557,22679.1625
3558,22690.1107
3559,22702.1153
3560,22713.1693
3561,22725.0121
3562,22734.1888
3563,22741.4954
3564,22754.7343
3565,22774.1251
3566,22782.8383
3567,22790.9703
3568,22804.3950
3569,22812.0601
3570,22821.2321
3571,22831.2011
3572,22839.8845
3573,22848.6092
3574,22860.6179
3575,22870.3270
3576,22886.5390
3577,22896.3761
3578,22906.4014
3579,22918.1116
3580,22928.7438
3581,22937.5501
3582,22949.4107
3583,22963.4945
3584,22974.6969
3585,22987.1163
3586,23000.2210
3587,23018.7666
3588,23032.4447
3589,23043.8001
3590,23052.0778
3591,23063.3929
3592,23074.3988
3593,23080.2457
3594,23088.4454
3595,23105.0580
3596,23119.3306
3597,23131.2194
3598,23142.4909
3599,23151.5405
3600,23163.8646
3601,23172.7407
3602,23182.3370
3603,23197.5923
3604,23210.0379
3605,23230.1030
3606,23239.1818
3607,23248.0209
3608,23259.4597
3609,23272.4259
3610,23282.4743
3611,23290.4751
3612,23297.1864
3613,23308.0404
3614,23320.8621
3615,23332.4199
3616,23339.9975
3617,23346.2489
3618,23353.1117
3619,23361.4800
3620,23374.8815
3621,23383.7318
3622,23396.8513
3623,23408.9272
3624,23422.0414
3625,23431.3664
3626,23442.8458
3627,23453.5291
3628,23465.2970
3629,23477.8917
3630,23489.2638
3631,23502.7282
3632,23514.8063
3633,23523.5064
3634,23530.8111
3635,23539.7792
3636,23548.5821
3637,23559.2997
3638,23581.7051
3639,23635.4475
3640,23643.2185
3641,23652.4992
3642,23663.8839
3643,23671.7563
3644,23683.0773
3645,23690.9928
3646,23705.6041
3647,23720.9523
3648,23738.1539
3649,23745.6858
3650,23757.0486
3651,23765.8784
3652,23773.7327
3653,23787.9021
3654,23799.6526
3655,23810.4446
3656,23822.3252
3657,23834.0802
3658,23846.8328
3659,23856.4286
3660,23865.7506
3661,23879.0693
3662,23890.7943
3663,23902.4935
3664,23915.1454
3665,23929.1561
3666,23938.1034
3667,23949.8973
3668,23963.2542
3669,23974.9103
3670,23983.0418
3671,23992.5971
3672,24005.2097
3673,24016.1598
3674,24025.8675
3675,24034.5452
3676,24049.5470
3677,24061.4226
3678,24070.7099
3679,24082.3045
3680,24093.9913
3681,24103.0765
3682,24111.6881
3683,24122.1066
3684,24136.1816
3685,24147.8903
3686,24159.4243
3687,24170.1949
3688,24187.5913
3689,24199.0063
3690,24206.4807
3691,24219.3656
3692,24230.3154
3693,24244.7565
3694,24255.5218
3695,24265.0993
3696,24274.7872
3697,24282.8760
3698,24295.2189
3699,24306.8249
3700,24313.9091
3701,24328.5658
3702,24343.6103
3703,24360.8837
3704,24374.5382
3705,24389.3132
3706,24401.8049
3707,24415.8955
3708,24424.4969
3709,24434.1004
3710,24446.9073
3711,24461.9124
3712,24475.4140
3713,24484.9851
3714,24497.7624
3715,24505.3620
3716,24517.4096
3717,24532.0380
3718,24546.4871
3719,24554.2004
3720,24561.9588
3721,24572.6626
3722,24582.3619
3723,24594.4858
3724,24610.2521
3725,24618.1381
3726,24629.6487
3727,24637.5616
3728,24650.9724
3729,24660.3758
3730,24669.5948
3731,24678.4375
3732,24687.6493
3733,24700.2180
3734,24714.8619
3735,24732.4154
3736,24754.2555
3737,24762.7373
3738,24772.0380
3739,24786.3400
3740,24793.6807
3741,24804.6389
3742,24811.6815
3743,24819.9997
3744,24831.9256
3745,24841.7187
3746,24850.5843
3747,24864.2774
3748,24875.8926
3749,24888.5472
3750,24905.0848
3751,24919.1697
3752,24934.8307
3753,24953.0265
3754,24966.3262
3755,24980.1831
3756,24994.3600
3757,25010.6192
3758,25021.3299
3759,25033.4842
3760,25046.2198
3761,25053.2556
3762,25063.4873
3763,25076.6690
3764,25088.9492
3765,25103.5886
3766,25114.0814
3767,25126.4083
3768,25135.8473
3769,25144.2986
3770,25162.0033
3771,25171.8278
3772,25183.1448
3773,25192.8306
3774,25202.2796
3775,25210.4702
3776,25219.8613
3777,25230.1040
3778,25239.6960
3779,25253.1509
3780,25264.5917
3781,25274.6894
3782,25287.0159
3783,25295.1815
3784,25306.4520
3785,25315.9730
3786,25326.3228
3787,25333.9956
3788,25341.5959
3789,25349.2775
3790,25356.8056
3791,25363.2612
3792,25369.7457
3793,25380.9159
3794,25388.9949
3795,25398.2420
3796,25405.3650
3797,25412.5152
3798,25422.1721
3799,25434.3755
3800,25446.9254
3801,25454.5949
3802,25465.2817
3803,25476.6834
3804,25487.3521
3805,25501.8415
3806,25512.4214
3807,25523.0594
3808,25536.4799
3809,25543.4732
3810,25552.7601
3811,25562.7038
3812,25574.3532
3813,25585.9518
3814,25596.9744
3815,25603.6170
3816,25616.6124
3817,25627.6112
3818,25638.8080
3819,25656.7867
3820,25668.3638
3821,25684.2833
3822,25698.1566
3823,25710.7990
3824,25727.2654
3825,25736.8038
3826,25746.9361
3827,25757.9253
3828,25765.9452
3829,25783.1092
3830,25797.6789
3831,25814.7011
3832,25826.3528
3833,25841.1555
3834,25850.6026
3835,25864.3897
3836,25871.9075
3837,25884.6183
3838,25899.8964
3839,25912.1127
3840,25925.3373
3841,25936.3515
3842,25948.0343
3843,25960.6175
3844,25971.3452
3845,25983.9451
3846,25996.5785
3847,26007.8461
3848,26019.8567
3849,26031.7273
3850,26044.6086
3851,26065.8338
3852,26080.2014
3853,26095.4602
3854,26107.8892
3855,26120.0144
3856,26136.6880
3857,26146.8198
3858,26157.6664
3859,26169.2419
3860,26177.6257
3861,26195.3042
3862,26205.8718
3863,26215.7860
3864,26236.8474
3865,26244.8547
3866,26265.8997
3867,26279.4433
3868,26287.9124
3869,26304.5871
3870,26318.4400
3871,26330.2138
3872,26337.8904
3873,26347.5828
3874,26359.5486
3875,26370.8327
3876,26382.5486
3877,26393.6348
3878,26401.7210
3879,26411.7608
3880,26423.3618
3881,26433.7978
3882,26455.7776
3883,26467.2582
3884,26478.0986
3885,26487.4284
3886,26498.7254
3887,26508.5776
3888,26522.3315
3889,26536.1619
3890,26553.8013
3891,26567.2243
3892,26579.3579
3893,26585.5589
3894,26596.0081
3895,26603.8671
3896,26611.9132
3897,26618.7367
3898,26632.3836
3899,26643.9939
3900,26652.9293
3901,26667.9657
3902,26676.8813
3903,26694.4792
3904,26701.3206
3905,26710.5880
3906,26723.1894
3907,26730.9706
3908,26742.2516
3909,26756.6113
3910,26770.4012
3911,26781.0109
3912,26789.5386
3913,26798.5423
3914,26808.8355
3915,26824.1427
3916,26834.8019
3917,26847.3389
3918,26863.8663
3919,26873.0323
3920,26884.6750
3921,26899.5323
3922,26911.0677
3923,26922.6139
3924,26933.0251
3925,26946.0022
3926,26959.2288
3927,26972.4851
3928,26981.1497
3929,26993.9773
3930,27002.7184
3931,27010.7257
3932,27019.9037
3933,27030.6299
3934,27043.5667
3935,27055.2566
3936,27066.8373
3937,27084.5854
3938,27097.8138
3939,27106.9906
3940,27114.4066
3941,27124.7363
3942,27137.1300
3943,27147.8899
3944,27154.7027
3945,27162.7269
3946,27173.2175
3947,27182.9023
3948,27191.7553
3949,27206.1720
3950,27218.4403
3951,27230.6368
3952,27246.4180
3953,27253.5858
3954,27265.0025
3955,27278.1224
3956,27293.0033
3957,27307.4741
3958,27315.8076
3959,27331.0699
3960,27341.7118
3961,27350.2343
3962,27362.5536
3963,27374.1498
3964,27381.9582
3965,27391.6349
3966,27403.5826
3967,27419.8997
3968,27428.6101
3969,27441.4077
3970,27453.1496
3971,27466.0361
3972,27474.7570
3973,27482.1534
3974,27491.2326
3975,27504.6504
3976,27523.0470
3977,27538.9249
3978,27552.0368
3979,27566.5843
3980,27580.2264
3981,27588.6223
3982,27597.2078
3983,27610.7352
3984,27623.1205
3985,27637.4061
3986,27649.7424
3987,27664.1707
3988,27670.7792
3989,27682.8694
3990,27693.2125
3991,27707.6998
3992,27720.9096
3993,27732.5537
3994,27742.8894
3995,27752.7564
3996,27765.5392
3997,27775.9483
3998,27787.0882
3999,27804.0056
4000,27812.5601
4001,27822.3045
4002,27841.7325
4003,27850.7564
4004,27858.5823
4005,27865.2062
4006,27874.8491
4007,27885.1457
4008,27898.0076
4009,27911.4537
4010,27923.3670
4011,27934.3586
4012,27944.6762
4013,27959.4975
4014,27972.4021
4015,27984.9069
4016,27994.8463
4017,28004.9646
4018,28018.4221
4019,28030.3097
4020,28038.3344
4021,28046.6468
4022,28055.0272
4023,28063.8270
4024,28071.2037
4025,28084.5730
4026,28096.6511
4027,28104.2552
4028,28113.9793
4029,28122.0293
4030,28133.3141
4031,28145.5548
4032,28152.9169
4033,28164.1097
4034,28176.6701
4035,28185.8513
4036,28194.8497
4037,28209.2311
4038,28219.3897
4039,28228.5392
4040,28240.3295
4041,28251.8678
4042,28267.5176
4043,28277.4560
4044,28288.1141
4045,28298.6414
4046,28309.0353
4047,28321.1048
4048,28329.1678
4049,28338.6533
4050,28348.7766
4051,28362.8635
4052,28372.8096
4053,28380.6243
4054,28392.8530
4055,28402.6301
4056,28414.2241
4057,28426.1379
4058,28439.0972
4059,28449.3546
4060,28462.0032
4061,28470.9413
4062,28480.7601
4063,28493.3634
4064,28504.0343
4065,28513.6025
4066,28522.0532
4067,28533.1330
4068,28545.6088
4069,28554.2476
4070,28564.1446
4071,28578.3343
4072,28593.9155
4073,28607.1236
4074,28618.1164
4075,28631.5026
4076,28644.4488
4077,28654.4988
4078,28665.5824
4079,28674.7539
4080,28684.4537
4081,28696.7909
4082,28707.1497
4083,28718.4107
4084,28735.3184
4085,28745.4534
4086,28754.2872
4087,28772.9287
4088,28781.5523
4089,28790.6494
4090,28800.8883
4091,28811.4398
4092,28820.5559
4093,28834.6250
4094,28847.1060
4095,28853.1528
4096,28861.9301
4097,28874.7241
4098,28891.4928
4099,28906.1241
4100,28920.0339
4101,28930.1746
4102,28946.7995
4103,28959.0523
4104,28971.9305
4105,28986.3753
4106,28998.9696
4107,29015.3987
4108,29027.0011
4109,29044.0416
4110,29060.0524
4111,29075.9597
4112,29087.7953
4113,29101.4614
4114,29115.0098
4115,29128.6919
4116,29141.3968
4117,29151.5555
4118,29166.2488
4119,29180.0060
4120,29192.9450
4121,29203.3100
4122,29218.9605
4123,29230.9813
4124,29242.2800
4125,29250.6120
4126,29259.4402
4127,29269.8102
4128,29281.0569
4129,29288.5528
4130,29299.5303
4131,29305.9826
4132,29312.5358
4133,29321.1892
4134,29330.1277
4135,29337.5828
4136,29344.5687
4137,29353.4837
4138,29361.5420
4139,29370.8410
4140,29390.0397
4141,29400.7678
4142,29414.4795
4143,29422.4153
4144,29432.7295
4145,29442.6601
4146,29455.9238
4147,29469.3046
4148,29482.5711
4149,29497.3328
4150,29510.2503
4151,29523.0415
4152,29533.4480
4153,29546.5984
4154,29560.2171
4155,29572.9768
4156,29583.1048
4157,29595.0577
4158,29603.3316
4159,29612.7441
4160,29623.3294
4161,29638.6075
4162,29649.1225
4163,29661.0563
4164,29672.3177
4165,29683.6689
4166,29696.7297
4167,29707.2895
4168,29720.1080
4169,29736.3021
4170,29748.6286
4171,29761.5173
4172,29771.2312
4173,29784.7610
4174,29797.8845
4175,29807.9100
4176,29822.1509
4177,29835.6884
4178,29847.4751
4179,29859.8170
4180,29870.6088
4181,29882.9477
4182,29897.6505
4183,29909.9054
4184,29924.3705
4185,29941.1664
4186,29952.8947
4187,29966.1663
4188,29973.5141
4189,29981.8010
4190,29990.8743
4191,29999.5804
4192,30011.5080
4193,30020.4482
4194,30030.6635
4195,30042.3400
4196,30051.7769
4197,30063.9207
4198,30075.4039
4199,30088.4051
4200,30100.4174
4201,30110.8305
4202,30121.7034
4203,30134.3691
4204,30146.9598
4205,30160.2638
4206,30166.4515
4207,30173.1391
4208,30179.6584
4209,30186.2881
4210,30194.2501
4211,30207.9329
4212,30221.7419
4213,30231.0724
4214,30242.6775
4215,30251.7703
4216,30261.1263
4217,30270.1771
4218,30282.8214
4219,30291.2867
4220,30301.4319
4221,30310.4124
4222,30319.2010
4223,30327.5902
4224,30335.8243
4225,30347.7139
4226,30354.7511
4227,30363.3783
4228,30371.1998
4229,30384.5196
4230,30395.3025
4231,30401.7072
4232,30411.5086
4233,30420.4183
4234,30430.8486
4235,30440.3777
4236,30449.4882
4237,30460.2091
4238,30470.5501
4239,30477.3448
4240,30485.6997
4241,30511.2731
4242,30519.6378
4243,30527.9057
4244,30534.6639
4245,30543.8559
4246,30551.3737
4247,30559.5810
4248,30567.6372
4249,30579.7577
4250,30592.2816
4251,30603.9779
4252,30612.5331
4253,30628.9222
4254,30643.4147
4255,30654.8889
4256,30667.0780
4257,30678.8888
4258,30691.8244
4259,30712.2192
4260,30723.8698
4261,30731.8439
4262,30740.2937
4263,30751.1892
4264,30773.0405
4265,30790.0493
4266,30801.2571
4267,30808.6255
4268,30822.5269
4269,30833.7121
4270,30844.6620
4271,30853.5385
4272,30863.5647
4273,30876.0378
4274,30887.7776
4275,30897.7540
4276,30912.2491
4277,30922.7626
4278,30937.8376
4279,30956.3751
4280,30965.8725
4281,30975.0032
4282,30983.0451
4283,30994.9031
4284,31009.7816
4285,31017.7767
4286,31029.6414
4287,31040.5517
4288,31055.5944
4289,31068.5074
4290,31083.9097
4291,31096.8587
4292,31107.6455
4293,31117.9523
4294,31130.9493
4295,31140.8792
4296,31151.7732
4297,31161.5708
4298,31168.5212
4299,31176.9068
4300,31188.0519
4301,31201.9086
4302,31225.3997
4303,31237.1690
4304,31246.9358
4305,31255.1408
4306,31265.7776
4307,31275.6944
4308,31282.0773
4309,31290.4418
4310,31296.7224
4311,31307.0092
4312,31318.0449
4313,31333.5469
4314,31347.2064
4315,31360.4047
4316,31372.3798
4317,31383.8489
4318,31395.2565
4319,31405.6115
4320,31415.7441
4321,31431.4380
4322,31443.9299
4323,31450.8464
4324,31467.5796
4325,31477.0427
4326,31495.4896
4327,31504.0565
4328,31511.5182
4329,31520.9343
4330,31532.2268
4331,31546.4363
4332,31556.5193
4333,31564.9130
4334,31575.3682
4335,31586.9529
4336,31600.2216
4337,31612.0958
4338,31625.8779
4339,31654.5482
4340,31664.1762
4341,31671.0272
4342,31680.5692
4343,31689.6453
4344,31696.9397
4345,31704.6511
4346,31714.3147
4347,31727.1152
4348,31742.9876
4349,31751.5690
4350,31763.3584
4351,31777.9522
4352,31792.0291
4353,31803.1631
4354,31831.2368
4355,31840.8811
4356,31850.0564
4357,31863.7991
4358,31879.4246
4359,31894.9771
4360,31910.8348
4361,31925.8938
4362,31937.4998
4363,31951.9083
4364,31963.3648
4365,31975.2567
4366,31988.7328
4367,32000.4978
4368,32013.1993
4369,32029.7644
4370,32040.6351
4371,32054.2767
4372,32068.7106
4373,32084.4741
4374,32095.5667
4375,32109.7815
4376,32120.8801
4377,32131.1305
4378,32141.4251
4379,32153.3549
4380,32163.3210
4381,32178.5870
4382,32191.4907
4383,32203.2349
4384,32212.9900
4385,32225.6174
4386,32238.2112
4387,32252.8563
4388,32264.3127
4389,32273.7083
4390,32281.8248
4391,32291.0447
4392,32300.6654
4393,32310.3764
4394,32319.6573
4395,32327.3113
4396,32335.8886
4397,32344.0375
4398,32351.2366
4399,32359.7965
4400,32372.3965
4401,32382.9908
4402,32389.5423
4403,32395.4268
4404,32403.3673
4405,32409.9967
4406,32416.4369
4407,32423.9371
4408,32431.3602
4409,32439.4667
4410,32445.9903
4411,32456.6789
4412,32468.5342
4413,32479.8560
4414,32491.7786
4415,32503.7951
4416,32516.1653
4417,32528.0313
4418,32537.6539
4419,32548.6557
4420,32562.7162
4421,32571.9218
4422,32582.5865
4423,32594.6748
4424,32610.8572
4425,32621.7575
4426,32631.6988
4427,32642.3063
4428,32653.5044
4429,32664.2389
4430,32675.0448
4431,32685.3421
4432,32699.3439
4433,32710.2981
4434,32722.6410
4435,32736.8808
4436,32748.9045
4437,32762.7890
4438,32774.5936
4439,32795.1262
4440,32804.7190
4441,32817.2081
4442,32837.2815
4443,32851.5177
4444,32866.7581
4445,32877.2480
4446,32885.1418
4447,32896.6007
4448,32913.6505
4449,32923.2204
4450,32931.9513
4451,32943.8560
4452,32955.2181
4453,32968.5936
4454,32980.4807
4455,32993.2053
4456,33005.5404
4457,33016.1867
4458,33027.3907
4459,33047.4486
4460,33055.0349
4461,33070.3862
4462,33080.9288
4463,33091.8295
4464,33105.1917
4465,33125.8516
4466,33142.8893
4467,33158.4992
4468,33171.3915
4469,33183.8188
4470,33197.7623
4471,33209.0690
4472,33218.6136
4473,33227.4754
4474,33247.1938
4475,33255.1298
4476,33267.3383
4477,33277.4277
4478,33289.2101
4479,33297.8375
4480,33308.0645
4481,33320.4064
4482,33329.2632
4483,33339.2358
4484,33348.0115
4485,33355.9883
4486,33366.9827
4487,33374.8796
4488,33391.2265
4489,33403.9674
4490,33413.2960
4491,33420.9688
4492,33428.8163
4493,33436.2280
4494,33447.4578
4495,33456.6326
4496,33470.4931
4497,33481.8563
4498,33496.2964
4499,33523.2363
4500,33531.6639
4501,33539.6955
4502,33549.0940
4503,33561.6188
4504,33568.3091
4505,33576.1151
4506,33581.9929
4507,33593.4436
4508,33602.4871
4509,33613.9944
4510,33626.8866
4511,33640.2342
4512,33652.0085
4513,33668.6907
4514,33680.4178
4515,33694.2697
4516,33709.6870
4517,33719.3053
4518,33732.8241
4519,33741.3101
4520,33754.9620
4521,33765.0006
4522,33781.6746
4523,33793.1168
4524,33804.5995
4525,33816.2053
4526,33832.2306
4527,33839.6962
4528,33847.9891
4529,33856.1766
4530,33866.8554
4531,33879.1115
4532,33887.2690
4533,33902.5104
4534,33915.5455
4535,33926.6615
4536,33941.8886
4537,33949.8980
4538,33962.6231
4539,33977.9854
4540,33991.0548
4541,33999.1999
4542,34018.2855
4543,34031.8496
4544,34040.3802
4545,34051.7097
4546,34064.5289
4547,34073.1740
4548,34086.1733
4549,34102.9050
4550,34113.8403
4551,34128.4866
4552,34136.7285
4553,34144.9273
4554,34156.9130
4555,34165.3614
4556,34175.0338
4557,34184.8602
4558,34196.3518
4559,34203.6755
4560,34215.9312
4561,34225.5001
4562,34233.9559
4563,34245.8987
4564,34258.7264
4565,34268.7283
4566,34279.6154
4567,34294.9660
4568,34312.1848
4569,34323.9036
4570,34331.4891
4571,34344.1718
4572,34351.4991
4573,34362.1726
4574,34369.0004
4575,34378.1788
4576,34388.8874
4577,34404.2552
4578,34416.2288
4579,34427.5625
4580,34442.3020
4581,34453.3329
4582,34467.5860
4583,34480.4080
4584,34489.1040
4585,34498.5080
4586,34508.1496
4587,34519.3353
4588,34533.5577
4589,34545.0161
4590,34580.5821
4591,34592.5026
4592,34601.0604
4593,34610.2915
4594,34624.0060
4595,34633.4326
4596,34644.4533
4597,34658.1175
4598,34673.7826
4599,34688.4861
4600,34702.4970
4601,34717.1032
4602,34731.8413
4603,34741.6947
4604,34752.7621
4605,34765.3677
4606,34778.7433
4607,34792.0091
4608,34805.0487
4609,34815.2492
4610,34824.8916
4611,34833.8814
4612,34847.4219
4613,34856.0383
4614,34863.3890
4615,34877.9025
4616,34885.1993
4617,34893.8527
4618,34907.8763
4619,34919.1101
4620,34931.2341
4621,34943.4555
4622,34951.6363
4623,34962.3129
4624,34969.7533
4625,34981.2622
4626,34991.2462
4627,35004.8585
4628,35021.8854
4629,35032.1510
4630,35046.3219
4631,35059.9568
4632,35070.4734
4633,35082.8984
4634,35093.5941
4635,35102.1609
4636,35114.2209
4637,35130.5571
4638,35138.1547
4639,35150.4436
4640,35162.7707
4641,35175.0166
4642,35185.0245
4643,35196.9359
4644,35212.9381
4645,35226.8994
4646,35239.0356
4647,35253.1135
4648,35265.4736
4649,35277.4332
4650,35289.9070
4651,35302.1276
4652,35316.3700
4653,35331.8112
4654,35344.6476
4655,35358.1703
4656,35366.4751
4657,35377.0273
4658,35387.2201
4659,35401.0971
4660,35415.5149
4661,35426.8489
4662,35438.7956
4663,35451.3443
4664,35466.0671
4665,35478.1389
4666,35488.4453
4667,35499.2330
4668,35515.7406
4669,35528.3468
4670,35542.6989
4671,35551.8932
4672,35563.1609
4673,35569.8371
4674,35579.5116
4675,35588.9974
4676,35598.5248
4677,35606.8847
4678,35615.3882
4679,35621.3157
4680,35634.0437
4681,35643.9528
4682,35653.4553
4683,35665.8158
4684,35675.3149
4685,35684.9749
4686,35698.2026
4687,35713.9373
4688,35720.8288
4689,35731.5035
4690,35742.5265
4691,35760.0384
4692,35770.5488
4693,35781.0180
4694,35797.4172
4695,35810.6806
4696,35821.1215
4697,35830.5638
4698,35846.1337
4699,35855.2182
4700,35868.5937
4701,35881.8388
4702,35894.8295
4703,35909.0703
4704,35920.4700
4705,35934.0451
4706,35948.2083
4707,35956.9323
4708,35972.6346
4709,35984.1955
4710,35996.5546
4711,36015.8410
4712,36038.9979
4713,36047.1921
4714,36057.5070
4715,36069.8760
4716,36080.2109
4717,36096.4108
4718,36104.8126
4719,36111.6331
4720,36121.3450
4721,36137.7258
4722,36148.0432
4723,36158.8745
4724,36171.8924
4725,36179.7967
4726,36189.6117
4727,36202.3394
4728,36212.8987
4729,36222.2202
4730,36233.1407
4731,36243.5327
4732,36255.2700
4733,36268.6679
4734,36282.1524
4735,36294.3273
4736,36310.6358
4737,36323.6129
4738,36342.3092
4739,36349.9289
4740,36369.2806
4741,36378.1445
4742,36385.9687
4743,36395.0722
4744,36407.3429
4745,36421.7713
4746,36432.2770
4747,36444.5467
4748,36459.1789
4749,36473.4325
4750,36487.0546
4751,36502.7463
4752,36514.1308
4753,36524.7166
4754,36533.4268
4755,36545.2549
4756,36557.6375
4757,36568.9414
4758,36582.2647
4759,36593.8702
4760,36609.0088
4761,36617.8386
4762,36630.6589
4763,36640.4707
4764,36648.6902
4765,36661.5543
4766,36670.1429
4767,36681.2370
4768,36692.8453
4769,36704.7720
4770,36718.3788
4771,36732.5981
4772,36748.1089
4773,36758.9629
4774,36770.2253
4775,36781.3537
4776,36788.7282
4777,36799.3958
4778,36812.2487
4779,36825.8462
4780,36834.7299
4781,36841.7721
4782,36848.9516
4783,36858.6595
4784,36868.9978
4785,36879.2582
4786,36890.1224
4787,36900.8524
4788,36911.7131
4789,36919.7402
4790,36933.1448
4791,36943.8477
4792,36952.9510
4793,36962.6365
4794,36971.8130
4795,36984.3442
4796,36996.7198
4797,37007.9820
4798,37020.1213
4799,37039.5665
4800,37047.2143
4801,37058.5318
4802,37066.8144
4803,37078.5739
4804,37084.6093
4805,37097.2838
4806,37108.4623
4807,37115.4683
4808,37129.3175
4809,37140.3337
4810,37154.0956
4811,37167.1369
4812,37179.3883
4813,37188.3428
4814,37202.5065
4815,37215.1937
4816,37225.8155
4817,37238.9727
4818,37250.2639
4819,37268.8386
4820,37283.6080
4821,37294.9517
4822,37309.5329
4823,37321.0101
4824,37336.7302
4825,37349.2341
4826,37359.3137
4827,37366.8568
4828,37374.1088
4829,37381.1157
4830,37389.6487
4831,37401.7575
4832,37411.5250
4833,37425.4191
4834,37439.7707
4835,37451.1335
4836,37467.0115
4837,37479.9621
4838,37493.7694
4839,37499.8953
4840,37509.4872
4841,37517.0069
4842,37526.1393
4843,37534.2789
4844,37545.5055
4845,37552.9647
4846,37562.3720
4847,37570.9863
4848,37583.3471
4849,37590.2460
4850,37598.9411
4851,37609.6690
4852,37619.5858
4853,37632.1552
4854,37641.7446
4855,37650.7783
4856,37660.2221
4857,37672.4515
4858,37685.1776
4859,37696.0170
4860,37706.3780
4861,37714.5438
4862,37723.0599
4863,37735.5509
4864,37747.4558
4865,37756.1686
4866,37764.3683
4867,37776.1905
4868,37787.3535
4869,37799.1920
4870,37811.4285
4871,37823.8783
4872,37842.7427
4873,37851.7079
4874,37863.2367
4875,37875.8318
4876,37885.5789
4877,37896.8632
4878,37916.8196
4879,37927.3245
4880,37950.7189
4881,37957.7131
4882,37969.2514
4883,37986.3517
4884,37997.8659
4885,38009.6602
4886,38025.8348
4887,38038.2771
4888,38053.1778
4889,38069.7520
4890,38083.8945
4891,38096.1781
4892,38107.0695
4893,38115.7839
4894,38126.7521
4895,38142.1947
4896,38155.3509
4897,38168.5531
4898,38180.3429
4899,38191.0639
4900,38200.8173
4901,38211.3414
4902,38227.0169
4903,38230.5777
4904,38241.4122
4905,38252.7862
4906,38264.0543
4907,38273.7758
4908,38286.8426
4909,38296.7675
4910,38311.2755
4911,38320.7099
4912,38331.5659
4913,38343.8046
4914,38354.5656
4915,38368.4404
4916,38381.8021
4917,38396.4162
4918,38407.2101
4919,38418.3705
4920,38433.2116
4921,38442.3368
4922,38450.7155
4923,38462.3725
4924,38475.8880
4925,38487.7305
4926,38498.9855
4927,38513.4997
4928,38524.7889
4929,38536.7937
4930,38548.1720
4931,38559.4726
4932,38569.1075
4933,38582.6254
4934,38595.3035
4935,38605.9878
4936,38615.8864
4937,38623.9879
4938,38632.3509
4939,38641.7170
4940,38651.6216
4941,38661.7656
4942,38669.5216
4943,38679.0743
4944,38689.1611
4945,38698.6756
4946,38711.1995
4947,38719.2709
4948,38727.6454
4949,38738.1592
4950,38758.9602
4951,38768.3868
4952,38778.7433
4953,38791.1360
4954,38805.7201
4955,38820.3390
4956,38836.0405
4957,38854.0416
4958,38862.0086
4959,38870.3678
4960,38880.2516
4961,38889.2043
4962,38901.6500
4963,38913.9574
4964,38923.2666
4965,38933.6293
4966,38954.3760
4967,38963.2075
4968,38973.9301
4969,38984.5114
4970,38999.0304
4971,39009.9351
4972,39023.4869
4973,39037.6678
4974,39047.6050
4975,39055.0222
4976,39070.2419
4977,39086.5972
4978,39098.1686
4979,39108.0716
4980,39120.8949
4981,39133.2183
4982,39145.8831
4983,39153.0361
4984,39165.2238
4985,39175.2930
4986,39187.1953
4987,39195.9929
4988,39208.0612
4989,39218.2150
4990,39232.1851
4991,39249.2192
4992,39261.3804
4993,39281.8928
4994,39294.7412
4995,39310.3971
4996,39329.2913
4997,39346.0934
4998,39364.1698
4999,39377.4805
5000,39392.8750
5001,39407.2831
5002,39420.0442
5003,39431.0973
5004,39443.3622
5005,39451.9460
5006,39462.5313
5007,39473.0487
5008,39484.8213
5009,39498.3258
5010,39512.5606
5011,39525.8636
5012,39537.0989
5013,39552.0382
5014,39563.9143
5015,39581.8794
5016,39591.9945
5017,39603.4820
5018,39614.3501
5019,39626.3039
5020,39639.5853
5021,39665.1685
5022,39676.8024
5023,39686.6260
5024,39698.3001
5025,39708.1475
5026,39717.0007
5027,39727.9370
5028,39737.2825
5029,39746.4445
5030,39754.9927
5031,39767.3116
5032,39781.6892
5033,39801.3339
5034,39810.5326
5035,39818.8629
5036,39831.2695
5037,39848.0816
5038,39862.7112
5039,39876.5917
5040,39890.2907
5041,39900.3565
5042,39918.0484
5043,39926.7273
5044,39937.0735
5045,39947.7952
5046,39957.7532
5047,39968.7827
5048,39990.0172
5049,40006.9718
5050,40023.6375
5051,40036.0963
5052,40046.3915
5053,40054.7814
5054,40064.8954
5055,40072.3042
5056,40085.9880
5057,40096.5126
5058,40107.2814
5059,40114.8014
5060,40123.9259
5061,40131.1660
5062,40142.8874
5063,40153.4302
5064,40164.6709
5065,40175.5786
5066,40185.3685
5067,40193.5272
5068,40203.6023
5069,40220.6614
5070,40232.2791
5071,40246.9773
5072,40260.7975
5073,40269.7990
5074,40282.4945
5075,40296.8428
5076,40303.9970
5077,40320.4069
5078,40327.8089
5079,40336.8587
5080,40343.5078
5081,40355.7086
5082,40367.7144
5083,40381.1758
5084,40391.8011
5085,40406.1506
5086,40418.6254
5087,40430.3572
5088,40443.3713
5089,40455.9910
5090,40484.3862
5091,40493.7828
5092,40501.2527
5093,40511.3642
5094,40519.2225
5095,40528.2538
5096,40534.3256
5097,40542.6247
5098,40549.2342
5099,40555.6204
5100,40564.4968
5101,40574.4519
5102,40583.6973
5103,40594.5547
5104,40601.9247
5105,40609.3550
5106,40620.0495
5107,40628.6867
5108,40640.8145
5109,40651.4661
5110,40658.9105
5111,40668.9744
5112,40680.8119
5113,40688.3211
5114,40699.7190
5115,40707.6931
5116,40717.6869
5117,40725.1673
5118,40733.7604
5119,40740.7424
5120,40750.0474
5121,40759.6645
5122,40770.4401
5123,40780.1101
5124,40791.1234
5125,40799.1261
5126,40808.8717
5127,40821.8231
5128,40836.4766
5129,40853.6189
5130,40860.9574
5131,40873.6229
5132,40884.4588
5133,40899.5819
5134,40911.2329
5135,40922.6074
5136,40938.8187
5137,40952.7011
5138,40963.5053
5139,40973.3016
5140,40986.8157
5141,40999.4667
5142,41012.5175
5143,41024.4994
5144,41033.5281
5145,41047.2784
5146,41058.7158
5147,41071.1277
5148,41085.5477
5149,41098.8746
5150,41109.5803
5151,41116.2152
5152,41123.7159
5153,41137.7707
5154,41151.8164
5155,41166.8699
5156,41181.7567
5157,41196.4083
5158,41208.2462
5159,41220.9194
5160,41236.6896
5161,41250.5655
5162,41264.0367
5163,41277.1463
5164,41288.5489
5165,41300.5221
5166,41307.6544
5167,41317.9450
5168,41330.4389
5169,41337.6956
5170,41345.9787
5171,41364.3079
5172,41371.6285
5173,41384.0556
5174,41397.6395
5175,41412.0493
5176,41428.6845
5177,41443.2304
5178,41451.0138
5179,41503.9215
5180,41514.0932
5181,41520.2112
5182,41525.8279
5183,41535.2654
5184,41542.8379
5185,41557.2402
5186,41571.7981
5187,41588.8667
5188,41596.2951
5189,41612.5977
5190,41627.5666
5191,41640.2535
5192,41655.3948
5193,41677.1121
5194,41688.0658
5195,41696.4552
5196,41706.4087
5197,41720.8824
5198,41731.2589
5199,41739.4164
5200,41747.4017
5201,41758.2767
5202,41775.8317
5203,41787.6122
5204,41800.1833
5205,41814.8687
5206,41832.5703
5207,41846.1165
5208,41861.0668
5209,41869.4565
5210,41881.5870
5211,41890.8761
5212,41900.5055
5213,41908.8373
5214,41923.7535
5215,41942.1725
5216,41953.3970
5217,41961.8642
5218,41970.8607
5219,41981.3173
5220,41990.9575
5221,41999.8608
5222,42009.8295
5223,42022.9013
5224,42031.2347
5225,42042.8312
5226,42054.8005
5227,42068.7215
5228,42079.4046
5229,42088.3985
5230,42102.9422
5231,42113.3668
5232,42124.7323
5233,42137.3539
5234,42150.3007
5235,42161.0618
5236,42169.4746
5237,42182.7831
5238,42194.1638
5239,42205.5886
5240,42217.4726
5241,42231.4041
5242,42244.4704
5243,42252.2907
5244,42266.8097
5245,42277.8344
5246,42289.8514
5247,42302.4035
5248,42313.1046
5249,42325.0375
5250,42336.2353
5251,42349.4902
5252,42360.3957
5253,42372.9322
5254,42384.7351
5255,42400.3947
5256,42412.4095
5257,42424.8374
5258,42436.0213
5259,42447.7262
5260,42459.1453
5261,42471.5412
5262,42483.9132
5263,42499.9654
5264,42532.5229
5265,42545.3410
5266,42558.4409
5267,42566.1523
5268,42574.8630
5269,42581.9414
5270,42587.1999
5271,42595.5019
5272,42605.7029
5273,42617.5189
5274,42633.1716
5275,42645.3252
5276,42656.7140
5277,42666.1916
5278,42680.5758
5279,42691.9324
5280,42702.2870
5281,42715.4357
5282,42723.4628
5283,42732.1699
5284,42743.3441
5285,42759.4898
5286,42782.8922
5287,42794.7564
5288,42804.3466
5289,42815.5897
5290,42827.6098
5291,42843.1883
5292,42853.0121
5293,42863.9705
5294,42879.8196
5295,42895.9296
5296,42905.2901
5297,42918.0028
5298,42932.5259
5299,42947.8595
5300,42958.1962
5301,42967.7083
5302,42983.5722
5303,42995.4500
5304,43009.3222
5305,43022.0997
5306,43034.5209
5307,43047.5640
5308,43058.4211
5309,43069.5329
5310,43085.5913
5311,43099.7925
5312,43114.1708
5313,43128.7518
5314,43141.1293
5315,43157.1496
5316,43169.1582
5317,43180.9025
5318,43192.1706
5319,43204.5560
5320,43216.6059
5321,43228.8194
5322,43239.4285
5323,43249.3536
5324,43264.5977
5325,43274.5125
5326,43288.5084
5327,43301.0433
5328,43311.8341
5329,43324.6071
5330,43345.7811
5331,43362.3536
5332,43371.8228
5333,43382.0798
5334,43389.9066
5335,43401.3619
5336,43412.5814
5337,43419.9839
5338,43431.9344
5339,43448.3309
5340,43457.8037
5341,43467.6290
5342,43478.7076
5343,43487.5240
5344,43500.3424
5345,43512.8357
5346,43523.9735
5347,43533.9541
5348,43544.9517
5349,43556.9627
5350,43568.0416
5351,43577.2586
5352,43586.0198
5353,43593.6930
5354,43601.5265
5355,43609.3981
5356,43616.9438
5357,43624.7599
5358,43632.4401
5359,43642.2396
5360,43650.6114
5361,43658.8807
5362,43668.0813
5363,43676.8909
5364,43688.3166
5365,43698.1361
5366,43704.2091
5367,43713.3868
5368,43725.1971
5369,43738.5137
5370,43750.3748
5371,43763.3617
5372,43778.0912
5373,43786.2918
5374,43799.6194
5375,43812.1355
5376,43825.9888
5377,43836.0734
5378,43846.4274
5379,43860.4476
5380,43872.9699
5381,43886.3521
5382,43903.6353
5383,43914.9632
5384,43926.0061
5385,43939.7535
5386,43952.1933
5387,43963.9220
5388,43976.8066
5389,43990.8562
5390,44003.6373
5391,44013.0377
5392,44022.3708
5393,44032.7613
5394,44037.7474
5395,44048.1434
5396,44057.2898
5397,44064.1401
5398,44072.7105
5399,44082.1772
5400,44089.6227
5401,44098.0241
5402,44106.8594
5403,44113.9083
5404,44125.2232
5405,44134.2819
5406,44147.6781
5407,44162.9188
5408,44174.2094
5409,44186.8143
5410,44198.5307
5411,44211.5755
5412,44225.6646
5413,44241.9250
5414,44259.2733
5415,44273.6247
5416,44292.8662
5417,44301.5981
5418,44312.8808
5419,44319.9253
5420,44331.7170
5421,44341.5232
5422,44351.8157
5423,44360.6112
5424,44367.9397
5425,44377.1107
5426,44386.4009
5427,44397.7222
5428,44406.0013
5429,44419.7242
5430,44434.3855
5431,44446.5220
5432,44453.9502
5433,44461.6959
5434,44472.5335
5435,44479.7792
5436,44490.3712
5437,44503.6800
5438,44515.4114
5439,44523.6855
5440,44531.9154
5441,44540.6835
5442,44549.1419
5443,44560.4713
5444,44568.2182
5445,44579.7095
5446,44587.1854
5447,44596.4708
5448,44604.2688
5449,44613.3428
5450,44625.2599
5451,44636.3971
5452,44651.5176
5453,44661.8972
5454,44670.4206
5455,44679.2934
5456,44689.5971
5457,44697.1383
5458,44712.7604
5459,44724.0753
5460,44740.3524
5461,44758.4243
5462,44765.9876
5463,44775.9130
5464,44788.0979
5465,44799.4266
5466,44813.0319
5467,44820.1923
5468,44831.8315
5469,44843.7231
5470,44860.7512
5471,44875.5102
5472,44888.2003
5473,44905.9176
5474,44922.3857
5475,44937.0422
5476,44952.5759
5477,44969.3518
5478,44985.4510
5479,45006.7585
5480,45023.7937
5481,45031.6150
5482,45048.3580
5483,45060.0355
5484,45069.5479
5485,45083.7722
5486,45102.8509
5487,45115.2291
5488,45125.1254
5489,45135.2901
5490,45147.3136
5491,45154.3918
5492,45165.4403
5493,45178.0770
5494,45185.8978
5495,45197.2535
5496,45203.3093
5497,45209.0342
5498,45223.8739
5499,45234.3867
5500,45244.8978
5501,45255.5194
5502,45269.7661
5503,45279.9337
5504,45288.6665
5505,45300.1251
5506,45311.3594
5507,45320.0958
5508,45328.4280
5509,45336.4139
5510,45349.1104
5511,45358.6338
5512,45402.6253
5513,45415.3395
5514,45424.0284
5515,45429.6718
5516,45437.8505
5517,45448.2827
5518,45465.7190
5519,45475.1999
5520,45484.5476
5521,45493.2966
5522,45502.2218
5523,45515.1784
5524,45526.4871
5525,45539.8228
5526,45553.4430
5527,45565.7146
5528,45576.9470
5529,45588.1305
5530,45600.5023
5531,45613.4527
5532,45623.7998
5533,45632.4573
5534,45640.0311
5535,45648.1400
5536,45658.1290
5537,45667.9661
5538,45677.5062
5539,45695.4834
5540,45800.6225
5541,45809.0701
5542,45817.6677
5543,45829.5462
5544,45838.1376
5545,45847.5680
5546,45860.3156
5547,45874.5325
5548,45891.0143
5549,45906.6558
5550,45919.3685
5551,45931.7474
5552,45943.4614
5553,45957.0065
5554,45975.5125
5555,45987.8445
5556,45996.2015
5557,46009.5096
5558,46018.0848
5559,46031.5652
5560,46042.9785
5561,46056.4160
5562,46068.6035
5563,46082.8602
5564,46097.4002
5565,46111.6445
5566,46121.2456
5567,46132.9370
5568,46145.4258
5569,46155.6451
5570,46167.5193
5571,46176.8391
5572,46186.3172
5573,46196.9121
5574,46210.3236
5575,46218.5357
5576,46226.7227
5577,46238.8048
5578,46247.5278
5579,46255.8527
5580,46265.6894
5581,46278.2593
5582,46294.5538
5583,46310.2968
5584,46322.1364
5585,46335.9046
5586,46348.8188
5587,46363.3018
5588,46374.7308
5589,46384.8255
5590,46397.8646
5591,46409.2729
5592,46419.0452
5593,46433.4502
5594,46442.6343
5595,46450.7856
5596,46457.5498
5597,46474.5965
5598,46490.3741
5599,46503.8106
5600,46519.3686
5601,46532.7787
5602,46543.5908
5603,46553.0024
5604,46560.6048
5605,46566.9017
5606,46575.0594
5607,46590.2665
5608,46602.5853
5609,46616.6530
5610,46629.7417
5611,46645.9320
5612,46654.7902
5613,46662.5125
5614,46675.5664
5615,46683.6562
5616,46690.0694
5617,46701.1862
5618,46711.0283
5619,46721.2529
5620,46743.0153
5621,46751.7529
5622,46763.8314
5623,46777.6151
5624,46786.9482
5625,46800.4127
5626,46813.0980
5627,46825.8986
5628,46838.2032
5629,46851.7489
5630,46860.3482
5631,46869.8204
5632,46882.1528
5633,46890.4777
5634,46904.9990
5635,46917.4385
5636,46931.0496
5637,46942.3466
5638,46957.0131
5639,46966.7723
5640,46978.1544
5641,46988.5192
5642,47005.3194
5643,47022.4462
5644,47039.9268
5645,47053.9880
5646,47068.1152
5647,47084.6894
5648,47095.4902
5649,47111.4683
5650,47128.0544
5651,47144.5756
5652,47154.0606
5653,47163.7280
5654,47176.2888
5655,47183.7385
5656,47193.8202
5657,47202.1747
5658,47212.8456
5659,47222.2121
5660,47229.6445
5661,47237.8833
5662,47247.0806
5663,47257.5409
5664,47265.9039
5665,47276.6643
5666,47287.7142
5667,47296.5417
5668,47309.6790
5669,47327.5535
5670,47341.7752
5671,47354.1415
5672,47370.3671
5673,47385.6211
5674,47401.6149
5675,47420.9757
5676,47432.7705
5677,47450.3267
5678,47463.8984
5679,47480.8171
5680,47495.8327
5681,47508.4102
5682,47519.2652
5683,47534.3187
5684,47546.2086
5685,47555.7270
5686,47567.4288
5687,47580.1589
5688,47596.7383
5689,47609.2131
5690,47621.3539
5691,47637.1071
5692,47650.0921
5693,47663.0597
5694,47680.3389
5695,47690.4519
5696,47697.9258
5697,47706.5854
5698,47720.3238
5699,47733.0768
5700,47755.2776
5701,47767.4754
5702,47779.7782
5703,47796.7629
5704,47808.9108
5705,47816.4885
5706,47825.9399
5707,47837.5149
5708,47852.0091
5709,47867.2111
5710,47880.1734
5711,47897.1057
5712,47912.1943
5713,47922.6589
5714,47938.0875
5715,47959.4626
5716,47971.6067
5717,47984.2086
5718,47999.9011
5719,48016.2845
5720,48035.7351
5721,48047.2739
5722,48058.4493
5723,48071.7957
5724,48083.5481
5725,48093.4711
5726,48100.3027
5727,48111.5899
5728,48118.3634
5729,48135.9529
5730,48147.3448
5731,48159.8856
5732,48171.9348
5733,48180.0215
5734,48195.3881
5735,48204.0725
5736,48215.0919
5737,48225.8165
5738,48236.5832
5739,48250.1018
5740,48263.2985
5741,48276.5806
5742,48285.7883
5743,48298.7311
5744,48309.4230
5745,48319.3090
5746,48330.0221
5747,48337.3253
5748,48352.8154
5749,48364.7282
5750,48376.2276
5751,48386.5519
5752,48398.7012
5753,48410.4064
5754,48419.4255
5755,48433.6014
5756,48445.6139
5757,48461.3781
5758,48469.3496
5759,48482.9412
5760,48494.0526
5761,48506.1820
5762,48520.1323
5763,48530.0617
5764,48542.3527
5765,48555.8846
5766,48567.9021
5767,48579.7641
5768,48587.5509
5769,48596.0386
5770,48606.3960
5771,48622.2117
5772,48635.3068
5773,48648.8733
5774,48658.7403
5775,48669.8911
5776,48684.6488
5777,48696.2056
5778,48707.5105
5779,48717.7985
5780,48733.3643
5781,48746.2795
5782,48758.6646
5783,48770.7734
5784,48781.5273
5785,48794.5416
5786,48804.8060
5787,48815.9573
5788,48825.4187
5789,48836.1425
5790,48851.8393
5791,48867.4698
5792,48875.0155
5793,48884.1724
5794,48900.3637
5795,48914.8068
5796,48925.9076
5797,48936.6350
5798,48952.5788
5799,48963.6152
5800,48973.9606
5801,48983.4814
5802,48996.6085
5803,49006.4211
5804,49018.8174
5805,49033.8969
5806,49043.1075
5807,49057.2658
5808,49065.5575
5809,49077.6477
5810,49088.4750
5811,49101.9509
5812,49116.4839
5813,49126.6687
5814,49138.1321
5815,49149.4246
5816,49167.3627
5817,49179.7640
5818,49187.8381
5819,49198.7009
5820,49212.8789
5821,49224.9689
5822,49239.4545
5823,49253.3820
5824,49267.9672
5825,49275.3644
5826,49288.0323
5827,49302.7236
5828,49314.6594
5829,49326.9868
5830,49336.1268
5831,49345.6793
5832,49355.5114
5833,49369.4592
5834,49380.7993
5835,49391.9790
5836,49398.8247
5837,49406.5220
5838,49418.1619
5839,49426.9843
5840,49438.3526
5841,49452.6253
5842,49461.7491
5843,49468.3518
5844,49476.2881
5845,49482.4553
5846,49491.4105
5847,49504.1964
5848,49516.6330
5849,49526.1674
5850,49535.7032
5851,49545.2247
5852,49556.5038
5853,49569.4311
5854,49580.1156
5855,49590.3873
5856,49600.2522
5857,49610.7709
5858,49622.7555
5859,49634.0384
5860,49648.1357
5861,49662.5392
5862,49671.9608
5863,49684.8931
5864,49694.8652
5865,49706.6441
5866,49719.7843
5867,49728.9748
5868,49738.1907
5869,49746.8748
5870,49761.2023
5871,49773.6971
5872,49781.4174
5873,49796.7141
5874,49807.1980
5875,49818.6121
5876,49831.1217
5877,49842.1872
5878,49851.6328
5879,49867.1956
5880,49879.2470
5881,49895.3545
5882,49906.0376
5883,49919.6382
5884,49933.0101
5885,49947.3016
5886,49958.2050
5887,49968.4119
5888,49984.1893
5889,49992.7225
5890,50005.9516
5891,50017.9107
5892,50030.0612
5893,50040.5772
5894,50053.2126
5895,50063.1649
5896,50074.2512
5897,50087.4312
5898,50097.9290
5899,50109.1824
5900,50135.0052
5901,50142.3016
5902,50150.9290
5903,50161.2298
5904,50170.4097
5905,50180.0699
5906,50189.9540
5907,50203.0787
5908,50214.0884
5909,50221.9849
5910,50231.4749
5911,50242.6214
5912,50270.3493
5913,50277.9360
5914,50287.4663
5915,50300.1978
5916,50310.4088
5917,50321.8195
5918,50331.0800
5919,50344.4233
5920,50360.6806
5921,50371.9742
5922,50384.0249
5923,50396.4980
5924,50403.6875
5925,50412.7417
5926,50421.2344
5927,50430.0888
5928,50438.1876
5929,50448.5514
5930,50457.1908
5931,50465.2843
5932,50473.3758
5933,50482.8186
5934,50493.9358
5935,50505.8055
5936,50519.6245
5937,50534.3618
5938,50541.7123
5939,50552.6500
5940,50568.3954
5941,50578.9917
5942,50589.0014
5943,50601.1713
5944,50615.0584
5945,50632.3071
5946,50646.6510
5947,50659.3878
5948,50670.4838
5949,50681.4024
5950,50695.5075
5951,50702.1420
5952,50707.9637
5953,50715.7714
5954,50724.1642
5955,50736.2423
5956,50749.8715
5957,50762.3024
5958,50774.7786
5959,50790.1032
5960,50799.7119
5961,50811.9650
5962,50823.5593
5963,50839.8206
5964,50852.3779
5965,50863.1346
5966,50875.6673
5967,50885.9398
5968,50895.7074
5969,50908.7918
5970,50921.5460
5971,50932.0014
5972,50942.4531
5973,50952.8229
5974,50964.7255
5975,50980.4170
5976,50992.8110
5977,51004.2751
5978,51019.9289
5979,51033.7167
5980,51049.3360
5981,51064.0152
5982,51074.8606
5983,51081.8510
5984,51089.9386
5985,51099.0667
5986,51111.1629
5987,51122.0040
5988,51129.5094
5989,51139.3456
5990,51147.9423
5991,51160.1379
5992,51169.0776
5993,51181.2704
5994,51190.1767
5995,51198.8883
5996,51210.6481
5997,51220.1400
5998,51230.8507
5999,51245.5523
6000,51256.1972
6001,51263.9701
6002,51272.9616
6003,51284.6725
6004,51297.7934
6005,51306.4797
6006,51315.7556
6007,51323.8873
6008,51332.4797
6009,51344.5330
6010,51356.2620
6011,51366.7984
6012,51377.3253
6013,51391.4995
6014,51407.2077
6015,51419.1835
6016,51433.6424
6017,51441.9534
6018,51451.5309
6019,51466.4652
6020,51482.3794
6021,51497.6177
6022,51507.9598
6023,51520.0217
6024,51533.9558
6025,51563.6799
6026,51575.2578
6027,51585.3446
6028,51599.0911
6029,51609.5407
6030,51618.3314
6031,51634.9790
6032,51648.2599
6033,51666.0681
6034,51677.2213
6035,51685.6430
6036,51696.2764
6037,51710.2306
6038,51721.4084
6039,51731.5209
6040,51746.1071
6041,51763.1583
6042,51779.2106
6043,51787.1826
6044,51800.8294
6045,51813.5042
6046,51823.2892
6047,51836.3371
6048,51849.4272
6049,51862.5956
6050,51872.2072
6051,51883.1263
6052,51893.8777
6053,51903.9993
6054,51911.9165
6055,51922.7083
6056,51935.2174
6057,51946.3298
6058,51957.1018
6059,51973.3472
6060,51986.0096
6061,51997.9846
6062,52007.6532
6063,52020.1659
6064,52031.1592
6065,52041.6925
6066,52054.0962
6067,52067.9011
6068,52077.3399
6069,52092.8509
6070,52107.8334
6071,52115.2363
6072,52121.8514
6073,52131.5107
6074,52140.2197
6075,52146.3001
6076,52160.4390
6077,52172.0273
6078,52187.2694
6079,52195.5853
6080,52208.8749
6081,52221.6635
6082,52244.7484
6083,52252.4307
6084,52263.1567
6085,52274.9603
6086,52282.6188
6087,52294.5867
6088,52305.1143
6089,52317.9221
6090,52331.9530
6091,52345.4499
6092,52362.6812
6093,52372.8418
6094,52386.8949
6095,52400.6588
6096,52414.6667
6097,52432.7400
6098,52443.7957
6099,52457.4857
6100,52470.8002
6101,52479.4121
6102,52488.9612
6103,52499.0766
6104,52507.2539
6105,52522.1202
6106,52531.8215
6107,52539.0151
6108,52547.0476
6109,52553.7720
6110,52559.5129
6111,52566.8271
6112,52576.4644
6113,52583.2257
6114,52595.1569
6115,52603.3795
6116,52609.9586
6117,52617.6648
6118,52627.1386
6119,52637.3434
6120,52648.6297
6121,52658.7415
6122,52672.0746
6123,52757.1855
6124,52766.0048
6125,52776.3333
6126,52785.9170
6127,52800.1075
6128,52813.1583
6129,52821.3546
6130,52830.7521
6131,52839.2088
6132,52848.7840
6133,52858.4692
6134,52867.6682
6135,52875.6182
6136,52886.4903
6137,52898.0994
6138,52904.8798
6139,52913.6171
6140,52921.7036
6141,52933.7802
6142,52948.3383
6143,52962.1537
6144,52972.7020
6145,52985.4372
6146,52996.8419
6147,53012.3384
6148,53028.9543
6149,53044.5769
6150,53056.2651
6151,53068.8586
6152,53083.5795
6153,53091.7656
6154,53103.1401
6155,53119.4224
6156,53132.4086
6157,53145.4084
6158,53155.0429
6159,53163.3122
6160,53184.1431
6161,53193.4493
6162,53204.1094
6163,53215.9138
6164,53228.4205
6165,53236.0773
6166,53250.4103
6167,53264.7207
6168,53278.6398
6169,53293.6954
6170,53303.7882
6171,53318.6090
6172,53331.5966
6173,53341.7349
6174,53355.7575
6175,53365.7305
6176,53376.4009
6177,53388.4130
6178,53400.4123
6179,53412.8327
6180,53419.5964
6181,53428.9522
6182,53443.5344
6183,53457.0091
6184,53467.5090
6185,53478.6236
6186,53488.2805
6187,53497.5581
6188,53510.0012
6189,53521.6057
6190,53534.8458
6191,53547.4193
6192,53557.6277
6193,53564.7645
6194,53575.9757
6195,53583.9374
6196,53596.3302
6197,53605.9546
6198,53616.8582
6199,53622.6950
6200,53631.8836
6201,53640.4579
6202,53648.4792
6203,53657.2211
6204,53665.1065
6205,53674.9573
6206,53681.7935
6207,53689.4050
6208,53697.1450
6209,53707.2814
6210,53721.1132
6211,53735.1146
6212,53747.5166
6213,53761.5027
6214,53776.4609
6215,53785.4211
6216,53793.1516
6217,53805.7885
6218,53813.2160
6219,53824.7013
6220,53833.5607
6221,53840.0548
6222,53848.4612
6223,53857.5778
6224,53869.9851
6225,53880.7042
6226,53891.1421
6227,53900.4335
6228,53909.7733
6229,53917.7511
6230,53929.8649
6231,53938.6203
6232,53949.3041
6233,53959.0845
6234,53971.4577
6235,53986.9094
6236,54000.2921
6237,54013.0000
6238,54025.4173
6239,54035.9406
6240,54048.7576
6241,54058.8050
6242,54068.0749
6243,54080.3704
6244,54088.6276
6245,54097.7581
6246,54106.1351
6247,54112.4973
6248,54121.7661
6249,54135.7725
6250,54149.9314
6251,54167.0573
6252,54179.6281
6253,54195.1826
6254,54208.7235
6255,54217.5648
6256,54229.7926
6257,54236.7179
6258,54244.5588
6259,54252.5675
6260,54259.8786
6261,54268.9548
6262,54282.2275
6263,54294.0876
6264,54302.4139
6265,54316.9503
6266,54329.6244
6267,54341.1322
6268,54353.3678
6269,54369.1576
6270,54383.1160
6271,54390.1436
6272,54400.1372
6273,54410.1844
6274,54422.1466
6275,54432.1606
6276,54440.7995
6277,54456.0783
6278,54469.4903
6279,54484.3376
6280,54496.5289
6281,54508.2786
6282,54524.0119
6283,54558.4247
6284,54565.8376
6285,54577.5619
6286,54590.2278
6287,54602.7558
6288,54612.2015
6289,54624.1298
6290,54635.0183
6291,54653.6076
6292,54667.9745
6293,54677.2377
6294,54687.4945
6295,54699.0745
6296,54717.1500
6297,54730.8457
6298,54742.2073
6299,54752.5375
6300,54767.0538
6301,54780.7429
6302,54803.1924
6303,54811.3797
6304,54821.1303
6305,54830.1935
6306,54836.9179
6307,54849.6060
6308,54859.4470
6309,54868.6624
6310,54881.5858
6311,54898.8259
6312,54911.7036
6313,54925.8144
6314,54934.2599
6315,54945.6022
6316,54959.8062
6317,54971.5519
6318,54983.9656
6319,54993.6659
6320,55001.3351
6321,55012.7587
6322,55022.5260
6323,55032.7117
6324,55044.9898
6325,55055.4459
6326,55070.1668
6327,55084.0461
6328,55100.5137
6329,55110.6610
6330,55120.9233
6331,55129.8337
6332,55136.2245
6333,55147.0265
6334,55163.9252
6335,55171.3631
6336,55179.6498
6337,55186.8236
6338,55194.2971
6339,55200.5672
6340,55211.3929
6341,55225.6947
6342,55235.2312
6343,55247.6141
6344,55260.4027
6345,55272.4478
6346,55287.8211
6347,55298.5618
6348,55310.7350
6349,55323.9088
6350,55336.8526
6351,55345.0737
6352,55357.0149
6353,55366.1592
6354,55376.2729
6355,55386.7967
6356,55400.6805
6357,55413.3852
6358,55424.4163
6359,55435.0488
6360,55450.4170
6361,55463.8305
6362,55473.8801
6363,55481.9236
6364,55495.9266
6365,55506.9580
6366,55519.2177
6367,55527.3776
6368,55537.6925
6369,55549.6554
6370,55560.4568
6371,55571.1043
6372,55582.7720
6373,55590.1608
6374,55601.5975
6375,55609.2253
6376,55633.4646
6377,55648.1316
6378,55663.6019
6379,55674.5524
6380,55684.5076
6381,55695.2872
6382,55711.0336
6383,55719.5270
6384,55731.1914
6385,55741.4901
6386,55748.3985
6387,55755.4421
6388,55765.4262
6389,55777.7278
6390,55785.6691
6391,55797.9999
6392,55816.9668
6393,55824.4467
6394,55832.8836
6395,55843.2002
6396,55891.8846
6397,55899.5960
6398,55906.6086
6399,55915.0374
6400,55921.3710
6401,55928.4375
6402,55937.0995
6403,55947.0174
6404,55958.5295
6405,55971.3476
6406,55980.4859
6407,55996.2666
6408,56007.6153
6409,56018.4386
6410,56033.0546
6411,56047.8396
6412,56056.2665
6413,56065.6738
6414,56076.1611
6415,56087.8389
6416,56095.1486
6417,56104.7852
6418,56114.6441
6419,56122.7119
6420,56133.7531
6421,56144.1710
6422,56156.5511
6423,56167.2473
6424,56178.7212
6425,56190.0871
6426,56200.2654
6427,56210.5126
6428,56221.6499
6429,56233.3963
6430,56243.1979
6431,56254.2014
6432,56263.8760
6433,56272.8527
6434,56282.2170
6435,56291.5204
6436,56303.0684
6437,56316.5605
6438,56329.8671
6439,56338.3992
6440,56350.5027
6441,56359.8340
6442,56366.5335
6443,56376.1091
6444,56387.3768
6445,56397.7125
6446,56410.5043
6447,56419.5807
6448,56434.5083
6449,56443.7165
6450,56456.3882
6451,56467.7598
6452,56481.2412
6453,56494.8123
6454,56504.0028
6455,56517.3135
6456,56537.6871
6457,56545.6030
6458,56554.7802
6459,56565.5856
6460,56575.8410
6461,56590.1744
6462,56600.5495
6463,56616.2021
6464,56625.7300
6465,56634.0909
6466,56645.5638
6467,56656.5359
6468,56668.7577
6469,56677.7623
6470,56688.1721
6471,56696.9810
6472,56706.4314
6473,56714.4430
6474,56725.0071
6475,56732.9831
6476,56745.1458
6477,56755.0859
6478,56766.5617
6479,56777.0610
6480,56787.7784
6481,56799.0038
6482,56810.7467
6483,56818.1946
6484,56829.7076
6485,56836.9381
6486,56848.5322
6487,56860.1925
6488,56870.2903
6489,56879.6082
6490,56888.7327
6491,56900.7914
6492,56915.2813
6493,56932.4837
6494,56946.9726
6495,56961.6582
6496,56974.0362
6497,56984.4170
6498,56999.3155
6499,57010.3245
6500,57019.8495
6501,57036.5589
6502,57047.3757
6503,57054.8408
6504,57072.6206
6505,57080.9798
6506,57091.9878
6507,57101.7530
6508,57113.6405
6509,57129.0910
6510,57136.9953
6511,57148.1161
6512,57159.7743
6513,57172.0672
6514,57184.3219
6515,57192.9862
6516,57201.8914
6517,57211.0205
6518,57219.8532
6519,57232.1045
6520,57244.2484
6521,57256.1743
6522,57268.6656
6523,57280.0622
6524,57290.5190
6525,57301.0674
6526,57313.0894
6527,57332.3112
6528,57343.2326
6529,57353.8651
6530,57367.5094
6531,57381.7904
6532,57394.8088
6533,57413.3589
6534,57420.6786
6535,57434.1884
6536,57445.9751
6537,57453.2347
6538,57471.8294
6539,57479.5015
6540,57488.1980
6541,57498.2176
6542,57511.1952
6543,57523.4916
6544,57534.0469
6545,57544.2195
6546,57557.1496
6547,57568.1303
6548,57583.5371
6549,57591.7587
6550,57597.9595
6551,57604.7242
6552,57615.0031
6553,57625.7961
6554,57635.1130
6555,57650.4526
6556,57673.5318
6557,57684.9573
6558,57697.1288
6559,57709.3940
6560,57720.2547
6561,57733.0143
6562,57747.0505
6563,57759.7787
6564,57768.7316
6565,57791.4922
6566,57800.2009
6567,57812.7577
6568,57824.7855
6569,57834.2159
6570,57847.3330
6571,57859.5285
6572,57870.9183
6573,57883.2364
6574,57895.4017
6575,57903.8293
6576,57918.5431
6577,57930.7389
6578,57937.6295
6579,57950.2597
6580,57963.0275
6581,57969.0382
6582,57982.0383
6583,57997.5536
6584,58010.2959
6585,58019.9885
6586,58032.6321
6587,58043.9103
6588,58056.1461
6589,58069.3386
6590,58078.5520
6591,58091.0528
6592,58100.0042
6593,58114.2211
6594,58122.8304
6595,58134.4500
6596,58149.2312
6597,58165.0982
6598,58182.0364
6599,58195.2901
6600,58205.4796
6601,58216.0296
6602,58228.9879
6603,58240.2003
6604,58253.5365
6605,58267.3965
6606,58278.3449
6607,58288.9066
6608,58302.3844
6609,58315.0427
6610,58325.4516
6611,58336.6191
6612,58353.0869
6613,58365.1564
6614,58377.1243
6615,58384.4500
6616,58394.8174
6617,58402.4136
6618,58415.9827
6619,58423.9452
6620,58431.9587
6621,58442.7764
6622,58449.6825
6623,58459.0194
6624,58472.9025
6625,58485.0898
6626,58499.2077
6627,58513.0799
6628,58527.0751
6629,58544.3568
6630,58560.9803
6631,58571.8682
6632,58580.8926
6633,58589.4799
6634,58598.1114
6635,58605.3064
6636,58618.9554
6637,58634.7048
6638,58649.6055
6639,58666.2345
6640,58676.9052
6641,58686.4333
6642,58699.9447
6643,58712.1150
6644,58748.4884
6645,58758.9955
6646,58766.9101
6647,58775.4450
6648,58791.4281
6649,58802.0363
6650,58814.3597
6651,58827.2467
6652,58842.7179
6653,58858.8986
6654,58869.2214
6655,58881.3608
6656,58887.2194
6657,58896.9276
6658,58906.8279
6659,58914.6559
6660,58923.9237
6661,58932.4660
6662,58942.6007
6663,58953.4004
6664,58964.5202
6665,58973.4790
6666,58982.3058
6667,58999.3176
6668,59007.2386
6669,59014.5543
6670,59026.3350
6671,59034.0254
6672,59042.8269
6673,59049.6657
6674,59057.1594
6675,59069.9191
6676,59080.3916
6677,59098.1762
6678,59108.6440
6679,59124.1162
6680,59135.2537
6681,59145.3161
6682,59152.3981
6683,59167.2575
6684,59178.2196
6685,59190.7306
6686,59203.0981
6687,59219.0361
6688,59227.5810
6689,59241.3580
6690,59253.4816
6691,59267.0577
6692,59277.6892
6693,59289.4866
6694,59296.9983
6695,59311.1858
6696,59320.8518
6697,59334.8949
6698,59343.4162
6699,59352.0253
6700,59362.1974
6701,59375.7336
6702,59387.3274
6703,59396.0836
6704,59405.9453
6705,59423.2895
6706,59432.4489
6707,59450.2659
6708,59460.9549
6709,59467.2709
6710,59480.7143
6711,59496.4769
6712,59511.0159
6713,59528.6386
6714,59540.1440
6715,59550.7739
6716,59563.2267
6717,59575.0086
6718,59585.8643
6719,59597.9288
6720,59609.5352
6721,59621.5272
6722,59636.3714
6723,59646.4524
6724,59657.6467
6725,59669.2777
6726,59680.0935
6727,59709.7909
6728,59719.8114
6729,59731.5156
6730,59743.5908
6731,59759.7971
6732,59775.5494
6733,59784.3361
6734,59803.2072
6735,59811.6426
6736,59821.4295
6737,59835.6323
6738,59845.9024
6739,59856.1194
6740,59864.5210
6741,59877.3267
6742,59890.1522
6743,59902.7793
6744,59916.0533
6745,59925.7579
6746,59934.3760
6747,59946.8820
6748,59958.3979
6749,59970.0379
6750,59981.2200
6751,59994.6790
6752,60005.3027
6753,60022.0387
6754,60038.3484
6755,60051.3163
6756,60062.2342
6757,60073.0877
6758,60090.2631
6759,60102.9859
6760,60114.8341
6761,60130.2354
6762,60140.3484
6763,60149.1261
6764,60165.1413
6765,60180.8176
6766,60197.7761
6767,60216.2747
6768,60229.8636
6769,60242.1994
6770,60253.2279
6771,60269.8870
6772,60282.1968
6773,60297.9591
6774,60312.2270
6775,60321.1334
6776,60331.6934
6777,60346.0989
6778,60353.7230
6779,60364.1007
6780,60376.4851
6781,60391.0947
6782,60400.1703
6783,60411.7112
6784,60420.4624
6785,60434.1924
6786,60450.1421
6787,60461.0136
6788,60469.1696
6789,60480.2935
6790,60487.4442
6791,60495.0192
6792,60506.6216
6793,60520.2751
6794,60532.6006
6795,60545.4180
6796,60559.1187
6797,60568.4750
6798,60582.9175
6799,60595.5255
6800,60609.6492
6801,60621.1815
6802,60644.2695
6803,60654.7492
6804,60666.8255
6805,60686.0330
6806,60700.7718
6807,60717.8388
6808,60733.4459
6809,60762.8119
6810,60771.3668
6811,60782.8166
6812,60794.1923
6813,60809.9320
6814,60822.9547
6815,60832.4087
6816,60840.3313
6817,60850.9741
6818,60861.3961
6819,60871.6373
6820,60882.7465
6821,60893.5935
6822,60902.4074
6823,60914.5658
6824,60925.9450
6825,60938.3936
6826,60950.9974
6827,60965.3916
6828,60980.7835
6829,60996.0001
6830,61010.1042
6831,61023.8740
6832,61034.0228
6833,61047.7917
6834,61055.8326
6835,61065.9750
6836,61076.3440
6837,61088.3496
6838,61100.9407
6839,61114.3811
6840,61128.5732
6841,61137.3367
6842,61149.4498
6843,61160.6996
6844,61172.8034
6845,61184.6592
6846,61194.5758
6847,61203.3420
6848,61214.7012
6849,61226.4833
6850,61238.1284
6851,61248.8770
6852,61262.5179
6853,61274.5500
6854,61283.1919
6855,61292.5253
6856,61299.9077
6857,61308.4943
6858,61325.1455
6859,61338.3682
6860,61352.0305
6861,61363.4415
6862,61371.5084
6863,61384.8879
6864,61396.9059
6865,61411.8514
6866,61425.9098
6867,61434.4230
6868,61447.9616
6869,61462.0724
6870,61472.4267
6871,61483.4564
6872,61492.0113
6873,61506.7871
6874,61520.3152
6875,61532.9413
6876,61553.9076
6877,61560.5242
6878,61567.3683
6879,61579.5426
6880,61591.2635
6881,61600.4217
6882,61611.0382
6883,61621.1617
6884,61638.5348
6885,61653.4278
6886,61661.7150
6887,61671.4375
6888,61685.9636
6889,61701.6268
6890,61714.9425
6891,61727.7443
6892,61736.1400
6893,61746.4476
6894,61758.7328
6895,61769.9296
6896,61776.4831
6897,61782.8438
6898,61790.4232
6899,61797.6656
6900,61804.6689
6901,61814.5895
6902,61821.5525
6903,61834.3835
6904,61848.2318
6905,61863.0006
6906,61873.8248
6907,61888.4184
6908,61904.7899
6909,61919.0698
6910,61936.9059
6911,61951.0133
6912,61960.1982
6913,61965.7712
6914,61976.9826
6915,61988.1310
6916,61999.1572
6917,62010.1476
6918,62021.1542
6919,62035.4042
6920,62056.0260
6921,62071.4867
6922,62092.7069
6923,62105.2272
6924,62119.2989
6925,62132.4372
6926,62146.3714
6927,62155.2339
6928,62169.4188
6929,62184.0293
6930,62201.1130
6931,62223.3517
6932,62234.7548
6933,62248.9195
6934,62260.3621
6935,62281.6401
6936,62296.6380
6937,62312.0492
6938,62320.2717
6939,62331.1694
6940,62343.5407
6941,62351.7168
6942,62363.2793
6943,62373.0760
6944,62384.8903
6945,62398.4663
6946,62413.4147
6947,62427.4580
6948,62438.1526
6949,62450.9404
6950,62462.9638
6951,62476.9399
6952,62485.8110
6953,62498.8124
6954,62508.0674
