id,t_pub_ms
1,2.7351
2,6.0680
3,10.5419
4,13.8366
5,18.6856
6,24.6770
7,30.6063
8,37.6208
9,39.7046
10,43.6704
11,47.6100
12,50.6833
13,53.7920
14,63.9689
15,76.3159
16,82.1705
17,94.4390
18,100.5230
19,107.3158
20,113.0221
21,118.3944
22,123.8744
23,126.6539
24,129.9331
25,133.8856
26,138.2542
27,142.0166
28,147.0294
29,151.0880
30,155.4220
31,162.8177
32,168.1123
33,173.2557
34,186.7566
35,189.7335
36,194.7186
37,200.1109
38,205.5507
39,211.3829
40,216.9330
41,223.2590
42,229.4683
43,235.7974
44,242.6307
45,250.6750
46,255.2207
47,260.4964
48,268.2016
49,277.4634
50,283.0951
51,289.4385
52,295.3823
53,301.1191
54,305.9785
55,311.4400
56,320.0097
57,325.8438
58,332.3555
59,338.5601
60,345.7632
61,352.3211
62,358.9303
63,367.2726
64,379.2489
65,387.0945
66,400.9662
67,404.8443
68,411.7723
69,417.7978
70,423.7525
71,430.1708
72,435.5009
73,442.1132
74,448.2024
75,455.2541
76,461.2551
77,468.6170
78,475.0452
79,479.8555
80,485.4465
81,494.0038
82,498.8916
83,504.5807
84,508.9300
85,514.3495
86,517.6284
87,522.0549
88,525.1341
89,530.4871
90,537.3302
91,544.0581
92,549.0606
93,556.6385
94,561.1651
95,568.4247
96,573.9567
97,580.2889
98,599.0605
99,610.2943
100,617.1603
101,625.5112
102,635.8664
103,642.9052
104,656.5750
105,658.4821
106,660.7933
107,671.9093
108,691.1662
109,695.3580
110,704.1645
111,705.3003
112,716.4321
113,718.6747
114,725.7311
115,731.6184
116,733.6488
117,741.4505
118,754.9367
119,757.4055
120,763.0017
121,765.9171
122,769.0670
123,773.8767
124,783.3719
125,789.1088
126,795.6727
127,799.2492
128,812.1521
129,816.8867
130,826.8795
131,836.3862
132,844.2605
133,852.9122
134,858.3698
135,862.2320
136,868.9270
137,872.6008
138,879.4665
139,885.4845
140,890.1367
141,895.0951
142,899.2560
143,907.0458
144,911.7880
145,916.2929
146,920.7790
147,924.5923
148,930.5861
149,935.2260
150,939.3334
151,943.2900
152,948.8845
153,952.8549
154,957.0119
155,961.0643
156,965.4791
157,969.8596
158,974.7934
159,979.5539
160,984.2038
161,988.5762
162,994.9119
163,1020.1049
164,1023.2093
165,1023.5155
166,1023.8028
167,1030.1998
168,1033.8864
169,1042.5084
170,1044.3671
171,1051.4073
172,1054.8115
173,1058.7418
174,1063.6115
175,1065.4211
176,1071.7587
177,1075.9537
178,1084.9934
179,1090.3432
180,1095.0129
181,1099.4494
182,1104.4450
183,1108.7158
184,1116.3974
185,1122.4780
186,1128.9678
187,1135.9570
188,1143.1851
189,1158.0572
190,1161.6642
191,1165.8232
192,1171.4807
193,1176.5935
194,1182.3885
195,1186.8110
196,1189.2879
197,1191.9763
198,1193.9821
199,1198.9129
200,1203.4736
201,1207.6066
202,1211.5142
203,1216.8157
204,1220.1734
205,1222.8980
206,1229.9662
207,1236.1434
208,1241.0150
209,1246.1536
210,1250.4935
211,1254.3962
212,1260.0107
213,1262.6824
214,1268.8546
215,1271.0838
216,1275.9540
217,1278.8117
218,1283.8814
219,1289.3651
220,1295.7344
221,1301.8959
222,1307.0655
223,1314.9474
224,1320.6191
225,1325.0980
226,1330.6665
227,1333.0870
228,1337.1758
229,1343.0803
230,1345.9363
231,1349.5250
232,1353.6286
233,1357.2519
234,1359.8628
235,1364.3959
236,1368.6004
237,1371.6388
238,1375.4237
239,1379.3008
240,1383.5549
241,1388.0169
242,1391.5915
243,1396.5273
244,1398.6425
245,1404.2039
246,1406.8835
247,1413.3384
248,1416.3446
249,1422.7073
250,1426.4982
251,1428.9188
252,1430.7671
253,1436.6105
254,1464.8261
255,1476.7666
256,1476.9566
257,1477.6459
258,1477.9115
259,1478.4889
260,1478.6861
261,1485.4960
262,1489.9914
263,1492.7523
264,1495.5704
265,1498.3664
266,1501.2953
267,1504.0510
268,1506.8481
269,1509.6087
270,1512.2788
271,1515.0769
272,1517.7846
273,1520.4120
274,1523.1140
275,1525.8949
276,1528.9481
277,1531.8193
278,1534.7943
279,1537.8911
280,1540.5982
281,1544.8251
282,1547.5764
283,1549.9225
284,1552.7186
285,1555.4991
286,1558.2080
287,1560.9396
288,1564.0314
289,1566.7768
290,1569.7122
291,1573.7929
292,1576.0155
293,1579.2055
294,1581.3022
295,1585.9363
296,1588.5332
297,1592.1299
298,1595.2599
299,1598.1529
300,1601.3517
301,1604.5527
302,1607.7986
303,1610.8923
304,1612.9475
305,1616.7111
306,1620.1298
307,1623.2495
308,1626.2817
309,1629.3497
310,1632.3841
311,1635.4139
312,1638.4468
313,1641.3524
314,1644.4101
315,1647.4171
316,1649.3871
317,1652.4224
318,1654.9194
319,1657.4929
320,1661.0451
321,1663.6107
322,1670.3606
323,1680.5358
324,1694.8597
325,1701.3464
326,1710.7728
327,1718.6344
328,1726.5730
329,1729.7082
330,1734.9818
331,1745.1208
332,1748.0464
333,1749.2647
334,1750.7460
335,1755.7442
336,1763.1631
337,1766.0298
338,1774.1668
339,1779.4318
340,1786.9265
341,1793.1960
342,1798.9402
343,1802.7282
344,1808.1968
345,1814.5993
346,1819.9770
347,1831.1925
348,1834.9364
349,1837.1565
350,1847.6923
351,1850.1995
352,1856.2512
353,1860.6138
354,1864.3837
355,1868.8021
356,1872.8530
357,1876.8990
358,1880.7611
359,1884.8517
360,1889.4982
361,1893.5122
362,1897.3758
363,1901.0580
364,1904.5427
365,1908.6952
366,1912.7142
367,1916.9421
368,1920.9404
369,1925.1547
370,1928.7162
371,1933.2325
372,1937.5844
373,1941.5953
374,1945.4741
375,1949.7902
376,1953.3508
377,1956.7423
378,1960.4068
379,1964.3607
380,1968.1494
381,1971.9121
382,1976.5964
383,1981.3316
384,1985.6880
385,1990.0253
386,1994.1144
387,1998.0471
388,2001.8070
389,2005.7805
390,2009.7578
391,2014.0622
392,2018.2362
393,2023.5746
394,2028.4936
395,2032.8708
396,2037.3051
397,2041.6789
398,2046.1774
399,2051.2195
400,2059.5710
401,2072.5846
402,2074.5218
403,2078.9716
404,2086.4279
405,2091.8043
406,2095.2647
407,2096.9608
408,2103.8883
409,2109.0508
410,2109.9818
411,2119.1604
412,2125.0949
413,2130.2748
414,2134.0258
415,2139.1838
416,2142.9489
417,2146.9021
418,2151.8874
419,2156.3489
420,2161.2093
421,2165.4410
422,2170.1887
423,2174.7661
424,2179.3296
425,2184.5372
426,2188.8003
427,2193.1965
428,2197.8610
429,2201.7910
430,2206.0483
431,2210.2466
432,2214.1626
433,2218.0769
434,2221.8165
435,2225.3976
436,2229.1842
437,2234.2839
438,2239.4218
439,2244.3895
440,2248.4713
441,2252.6290
442,2256.4468
443,2260.0050
444,2264.5180
445,2267.9265
446,2271.9443
447,2276.1991
448,2280.4694
449,2284.6537
450,2288.4057
451,2292.1727
452,2296.0231
453,2299.5636
454,2303.7565
455,2308.1243
456,2311.7604
457,2315.1653
458,2319.2377
459,2329.2012
460,2333.2357
461,2339.2305
462,2342.2592
463,2344.4076
464,2347.4178
465,2350.8277
466,2356.2706
467,2358.9056
468,2362.1600
469,2367.3632
470,2371.9127
471,2375.6127
472,2378.0684
473,2383.4722
474,2387.1140
475,2391.1202
476,2395.6790
477,2399.5624
478,2404.0151
479,2407.2688
480,2413.0597
481,2422.9925
482,2425.4344
483,2427.6314
484,2430.7258
485,2435.0984
486,2439.4586
487,2443.5835
488,2447.1869
489,2451.0605
490,2454.9165
491,2459.5017
492,2463.0482
493,2467.0618
494,2470.8433
495,2481.7972
496,2490.0267
497,2494.4813
498,2498.9676
499,2505.6708
500,2509.1980
501,2516.3300
502,2524.5926
503,2529.8982
504,2535.9967
505,2541.7085
506,2547.2822
507,2553.9064
508,2561.2664
509,2570.9350
510,2599.5080
511,2604.5327
512,2610.4355
513,2627.5795
514,2636.4377
515,2644.2780
516,2650.7032
517,2654.2292
518,2655.7193
519,2663.1632
520,2665.9129
521,2669.7054
522,2673.5160
523,2677.2692
524,2681.9267
525,2685.4053
526,2687.8786
527,2690.1932
528,2692.4157
529,2695.0123
530,2698.8969
531,2701.6528
532,2702.4817
533,2707.3243
534,2737.2141
535,2737.3176
536,2737.3712
537,2738.5573
538,2738.7135
539,2738.8620
540,2739.0113
541,2739.1980
542,2739.2585
543,2739.3050
544,2739.3494
545,2739.4137
546,2739.6176
547,2739.8880
548,2741.1587
549,2744.6620
550,2749.6860
551,2752.4490
552,2756.7980
553,2758.7559
554,2762.4650
555,2765.9714
556,2772.6853
557,2774.0531
558,2777.4708
559,2780.5583
560,2784.6129
561,2787.1897
562,2787.6837
563,2790.5109
564,2795.6800
565,2799.8135
566,2805.7461
567,2809.6564
568,2811.0979
569,2816.2496
570,2817.1945
571,2820.7777
572,2821.0399
573,2829.1152
574,2834.1782
575,2837.9014
576,2843.1416
577,2847.8370
578,2851.1014
579,2853.7662
580,2855.9899
581,2859.2448
582,2862.7658
583,2864.9938
584,2869.0436
585,2871.3365
586,2874.4774
587,2877.4514
588,2880.3658
589,2881.6888
590,2884.8770
591,2889.4897
592,2893.6293
593,2897.4185
594,2901.7496
595,2906.7593
596,2910.9221
597,2917.0702
598,2921.7465
599,2925.5652
600,2930.7101
601,2935.6196
602,2939.6045
603,2943.4278
604,2946.5709
605,2950.3798
606,2955.2052
607,2959.5177
608,2963.4387
609,2968.2515
610,2971.9286
611,2976.7754
612,2980.5560
613,2985.1744
614,2988.5666
615,2992.8920
616,2997.1805
617,3001.2624
618,3004.9195
619,3009.3284
620,3013.1223
621,3016.7966
622,3020.7651
623,3025.6965
624,3030.0915
625,3034.7624
626,3039.8619
627,3044.3816
628,3049.5169
629,3053.1673
630,3057.4629
631,3060.7026
632,3064.5211
633,3069.0820
634,3071.5134
635,3074.7120
636,3078.3195
637,3081.6524
638,3085.2392
639,3088.4938
640,3093.0002
641,3097.3268
642,3101.2211
643,3105.8843
644,3109.4792
645,3113.2290
646,3116.9298
647,3124.0268
648,3138.4492
649,3140.4560
650,3150.5485
651,3152.5974
652,3163.4636
653,3164.7470
654,3173.5303
655,3174.4170
656,3176.5344
657,3182.1971
658,3185.8518
659,3187.3360
660,3189.8358
661,3194.3836
662,3196.4576
663,3203.5103
664,3208.9050
665,3212.6205
666,3212.8239
667,3212.9743
668,3222.9612
669,3228.5874
670,3230.6163
671,3234.4251
672,3241.4074
673,3246.0403
674,3250.7410
675,3256.5062
676,3260.1397
677,3264.8625
678,3270.9453
679,3278.9531
680,3282.7632
681,3283.7598
682,3285.9931
683,3293.7403
684,3296.5329
685,3301.3923
686,3302.8119
687,3304.5092
688,3307.4379
689,3310.0588
690,3312.7520
691,3315.4585
692,3318.0702
693,3321.2464
694,3326.7059
695,3331.5823
696,3337.1861
697,3340.6539
698,3344.3735
699,3347.0700
700,3348.8812
701,3351.4223
702,3359.2522
703,3363.4398
704,3371.5210
705,3376.7138
706,3381.3641
707,3386.2736
708,3391.5598
709,3395.7379
710,3399.8625
711,3403.5959
712,3408.0617
713,3413.4071
714,3416.9655
715,3423.0659
716,3426.7762
717,3430.6748
718,3433.9907
719,3439.0554
720,3445.4527
721,3448.2896
722,3455.0259
723,3459.0364
724,3465.9340
725,3470.4454
726,3477.1011
727,3481.2953
728,3489.7039
729,3490.4523
730,3494.3476
731,3498.4303
732,3505.2664
733,3512.9297
734,3515.0635
735,3522.8796
736,3524.6890
737,3531.5716
738,3534.4698
739,3538.6508
740,3542.4559
741,3550.2338
742,3554.0252
743,3558.9962
744,3564.2378
745,3567.6181
746,3571.0142
747,3576.3118
748,3581.4803
749,3584.4131
750,3586.9737
751,3589.8952
752,3593.0436
753,3599.7157
754,3600.9717
755,3603.4567
756,3606.0493
757,3609.4332
758,3613.4505
759,3617.0485
760,3619.5297
761,3621.0318
762,3623.1503
763,3627.3923
764,3631.0856
765,3633.6379
766,3638.5045
767,3644.5532
768,3649.5357
769,3652.4355
770,3655.5877
771,3657.1712
772,3660.4452
773,3661.5839
774,3665.0152
775,3667.7155
776,3670.3460
777,3673.3911
778,3675.9155
779,3678.4472
780,3681.0262
781,3684.0200
782,3686.4736
783,3688.2598
784,3689.9838
785,3692.8444
786,3695.9782
787,3698.3523
788,3701.2520
789,3704.1004
790,3705.7338
791,3707.7610
792,3710.3794
793,3713.0332
794,3716.1336
795,3718.8165
796,3721.9138
797,3722.5914
798,3725.6246
799,3728.2298
800,3730.9947
801,3734.1347
802,3734.9093
803,3737.5855
804,3741.0212
805,3743.9437
806,3746.5625
807,3749.3236
808,3752.1045
809,3755.5659
810,3757.2360
811,3759.2432
812,3761.9803
813,3764.6031
814,3767.2496
815,3769.8603
816,3772.3901
817,3774.8876
818,3777.5846
819,3779.9616
820,3782.9134
821,3785.3572
822,3787.4088
823,3789.3550
824,3791.8582
825,3795.1157
826,3798.0406
827,3800.0400
828,3800.1485
829,3800.2112
830,3806.6523
831,3809.7925
832,3812.3789
833,3814.8680
834,3817.4894
835,3819.4087
836,3823.4599
837,3826.0329
838,3828.5701
839,3832.7677
840,3835.1932
841,3838.6533
842,3842.6728
843,3846.0686
844,3848.3121
845,3850.9500
846,3857.2600
847,3868.1283
848,3868.2392
849,3868.2940
850,3868.3467
851,3873.5425
852,3876.4300
853,3879.3006
854,3881.7377
855,3884.5122
856,3887.0864
857,3889.7574
858,3892.4158
859,3895.0841
860,3897.6943
861,3899.9190
862,3903.0209
863,3905.6189
864,3908.5236
865,3911.0775
866,3914.0325
867,3916.5154
868,3919.0679
869,3921.0670
870,3924.3629
871,3926.8765
872,3929.5990
873,3932.1361
874,3934.6428
875,3937.2673
876,3939.7008
877,3942.3361
878,3944.9925
879,3948.0150
880,3950.5258
881,3953.0480
882,3955.5488
883,3958.0300
884,3960.9375
885,3963.8076
886,3966.3339
887,3968.9033
888,3972.9030
889,3975.5940
890,3978.2038
891,3980.7620
892,3983.2327
893,3985.9459
894,3988.3180
895,3990.7868
896,3993.7191
897,3996.3923
898,3998.8956
899,4001.5259
900,4003.6500
901,4006.5122
902,4009.0356
903,4011.6050
904,4014.2314
905,4016.9542
906,4019.6710
907,4022.3560
908,4025.0671
909,4027.7052
910,4030.9067
911,4033.6628
912,4036.8195
913,4039.7115
914,4042.4943
915,4045.5501
916,4048.6934
917,4051.7104
918,4054.7061
919,4056.7186
920,4059.2210
921,4062.9246
922,4064.8780
923,4069.3824
924,4070.4403
925,4073.7660
926,4076.4804
927,4079.2341
928,4081.8589
929,4084.4774
930,4087.1646
931,4089.8528
932,4092.5565
933,4095.2401
934,4097.9254
935,4100.7123
936,4103.5058
937,4106.2460
938,4109.3733
939,4112.3426
940,4115.1495
941,4117.6274
942,4120.5316
943,4123.3125
944,4126.1199
945,4128.8962
946,4135.0718
947,4137.8732
948,4140.9354
949,4143.8570
950,4146.6897
951,4149.5087
952,4152.3621
953,4155.2274
954,4158.1185
955,4161.0055
956,4163.3489
957,4166.7213
958,4169.6501
959,4172.8649
960,4176.2092
961,4179.0168
962,4181.9396
963,4184.9535
964,4188.0744
965,4190.9277
966,4194.2613
967,4198.2710
968,4201.2691
969,4204.1144
970,4206.5303
971,4210.8753
972,4215.4896
973,4219.2903
974,4224.9079
975,4228.3285
976,4231.2751
977,4234.0372
978,4237.2513
979,4241.4851
980,4245.4984
981,4249.3691
982,4256.8939
983,4258.4748
984,4262.1303
985,4266.9778
986,4269.8271
987,4271.9018
988,4274.5919
989,4277.0522
990,4279.7289
991,4284.0958
992,4286.2344
993,4288.5725
994,4290.7281
995,4293.1345
996,4295.6975
997,4298.3677
998,4301.4843
999,4305.0811
1000,4309.4144
1001,4313.3419
1002,4317.5864
1003,4321.5020
1004,4325.1648
1005,4328.7058
1006,4332.2399
1007,4336.0264
1008,4339.5596
1009,4342.9253
1010,4346.5714
1011,4350.1871
1012,4353.8690
1013,4357.7633
1014,4361.9173
1015,4365.5951
1016,4368.2063
1017,4370.6617
1018,4373.2600
1019,4376.8613
1020,4380.4278
1021,4384.1245
1022,4387.3894
1023,4391.0680
1024,4394.3341
1025,4397.7473
1026,4401.6483
1027,4405.0364
1028,4408.9077
1029,4412.4479
1030,4415.9963
1031,4420.0165
1032,4424.0119
1033,4427.3717
1034,4430.9399
1035,4434.3872
1036,4438.1051
1037,4440.3088
1038,4448.6811
1039,4453.6631
1040,4458.9512
1041,4463.5804
1042,4467.5965
1043,4472.4159
1044,4476.3248
1045,4480.0091
1046,4483.3179
1047,4486.6662
1048,4490.4492
1049,4493.7322
1050,4498.0667
1051,4502.4092
1052,4505.9550
1053,4509.5344
1054,4521.0624
1055,4526.5870
1056,4534.1697
1057,4539.4857
1058,4541.1978
1059,4557.1754
1060,4562.5432
1061,4564.4665
1062,4567.8215
1063,4568.9516
1064,4575.5882
1065,4580.9989
1066,4585.2218
1067,4589.4113
1068,4593.1053
1069,4597.0142
1070,4599.8423
1071,4602.9904
1072,4605.8888
1073,4608.3689
1074,4619.6268
1075,4640.9237
1076,4643.5285
1077,4645.9711
1078,4648.4365
1079,4650.6996
1080,4651.2551
1081,4653.2176
1082,4659.3816
1083,4659.4992
1084,4667.6977
1085,4672.6694
1086,4675.9861
1087,4680.4502
1088,4683.9719
1089,4688.7221
1090,4692.5344
1091,4695.0672
1092,4698.6783
1093,4702.2865
1094,4708.1883
1095,4710.8946
1096,4714.9398
1097,4718.2589
1098,4723.4366
1099,4729.3215
1100,4733.8760
1101,4736.7010
1102,4740.3708
1103,4743.9950
1104,4748.1804
1105,4751.5931
1106,4758.2393
1107,4763.0925
1108,4767.0650
1109,4770.4725
1110,4772.6367
1111,4778.6710
1112,4780.2167
1113,4788.9650
1114,4790.7636
1115,4794.4133
1116,4798.2457
1117,4800.4291
1118,4802.7277
1119,4807.1144
1120,4810.9932
1121,4821.7213
1122,4824.6737
1123,4827.5397
1124,4831.0926
1125,4835.0983
1126,4838.6405
1127,4841.5604
1128,4845.6039
1129,4848.3183
1130,4850.8213
1131,4853.6339
1132,4859.1573
1133,4861.1438
1134,4868.3751
1135,4872.8948
1136,4876.5006
1137,4879.5171
1138,4881.1007
1139,4883.7938
1140,4886.2631
1141,4888.8426
1142,4891.3047
1143,4893.9381
1144,4896.4591
1145,4899.0159
1146,4901.8049
1147,4904.5115
1148,4907.0818
1149,4909.5528
1150,4911.2303
1151,4914.9776
1152,4917.4595
1153,4919.6019
1154,4922.0321
1155,4924.7758
1156,4927.2583
1157,4928.8831
1158,4932.0452
1159,4934.5708
1160,4937.0008
1161,4939.4512
1162,4941.8859
1163,4943.9805
1164,4946.6860
1165,4949.9626
1166,4952.5101
1167,4955.8246
1168,4958.3209
1169,4960.0101
1170,4963.4066
1171,4965.7671
1172,4967.5310
1173,4971.3049
1174,4974.9174
1175,4980.4788
1176,4985.9788
1177,4990.1040
1178,4992.4622
1179,4997.3245
1180,5000.1411
1181,5004.6132
1182,5008.2183
1183,5011.3313
1184,5015.6560
1185,5019.2008
1186,5022.9876
1187,5026.5427
1188,5030.5579
1189,5034.5850
1190,5038.2526
1191,5040.8998
1192,5045.6374
1193,5048.5384
1194,5052.6128
1195,5056.7772
1196,5057.9810
1197,5060.3108
1198,5062.8190
1199,5067.2202
1200,5071.0125
1201,5074.3742
1202,5078.3601
1203,5081.7592
1204,5086.2870
1205,5090.1005
1206,5094.3244
1207,5097.7535
1208,5101.7392
1209,5105.1676
1210,5108.6380
1211,5113.8725
1212,5139.0126
1213,5143.6296
1214,5146.5819
1215,5149.3835
1216,5153.3546
1217,5156.9986
1218,5159.1249
1219,5162.6933
1220,5170.2576
1221,5173.2137
1222,5178.7081
1223,5182.6069
1224,5188.5448
1225,5192.1108
1226,5196.7692
1227,5201.7469
1228,5207.1981
1229,5211.7698
1230,5216.1732
1231,5221.7493
1232,5223.8340
1233,5232.0418
1234,5237.0031
1235,5239.0909
1236,5245.1606
1237,5248.7516
1238,5252.5618
1239,5266.7055
1240,5268.1260
1241,5269.9795
1242,5273.2499
1243,5277.3664
1244,5281.0564
1245,5286.3851
1246,5290.6969
1247,5294.9126
1248,5300.1151
1249,5304.3737
1250,5308.2628
1251,5312.5107
1252,5317.0016
1253,5321.2476
1254,5324.5916
1255,5327.1248
1256,5331.3248
1257,5334.6159
1258,5338.8982
1259,5343.7936
1260,5345.9306
1261,5352.4511
1262,5356.4525
1263,5358.3043
1264,5364.4276
1265,5366.3306
1266,5369.1785
1267,5370.2500
1268,5371.7709
1269,5376.3344
1270,5378.4397
1271,5382.8228
1272,5384.5108
1273,5393.0182
1274,5408.1066
1275,5414.5989
1276,5420.3665
1277,5424.3355
1278,5429.8739
1279,5434.5136
1280,5440.0198
1281,5446.4426
1282,5449.1076
1283,5451.0131
1284,5452.4882
1285,5453.5525
1286,5456.2597
1287,5458.3898
1288,5463.3055
1289,5466.3882
1290,5467.3309
1291,5470.8703
1292,5473.4316
1293,5477.2546
1294,5480.8247
1295,5483.5751
1296,5487.5615
1297,5493.1352
1298,5495.8272
1299,5501.0374
1300,5504.6368
1301,5510.3118
1302,5511.4865
1303,5515.0096
1304,5516.2342
1305,5520.5972
1306,5523.0489
1307,5526.6368
1308,5531.3375
1309,5532.5623
1310,5540.1762
1311,5544.3950
1312,5546.4587
1313,5549.4819
1314,5556.4251
1315,5560.0581
1316,5564.2028
1317,5568.8777
1318,5571.3270
1319,5572.9413
1320,5575.9730
1321,5582.2453
1322,5585.8116
1323,5590.0970
1324,5591.5916
1325,5597.1825
1326,5600.2014
1327,5604.1048
1328,5609.8461
1329,5614.1398
1330,5616.5140
1331,5620.0659
1332,5622.9367
1333,5625.7160
1334,5628.9804
1335,5631.1390
1336,5635.4795
1337,5638.4304
1338,5641.1471
1339,5644.3567
1340,5647.3205
1341,5652.5917
1342,5656.4755
1343,5659.3983
1344,5663.7425
1345,5667.4025
1346,5671.2897
1347,5676.9438
1348,5681.5271
1349,5685.4339
1350,5688.0822
1351,5691.9942
1352,5697.4342
1353,5702.8356
1354,5708.8473
1355,5713.5630
1356,5718.3135
1357,5722.9409
1358,5727.8044
1359,5732.9395
1360,5743.0096
1361,5743.6891
1362,5745.6875
1363,5753.4842
1364,5760.5999
1365,5764.9820
1366,5769.5048
1367,5777.4932
1368,5779.7067
1369,5784.4493
1370,5789.6383
1371,5795.5441
1372,5799.5515
1373,5804.4546
1374,5809.4182
1375,5813.4348
1376,5817.1349
1377,5822.6397
1378,5827.0867
1379,5831.4877
1380,5835.1817
1381,5840.7133
1382,5845.4280
1383,5849.7624
1384,5853.5693
1385,5858.2709
1386,5861.4969
1387,5867.9008
1388,5873.0111
1389,5876.7860
1390,5881.0749
1391,5885.2253
1392,5889.4670
1393,5893.3563
1394,5898.1688
1395,5901.6559
1396,5906.4567
1397,5911.7055
1398,5915.4108
1399,5920.3024
1400,5924.5675
1401,5927.4859
1402,5931.3786
1403,5935.5245
1404,5939.4596
1405,5943.4397
1406,5946.7168
1407,5950.1562
1408,5955.0140
1409,5957.8862
1410,5962.1663
1411,5967.4561
1412,5972.3365
1413,5976.0911
1414,5981.4467
1415,5983.9518
1416,5987.8440
1417,5992.7511
1418,5997.2849
1419,6001.7333
1420,6005.2950
1421,6010.0484
1422,6013.5117
1423,6017.2470
1424,6021.9414
1425,6026.7799
1426,6031.2517
1427,6035.5234
1428,6039.5596
1429,6043.3872
1430,6047.3483
1431,6052.7320
1432,6056.4506
1433,6062.4669
1434,6068.0590
1435,6072.1545
1436,6075.3417
1437,6080.5917
1438,6085.1328
1439,6090.5297
1440,6094.3933
1441,6099.9987
1442,6105.0801
1443,6108.5017
1444,6113.4708
1445,6116.6759
1446,6121.8278
1447,6125.7646
1448,6131.4890
1449,6135.2873
1450,6139.4634
1451,6144.9749
1452,6152.4639
1453,6158.9935
1454,6181.4191
1455,6181.7124
1456,6182.0555
1457,6191.1123
1458,6202.0357
1459,6214.6235
1460,6218.1568
1461,6222.4436
1462,6226.4040
1463,6230.3469
1464,6235.3323
1465,6238.7393
1466,6242.8699
1467,6246.3386
1468,6248.6548
1469,6253.3088
1470,6255.2094
1471,6259.2511
1472,6261.0052
1473,6261.0831
1474,6270.1564
1475,6270.2637
1476,6274.5750
1477,6277.0200
1478,6279.8023
1479,6291.8584
1480,6291.9950
1481,6294.4894
1482,6298.8980
1483,6299.0048
1484,6299.9644
1485,6308.5403
1486,6313.5581
1487,6313.6826
1488,6323.9403
1489,6324.6114
1490,6325.5775
1491,6328.8856
1492,6332.3164
1493,6336.0450
1494,6340.4198
1495,6343.2148
1496,6345.0172
1497,6348.1066
1498,6350.8177
1499,6353.6541
1500,6356.5328
1501,6359.6990
1502,6362.3378
1503,6364.5585
1504,6367.1505
1505,6370.1725
1506,6372.4689
1507,6375.4168
1508,6377.9106
1509,6381.1243
1510,6383.6989
1511,6385.9100
1512,6388.9818
1513,6391.0398
1514,6393.4572
1515,6395.9458
1516,6398.5066
1517,6401.1657
1518,6403.6443
1519,6406.4016
1520,6409.9147
1521,6412.2276
1522,6414.6569
1523,6416.7876
1524,6420.1057
1525,6423.0211
1526,6425.7696
1527,6428.2916
1528,6430.9309
1529,6440.7194
1530,6442.1134
1531,6445.0958
1532,6446.8443
1533,6449.0852
1534,6453.4142
1535,6462.0340
1536,6465.3695
1537,6466.8436
1538,6468.4317
1539,6472.3485
1540,6476.7783
1541,6482.4157
1542,6486.6052
1543,6490.2158
1544,6495.5418
1545,6497.8192
1546,6500.2387
1547,6504.5438
1548,6509.4476
1549,6511.9669
1550,6517.6830
1551,6522.8248
1552,6527.1170
1553,6531.6143
1554,6536.2663
1555,6540.6561
1556,6546.8421
1557,6550.4129
1558,6552.7041
1559,6553.5679
1560,6554.3294
1561,6557.4114
1562,6559.2325
1563,6568.6319
1564,6571.3136
1565,6572.3495
1566,6574.3384
1567,6575.2423
1568,6576.2269
1569,6579.1225
1570,6580.6110
1571,6583.6315
1572,6609.1344
1573,6610.7061
1574,6612.1273
1575,6613.9944
1576,6614.4733
1577,6615.2821
1578,6615.4628
1579,6617.1958
1580,6618.7849
1581,6618.9790
1582,6619.0405
1583,6620.9369
1584,6621.1493
1585,6621.2077
1586,6628.1250
1587,6637.9862
1588,6643.7428
1589,6657.0933
1590,6667.8529
1591,6670.5718
1592,6672.8091
1593,6676.7647
1594,6680.2089
1595,6682.9035
1596,6685.5907
1597,6688.1554
1598,6690.8398
1599,6693.5382
1600,6695.9376
1601,6699.4328
1602,6703.9008
1603,6706.2602
1604,6708.4057
1605,6711.1742
1606,6713.8250
1607,6716.5520
1608,6719.3341
1609,6723.9928
1610,6725.1210
1611,6728.0161
1612,6731.8075
1613,6735.2736
1614,6737.2072
1615,6740.4525
1616,6742.9523
1617,6745.6219
1618,6748.2898
1619,6751.4751
1620,6753.1748
1621,6756.1684
1622,6759.3586
1623,6765.4853
1624,6768.2505
1625,6770.9496
1626,6773.5138
1627,6776.1803
1628,6780.0522
1629,6782.4852
1630,6784.2550
1631,6786.9036
1632,6790.1750
1633,6792.5260
1634,6795.1376
1635,6797.9860
1636,6800.8907
1637,6803.6134
1638,6806.0820
1639,6808.6724
1640,6810.0698
1641,6812.1030
1642,6815.0713
1643,6817.3122
1644,6819.8431
1645,6822.3691
1646,6825.0597
1647,6827.7428
1648,6830.1895
1649,6832.2513
1650,6835.8099
1651,6838.3291
1652,6841.0771
1653,6843.4143
1654,6845.8936
1655,6848.6824
1656,6851.3360
1657,6853.7021
1658,6856.4949
1659,6859.2136
1660,6861.8212
1661,6864.4440
1662,6867.0022
1663,6869.3426
1664,6871.1102
1665,6874.0563
1666,6876.5302
1667,6878.9265
1668,6881.5038
1669,6883.1286
1670,6886.3974
1671,6888.7331
1672,6891.1664
1673,6893.5542
1674,6895.2804
1675,6898.8991
1676,6900.8329
1677,6904.1226
1678,6906.4691
1679,6908.9043
1680,6911.3307
1681,6913.6703
1682,6916.4577
1683,6918.4897
1684,6921.9005
1685,6924.5553
1686,6926.9121
1687,6929.3807
1688,6931.8171
1689,6934.5975
1690,6937.1231
1691,6939.5449
1692,6941.9751
1693,6944.5152
1694,6947.0537
1695,6949.4414
1696,6951.1909
1697,6954.2773
1698,6956.8751
1699,6959.3673
1700,6961.7496
1701,6964.1895
1702,6966.6376
1703,6969.1231
1704,6971.9303
1705,6974.3342
1706,6976.9650
1707,6979.3687
1708,6981.7023
1709,6984.5278
1710,6987.0007
1711,6989.4080
1712,6991.1683
1713,6994.6675
1714,6997.1938
1715,6999.3093
1716,7002.1110
1717,7004.6358
1718,7007.0717
1719,7009.4101
1720,7011.2832
1721,7014.4405
1722,7016.8846
1723,7019.2919
1724,7021.7998
1725,7024.0998
1726,7026.4409
1727,7028.7979
1728,7031.1038
1729,7033.9832
1730,7036.5155
1731,7039.1006
1732,7041.4159
1733,7044.1337
1734,7046.4127
1735,7049.0119
1736,7051.6324
1737,7054.1353
1738,7056.6554
1739,7059.2761
1740,7061.9121
1741,7064.8375
1742,7067.4336
1743,7069.0384
1744,7071.5766
1745,7074.9152
1746,7077.4543
1747,7080.0846
1748,7082.7222
1749,7086.2148
1750,7089.8719
1751,7093.7352
1752,7097.3523
1753,7101.5809
1754,7105.5610
1755,7109.5688
1756,7113.5828
1757,7119.1354
1758,7121.6602
1759,7125.1736
1760,7129.8544
1761,7132.7250
1762,7136.7297
1763,7141.0201
1764,7144.5839
1765,7149.0335
1766,7152.3359
1767,7156.5359
1768,7160.5103
1769,7164.4356
1770,7168.6249
1771,7172.3001
1772,7176.0104
1773,7179.7256
1774,7183.5561
1775,7187.6404
1776,7190.4438
1777,7194.3924
1778,7197.8440
1779,7201.5891
1780,7211.1890
1781,7211.8156
1782,7212.4851
1783,7216.0552
1784,7219.5244
1785,7221.7171
1786,7224.0398
1787,7229.0175
1788,7232.6434
1789,7235.9731
1790,7239.6829
1791,7243.4359
1792,7247.5221
1793,7251.4672
1794,7255.5320
1795,7258.5883
1796,7262.3768
1797,7265.8594
1798,7270.2918
1799,7273.2697
1800,7277.0083
1801,7280.6857
1802,7284.5094
1803,7288.2190
1804,7292.3849
1805,7295.9526
1806,7300.1826
1807,7303.6339
1808,7308.4505
1809,7312.3944
1810,7316.7617
1811,7320.5116
1812,7323.5469
1813,7326.9546
1814,7330.9386
1815,7335.4034
1816,7339.5154
1817,7343.6666
1818,7347.0435
1819,7351.1245
1820,7355.0198
1821,7358.8138
1822,7362.4473
1823,7365.5772
1824,7369.3259
1825,7373.3034
1826,7377.1946
1827,7380.4924
1828,7387.2881
1829,7388.0465
1830,7391.1541
1831,7396.1468
1832,7399.3571
1833,7404.6755
1834,7411.0913
1835,7418.0050
1836,7422.8578
1837,7428.5150
1838,7433.4216
1839,7437.9892
1840,7441.8871
1841,7445.6704
1842,7449.2195
1843,7452.5988
1844,7456.0452
1845,7459.5678
1846,7463.1343
1847,7467.1099
1848,7470.2096
1849,7475.2469
1850,7477.9749
1851,7482.2252
1852,7486.6548
1853,7491.3285
1854,7495.2052
1855,7498.1408
1856,7501.7967
1857,7505.0700
1858,7508.5568
1859,7512.2938
1860,7516.1786
1861,7519.8159
1862,7523.6056
1863,7527.1962
1864,7530.2131
1865,7534.0860
1866,7537.3247
1867,7541.1186
1868,7544.6954
1869,7548.7549
1870,7552.6578
1871,7555.9731
1872,7559.8321
1873,7563.4658
1874,7566.9141
1875,7570.6460
1876,7574.2674
1877,7578.2838
1878,7581.6047
1879,7584.5990
1880,7588.5355
1881,7590.9996
1882,7593.4701
1883,7595.6898
1884,7598.6657
1885,7602.5772
1886,7606.5454
1887,7610.4360
1888,7614.0425
1889,7617.7337
1890,7622.3505
1891,7626.3254
1892,7630.3043
1893,7634.4595
1894,7638.4206
1895,7642.6172
1896,7646.4677
1897,7650.7463
1898,7654.5992
1899,7659.1132
1900,7663.4233
1901,7667.3224
1902,7671.4149
1903,7675.7078
1904,7679.2066
1905,7682.3044
1906,7685.1001
1907,7687.7055
1908,7690.2196
1909,7692.8463
1910,7695.6406
1911,7698.1988
1912,7700.9931
1913,7703.5606
1914,7706.1770
1915,7708.7801
1916,7711.2722
1917,7713.7136
1918,7716.2788
1919,7718.6975
1920,7721.1857
1921,7723.7453
1922,7726.2051
1923,7728.7521
1924,7731.4532
1925,7734.1588
1926,7736.7570
1927,7739.2828
1928,7741.9436
1929,7744.8592
1930,7748.9560
1931,7751.6370
1932,7754.1974
1933,7756.6586
1934,7759.1584
1935,7761.6534
1936,7764.1859
1937,7767.2246
1938,7770.6091
1939,7774.2343
1940,7777.3781
1941,7781.5547
1942,7785.3081
1943,7788.1441
1944,7792.0382
1945,7798.3396
1946,7802.6206
1947,7806.6046
1948,7810.0789
1949,7813.1278
1950,7816.1628
1951,7818.5551
1952,7821.0361
1953,7823.4746
1954,7825.8793
1955,3834.1453
1956,3843.6098
1957,3850.4524
1958,3858.4285
1959,3869.1266
1960,3882.2551
1961,3892.5891
1962,3905.1907
1963,3920.4373
1964,3926.6846
1965,3937.3972
1966,3951.6034
1967,3959.0721
1968,3970.6333
1969,3982.6539
1970,3997.2970
1971,4011.7047
1972,4025.0049
1973,4039.1603
1974,4049.3612
1975,4060.8060
1976,4071.4741
1977,4083.1416
1978,4097.4572
1979,4112.8564
1980,4126.4601
1981,4141.6230
1982,4156.2846
1983,4169.8353
1984,4183.2209
1985,4195.8251
1986,4208.8928
1987,4222.0657
1988,4235.1549
1989,4250.3648
1990,4264.3709
1991,4280.6954
1992,4295.4371
1993,4314.0223
1994,4326.9327
1995,4334.8575
1996,4349.5586
1997,4359.6709
1998,4376.7073
1999,4388.2298
2000,4408.1478
2001,4423.1265
2002,4445.4708
2003,4459.0807
2004,4471.9150
2005,4483.8958
2006,4495.4152
2007,4506.7587
2008,4516.8681
2009,4529.0062
2010,4537.4691
2011,4549.8276
2012,4561.7335
2013,4571.7852
2014,4584.9154
2015,4595.8831
2016,4611.0008
2017,4626.5492
2018,4642.8292
2019,4657.2573
2020,4680.7706
2021,4698.0791
2022,4717.0005
2023,4735.9226
2024,4746.1605
2025,4766.4487
2026,4787.3333
2027,4806.2711
2028,4814.1420
2029,4824.2877
2030,4836.1037
2031,4848.1352
2032,4856.4036
2033,4867.0821
2034,4875.9434
2035,4888.7315
2036,4900.4688
2037,4915.1335
2038,4925.5188
2039,4934.5961
2040,4945.4422
2041,4955.8220
2042,4965.7874
2043,4978.9042
2044,4988.5206
2045,4996.9099
2046,5009.0239
2047,5023.2050
2048,5032.0735
2049,5042.5000
2050,5058.9340
2051,5072.0296
2052,5082.8323
2053,5095.4480
2054,5107.3899
2055,5126.6744
2056,5138.7248
2057,5153.5938
2058,5168.3888
2059,5178.6146
2060,5190.4106
2061,5203.3150
2062,5226.8746
2063,5244.7441
2064,5254.8125
2065,5265.2490
2066,5277.8637
2067,5290.7748
2068,5301.2903
2069,5309.4482
2070,5326.2224
2071,5338.0527
2072,5349.2701
2073,5356.9908
2074,5364.9831
2075,5374.7301
2076,5389.8027
2077,5401.5379
2078,5412.0562
2079,5421.4303
2080,5433.0285
2081,5441.6788
2082,5455.0593
2083,5467.4625
2084,5477.6928
2085,5490.0172
2086,5503.2649
2087,5511.1873
2088,5526.2694
2089,5549.8137
2090,5568.6159
2091,5588.9225
2092,5605.7606
2093,5620.2807
2094,5628.8133
2095,5644.3324
2096,5662.1804
2097,5681.3343
2098,5700.1295
2099,5722.4867
2100,5732.1343
2101,5744.5946
2102,5755.3265
2103,5765.7969
2104,5777.5631
2105,5798.3115
2106,5810.0398
2107,5829.7064
2108,5843.5903
2109,5856.9584
2110,5872.2901
2111,5886.4460
2112,5896.0185
2113,5909.3359
2114,5922.4646
2115,5934.7320
2116,5944.0448
2117,5958.3015
2118,5973.9640
2119,5983.3980
2120,5990.6499
2121,6007.4992
2122,6022.0451
2123,6034.8825
2124,6046.3359
2125,6057.2100
2126,6072.1316
2127,6082.2766
2128,6092.7923
2129,6098.3520
2130,6110.4140
2131,6123.4555
2132,6136.2252
2133,6144.2587
2134,6152.2849
2135,6172.3616
2136,6185.6487
2137,6197.8073
2138,6209.9364
2139,6219.0669
2140,6231.6353
2141,6243.9036
2142,6257.7558
2143,6269.4824
2144,6282.5840
2145,6294.2388
2146,6304.1019
2147,6318.7864
2148,6328.1193
2149,6338.1886
2150,6349.0345
2151,6360.2047
2152,6373.3382
2153,6388.1266
2154,6404.1681
2155,6418.9644
2156,6428.4031
2157,6439.3110
2158,6449.4255
2159,6460.8548
2160,6471.5478
2161,6484.6268
2162,6494.5102
2163,6502.4705
2164,6514.0584
2165,6525.4676
2166,6535.6076
2167,6544.0836
2168,6555.1851
2169,6575.3484
2170,6588.9003
2171,6597.6710
2172,6609.8566
2173,6625.2420
2174,6632.5898
2175,6645.4594
2176,6656.1310
2177,6670.3792
2178,6676.7790
2179,6685.9791
2180,6693.9759
2181,6703.9485
2182,6712.0974
2183,6721.5803
2184,6732.7867
2185,6743.8481
2186,6760.1974
2187,6770.1943
2188,6780.4201
2189,6797.8840
2190,6808.7947
2191,6816.2353
2192,6824.4143
2193,6833.1707
2194,6841.7392
2195,6849.9572
2196,6859.8971
2197,6870.7268
2198,6973.3427
2199,6979.0232
2200,6987.7534
2201,6998.3840
2202,7009.8581
2203,7019.1197
2204,7030.8838
2205,7038.6658
2206,7046.3331
2207,7064.2774
2208,7077.3792
2209,7094.5501
2210,7103.8010
2211,7120.9543
2212,7132.4761
2213,7140.2094
2214,7149.2229
2215,7160.7053
2216,7173.1808
2217,7191.7837
2218,7204.8783
2219,7222.1329
2220,7233.6538
2221,7250.5043
2222,7259.0806
2223,7274.8036
2224,7281.3389
2225,7288.7177
2226,7296.5851
2227,7304.5778
2228,7316.6096
2229,7326.8290
2230,7341.6359
2231,7360.1742
2232,7376.1885
2233,7389.2648
2234,7396.9288
2235,7408.3965
2236,7425.0381
2237,7434.7513
2238,7442.3840
2239,7448.4313
2240,7455.4439
2241,7464.7124
2242,7473.4185
2243,7481.5564
2244,7487.0610
2245,7497.2548
2246,7513.3743
2247,7523.7021
2248,7535.1486
2249,7542.3064
2250,7549.6161
2251,7558.9869
2252,7567.9538
2253,7575.9687
2254,7582.9074
2255,7589.9944
2256,7596.5519
2257,7604.1098
2258,7611.3718
2259,7619.9334
2260,7629.1683
2261,7638.5350
2262,7648.8307
2263,7659.8864
2264,7666.9946
2265,7678.5400
2266,7693.0220
2267,7700.2411
2268,7710.5243
2269,7719.9123
2270,7727.0532
2271,7735.2805
2272,7745.7321
2273,7760.0842
2274,7773.6502
2275,7787.7612
2276,7803.0989
2277,7818.2030
2278,7827.3776
2279,7836.1826
2280,7846.2338
2281,7855.2043
2282,7864.5158
2283,7878.2833
2284,7887.1555
2285,7894.6769
2286,7905.4790
2287,7917.6455
2288,7931.1013
2289,7945.0803
2290,7953.6192
2291,7967.8545
2292,7976.3448
2293,7985.6598
2294,7994.1654
2295,8002.6546
2296,8015.0824
2297,8024.4491
2298,8033.0782
2299,8041.7747
2300,8052.0742
2301,8061.6770
2302,8072.8352
2303,8084.4789
2304,8095.2082
2305,8112.8521
2306,8124.5501
2307,8135.7882
2308,8149.4453
2309,8159.4222
2310,8168.8774
2311,8182.4722
2312,8192.3525
2313,8205.2047
2314,8220.8219
2315,8232.0099
2316,8245.4686
2317,8254.4887
2318,8270.6826
2319,8281.0214
2320,8297.5872
2321,8306.0067
2322,8314.4867
2323,8324.3885
2324,8334.2075
2325,8343.8025
2326,8354.6774
2327,8367.8055
2328,8382.2265
2329,8396.0145
2330,8402.7638
2331,8412.4200
2332,8423.3730
2333,8432.6978
2334,8444.4883
2335,8457.6173
2336,8468.3700
2337,8481.5066
2338,8496.8541
2339,8512.4967
2340,8526.3047
2341,8540.5612
2342,8563.5986
2343,8578.3494
2344,8584.0244
2345,8591.9259
2346,8603.7550
2347,8624.6910
2348,8639.0922
2349,8655.0140
2350,8669.2421
2351,8678.9100
2352,8688.8180
2353,8700.9547
2354,8713.5806
2355,8724.3438
2356,8733.2332
2357,8743.5839
2358,8753.3419
2359,8767.7209
2360,8779.4080
2361,8796.5105
2362,8811.8067
2363,8829.3502
2364,8845.8827
2365,8861.8677
2366,8874.4397
2367,8887.7876
2368,8898.1924
2369,8907.0010
2370,8916.2035
2371,8923.9974
2372,8936.0809
2373,8946.4338
2374,8954.7434
2375,8962.8727
2376,8973.5315
2377,8983.1004
2378,8995.8677
2379,9005.9450
2380,9015.5270
2381,9022.4822
2382,9036.5698
2383,9044.8463
2384,9051.6591
2385,9063.5483
2386,9077.9743
2387,9092.2520
2388,9101.8643
2389,9115.0265
2390,9122.3490
2391,9130.9645
2392,9138.2406
2393,9145.7493
2394,9154.1607
2395,9161.0172
2396,9175.7457
2397,9186.1753
2398,9198.9818
2399,9210.6581
2400,9222.4097
2401,9236.2731
2402,9249.5384
2403,9261.7741
2404,9276.4750
2405,9295.1944
2406,9304.2357
2407,9315.1557
2408,9326.2942
2409,9335.6681
2410,9346.5850
2411,9358.1069
2412,9367.5790
2413,9377.3489
2414,9386.9445
2415,9397.7132
2416,9407.6798
2417,9416.7037
2418,9426.2064
2419,9433.2669
2420,9444.9034
2421,9455.3854
2422,9470.5803
2423,9482.5249
2424,9495.2712
2425,9507.1173
2426,9519.0475
2427,9528.4386
2428,9552.0165
2429,9571.3744
2430,9589.2990
2431,9609.9617
2432,9618.7637
2433,9629.5283
2434,9641.9868
2435,9654.8140
2436,9670.1553
2437,9687.4452
2438,9704.3920
2439,9730.0115
2440,9746.6779
2441,9761.4124
2442,9774.6434
2443,9796.7362
2444,9809.4723
2445,9826.0577
2446,9836.2255
2447,9848.2995
2448,9859.1039
2449,9872.7744
2450,9883.9419
2451,9897.5420
2452,9915.7369
2453,9927.7053
2454,9943.8319
2455,9956.5597
2456,9972.1770
2457,9983.3741
2458,9993.4521
2459,10004.5993
2460,10014.5817
2461,10024.4823
2462,10034.2600
2463,10041.5351
2464,10049.4728
2465,10057.5476
2466,10072.7789
2467,10084.8250
2468,10099.9696
2469,10103.2364
2470,10110.7264
2471,10126.2174
2472,10139.2617
2473,10148.7525
2474,10162.2396
2475,10174.2826
2476,10188.4737
2477,10198.3330
2478,10207.9091
2479,10217.0861
2480,10224.9696
2481,10234.9181
2482,10245.4216
2483,10255.0809
2484,10265.3620
2485,10275.5189
2486,10283.5362
2487,10292.6419
2488,10301.9488
2489,10311.9874
2490,10325.3453
2491,10333.8444
2492,10342.2053
2493,10352.3829
2494,10362.2634
2495,10374.8152
2496,10386.3177
2497,10395.7918
2498,10405.4599
2499,10415.0016
2500,10426.7335
2501,10436.5647
2502,10446.1942
2503,10455.5664
2504,10465.7793
2505,10475.7502
2506,10485.2965
2507,10495.4519
2508,10506.4402
2509,10516.1653
2510,10526.1059
2511,10534.5683
2512,10544.0419
2513,10555.8865
2514,10570.5662
2515,10578.0160
2516,10586.4010
2517,10595.9918
2518,10607.5301
2519,10618.8717
2520,10629.0407
2521,10637.4209
2522,10647.1081
2523,10657.3277
2524,10667.8448
2525,10677.8827
2526,10686.3379
2527,10693.9931
2528,10702.1449
2529,10711.3230
2530,10719.6794
2531,10727.4323
2532,10735.6377
2533,10744.0507
2534,10755.1613
2535,10764.6484
2536,10775.3212
2537,10783.7203
2538,10791.4584
2539,10801.9528
2540,10812.2993
2541,10823.3712
2542,10835.0077
2543,10850.5983
2544,10860.0101
2545,10868.1016
2546,10876.0121
2547,10885.8216
2548,10897.0735
2549,10906.4684
2550,10916.4624
2551,10928.3242
2552,10938.0264
2553,10947.8817
2554,10957.7398
2555,10967.4697
2556,10977.5379
2557,10985.7917
2558,10993.6824
2559,11001.1227
2560,11011.1198
2561,11023.1500
2562,11032.2239
2563,11046.2596
2564,11066.7660
2565,11076.4122
2566,11088.4335
2567,11100.9595
2568,11114.4896
2569,11128.5250
2570,11140.8818
2571,11154.2041
2572,11164.7940
2573,11173.7595
2574,11182.0905
2575,11188.5588
2576,11198.2436
2577,11212.4593
2578,11224.6115
2579,11234.0608
2580,11245.1360
2581,11259.1751
2582,11274.5175
2583,11280.8685
2584,11291.6408
2585,11303.8347
2586,11316.0186
2587,11327.6649
2588,11338.4354
2589,11348.8991
2590,11357.5671
2591,11367.7411
2592,11380.4586
2593,11392.5927
2594,11403.4371
2595,11413.8103
2596,11424.7758
2597,11437.5916
2598,11449.4388
2599,11461.6189
2600,11474.5605
2601,11486.1856
2602,11505.1670
2603,11515.2669
2604,11523.2744
2605,11533.8433
2606,11545.2523
2607,11557.6839
2608,11571.0118
2609,11585.0301
2610,11596.8366
2611,11605.9468
2612,11616.3516
2613,11625.9794
2614,11635.1938
2615,11646.2307
2616,11654.7971
2617,11664.4754
2618,11672.4906
2619,11683.5270
2620,11692.2455
2621,11705.2886
2622,11714.1571
2623,11733.6705
2624,11743.2811
2625,11755.9264
2626,11768.6398
2627,11779.9203
2628,11789.7792
2629,11802.0778
2630,11815.9988
2631,11828.5663
2632,11849.2846
2633,11859.1242
2634,11868.6080
2635,11883.5707
2636,11893.6439
2637,11905.2196
2638,11916.6815
2639,11927.0875
2640,11937.7432
2641,11951.0424
2642,11964.8585
2643,11978.0052
2644,11990.4528
2645,12004.9644
2646,12014.2953
2647,12026.4213
2648,12038.6429
2649,12052.6922
2650,12067.9965
2651,12081.7697
2652,12093.8277
2653,12107.7383
2654,12120.7805
2655,12133.4314
2656,12141.2134
2657,12153.5399
2658,12168.1654
2659,12182.5297
2660,12194.0153
2661,12206.7986
2662,12224.1468
2663,12239.9218
2664,12251.8804
2665,12265.7740
2666,12276.1953
2667,12290.8738
2668,12308.2707
2669,12316.7870
2670,12325.6247
2671,12335.2120
2672,12345.0329
2673,12355.7632
2674,12367.9330
2675,12378.0181
2676,12399.0252
2677,12412.6163
2678,12420.0473
2679,12434.5348
2680,12448.0250
2681,12464.0768
2682,12475.9965
2683,12487.6719
2684,12501.1468
2685,12518.9099
2686,12534.7834
2687,12545.1424
2688,12553.4191
2689,12568.9547
2690,12575.7473
2691,12584.9650
2692,12594.8339
2693,12606.9183
2694,12618.0637
2695,12627.5704
2696,12639.4048
2697,12653.6150
2698,12670.4080
2699,12686.1184
2700,12701.6420
2701,12720.6516
2702,12735.1701
2703,12749.2256
2704,12764.5130
2705,12778.9555
2706,12786.9890
2707,12796.3049
2708,12808.7943
2709,12818.7778
2710,12831.8827
2711,12850.9877
2712,12864.7239
2713,12878.4330
2714,12888.4284
2715,12898.4313
2716,12906.5554
2717,12915.3945
2718,12932.6007
2719,12950.5475
2720,12954.6869
2721,12966.7940
2722,12976.7737
2723,12985.4290
2724,12992.2545
2725,12999.5964
2726,13006.6211
2727,13013.9985
2728,13023.7660
2729,13033.6561
2730,13041.4867
2731,13049.7644
2732,13056.6652
2733,13064.4629
2734,13072.3791
2735,13079.2711
2736,13086.4377
2737,13093.8492
2738,13102.7331
2739,13114.2983
2740,13122.1824
2741,13135.4742
2742,13143.0259
2743,13153.9178
2744,13170.1100
2745,13179.8222
2746,13187.9008
2747,13196.4061
2748,13209.7669
2749,13223.2406
2750,13236.8605
2751,13244.3581
2752,13251.2147
2753,13258.0683
2754,13265.1241
2755,13274.7371
2756,13282.6774
2757,13289.6159
2758,13301.2507
2759,13313.2200
2760,13322.0708
2761,13335.6464
2762,13348.8224
2763,13364.1448
2764,13377.2182
2765,13388.0460
2766,13402.3068
2767,13416.7461
2768,13429.0190
2769,13439.7218
2770,13447.7444
2771,13455.1301
2772,13466.7797
2773,13480.0775
2774,13489.4986
2775,13502.0466
2776,13516.7131
2777,13526.7668
2778,13536.1340
2779,13546.1366
2780,13555.2955
2781,13565.9428
2782,13580.3573
2783,13595.5772
2784,13611.5916
2785,13621.2869
2786,13632.4933
2787,13648.9608
2788,13660.2292
2789,13673.7840
2790,13687.7091
2791,13700.6338
2792,13708.4727
2793,13716.9137
2794,13725.8413
2795,13734.2207
2796,13744.7882
2797,13753.6681
2798,13764.6379
2799,13776.0773
2800,13785.4316
2801,13797.4319
2802,13809.3877
2803,13819.3169
2804,13832.3588
2805,13840.8320
2806,13849.5402
2807,13859.1378
2808,13874.2914
2809,13887.9018
2810,13901.9067
2811,13912.6639
2812,13919.7206
2813,13934.5784
2814,13950.4554
2815,13962.2519
2816,13970.4821
2817,13981.3077
2818,13995.5935
2819,14010.2873
2820,14024.6632
2821,14033.7360
2822,14047.4567
2823,14059.7160
2824,14066.6790
2825,14074.0407
2826,14082.1569
2827,14095.3085
2828,14102.3524
2829,14112.1762
2830,14125.0339
2831,14133.5318
2832,14144.0563
2833,14153.6822
2834,14172.2531
2835,14188.3545
2836,14205.3466
2837,14215.9827
2838,14224.5359
2839,14233.5210
2840,14241.9653
2841,14253.2508
2842,14271.9188
2843,14280.4394
2844,14288.5296
2845,14303.7431
2846,14316.9146
2847,14330.4396
2848,14342.8326
2849,14352.8252
2850,14365.0541
2851,14374.6142
2852,14385.3035
2853,14395.8225
2854,14404.5553
2855,14411.9184
2856,14420.2368
2857,14427.6886
2858,14436.3506
2859,14445.4517
2860,14453.7821
2861,14471.3130
2862,14483.3472
2863,14496.1734
2864,14507.5202
2865,14519.0368
2866,14530.7922
2867,14543.5219
2868,14556.7713
2869,14567.8198
2870,14576.4012
2871,14588.2289
2872,14605.4726
2873,14619.5669
2874,14632.6129
2875,14646.4002
2876,14658.3269
2877,14664.0508
2878,14674.2895
2879,14687.0670
2880,14704.9181
2881,14721.4570
2882,14734.3986
2883,14747.3550
2884,14764.6990
2885,14778.8236
2886,14786.9873
2887,14799.7379
2888,14814.0755
2889,14824.3573
2890,14835.1347
2891,14846.6921
2892,14864.1465
2893,14877.3408
2894,14889.5371
2895,14898.3424
2896,14910.3589
2897,14920.0532
2898,14930.1088
2899,14942.7526
2900,14956.0506
2901,14968.6062
2902,14982.4877
2903,14995.4805
2904,15005.9927
2905,15019.2974
2906,15032.1975
2907,15046.1273
2908,15055.5716
2909,15070.5514
2910,15084.1703
2911,15098.2599
2912,15109.2856
2913,15117.8195
2914,15130.1999
2915,15139.9014
2916,15151.9041
2917,15164.7274
2918,15176.3663
2919,15189.1506
2920,15201.3035
2921,15212.1873
2922,15222.3830
2923,15233.6383
2924,15244.4265
2925,15254.8213
2926,15266.5861
2927,15280.4198
2928,15297.7960
2929,15303.9181
2930,15317.2789
2931,15329.4556
2932,15339.5653
2933,15351.6784
2934,15366.8778
2935,15381.3567
2936,15395.1983
2937,15411.8621
2938,15426.6026
2939,15435.8606
2940,15451.0255
2941,15463.8333
2942,15475.1501
2943,15487.9415
2944,15501.3049
2945,15512.0933
2946,15527.2174
2947,15539.4080
2948,15552.4719
2949,15562.7007
2950,15575.8069
2951,15586.1416
2952,15597.8127
2953,15611.6221
2954,15625.8562
2955,15635.1783
2956,15650.4836
2957,15660.2929
2958,15675.3688
2959,15686.6984
2960,15697.9892
2961,15714.2875
2962,15721.6337
2963,15729.9523
2964,15741.5516
2965,15755.0435
2966,15773.0272
2967,15784.4462
2968,15794.0087
2969,15804.7631
2970,15825.0351
2971,15838.6424
2972,15851.5511
2973,15862.4294
2974,15872.4365
2975,15883.7028
2976,15896.2362
2977,15906.9221
2978,15917.7439
2979,15929.6911
2980,15940.1491
2981,15950.5293
2982,15964.6859
2983,15978.7924
2984,15990.4177
2985,16002.0106
2986,16020.5908
2987,16037.0743
2988,16049.5791
2989,16062.8798
2990,16078.3772
2991,16095.6717
2992,16109.5374
2993,16124.2464
2994,16138.4785
2995,16156.4062
2996,16169.8794
2997,16177.1348
2998,16190.8395
2999,16199.1892
3000,16205.8892
3001,16216.7997
3002,16225.6985
3003,16233.8746
3004,16247.7074
3005,16261.4808
3006,16270.2482
3007,16279.0823
3008,16286.2720
3009,16294.9626
3010,16305.5937
3011,16313.9176
3012,16321.5003
3013,16329.5896
3014,16340.4875
3015,16347.8849
3016,16356.6513
3017,16365.1102
3018,16374.6972
3019,16382.1805
3020,16390.7297
3021,16399.6501
3022,16409.1225
3023,16421.2687
3024,16435.4203
3025,16447.7065
3026,16459.3863
3027,16475.1332
3028,16489.5828
3029,16501.6661
3030,16512.5227
3031,16527.8978
3032,16536.6819
3033,16550.1134
3034,16564.1227
3035,16575.2141
3036,16585.9334
3037,16597.2586
3038,16613.2662
3039,16625.6728
3040,16638.0751
3041,16647.6293
3042,16660.8114
3043,16675.7004
3044,16685.5757
3045,16695.2031
3046,16706.8460
3047,16715.3425
3048,16726.6512
3049,16738.8530
3050,16747.2568
3051,16758.3954
3052,16770.7479
3053,16782.7494
3054,16793.1399
3055,16802.7427
3056,16813.0126
3057,16825.4957
3058,16845.7086
3059,16859.6642
3060,16865.9999
3061,16880.3802
3062,16894.0558
3063,16906.1639
3064,16925.3891
3065,16936.3558
3066,16945.7159
3067,16953.6107
3068,16963.7575
3069,16977.3335
3070,16986.9673
3071,16999.1589
3072,17007.9761
3073,17021.8341
3074,17032.8076
3075,17047.3640
3076,17072.1445
3077,17082.3505
3078,17094.7349
3079,17108.0682
3080,17120.8041
3081,17130.8057
3082,17140.1546
3083,17156.7287
3084,17169.9283
3085,17182.4872
3086,17193.3653
3087,17207.4363
3088,17220.0618
3089,17235.7261
3090,17250.0939
3091,17258.1201
3092,17266.5544
3093,17276.2733
3094,17287.3664
3095,17297.4632
3096,17310.4897
3097,17322.2167
3098,17335.5458
3099,17349.2286
3100,17364.3394
3101,17381.1364
3102,17389.8566
3103,17402.1308
3104,17419.7135
3105,17427.9261
3106,17437.7296
3107,17448.2205
3108,17457.8381
3109,17471.9746
3110,17487.7057
3111,17496.8462
3112,17508.5073
3113,17516.3116
3114,17526.3033
3115,17536.8226
3116,17548.3453
3117,17558.7060
3118,17569.3076
3119,17580.9255
3120,17589.1433
3121,17596.2529
3122,17612.9248
3123,17629.8392
3124,17644.5761
3125,17655.7634
3126,17668.3457
3127,17682.4470
3128,17695.7352
3129,17707.5078
3130,17722.9354
3131,17736.9974
3132,17749.2113
3133,17761.0457
3134,17774.4620
3135,17786.3624
3136,17800.4527
3137,17817.3931
3138,17834.4007
3139,17841.7985
3140,17849.4353
3141,17860.6396
3142,17873.0628
3143,17886.0404
3144,17894.9311
3145,17904.0773
3146,17916.1160
3147,17930.6788
3148,17945.4505
3149,17962.3942
3150,17982.5902
3151,17993.6068
3152,18003.2012
3153,18011.7640
3154,18019.6598
3155,18032.5985
3156,18044.5116
3157,18052.4828
3158,18059.8731
3159,18069.7110
3160,18081.4922
3161,18093.4603
3162,18105.7489
3163,18119.7047
3164,18132.4704
3165,18140.8477
3166,18147.7482
3167,18159.4875
3168,18182.0571
3169,18192.8713
3170,18201.4763
3171,18211.5037
3172,18219.9268
3173,18231.7610
3174,18241.4551
3175,18250.6337
3176,18259.2273
3177,18268.4302
3178,18278.1727
3179,18291.0786
3180,18304.0869
3181,18314.5354
3182,18328.0146
3183,18339.3233
3184,18351.9428
3185,18365.1631
3186,18376.4150
3187,18386.2062
3188,18400.0678
3189,18413.7232
3190,18428.5624
3191,18438.7851
3192,18452.6548
3193,18465.7753
3194,18477.5183
3195,18489.6896
3196,18501.0746
3197,18514.1966
3198,18524.1315
3199,18530.5238
3200,18540.2865
3201,18553.3051
3202,18562.1212
3203,18572.4061
3204,18581.0637
3205,18592.4187
3206,18600.7583
3207,18612.8657
3208,18625.8533
3209,18634.5537
3210,18646.0679
3211,18655.6406
3212,18666.8618
3213,18673.0981
3214,18680.9072
3215,18692.4453
3216,18703.2599
3217,18716.4695
3218,18727.6952
3219,18734.6523
3220,18741.8265
3221,18754.5440
3222,18772.5003
3223,18784.6069
3224,18795.2938
3225,18805.3894
3226,18817.2932
3227,18832.9794
3228,18844.3131
3229,18856.1950
3230,18866.6768
3231,18878.0677
3232,18887.0096
3233,18899.2763
3234,18910.5866
3235,18919.9865
3236,18928.4792
3237,18940.9893
3238,18952.8384
3239,18967.9389
3240,18980.4697
3241,18988.7803
3242,18999.4495
3243,19006.0291
3244,19014.5161
3245,19025.7776
3246,19036.7892
3247,19048.0368
3248,19061.1532
3249,19075.8073
3250,19084.8041
3251,19091.8903
3252,19100.0078
3253,19108.2349
3254,19116.5469
3255,19124.7649
3256,19132.0922
3257,19142.7531
3258,19150.2635
3259,19158.7179
3260,19166.7705
3261,19177.4547
3262,19203.3904
3263,19213.8066
3264,19222.1060
3265,19231.9360
3266,19237.7648
3267,19244.7774
3268,19252.9068
3269,19261.7786
3270,19271.4388
3271,19280.0207
3272,19289.8562
3273,19299.3064
3274,19310.0984
3275,19319.9005
3276,19331.3143
3277,19338.9478
3278,19349.4654
3279,19360.4681
3280,19376.2887
3281,19385.8244
3282,19398.1633
3283,19407.7797
3284,19419.4939
3285,19432.7583
3286,19447.9012
3287,19465.4560
3288,19481.9345
3289,19489.9609
3290,19503.1037
3291,19513.9699
3292,19523.7200
3293,19531.4646
3294,19543.3416
3295,19556.5267
3296,19573.7264
3297,19587.2486
3298,19600.6811
3299,19614.0997
3300,19628.9029
3301,19642.3006
3302,19649.2591
3303,19659.5895
3304,19668.9565
3305,19682.1768
3306,19693.3982
3307,19703.8736
3308,19718.3816
3309,19728.5810
3310,19738.0750
3311,19752.7971
3312,19761.8158
3313,19772.5005
3314,19786.1240
3315,19799.5529
3316,19811.7270
3317,19826.9854
3318,19840.0288
3319,19851.6307
3320,19862.2787
3321,19876.8575
3322,19890.8832
3323,19905.6985
3324,19920.5904
3325,19929.9190
3326,19944.3121
3327,19959.7900
3328,19971.2722
3329,19985.0600
3330,19996.6831
3331,20004.3850
3332,20018.1391
3333,20029.5768
3334,20040.8108
3335,20051.9052
3336,20067.6279
3337,20082.8874
3338,20092.5329
3339,20103.3885
3340,20115.9818
3341,20130.8424
3342,20144.0752
3343,20157.5091
3344,20169.9274
3345,20182.7857
3346,20194.3839
3347,20210.1142
3348,20222.0027
3349,20234.2920
3350,20247.2672
3351,20261.3184
3352,20275.6360
3353,20288.1947
3354,20301.7979
3355,20319.7751
3356,20335.0546
3357,20348.3236
3358,20357.7538
3359,20373.6141
3360,20379.9577
3361,20389.5745
3362,20398.4249
3363,20409.9610
3364,20418.3943
3365,20431.9394
3366,20444.4716
3367,20455.8561
3368,20467.1304
3369,20478.7216
3370,20490.0517
3371,20499.4414
3372,20508.3151
3373,20524.7824
3374,20537.6079
3375,20549.1259
3376,20558.4109
3377,20572.1111
3378,20584.4533
3379,20596.0085
3380,20605.3491
3381,20616.2887
3382,20625.5133
3383,20634.4581
3384,20644.2866
3385,20652.7472
3386,20663.7771
3387,20671.0904
3388,20681.0360
3389,20699.8501
3390,20716.4438
3391,20729.6135
3392,20746.9609
3393,20760.2217
3394,20772.6378
3395,20783.2084
3396,20792.7825
3397,20805.5525
3398,20819.6471
3399,20836.1082
3400,20850.9662
3401,20865.0169
3402,20875.7367
3403,20884.8639
3404,20899.7905
3405,20914.9554
3406,20928.6110
3407,20943.5956
3408,20949.0938
3409,20963.4988
3410,20984.5035
3411,20996.4733
3412,21010.4663
3413,21022.1887
3414,21041.1665
3415,21063.5507
3416,21080.1630
3417,21088.6126
3418,21104.0299
3419,21115.2654
3420,21126.2195
3421,21136.4462
3422,21148.0532
3423,21158.1128
3424,21168.1049
3425,21188.8177
3426,21201.2560
3427,21213.3613
3428,21223.3245
3429,21236.8369
3430,21253.5543
3431,21261.1508
3432,21273.4230
3433,21284.7443
3434,21295.3677
3435,21305.3944
3436,21319.4137
3437,21328.6159
3438,21337.1940
3439,21346.8256
3440,21356.8621
3441,21366.2052
3442,21377.6982
3443,21393.7085
3444,21408.0253
3445,21419.2042
3446,21427.7411
3447,21436.2173
3448,21446.8400
3449,21455.5953
3450,21464.1914
3451,21474.2353
3452,21484.9002
3453,21497.6099
3454,21508.2529
3455,21516.1345
3456,21525.6636
3457,21535.3317
3458,21544.4610
3459,21554.9016
3460,21568.5570
3461,21582.5810
3462,21593.3590
3463,21609.1802
3464,21618.4785
3465,21629.2658
3466,21643.6944
3467,21652.4765
3468,21663.1238
3469,21676.3861
3470,21686.4359
3471,21700.5382
3472,21714.2887
3473,21728.8742
3474,21746.0284
3475,21754.1521
3476,21767.0658
3477,21783.8140
3478,21794.6458
3479,21807.6746
3480,21816.5305
3481,21824.2557
3482,21832.6170
3483,21841.8112
3484,21850.5292
3485,21860.6174
3486,21868.2783
3487,21881.2697
3488,21890.5013
3489,21898.3338
3490,21906.9433
3491,21915.7174
3492,21926.9102
3493,21936.6906
3494,21947.1703
3495,21957.8454
3496,21969.5723
3497,21982.2235
3498,21993.9845
3499,22003.1540
3500,22015.9771
3501,22029.6533
3502,22044.3559
3503,22058.9981
3504,22078.9173
3505,22090.8115
3506,22105.6864
3507,22116.4792
3508,22127.5263
3509,22136.9538
3510,22154.3684
3511,22167.9215
3512,22173.8520
3513,22186.2013
3514,22200.2287
3515,22212.7869
3516,22223.2034
3517,22232.7783
3518,22239.9933
3519,22249.7733
3520,22258.3869
3521,22266.4478
3522,22274.8246
3523,22282.7189
3524,22290.9596
3525,22299.6755
3526,22311.5573
3527,22322.4785
3528,22338.7110
3529,22354.0797
3530,22361.8217
3531,22374.7377
3532,22384.0742
3533,22394.1061
3534,22402.0066
3535,22411.6883
3536,22421.8352
3537,22432.3757
3538,22444.1218
3539,22455.4002
3540,22466.4237
3541,22476.0337
3542,22486.4247
3543,22496.8359
3544,22507.8316
3545,22519.2580
3546,22531.7993
3547,22543.6730
3548,22554.8391
3549,22569.2718
3550,22577.6219
3551,22586.8361
3552,22598.5801
3553,22609.3032
3554,22621.6223
3555,22631.6266
3556,22644.0904
3557,22681.4156
3558,22689.6348
3559,22701.2093
3560,22715.2112
3561,22725.9023
3562,22733.9253
3563,22747.4051
3564,22759.5584
3565,22775.1322
3566,22783.6561
3567,22792.3203
3568,22803.7095
3569,22813.5307
3570,22822.1238
3571,22832.4358
3572,22840.8139
3573,22849.7863
3574,22861.2444
3575,22871.3934
3576,22885.5331
3577,22897.0447
3578,22907.0702
3579,22918.1068
3580,22929.5223
3581,22938.9243
3582,22951.0295
3583,22964.8263
3584,22976.5661
3585,22988.5092
3586,23001.7569
3587,23017.4077
3588,23031.5127
3589,23044.3864
3590,23053.0117
3591,23061.0957
3592,23074.1494
3593,23081.0266
3594,23090.8182
3595,23105.1495
3596,23119.5767
3597,23130.9254
3598,23147.3603
3599,23153.5518
3600,23164.8829
3601,23174.3228
3602,23185.8497
3603,23198.9260
3604,23211.9823
3605,23230.5403
3606,23240.3009
3607,23248.8370
3608,23261.2672
3609,23274.0638
3610,23283.4222
3611,23291.2617
3612,23298.2028
3613,23309.0243
3614,23324.5041
3615,23332.2370
3616,23342.1512
3617,23347.5242
3618,23354.0695
3619,23361.5444
3620,23375.2172
3621,23385.3393
3622,23398.7260
3623,23410.8098
3624,23422.6558
3625,23433.0199
3626,23442.7378
3627,23454.9525
3628,23466.5208
3629,23479.7082
3630,23490.5858
3631,23503.7529
3632,23515.6243
3633,23522.5198
3634,23532.0411
3635,23540.4103
3636,23550.2014
3637,23561.7864
3638,23582.6120
3639,23637.6660
3640,23644.4926
3641,23655.8208
3642,23666.7016
3643,23672.2424
3644,23682.8976
3645,23695.0374
3646,23711.8628
3647,23727.1132
3648,23737.6792
3649,23747.7086
3650,23758.5344
3651,23766.6705
3652,23777.5919
3653,23792.2974
3654,23804.0040
3655,23812.1984
3656,23824.2059
3657,23835.8128
3658,23848.0556
3659,23856.0941
3660,23867.6457
3661,23879.5795
3662,23893.1530
3663,23904.2072
3664,23916.3823
3665,23928.9122
3666,23939.3137
3667,23952.1608
3668,23964.6816
3669,23975.0991
3670,23984.1151
3671,23993.2904
3672,24007.1769
3673,24017.1444
3674,24027.1924
3675,24035.9006
3676,24051.2378
3677,24062.2807
3678,24071.5301
3679,24082.5119
3680,24095.1710
3681,24103.4200
3682,24112.9396
3683,24124.4769
3684,24135.1619
3685,24151.5090
3686,24162.6382
3687,24172.9381
3688,24188.4143
3689,24198.9913
3690,24208.1671
3691,24220.7694
3692,24231.7951
3693,24246.3851
3694,24256.3109
3695,24266.2194
3696,24273.4928
3697,24283.4880
3698,24294.7395
3699,24304.8017
3700,24315.9435
3701,24330.6398
3702,24345.7472
3703,24362.0315
3704,24380.6198
3705,24391.4256
3706,24402.2255
3707,24414.9625
3708,24425.9031
3709,24435.5652
3710,24448.8540
3711,24464.0987
3712,24476.6176
3713,24485.9631
3714,24497.0441
3715,24506.4995
3716,24518.5964
3717,24533.2236
3718,24546.8287
3719,24553.7288
3720,24564.0492
3721,24573.6802
3722,24583.9472
3723,24595.1107
3724,24610.0819
3725,24619.7906
3726,24630.7020
3727,24638.7701
3728,24652.0689
3729,24661.0451
3730,24671.0103
3731,24678.3788
3732,24691.7305
3733,24702.4913
3734,24716.5380
3735,24737.0510
3736,24756.6090
3737,24764.2155
3738,24777.8995
3739,24786.8240
3740,24794.7807
3741,24803.9770
3742,24811.6601
3743,24817.8425
3744,24832.3627
3745,24842.2670
3746,24851.2304
3747,24863.7888
3748,24877.9366
3749,24889.5500
3750,24905.8340
3751,24921.4640
3752,24937.7413
3753,24954.2329
3754,24968.4322
3755,24980.9370
3756,24995.3632
3757,25011.5752
3758,25023.2882
3759,25034.6563
3760,25046.8426
3761,25056.4914
3762,25065.4163
3763,25080.2097
3764,25090.3146
3765,25101.1138
3766,25114.9833
3767,25126.8525
3768,25134.9995
3769,25145.5824
3770,25161.4492
3771,25172.2000
3772,25181.8991
3773,25192.1413
3774,25201.3845
3775,25209.1949
3776,25218.4761
3777,25229.2871
3778,25238.4062
3779,25252.8894
3780,25265.1031
3781,25274.9956
3782,25285.7456
3783,25297.6487
3784,25305.0902
3785,25313.3845
3786,25323.4248
3787,25333.6728
3788,25341.4721
3789,25349.0160
3790,25356.3366
3791,25362.8621
3792,25369.0839
3793,25380.2519
3794,25389.2820
3795,25398.9327
3796,25406.0147
3797,25413.2144
3798,25423.6119
3799,25435.8299
3800,25447.6666
3801,25455.6012
3802,25466.5611
3803,25478.2553
3804,25488.9760
3805,25502.9466
3806,25512.5120
3807,25522.7726
3808,25536.2236
3809,25556.0789
3810,25557.3561
3811,25566.5128
3812,25575.9208
3813,25587.3561
3814,25596.9486
3815,25606.0791
3816,25618.2981
3817,25629.9908
3818,25641.4435
3819,25658.4713
3820,25666.9476
3821,25690.7187
3822,25699.1651
3823,25709.5528
3824,25731.4453
3825,25737.8299
3826,25747.5941
3827,25758.3764
3828,25768.5802
3829,25785.0189
3830,25796.8438
3831,25817.1682
3832,25826.5505
3833,25841.1014
3834,25852.3293
3835,25863.7936
3836,25874.3417
3837,25888.9973
3838,25900.1932
3839,25913.6534
3840,25926.4185
3841,25937.9308
3842,25949.3511
3843,25962.3485
3844,25973.0229
3845,25985.1131
3846,25997.9162
3847,26009.6223
3848,26021.1430
3849,26034.0261
3850,26046.1102
3851,26068.2886
3852,26080.8961
3853,26097.2540
3854,26109.3640
3855,26121.4530
3856,26136.9629
3857,26149.4420
3858,26158.1838
3859,26172.1003
3860,26180.1648
3861,26196.0671
3862,26208.9057
3863,26216.7296
3864,26231.4830
3865,26246.3751
3866,26263.8714
3867,26279.2237
3868,26291.4851
3869,26306.7110
3870,26322.6540
3871,26329.1252
3872,26338.0852
3873,26348.0759
3874,26359.6158
3875,26372.0133
3876,26385.1364
3877,26395.1151
3878,26405.3543
3879,26412.4117
3880,26426.1062
3881,26436.9333
3882,26459.6465
3883,26468.3166
3884,26478.7674
3885,26488.4148
3886,26500.0074
3887,26509.4123
3888,26523.4976
3889,26535.0413
3890,26553.4451
3891,26566.4139
3892,26579.2634
3893,26586.2138
3894,26596.6625
3895,26603.6482
3896,26612.4167
3897,26618.3207
3898,26632.3528
3899,26644.5265
3900,26653.5263
3901,26667.4850
3902,26680.2082
3903,26695.1921
3904,26707.6030
3905,26712.3911
3906,26723.8550
3907,26732.0251
3908,26745.1732
3909,26758.0471
3910,26771.3456
3911,26782.0177
3912,26790.5173
3913,26799.4602
3914,26811.0061
3915,26825.4621
3916,26835.5904
3917,26848.2113
3918,26864.6042
3919,26872.7922
3920,26884.9084
3921,26900.2426
3922,26912.0102
3923,26920.3146
3924,26933.9182
3925,26947.1979
3926,26960.7148
3927,26974.1104
3928,26983.1095
3929,26995.0907
3930,27003.8080
3931,27012.4891
3932,27021.3470
3933,27031.2140
3934,27045.9194
3935,27056.8383
3936,27067.3718
3937,27085.6788
3938,27098.2287
3939,27108.6190
3940,27114.6233
3941,27125.6766
3942,27138.6344
3943,27149.5960
3944,27154.7298
3945,27163.7282
3946,27174.4697
3947,27183.9533
3948,27192.5309
3949,27208.1065
3950,27220.2299
3951,27232.8122
3952,27246.7511
3953,27254.5187
3954,27264.6778
3955,27282.0332
3956,27297.2291
3957,27306.3598
3958,27317.2476
3959,27332.5088
3960,27342.4463
3961,27352.3166
3962,27362.8445
3963,27375.2551
3964,27382.7012
3965,27392.8041
3966,27404.6912
3967,27420.4497
3968,27429.5607
3969,27442.9383
3970,27453.8374
3971,27463.8777
3972,27473.8493
3973,27482.9969
3974,27492.5101
3975,27507.2899
3976,27525.5775
3977,27541.3733
3978,27553.2463
3979,27566.8952
3980,27581.6901
3981,27590.4717
3982,27597.7881
3983,27613.1063
3984,27629.9429
3985,27641.6197
3986,27651.6771
3987,27664.9787
3988,27672.5552
3989,27684.1192
3990,27694.2813
3991,27710.1440
3992,27722.5332
3993,27731.9505
3994,27744.1213
3995,27752.2748
3996,27764.5526
3997,27776.1774
3998,27788.3236
3999,27805.7678
4000,27813.5571
4001,27823.8633
4002,27844.1989
4003,27851.5446
4004,27858.6605
4005,27865.5190
4006,27876.2395
4007,27886.4007
4008,27897.1457
4009,27910.4986
4010,27927.1507
4011,27936.0833
4012,27944.1695
4013,27960.7308
4014,27975.0578
4015,27985.8897
4016,27996.3403
4017,28006.2702
4018,28020.2005
4019,28031.3189
4020,28039.2916
4021,28047.8671
4022,28055.9702
4023,28064.9052
4024,28074.5232
4025,28085.9268
4026,28097.7654
4027,28112.0086
4028,28114.3017
4029,28123.4207
4030,28134.9297
4031,28146.1985
4032,28153.6195
4033,28165.1850
4034,28177.2888
4035,28186.5060
4036,28195.6222
4037,28209.0521
4038,28219.6853
4039,28228.0431
4040,28241.3116
4041,28252.4047
4042,28266.9630
4043,28278.6863
4044,28288.8417
4045,28299.8381
4046,28309.8059
4047,28320.7757
4048,28332.5803
4049,28339.3557
4050,28351.8455
4051,28364.5716
4052,28372.9024
4053,28381.4762
4054,28394.3510
4055,28404.1488
4056,28416.0454
4057,28428.5865
4058,28440.4933
4059,28451.1235
4060,28463.2182
4061,28471.9880
4062,28482.3256
4063,28494.0200
4064,28503.8943
4065,28514.2441
4066,28523.6957
4067,28535.2628
4068,28545.4440
4069,28554.5948
4070,28565.4504
4071,28580.3688
4072,28598.9804
4073,28609.2992
4074,28619.5338
4075,28632.3879
4076,28646.1186
4077,28654.9137
4078,28667.0015
4079,28675.5948
4080,28685.9586
4081,28698.2896
4082,28711.5498
4083,28726.1536
4084,28736.6376
4085,28745.9261
4086,28758.6200
4087,28773.1302
4088,28783.1728
4089,28792.7597
4090,28800.4098
4091,28811.7282
4092,28819.6583
4093,28835.3195
4094,28847.2660
4095,28853.7741
4096,28861.6593
4097,28875.8023
4098,28892.4427
4099,28911.2031
4100,28921.7930
4101,28932.1239
4102,28946.0125
4103,28960.7718
4104,28975.4276
4105,28988.0426
4106,29000.6218
4107,29017.6010
4108,29030.4089
4109,29045.9678
4110,29061.9240
4111,29077.6711
4112,29089.8349
4113,29103.0507
4114,29116.2722
4115,29130.0511
4116,29142.7557
4117,29152.8440
4118,29168.4203
4119,29181.3958
4120,29194.4151
4121,29204.6478
4122,29220.2463
4123,29232.3816
4124,29242.5282
4125,29249.2929
4126,29262.5425
4127,29269.2924
4128,29281.2688
4129,29289.7003
4130,29299.5739
4131,29306.0207
4132,29312.9709
4133,29322.3498
4134,29330.7478
4135,29338.3069
4136,29345.2940
4137,29354.1911
4138,29362.8259
4139,29372.0767
4140,29391.9826
4141,29401.4771
4142,29414.5427
4143,29423.7309
4144,29434.1946
4145,29443.3281
4146,29458.9369
4147,29470.6085
4148,29483.9835
4149,29499.7885
4150,29512.4223
4151,29525.9547
4152,29535.7065
4153,29547.8508
4154,29561.5852
4155,29574.6686
4156,29583.8678
4157,29597.5993
4158,29607.1837
4159,29615.6018
4160,29630.5711
4161,29642.1344
4162,29652.5283
4163,29661.2432
4164,29673.3241
4165,29684.9301
4166,29698.1819
4167,29708.6668
4168,29720.5987
4169,29738.2245
4170,29749.6119
4171,29762.7532
4172,29772.5034
4173,29786.0532
4174,29798.9182
4175,29809.2425
4176,29825.3157
4177,29837.9989
4178,29848.0067
4179,29860.9629
4180,29871.8269
4181,29884.6056
4182,29898.2556
4183,29910.7172
4184,29925.9632
4185,29940.4967
4186,29955.6394
4187,29965.1985
4188,29974.8325
4189,29983.2506
4190,29991.6918
4191,30001.6656
4192,30012.4042
4193,30021.3163
4194,30031.9362
4195,30043.5882
4196,30049.6452
4197,30064.7352
4198,30077.7082
4199,30089.6299
4200,30101.8116
4201,30111.8197
4202,30123.1580
4203,30135.4194
4204,30148.6919
4205,30160.6436
4206,30166.4858
4207,30173.0123
4208,30180.3825
4209,30186.8658
4210,30195.7047
4211,30206.3324
4212,30219.4302
4213,30233.7933
4214,30243.0992
4215,30253.5214
4216,30262.9309
4217,30271.4558
4218,30283.9940
4219,30292.4533
4220,30302.2919
4221,30311.3146
4222,30320.1971
4223,30328.6219
4224,30337.0156
4225,30348.5260
4226,30355.7947
4227,30364.3796
4228,30371.9804
4229,30385.0706
4230,30392.4537
4231,30404.0053
4232,30412.1835
4233,30421.9320
4234,30432.4868
4235,30440.2492
4236,30451.0829
4237,30461.0395
4238,30471.3531
4239,30478.4071
4240,30492.9845
4241,30511.9140
4242,30520.4892
4243,30527.6890
4244,30534.5175
4245,30543.3059
4246,30552.4321
4247,30560.2267
4248,30568.5115
4249,30580.7831
4250,30593.3428
4251,30605.4018
4252,30619.8714
4253,30630.2354
4254,30646.9131
4255,30656.0709
4256,30667.0160
4257,30679.9598
4258,30693.0442
4259,30714.1297
4260,30723.1016
4261,30732.5723
4262,30741.7731
4263,30752.0561
4264,30774.8139
4265,30787.9758
4266,30798.9790
4267,30811.7220
4268,30824.1472
4269,30834.7089
4270,30845.8276
4271,30854.1045
4272,30864.6567
4273,30877.4180
4274,30885.6189
4275,30897.8734
4276,30912.1840
4277,30922.8001
4278,30936.7571
4279,30956.4826
4280,30965.9534
4281,30975.1263
4282,30984.1580
4283,30995.7974
4284,31010.0901
4285,31020.4892
4286,31032.3849
4287,31042.4631
4288,31057.2889
4289,31070.5779
4290,31085.5544
4291,31098.1095
4292,31109.4146
4293,31118.9365
4294,31132.0343
4295,31141.3581
4296,31152.2708
4297,31161.0222
4298,31168.4709
4299,31177.5134
4300,31190.3293
4301,31203.5518
4302,31225.3561
4303,31237.6099
4304,31248.7149
4305,31255.1785
4306,31265.5776
4307,31275.0657
4308,31282.7179
4309,31290.1976
4310,31297.0974
4311,31306.7460
4312,31319.0682
4313,31334.8179
4314,31348.3291
4315,31362.6420
4316,31373.7912
4317,31385.4105
4318,31396.6260
4319,31407.0318
4320,31417.4340
4321,31431.3064
4322,31444.4394
4323,31452.6918
4324,31467.9160
4325,31479.9466
4326,31496.5212
4327,31503.7091
4328,31510.9050
4329,31520.6029
4330,31533.8695
4331,31548.0051
4332,31557.7991
4333,31566.6428
4334,31576.7608
4335,31589.1159
4336,31601.8670
4337,31613.7016
4338,31627.6011
4339,31656.9130
4340,31664.7522
4341,31672.4448
4342,31680.9270
4343,31689.9445
4344,31697.5458
4345,31704.7932
4346,31715.4572
4347,31732.1982
4348,31745.6822
4349,31753.9091
4350,31768.7733
4351,31776.7799
4352,31793.2236
4353,31804.7748
4354,31832.4056
4355,31841.1033
4356,31851.4042
4357,31864.9275
4358,31878.7901
4359,31893.3856
4360,31911.8743
4361,31928.1285
4362,31938.7174
4363,31954.3607
4364,31964.0558
4365,31976.6207
4366,31990.1984
4367,32002.0752
4368,32014.7169
4369,32032.9015
4370,32043.5596
4371,32054.1372
4372,32068.2316
4373,32085.2921
4374,32095.2892
4375,32111.5904
4376,32121.9392
4377,32132.1959
4378,32142.5300
4379,32154.4890
4380,32164.3622
4381,32179.5769
4382,32192.8120
4383,32203.8302
4384,32213.9757
4385,32226.5472
4386,32239.6643
4387,32253.8283
4388,32265.2414
4389,32274.6058
4390,32282.8176
4391,32292.2287
4392,32301.8961
4393,32311.7437
4394,32320.6232
4395,32328.2356
4396,32336.7538
4397,32343.7545
4398,32352.4845
4399,32359.9169
4400,32373.0495
4401,32383.5576
4402,32390.4564
4403,32396.1847
4404,32402.8153
4405,32410.1510
4406,32416.6646
4407,32423.3813
4408,32430.2142
4409,32438.8769
4410,32447.1629
4411,32458.2930
4412,32470.0427
4413,32481.0567
4414,32493.8002
4415,32505.1153
4416,32517.4191
4417,32529.2346
4418,32538.8715
4419,32550.0157
4420,32563.1902
4421,32573.1246
4422,32583.8513
4423,32595.9742
4424,32612.0985
4425,32622.4866
4426,32632.8251
4427,32642.1471
4428,32652.9028
4429,32662.7345
4430,32675.7557
4431,32686.0993
4432,32699.6770
4433,32711.2422
4434,32723.0458
4435,32738.6763
4436,32750.9336
4437,32763.6430
4438,32776.1192
4439,32795.6095
4440,32805.1641
4441,32818.3227
4442,32838.1610
4443,32851.6548
4444,32866.9364
4445,32878.4366
4446,32884.9766
4447,32895.4096
4448,32914.7079
4449,32926.7967
4450,32931.5879
4451,32943.2359
4452,32955.6689
4453,32970.2606
4454,32982.1513
4455,32995.3701
4456,33007.4506
4457,33017.8378
4458,33029.0313
4459,33044.0431
4460,33058.9201
4461,33071.7700
4462,33082.8459
4463,33093.3509
4464,33107.6035
4465,33128.8188
4466,33145.6978
4467,33160.2583
4468,33172.7972
4469,33185.4267
4470,33199.4667
4471,33210.7503
4472,33219.8207
4473,33228.6768
4474,33248.3559
4475,33256.0732
4476,33268.1694
4477,33278.7693
4478,33289.8889
4479,33298.7802
4480,33309.1307
4481,33320.6129
4482,33330.1764
4483,33340.4961
4484,33348.8696
4485,33357.0967
4486,33367.8355
4487,33375.9043
4488,33392.2310
4489,33405.5204
4490,33414.3882
4491,33422.0822
4492,33429.8232
4493,33437.3791
4494,33449.3327
4495,33461.8223
4496,33471.9386
4497,33482.6298
4498,33497.2937
4499,33523.7637
4500,33532.3892
4501,33540.6179
4502,33550.0095
4503,33561.9838
4504,33569.2074
4505,33576.2744
4506,33583.2212
4507,33594.1250
4508,33603.9705
4509,33615.7439
4510,33628.9213
4511,33642.0379
4512,33654.0284
4513,33669.9119
4514,33682.4305
4515,33696.2016
4516,33711.4043
4517,33721.5576
4518,33734.5185
4519,33742.5611
4520,33754.9191
4521,33766.6376
4522,33783.4861
4523,33795.5163
4524,33806.0026
4525,33817.8148
4526,33833.0061
4527,33840.2908
4528,33848.6571
4529,33856.6096
4530,33867.7728
4531,33880.0447
4532,33889.1709
4533,33904.3052
4534,33916.7106
4535,33928.0934
4536,33941.8368
4537,33951.6580
4538,33962.8241
4539,33979.9044
4540,33990.5756
4541,34002.6665
4542,34018.0924
4543,34032.4419
4544,34041.9419
4545,34053.4773
4546,34065.2730
4547,34074.5609
4548,34086.5803
4549,34102.2418
4550,34115.7131
4551,34123.6928
4552,34136.2553
4553,34150.4679
4554,34158.0729
4555,34166.9555
4556,34176.6000
4557,34184.2651
4558,34196.4548
4559,34204.1268
4560,34216.6166
4561,34226.3987
4562,34234.7369
4563,34246.9754
4564,34260.3672
4565,34269.4464
4566,34281.6131
4567,34297.0097
4568,34310.3924
4569,34322.6867
4570,34333.1861
4571,34344.7344
4572,34352.5968
4573,34364.7428
4574,34370.7144
4575,34380.7631
4576,34390.3983
4577,34405.8063
4578,34417.2709
4579,34430.2242
4580,34443.8221
4581,34454.9234
4582,34468.5779
4583,34479.5508
4584,34489.7928
4585,34499.7337
4586,34509.5837
4587,34520.7129
4588,34534.2507
4589,34547.0617
4590,34581.3298
4591,34593.7078
4592,34602.2878
4593,34612.0636
4594,34625.1669
4595,34634.4576
4596,34646.2362
4597,34660.7561
4598,34675.8552
4599,34690.4204
4600,34704.5164
4601,34720.6621
4602,34733.4116
4603,34742.9082
4604,34754.4146
4605,34767.3531
4606,34781.1353
4607,34793.7114
4608,34806.4218
4609,34816.5138
4610,34826.1321
4611,34835.1395
4612,34848.6383
4613,34857.0268
4614,34864.9478
4615,34874.9788
4616,34885.8817
4617,34895.1061
4618,34909.6911
4619,34920.5825
4620,34932.9848
4621,34942.2669
4622,34952.7318
4623,34963.0702
4624,34970.4990
4625,34981.9791
4626,34992.5745
4627,35006.1440
4628,35022.2173
4629,35033.3939
4630,35047.6513
4631,35061.0771
4632,35071.6856
4633,35083.6511
4634,35094.3651
4635,35103.1313
4636,35114.7258
4637,35129.9126
4638,35138.5038
4639,35151.8478
4640,35163.6243
4641,35175.5221
4642,35187.2430
4643,35200.7356
4644,35215.3928
4645,35228.7574
4646,35240.7875
4647,35254.7858
4648,35266.8390
4649,35279.3245
4650,35291.6322
4651,35303.7689
4652,35317.5921
4653,35332.6066
4654,35345.2835
4655,35359.7906
4656,35368.2168
4657,35378.5639
4658,35388.9360
4659,35401.9921
4660,35417.4314
4661,35428.3485
4662,35440.3181
4663,35453.4781
4664,35467.1285
4665,35478.8802
4666,35489.9280
4667,35500.7482
4668,35518.2612
4669,35528.2977
4670,35542.4776
4671,35551.5540
4672,35561.7552
4673,35570.4973
4674,35580.6911
4675,35590.1222
4676,35599.7128
4677,35607.9030
4678,35616.0433
4679,35622.2672
4680,35634.3484
4681,35644.3014
4682,35653.7399
4683,35665.7069
4684,35676.5606
4685,35686.2919
4686,35697.9578
4687,35712.9412
4688,35720.1278
4689,35732.0945
4690,35743.3600
4691,35761.8270
4692,35772.5878
4693,35783.7758
4694,35798.0373
4695,35810.9622
4696,35822.5191
4697,35829.9389
4698,35846.4458
4699,35855.7377
4700,35870.3196
4701,35883.8625
4702,35896.0109
4703,35908.9735
4704,35922.1859
4705,35936.5761
4706,35948.4646
4707,35959.9490
4708,35974.6411
4709,35986.0711
4710,35998.1887
4711,36016.8037
4712,36039.0222
4713,36048.4638
4714,36060.0016
4715,36071.5332
4716,36082.2666
4717,36096.7171
4718,36104.6038
4719,36114.8202
4720,36123.9536
4721,36137.3940
4722,36149.4708
4723,36160.5301
4724,36173.0216
4725,36180.9831
4726,36190.4452
4727,36203.3191
4728,36214.3898
4729,36223.3770
4730,36234.5204
4731,36244.8754
4732,36257.2157
4733,36270.2682
4734,36283.0505
4735,36296.8795
4736,36312.4833
4737,36325.4454
4738,36339.2262
4739,36354.8748
4740,36368.7077
4741,36378.9399
4742,36386.4892
4743,36396.5199
4744,36409.7774
4745,36422.6303
4746,36433.9585
4747,36446.9724
4748,36461.0832
4749,36474.8669
4750,36489.2366
4751,36502.8589
4752,36516.1076
4753,36525.1148
4754,36534.5578
4755,36545.1956
4756,36559.0401
4757,36569.9954
4758,36583.1010
4759,36594.0578
4760,36609.0493
4761,36618.9213
4762,36631.5284
4763,36640.9192
4764,36648.7315
4765,36662.1714
4766,36671.6161
4767,36682.7645
4768,36694.3724
4769,36705.6091
4770,36719.1379
4771,36733.9354
4772,36749.7222
4773,36760.7639
4774,36771.8389
4775,36782.3243
4776,36792.7732
4777,36800.6997
4778,36812.4325
4779,36827.3811
4780,36834.7688
4781,36842.2737
4782,36849.8724
4783,36860.2026
4784,36870.5442
4785,36880.8272
4786,36891.6268
4787,36900.6407
4788,36912.3614
4789,36921.2332
4790,36933.8210
4791,36945.5783
4792,36954.2463
4793,36963.6075
4794,36971.5793
4795,36984.7713
4796,36997.8583
4797,37009.9580
4798,37020.8642
4799,37039.6099
4800,37046.8442
4801,37057.5774
4802,37068.3935
4803,37078.6498
4804,37085.1562
4805,37098.2146
4806,37109.8104
4807,37116.6248
4808,37129.0135
4809,37141.5944
4810,37156.1010
4811,37168.6926
4812,37180.5449
4813,37189.1291
4814,37199.8768
4815,37213.4261
4816,37225.1811
4817,37238.8666
4818,37250.4561
4819,37271.0752
4820,37282.8553
4821,37295.0642
4822,37309.2520
4823,37320.6122
4824,37338.9549
4825,37350.8344
4826,37360.3888
4827,37367.5137
4828,37374.9850
4829,37382.1673
4830,37390.4586
4831,37402.2660
4832,37413.4400
4833,37427.2645
4834,37444.5417
4835,37459.7828
4836,37469.4865
4837,37481.3440
4838,37492.6631
4839,37501.6441
4840,37507.3695
4841,37518.8649
4842,37525.7957
4843,37534.2238
4844,37546.2313
4845,37553.8642
4846,37563.4174
4847,37571.8715
4848,37583.1842
4849,37590.4262
4850,37600.1337
4851,37610.4908
4852,37621.3741
4853,37633.5988
4854,37642.8256
4855,37652.2007
4856,37661.7961
4857,37673.9066
4858,37685.1745
4859,37698.1933
4860,37707.5117
4861,37715.7340
4862,37724.8235
4863,37738.9784
4864,37748.6880
4865,37756.9008
4866,37767.0345
4867,37778.1250
4868,37789.0844
4869,37800.7622
4870,37814.4281
4871,37828.1989
4872,37843.3998
4873,37855.8183
4874,37864.1670
4875,37876.8413
4876,37886.2009
4877,37898.7417
4878,37918.5874
4879,37928.7193
4880,37950.3222
4881,37959.2810
4882,37971.2863
4883,37986.3193
4884,38000.1671
4885,38011.0519
4886,38027.3001
4887,38040.0627
4888,38053.9420
4889,38078.0566
4890,38086.1084
4891,38098.8760
4892,38109.8015
4893,38117.7983
4894,38128.9730
4895,38144.4328
4896,38156.5700
4897,38169.5921
4898,38182.1396
4899,38192.2238
4900,38202.2824
4901,38212.7006
4902,38223.2411
4903,38231.7555
4904,38242.8460
4905,38254.1637
4906,38265.3663
4907,38275.5780
4908,38288.1570
4909,38297.6475
4910,38313.8804
4911,38322.4492
4912,38335.0940
4913,38348.7978
4914,38361.5518
4915,38369.6179
4916,38383.1787
4917,38397.7814
4918,38407.2173
4919,38418.8864
4920,38433.8677
4921,38440.8624
4922,38450.6083
4923,38464.2346
4924,38476.8486
4925,38488.7447
4926,38500.5996
4927,38515.0113
4928,38526.5002
4929,38538.2426
4930,38549.8960
4931,38560.9803
4932,38571.9106
4933,38590.1570
4934,38594.7835
4935,38605.6206
4936,38615.2811
4937,38624.7823
4938,38633.3456
4939,38642.9744
4940,38652.7226
4941,38662.9989
4942,38670.7156
4943,38680.3038
4944,38690.4385
4945,38699.4958
4946,38712.0681
4947,38719.8286
4948,38727.6905
4949,38740.1581
4950,38753.3071
4951,38767.4835
4952,38780.4043
4953,38792.6438
4954,38807.5514
4955,38821.9428
4956,38836.4487
4957,38852.4976
4958,38862.2577
4959,38871.3057
4960,38879.3359
4961,38891.2332
4962,38903.1718
4963,38914.9296
4964,38923.9228
4965,38935.8554
4966,38956.0747
4967,38965.1530
4968,38975.4179
4969,38985.7254
4970,39000.0584
4971,39011.2011
4972,39023.6259
4973,39038.2602
4974,39048.7001
4975,39064.6067
4976,39073.9317
4977,39087.3766
4978,39099.2274
4979,39109.4344
4980,39122.0686
4981,39134.0780
4982,39147.4776
4983,39155.1139
4984,39165.7577
4985,39174.1207
4986,39186.5268
4987,39197.6323
4988,39209.4438
4989,39218.4777
4990,39233.7797
4991,39248.8062
4992,39263.3131
4993,39283.7226
4994,39296.2658
4995,39312.4785
4996,39331.7394
4997,39348.6466
4998,39365.2241
4999,39379.9357
5000,39394.7039
5001,39408.0014
5002,39420.3808
5003,39430.8546
5004,39444.4993
5005,39452.8458
5006,39463.7403
5007,39474.3721
5008,39486.9945
5009,39499.9521
5010,39512.2008
5011,39522.1145
5012,39538.6643
5013,39552.6850
5014,39565.1374
5015,39581.5184
5016,39592.1662
5017,39604.9607
5018,39615.9675
5019,39628.4955
5020,39640.9431
5021,39667.1751
5022,39679.3046
5023,39684.7944
5024,39696.4424
5025,39707.9694
5026,39717.1903
5027,39729.7039
5028,39739.5461
5029,39746.5620
5030,39756.1958
5031,39768.7850
5032,39783.5879
5033,39802.7651
5034,39810.7588
5035,39819.1843
5036,39831.6903
5037,39847.4233
5038,39863.1268
5039,39877.7299
5040,39891.5339
5041,39902.9016
5042,39918.4558
5043,39929.2688
5044,39937.3326
5045,39948.9236
5046,39960.5463
5047,39970.0537
5048,39991.1571
5049,40008.9324
5050,40024.3399
5051,40037.4048
5052,40046.2983
5053,40054.5268
5054,40064.6465
5055,40074.2068
5056,40087.1863
5057,40097.4329
5058,40107.8179
5059,40116.0607
5060,40124.6324
5061,40132.7591
5062,40144.3255
5063,40156.4543
5064,40164.8183
5065,40176.2791
5066,40184.8531
5067,40194.9928
5068,40209.4071
5069,40222.5502
5070,40235.7130
5071,40247.9286
5072,40261.3912
5073,40276.6190
5074,40283.9959
5075,40294.0068
5076,40306.0551
5077,40320.8036
5078,40328.6629
5079,40335.2671
5080,40345.7296
5081,40354.9414
5082,40369.6022
5083,40379.3707
5084,40389.9460
5085,40405.0574
5086,40420.4919
5087,40431.6270
5088,40444.8807
5089,40457.5944
5090,40485.7378
5091,40494.4744
5092,40501.6091
5093,40511.5869
5094,40518.3609
5095,40527.6647
5096,40534.9770
5097,40543.1650
5098,40549.6917
5099,40556.5147
5100,40564.8961
5101,40574.1768
5102,40584.7712
5103,40594.0459
5104,40603.3757
5105,40610.6112
5106,40620.1494
5107,40629.5924
5108,40643.0652
5109,40652.3075
5110,40659.8253
5111,40670.0139
5112,40681.7958
5113,40689.2419
5114,40700.7370
5115,40708.6611
5116,40717.9155
5117,40725.7795
5118,40734.6499
5119,40741.6530
5120,40751.0145
5121,40761.7874
5122,40771.2388
5123,40780.8101
5124,40792.5780
5125,40799.7670
5126,40810.3709
5127,40823.7748
5128,40837.4946
5129,40850.8270
5130,40862.3152
5131,40879.1819
5132,40888.0541
5133,40901.3574
5134,40913.1353
5135,40923.5809
5136,40939.5306
5137,40952.1151
5138,40964.9346
5139,40976.1372
5140,40988.2231
5141,41000.9212
5142,41013.4180
5143,41023.8688
5144,41040.2219
5145,41051.4777
5146,41060.2636
5147,41071.4867
5148,41085.2594
5149,41097.4844
5150,41110.5168
5151,41117.0013
5152,41124.9478
5153,41138.4928
5154,41154.1460
5155,41168.6108
5156,41183.5542
5157,41198.1544
5158,41210.2928
5159,41223.7434
5160,41238.4410
5161,41252.2469
5162,41265.4941
5163,41277.2958
5164,41289.0823
5165,41299.6120
5166,41308.3389
5167,41317.7021
5168,41330.2855
5169,41338.7103
5170,41347.6338
5171,41365.4666
5172,41373.2994
5173,41386.0533
5174,41399.6594
5175,41414.7201
5176,41430.3615
5177,41444.6392
5178,41454.1268
5179,41504.8649
5180,41514.4858
5181,41520.5200
5182,41526.5975
5183,41536.0227
5184,41545.6305
5185,41560.0040
5186,41579.7300
5187,41594.1613
5188,41604.6398
5189,41614.6407
5190,41629.5209
5191,41641.5179
5192,41656.8999
5193,41677.5541
5194,41689.8475
5195,41697.9220
5196,41707.5927
5197,41724.4205
5198,41732.3697
5199,41741.0741
5200,41749.7435
5201,41762.5198
5202,41771.8832
5203,41789.7370
5204,41804.3880
5205,41824.8603
5206,41834.7678
5207,41850.0910
5208,41862.2539
5209,41870.4977
5210,41882.7295
5211,41892.1225
5212,41901.8853
5213,41910.2314
5214,41923.5220
5215,41943.0380
5216,41954.9477
5217,41963.0389
5218,41972.0809
5219,41982.8513
5220,41992.4915
5221,42001.0746
5222,42010.9501
5223,42022.7404
5224,42031.1053
5225,42046.0887
5226,42059.4094
5227,42068.2235
5228,42081.2337
5229,42091.4509
5230,42102.6974
5231,42111.7487
5232,42126.5340
5233,42139.5936
5234,42151.0782
5235,42161.2587
5236,42172.0150
5237,42183.7029
5238,42195.4923
5239,42207.1564
5240,42219.0921
5241,42233.5761
5242,42245.6036
5243,42255.8358
5244,42267.7097
5245,42279.2406
5246,42291.1580
5247,42303.8485
5248,42314.8685
5249,42326.4549
5250,42338.3937
5251,42350.8956
5252,42361.9628
5253,42374.3739
5254,42386.1365
5255,42402.0836
5256,42413.9464
5257,42426.3895
5258,42437.8633
5259,42449.5416
5260,42460.6307
5261,42472.9800
5262,42485.6722
5263,42501.4603
5264,42533.8864
5265,42546.6678
5266,42559.3348
5267,42566.1168
5268,42574.9586
5269,42582.8829
5270,42587.8494
5271,42595.5007
5272,42607.7437
5273,42618.6414
5274,42634.7160
5275,42648.6392
5276,42662.5888
5277,42667.9122
5278,42681.8368
5279,42693.0637
5280,42703.4984
5281,42715.4744
5282,42723.2237
5283,42733.3167
5284,42745.7709
5285,42761.9278
5286,42784.7142
5287,42795.2404
5288,42805.4626
5289,42815.7480
5290,42828.9862
5291,42844.4169
5292,42854.5249
5293,42865.2568
5294,42878.2256
5295,42896.2443
5296,42904.1893
5297,42920.2914
5298,42934.1159
5299,42948.5846
5300,42958.0474
5301,42972.0075
5302,42985.1978
5303,42997.9331
5304,43011.9295
5305,43024.3042
5306,43036.5224
5307,43049.1190
5308,43059.9494
5309,43072.5510
5310,43087.7523
5311,43101.1219
5312,43116.3614
5313,43130.1830
5314,43143.5697
5315,43158.5753
5316,43170.7597
5317,43181.6959
5318,43193.7845
5319,43205.9524
5320,43218.5225
5321,43230.0382
5322,43241.1520
5323,43250.9148
5324,43265.2357
5325,43279.7501
5326,43290.0314
5327,43302.6190
5328,43313.1411
5329,43326.2954
5330,43347.5115
5331,43362.5929
5332,43371.4890
5333,43382.0474
5334,43389.0994
5335,43400.5315
5336,43412.0266
5337,43421.6247
5338,43433.0907
5339,43449.4348
5340,43458.9801
5341,43468.5211
5342,43479.6243
5343,43487.9067
5344,43501.1511
5345,43511.3091
5346,43525.1043
5347,43535.0826
5348,43546.2503
5349,43558.4536
5350,43569.0961
5351,43578.0602
5352,43586.8785
5353,43594.4693
5354,43602.3593
5355,43610.3957
5356,43617.8288
5357,43625.5097
5358,43633.4558
5359,43643.7626
5360,43651.3202
5361,43659.4162
5362,43668.7729
5363,43677.6178
5364,43687.7604
5365,43700.3748
5366,43705.6379
5367,43714.6885
5368,43726.6858
5369,43739.7943
5370,43751.8945
5371,43764.0452
5372,43780.2589
5373,43787.6637
5374,43801.7664
5375,43813.8559
5376,43825.9146
5377,43837.7221
5378,43848.5644
5379,43862.0248
5380,43874.7399
5381,43888.5992
5382,43904.5887
5383,43917.3002
5384,43927.3880
5385,43942.2014
5386,43953.9523
5387,43965.8558
5388,43978.7722
5389,43992.6078
5390,44005.8081
5391,44012.9890
5392,44022.3093
5393,44032.8100
5394,44038.6794
5395,44048.5756
5396,44057.7137
5397,44064.9347
5398,44072.1204
5399,44082.7115
5400,44090.4465
5401,44098.8758
5402,44108.6950
5403,44115.1161
5404,44123.9696
5405,44135.7515
5406,44148.1013
5407,44163.8825
5408,44176.4517
5409,44188.5173
5410,44200.7718
5411,44213.4340
5412,44228.4646
5413,44243.9713
5414,44262.7714
5415,44274.2946
5416,44293.4542
5417,44300.7150
5418,44311.5952
5419,44323.1089
5420,44332.8102
5421,44343.6434
5422,44352.7474
5423,44361.4647
5424,44368.8595
5425,44378.3207
5426,44387.6998
5427,44398.7589
5428,44407.4669
5429,44421.4010
5430,44433.6808
5431,44447.2928
5432,44453.8364
5433,44462.7664
5434,44472.2588
5435,44480.4161
5436,44491.6387
5437,44505.2881
5438,44515.9388
5439,44524.3289
5440,44533.1686
5441,44541.5931
5442,44550.5760
5443,44560.2887
5444,44569.8738
5445,44580.3130
5446,44587.9099
5447,44597.2645
5448,44605.1822
5449,44614.4104
5450,44625.5162
5451,44637.6989
5452,44652.1361
5453,44663.1172
5454,44675.0641
5455,44679.4863
5456,44689.8417
5457,44698.7352
5458,44714.7877
5459,44724.5092
5460,44743.2334
5461,44758.7247
5462,44767.3230
5463,44778.0945
5464,44789.4452
5465,44800.7400
5466,44813.7927
5467,44821.3317
5468,44832.4428
5469,44845.3543
5470,44863.3754
5471,44876.8611
5472,44891.9971
5473,44907.8529
5474,44925.1981
5475,44939.1472
5476,44954.6266
5477,44971.1516
5478,44989.1126
5479,45008.3435
5480,45024.0018
5481,45032.0969
5482,45048.4991
5483,45060.2090
5484,45071.8098
5485,45084.6326
5486,45103.5383
5487,45116.0824
5488,45126.3835
5489,45134.5251
5490,45148.6156
5491,45155.1938
5492,45163.1327
5493,45177.5191
5494,45186.2557
5495,45196.9724
5496,45203.5148
5497,45209.8997
5498,45226.0358
5499,45234.9899
5500,45245.4460
5501,45254.2284
5502,45266.7253
5503,45280.8573
5504,45289.5331
5505,45302.0318
5506,45312.7201
5507,45320.8969
5508,45329.3121
5509,45336.8366
5510,45347.1894
5511,45360.0941
5512,45403.2755
5513,45415.1192
5514,45423.0406
5515,45430.6874
5516,45438.6697
5517,45450.2015
5518,45467.7262
5519,45478.3275
5520,45486.3729
5521,45494.8657
5522,45503.4180
5523,45518.7531
5524,45528.1019
5525,45541.3251
5526,45555.2218
5527,45567.5373
5528,45578.5210
5529,45589.9529
5530,45601.5661
5531,45614.8932
5532,45625.4318
5533,45633.3063
5534,45640.8143
5535,45648.9346
5536,45658.4768
5537,45668.0181
5538,45680.6145
5539,45697.0708
5540,45800.4901
5541,45808.5160
5542,45819.8757
5543,45830.5647
5544,45837.0092
5545,45849.4542
5546,45863.1115
5547,45876.9236
5548,45895.0431
5549,45911.0606
5550,45920.0144
5551,45933.8191
5552,45945.2627
5553,45959.5680
5554,45976.9948
5555,45988.7979
5556,45997.6001
5557,46012.1007
5558,46019.1350
5559,46031.8601
5560,46044.8961
5561,46059.8774
5562,46070.6835
5563,46087.9328
5564,46103.7591
5565,46117.1145
5566,46128.0651
5567,46136.6937
5568,46148.2899
5569,46158.8008
5570,46169.1911
5571,46176.2080
5572,46188.8964
5573,46197.5636
5574,46211.3154
5575,46218.2796
5576,46228.0455
5577,46238.3497
5578,46248.2984
5579,46256.7842
5580,46266.5803
5581,46279.6834
5582,46293.7939
5583,46311.8770
5584,46323.0038
5585,46337.2424
5586,46350.2510
5587,46364.7687
5588,46376.0545
5589,46388.4089
5590,46397.6114
5591,46410.7165
5592,46420.3312
5593,46432.4033
5594,46443.4617
5595,46451.7334
5596,46460.9566
5597,46474.0753
5598,46488.9088
5599,46505.1477
5600,46519.3660
5601,46533.4444
5602,46545.2192
5603,46552.7251
5604,46560.7343
5605,46567.8399
5606,46577.5259
5607,46591.7666
5608,46606.1196
5609,46618.2489
5610,46632.3321
5611,46647.6305
5612,46655.5071
5613,46663.2309
5614,46675.7722
5615,46682.6642
5616,46689.8301
5617,46699.9848
5618,46713.2788
5619,46725.5061
5620,46743.6976
5621,46753.2709
5622,46764.7510
5623,46778.3008
5624,46788.9588
5625,46801.9361
5626,46815.0167
5627,46827.6324
5628,46839.7491
5629,46853.1942
5630,46864.1233
5631,46875.2153
5632,46882.6363
5633,46891.5856
5634,46906.9152
5635,46919.3361
5636,46931.7424
5637,46943.4137
5638,46956.2099
5639,46967.1776
5640,46980.0553
5641,46989.4240
5642,47007.6909
5643,47025.3987
5644,47041.5499
5645,47056.5369
5646,47070.0059
5647,47086.1070
5648,47098.6853
5649,47111.9771
5650,47135.0617
5651,47147.3184
5652,47153.7714
5653,47165.5548
5654,47174.7642
5655,47184.1125
5656,47193.6140
5657,47202.5859
5658,47213.5234
5659,47222.4052
5660,47230.5753
5661,47239.0099
5662,47248.0037
5663,47258.4364
5664,47266.9618
5665,47277.8695
5666,47284.9977
5667,47295.9299
5668,47312.4626
5669,47329.5968
5670,47343.6601
5671,47357.2361
5672,47373.2872
5673,47387.6274
5674,47403.7104
5675,47422.5116
5676,47435.6825
5677,47450.6886
5678,47461.7159
5679,47483.6946
5680,47495.9679
5681,47504.7910
5682,47517.1475
5683,47536.2253
5684,47547.4193
5685,47556.8342
5686,47568.4896
5687,47581.3279
5688,47598.1431
5689,47610.9993
5690,47622.7024
5691,47638.6633
5692,47651.4170
5693,47664.3283
5694,47681.1001
5695,47691.6358
5696,47699.1663
5697,47707.9260
5698,47723.1948
5699,47735.0550
5700,47756.9613
5701,47767.1123
5702,47780.8900
5703,47798.7411
5704,47808.8024
5705,47817.0507
5706,47827.9893
5707,47839.3085
5708,47854.1272
5709,47869.1967
5710,47882.3638
5711,47898.8836
5712,47914.2106
5713,47925.2288
5714,47936.0497
5715,47959.6126
5716,47972.9965
5717,47985.6472
5718,48000.3154
5719,48017.9255
5720,48036.3176
5721,48047.9271
5722,48061.7135
5723,48076.1590
5724,48083.4012
5725,48094.4006
5726,48104.4657
5727,48112.1738
5728,48123.0869
5729,48138.7010
5730,48148.7451
5731,48160.6672
5732,48170.1007
5733,48181.7672
5734,48196.1093
5735,48205.9498
5736,48215.7280
5737,48225.0493
5738,48238.0650
5739,48250.7765
5740,48265.0826
5741,48278.1374
5742,48287.1151
5743,48300.2083
5744,48312.9601
5745,48319.9315
5746,48329.5712
5747,48337.9519
5748,48353.9884
5749,48364.0807
5750,48376.2202
5751,48387.5899
5752,48399.4584
5753,48411.6940
5754,48421.1006
5755,48433.7313
5756,48445.6670
5757,48461.6783
5758,48474.4556
5759,48481.6296
5760,48492.4421
5761,48507.3915
5762,48521.0071
5763,48531.5859
5764,48547.2784
5765,48558.9392
5766,48569.3939
5767,48581.3549
5768,48588.8059
5769,48596.4985
5770,48607.7230
5771,48623.2624
5772,48634.1548
5773,48650.3444
5774,48660.4161
5775,48671.5319
5776,48687.9983
5777,48698.5891
5778,48707.5939
5779,48718.3268
5780,48734.1251
5781,48747.4334
5782,48760.2906
5783,48772.3324
5784,48782.9902
5785,48795.7454
5786,48805.7904
5787,48815.8858
5788,48826.6325
5789,48836.7438
5790,48851.9499
5791,48868.6557
5792,48875.6468
5793,48885.8979
5794,48901.4161
5795,48915.5910
5796,48927.2723
5797,48938.1037
5798,48952.1708
5799,48963.5112
5800,48974.0868
5801,48985.8422
5802,48997.3404
5803,49009.1498
5804,49020.3097
5805,49034.0357
5806,49043.7045
5807,49058.4586
5808,49071.4190
5809,49078.8593
5810,49089.7136
5811,49103.6639
5812,49117.8503
5813,49128.2117
5814,49141.3143
5815,49153.3899
5816,49169.9524
5817,49180.6355
5818,49189.3523
5819,49201.4570
5820,49214.4554
5821,49226.6085
5822,49242.8427
5823,49255.1851
5824,49268.4152
5825,49277.1714
5826,49288.1322
5827,49302.1157
5828,49316.5433
5829,49327.7142
5830,49336.4830
5831,49346.6222
5832,49356.3275
5833,49368.9091
5834,49381.7976
5835,49392.1878
5836,49399.8580
5837,49407.8026
5838,49418.8886
5839,49428.6723
5840,49440.3718
5841,49453.9104
5842,49462.7078
5843,49469.1963
5844,49476.1248
5845,49483.2993
5846,49493.8633
5847,49506.4039
5848,49518.1229
5849,49527.7638
5850,49537.2579
5851,49546.8135
5852,49559.1564
5853,49571.1782
5854,49582.0966
5855,49591.9242
5856,49602.0772
5857,49612.5138
5858,49624.4466
5859,49636.2207
5860,49650.1815
5861,49664.8457
5862,49672.2856
5863,49686.3096
5864,49696.7192
5865,49710.1007
5866,49721.0004
5867,49732.2068
5868,49740.1323
5869,49749.2926
5870,49764.1711
5871,49774.7633
5872,49782.6650
5873,49798.4350
5874,49808.2952
5875,49820.1501
5876,49832.1526
5877,49845.5622
5878,49854.8510
5879,49868.6788
5880,49881.6390
5881,49896.0779
5882,49907.5325
5883,49921.2258
5884,49934.3266
5885,49946.8350
5886,49958.3938
5887,49970.3081
5888,49983.7785
5889,49995.0953
5890,50007.5929
5891,50019.3577
5892,50031.5547
5893,50042.3446
5894,50054.5409
5895,50064.2762
5896,50075.2599
5897,50088.3737
5898,50098.9897
5899,50110.7688
5900,50136.3766
5901,50142.7734
5902,50152.1604
5903,50162.7092
5904,50173.7683
5905,50181.2463
5906,50191.6707
5907,50203.3381
5908,50214.2856
5909,50223.1185
5910,50232.2509
5911,50243.6361
5912,50269.9399
5913,50279.5534
5914,50288.2981
5915,50300.4191
5916,50311.2593
5917,50320.6739
5918,50332.6724
5919,50346.9343
5920,50361.7158
5921,50373.2502
5922,50386.1008
5923,50397.5894
5924,50404.5060
5925,50413.8064
5926,50422.0607
5927,50431.5486
5928,50439.0073
5929,50449.7643
5930,50458.1020
5931,50466.1767
5932,50474.3268
5933,50482.7499
5934,50494.4742
5935,50506.2931
5936,50520.5224
5937,50534.4770
5938,50543.0193
5939,50552.1317
5940,50568.3227
5941,50580.0934
5942,50589.5419
5943,50600.4856
5944,50616.9989
5945,50630.4586
5946,50648.0505
5947,50659.8332
5948,50670.8353
5949,50682.7796
5950,50695.3354
5951,50703.0897
5952,50709.1768
5953,50716.0132
5954,50725.2421
5955,50738.4231
5956,50751.3900
5957,50763.9563
5958,50776.2702
5959,50791.0233
5960,50799.8924
5961,50811.8305
5962,50824.5006
5963,50837.8961
5964,50851.2115
5965,50864.7046
5966,50877.4302
5967,50887.0053
5968,50897.3494
5969,50910.0714
5970,50922.3976
5971,50933.4280
5972,50943.7978
5973,50954.0827
5974,50966.0292
5975,50982.2361
5976,50993.1383
5977,51010.4811
5978,51020.8480
5979,51032.9359
5980,51046.5455
5981,51062.8078
5982,51073.8904
5983,51083.5731
5984,51091.5191
5985,51100.5316
5986,51112.2236
5987,51123.1236
5988,51131.1462
5989,51140.4090
5990,51149.0560
5991,51159.9085
5992,51169.6756
5993,51180.6219
5994,51193.2497
5995,51199.5480
5996,51211.6599
5997,51223.6855
5998,51234.0584
5999,51245.4376
6000,51254.8072
6001,51263.5553
6002,51277.6415
6003,51284.7049
6004,51297.8060
6005,51307.3962
6006,51315.7909
6007,51323.7624
6008,51333.9415
6009,51345.7906
6010,51356.3085
6011,51366.3650
6012,51378.6852
6013,51392.7245
6014,51408.3531
6015,51419.6460
6016,51434.3140
6017,51442.6050
6018,51453.8786
6019,51468.4420
6020,51484.1874
6021,51499.0156
6022,51509.3288
6023,51521.4832
6024,51540.2093
6025,51565.6652
6026,51580.3969
6027,51586.8127
6028,51596.8456
6029,51607.7425
6030,51618.5191
6031,51634.0594
6032,51647.7017
6033,51663.4860
6034,51675.3626
6035,51686.7151
6036,51695.7035
6037,51709.3368
6038,51720.5646
6039,51733.6428
6040,51747.9413
6041,51761.8620
6042,51775.8131
6043,51788.7414
6044,51800.5736
6045,51814.3883
6046,51824.5344
6047,51837.0140
6048,51851.1097
6049,51864.5594
6050,51873.1546
6051,51884.0797
6052,51894.8956
6053,51904.9926
6054,51913.2981
6055,51924.1571
6056,51936.9657
6057,51948.3073
6058,51956.5561
6059,51970.2675
6060,51985.8539
6061,51997.6270
6062,52008.2488
6063,52020.7381
6064,52031.9929
6065,52043.3586
6066,52055.3806
6067,52068.4743
6068,52079.8171
6069,52094.2698
6070,52106.9133
6071,52115.9766
6072,52122.5758
6073,52132.4625
6074,52140.5888
6075,52146.7419
6076,52161.2525
6077,52173.6212
6078,52187.9086
6079,52197.8092
6080,52209.3363
6081,52222.6868
6082,52244.0872
6083,52252.0640
6084,52263.8388
6085,52275.3127
6086,52283.7954
6087,52295.0833
6088,52306.3872
6089,52318.7397
6090,52331.6340
6091,52347.6138
6092,52364.6512
6093,52374.4843
6094,52389.4749
6095,52402.5748
6096,52410.6572
6097,52430.6641
6098,52442.3015
6099,52454.3192
6100,52470.0060
6101,52478.7471
6102,52490.0701
6103,52500.2832
6104,52509.3038
6105,52522.5780
6106,52532.5243
6107,52539.5598
6108,52545.5744
6109,52554.1208
6110,52559.3228
6111,52566.5574
6112,52576.1228
6113,52584.0180
6114,52593.9903
6115,52603.1301
6116,52610.8181
6117,52618.2909
6118,52626.6053
6119,52639.4155
6120,52648.6647
6121,52659.7376
6122,52671.3820
6123,52757.5321
6124,52766.9919
6125,52778.2032
6126,52787.4951
6127,52801.5170
6128,52814.1637
6129,52824.5242
6130,52832.0277
6131,52841.8922
6132,52848.9282
6133,52859.7448
6134,52868.1121
6135,52876.4699
6136,52889.0967
6137,52898.4902
6138,52905.1099
6139,52915.1027
6140,52922.6756
6141,52935.0114
6142,52949.6510
6143,52963.5019
6144,52975.0082
6145,52986.4342
6146,52999.0163
6147,53013.2880
6148,53030.0484
6149,53046.4060
6150,53058.2864
6151,53070.3614
6152,53084.9080
6153,53092.8485
6154,53103.8513
6155,53120.1935
6156,53132.4790
6157,53144.8245
6158,53154.9113
6159,53166.1084
6160,53184.7188
6161,53194.7384
6162,53205.4040
6163,53214.6902
6164,53228.3936
6165,53238.7500
6166,53256.1426
6167,53265.0256
6168,53278.3976
6169,53293.8304
6170,53305.2108
6171,53318.1667
6172,53331.4037
6173,53345.8192
6174,53356.9496
6175,53366.3578
6176,53377.1851
6177,53388.5765
6178,53402.1585
6179,53413.2316
6180,53419.6868
6181,53430.3372
6182,53444.8128
6183,53458.3621
6184,53468.5090
6185,53479.6255
6186,53489.3093
6187,53499.1899
6188,53511.4882
6189,53522.8822
6190,53535.9845
6191,53549.0994
6192,53558.4118
6193,53566.1204
6194,53576.4942
6195,53585.0358
6196,53597.3547
6197,53610.6679
6198,53617.3620
6199,53622.9818
6200,53632.9532
6201,53641.4676
6202,53649.5743
6203,53657.8708
6204,53665.1371
6205,53675.2462
6206,53680.8975
6207,53690.3770
6208,53698.1666
6209,53708.9124
6210,53722.5108
6211,53736.8562
6212,53749.0318
6213,53762.4350
6214,53776.3097
6215,53786.2175
6216,53797.4293
6217,53806.9263
6218,53814.7526
6219,53825.3343
6220,53833.8168
6221,53839.9122
6222,53849.6628
6223,53857.8138
6224,53870.4016
6225,53881.4297
6226,53891.9058
6227,53901.7084
6228,53910.5811
6229,53918.9656
6230,53930.8383
6231,53939.8363
6232,53950.6748
6233,53959.9841
6234,53972.8022
6235,53988.5864
6236,54001.4682
6237,54013.7150
6238,54026.3090
6239,54036.5813
6240,54049.3212
6241,54059.8500
6242,54069.3440
6243,54081.0580
6244,54089.8297
6245,54097.3761
6246,54106.6844
6247,54112.8008
6248,54123.8339
6249,54138.2840
6250,54150.7657
6251,54167.9504
6252,54181.3433
6253,54193.3298
6254,54209.4712
6255,54218.3142
6256,54230.0913
6257,54238.1990
6258,54245.1744
6259,54253.8557
6260,54260.4477
6261,54268.2886
6262,54283.3846
6263,54294.7741
6264,54303.1678
6265,54318.1746
6266,54331.1241
6267,54342.7494
6268,54359.1237
6269,54369.0567
6270,54384.3656
6271,54390.6155
6272,54399.2875
6273,54412.7204
6274,54424.2868
6275,54432.8926
6276,54442.4796
6277,54455.4868
6278,54471.3600
6279,54485.6091
6280,54498.4536
6281,54508.2595
6282,54524.0741
6283,54557.7698
6284,54564.5020
6285,54578.7864
6286,54594.8915
6287,54605.9713
6288,54613.6281
6289,54625.9968
6290,54637.5828
6291,54654.5467
6292,54668.4134
6293,54677.8696
6294,54686.8865
6295,54701.3359
6296,54718.3473
6297,54732.0371
6298,54743.7751
6299,54753.9377
6300,54766.5069
6301,54781.8406
6302,54803.1061
6303,54814.7335
6304,54821.5187
6305,54830.6026
6306,54837.6031
6307,54849.4554
6308,54860.2684
6309,54870.1613
6310,54879.9422
6311,54898.0103
6312,54911.6633
6313,54925.4959
6314,54934.3262
6315,54946.5790
6316,54961.7763
6317,54973.6807
6318,54984.2999
6319,54993.8099
6320,55003.0231
6321,55014.0150
6322,55023.8299
6323,55034.0507
6324,55044.9433
6325,55057.9684
6326,55071.6882
6327,55086.5190
6328,55101.6116
6329,55111.0013
6330,55119.5431
6331,55130.3980
6332,55137.6708
6333,55149.9035
6334,55164.5195
6335,55172.1849
6336,55181.0966
6337,55187.5355
6338,55195.8296
6339,55202.4190
6340,55216.3043
6341,55226.9382
6342,55236.7370
6343,55249.3823
6344,55261.4665
6345,55273.2692
6346,55288.2645
6347,55299.0034
6348,55311.6767
6349,55325.2814
6350,55337.8961
6351,55346.0298
6352,55357.1367
6353,55365.2782
6354,55377.5504
6355,55387.4466
6356,55398.6139
6357,55415.4985
6358,55426.0006
6359,55436.0271
6360,55449.6920
6361,55464.1714
6362,55472.5726
6363,55483.7720
6364,55498.9414
6365,55509.6829
6366,55520.6790
6367,55531.4279
6368,55538.3570
6369,55550.1420
6370,55563.0815
6371,55572.8450
6372,55585.0983
6373,55593.4033
6374,55601.5470
6375,55609.7653
6376,55629.8654
6377,55647.9723
6378,55664.0863
6379,55675.7617
6380,55685.3149
6381,55696.1093
6382,55710.3126
6383,55719.4946
6384,55731.7193
6385,55740.8981
6386,55748.3709
6387,55757.0968
6388,55765.9209
6389,55779.4700
6390,55787.7150
6391,55797.7371
6392,55816.6375
6393,55826.0951
6394,55837.4343
6395,55844.8575
6396,55891.5801
6397,55900.0976
6398,55906.6164
6399,55915.3864
6400,55921.3438
6401,55930.0241
6402,55938.4694
6403,55947.3023
6404,55961.9205
6405,55972.6129
6406,55981.7762
6407,55998.3258
6408,56008.6527
6409,56018.5547
6410,56034.1504
6411,56047.1530
6412,56056.6161
6413,56064.9002
6414,56077.3170
6415,56088.7465
6416,56096.3163
6417,56105.8772
6418,56118.9337
6419,56126.4958
6420,56134.7606
6421,56145.4813
6422,56157.8491
6423,56168.9823
6424,56180.0694
6425,56191.5803
6426,56202.1031
6427,56211.7062
6428,56223.1343
6429,56234.8731
6430,56244.7867
6431,56255.3427
6432,56264.7083
6433,56274.0200
6434,56283.5522
6435,56292.7699
6436,56304.6231
6437,56317.4560
6438,56330.1268
6439,56339.0732
6440,56351.2020
6441,56361.5289
6442,56367.8873
6443,56375.7856
6444,56387.7909
6445,56400.4154
6446,56412.8497
6447,56421.5341
6448,56436.3506
6449,56444.8907
6450,56457.1621
6451,56468.6379
6452,56482.4386
6453,56496.0239
6454,56505.2202
6455,56518.5800
6456,56537.2205
6457,56547.9565
6458,56555.4621
6459,56566.5641
6460,56575.7494
6461,56589.7193
6462,56602.9139
6463,56616.9829
6464,56626.5090
6465,56635.4001
6466,56646.8401
6467,56655.7798
6468,56669.9769
6469,56677.3653
6470,56689.2936
6471,56697.7048
6472,56705.7834
6473,56715.5433
6474,56723.0163
6475,56733.4878
6476,56746.3388
6477,56756.0477
6478,56767.3984
6479,56778.4674
6480,56791.9588
6481,56800.0588
6482,56811.6002
6483,56819.9975
6484,56829.8681
6485,56837.6486
6486,56848.6645
6487,56860.0028
6488,56872.0033
6489,56880.9440
6490,56889.7686
6491,56902.8928
6492,56917.6371
6493,56933.5947
6494,56948.4329
6495,56963.9294
6496,56974.9022
6497,56984.1506
6498,57000.9019
6499,57011.9343
6500,57020.6714
6501,57036.9415
6502,57046.4361
6503,57056.8259
6504,57072.4187
6505,57082.2339
6506,57093.7092
6507,57103.1728
6508,57114.6457
6509,57129.3476
6510,57138.1035
6511,57148.5496
6512,57160.5089
6513,57172.5013
6514,57184.3672
6515,57193.0768
6516,57201.3345
6517,57211.3407
6518,57219.3108
6519,57231.8475
6520,57245.9257
6521,57257.9024
6522,57270.2904
6523,57279.8560
6524,57289.2573
6525,57301.0430
6526,57314.2493
6527,57333.9560
6528,57344.9669
6529,57354.5718
6530,57368.5369
6531,57383.6203
6532,57396.6711
6533,57414.0286
6534,57421.6371
6535,57435.2393
6536,57445.5287
6537,57454.5093
6538,57472.0764
6539,57479.6450
6540,57488.0452
6541,57498.8134
6542,57511.8036
6543,57524.5674
6544,57535.0950
6545,57545.4826
6546,57558.2647
6547,57569.8283
6548,57584.7933
6549,57592.5639
6550,57598.5885
6551,57605.8893
6552,57616.2989
6553,57627.0354
6554,57636.5926
6555,57649.9381
6556,57673.3363
6557,57686.0361
6558,57699.0464
6559,57711.1139
6560,57720.8121
6561,57734.7472
6562,57748.6413
6563,57761.2674
6564,57771.1062
6565,57791.3215
6566,57800.5452
6567,57813.3202
6568,57825.3801
6569,57833.5159
6570,57847.5800
6571,57859.9865
6572,57872.3936
6573,57883.7643
6574,57896.6808
6575,57907.8224
6576,57920.3429
6577,57930.4564
6578,57937.5165
6579,57951.4003
6580,57962.6920
6581,57974.2324
6582,57984.0143
6583,57999.6512
6584,58010.5660
6585,58022.0532
6586,58033.6807
6587,58044.6053
6588,58058.4760
6589,58071.7380
6590,58082.2694
6591,58090.6551
6592,58099.6604
6593,58114.8911
6594,58123.9812
6595,58135.9456
6596,58150.0778
6597,58160.2480
6598,58176.3785
6599,58195.5941
6600,58205.5545
6601,58217.2203
6602,58231.2665
6603,58241.8704
6604,58255.4860
6605,58268.9195
6606,58279.3868
6607,58290.3349
6608,58303.8137
6609,58317.0207
6610,58327.1613
6611,58337.6074
6612,58354.1446
6613,58365.9987
6614,58376.6518
6615,58385.7009
6616,58396.3628
6617,58404.5784
6618,58415.0891
6619,58424.3677
6620,58432.6372
6621,58443.3119
6622,58450.2554
6623,58458.7555
6624,58473.9509
6625,58486.1557
6626,58500.8268
6627,58514.9815
6628,58529.1414
6629,58546.6819
6630,58559.2566
6631,58571.3954
6632,58581.0153
6633,58588.3677
6634,58597.5811
6635,58607.4364
6636,58620.5680
6637,58636.6193
6638,58653.8918
6639,58668.0763
6640,58678.3366
6641,58687.9573
6642,58701.3686
6643,58713.6199
6644,58748.0989
6645,58760.1883
6646,58768.0509
6647,58778.1384
6648,58792.9373
6649,58803.0639
6650,58815.6631
6651,58828.9125
6652,58844.3573
6653,58860.2927
6654,58870.0597
6655,58880.9776
6656,58888.0928
6657,58894.4347
6658,58906.3966
6659,58915.8807
6660,58928.7853
6661,58933.8410
6662,58943.3408
6663,58954.5619
6664,58966.3460
6665,58976.1450
6666,58984.9956
6667,59000.3307
6668,59008.0662
6669,59016.3000
6670,59027.3814
6671,59036.1125
6672,59045.0399
6673,59052.6874
6674,59058.4431
6675,59079.1366
6676,59088.5866
6677,59098.9199
6678,59110.9784
6679,59127.3031
6680,59138.2139
6681,59145.7577
6682,59155.2238
6683,59170.2881
6684,59179.4283
6685,59192.0245
6686,59205.3587
6687,59221.0867
6688,59229.5547
6689,59243.3455
6690,59254.0903
6691,59268.5137
6692,59282.4500
6693,59290.8998
6694,59299.4771
6695,59312.2344
6696,59322.8445
6697,59334.7564
6698,59344.3081
6699,59352.8926
6700,59363.1287
6701,59376.6732
6702,59387.1412
6703,59396.7319
6704,59405.3452
6705,59424.9437
6706,59433.1014
6707,59451.0672
6708,59460.3863
6709,59468.4837
6710,59480.5334
6711,59498.1256
6712,59512.5508
6713,59530.2432
6714,59541.6837
6715,59552.3841
6716,59564.7912
6717,59576.5913
6718,59587.3556
6719,59599.4558
6720,59611.0406
6721,59623.3535
6722,59637.5108
6723,59647.9485
6724,59659.2350
6725,59670.8097
6726,59681.6320
6727,59710.7790
6728,59720.9358
6729,59731.8852
6730,59752.6567
6731,59762.4834
6732,59775.8698
6733,59784.1878
6734,59803.7913
6735,59812.2005
6736,59821.6512
6737,59838.4540
6738,59846.6368
6739,59856.7219
6740,59865.4380
6741,59878.8145
6742,59891.2783
6743,59904.1286
6744,59917.7115
6745,59927.7542
6746,59935.6971
6747,59947.2358
6748,59959.5745
6749,59971.2620
6750,59983.3276
6751,59995.8422
6752,60007.0474
6753,60023.1533
6754,60041.4660
6755,60053.9563
6756,60063.1909
6757,60073.7100
6758,60089.9134
6759,60101.0475
6760,60116.8962
6761,60131.4414
6762,60140.7433
6763,60151.2980
6764,60166.8389
6765,60183.1613
6766,60201.9925
6767,60216.7459
6768,60230.3202
6769,60243.3908
6770,60254.4007
6771,60271.2777
6772,60284.6534
6773,60299.6569
6774,60311.2135
6775,60322.0773
6776,60332.9940
6777,60345.9175
6778,60354.3897
6779,60365.1435
6780,60376.7705
6781,60393.9936
6782,60400.3873
6783,60412.3549
6784,60423.8932
6785,60435.6034
6786,60451.5197
6787,60461.7054
6788,60469.9175
6789,60481.1931
6790,60487.9301
6791,60495.9960
6792,60508.2009
6793,60523.8032
6794,60534.6150
6795,60544.6031
6796,60560.4057
6797,60570.6310
6798,60584.2464
6799,60597.9958
6800,60611.0570
6801,60622.6101
6802,60643.2879
6803,60654.6383
6804,60668.1776
6805,60687.6009
6806,60703.4411
6807,60719.2280
6808,60735.0428
6809,60763.5353
6810,60773.2365
6811,60784.1277
6812,60795.9094
6813,60812.9904
6814,60821.1951
6815,60832.2022
6816,60841.0404
6817,60851.9897
6818,60861.4905
6819,60870.4987
6820,60882.6280
6821,60893.6846
6822,60903.4884
6823,60914.8657
6824,60926.5912
6825,60939.5099
6826,60951.9134
6827,60966.7320
6828,60980.5164
6829,60995.5747
6830,61011.8322
6831,61023.5012
6832,61034.1330
6833,61048.0084
6834,61056.5915
6835,61067.4851
6836,61077.7903
6837,61089.9606
6838,61102.2277
6839,61116.8096
6840,61129.5195
6841,61138.3870
6842,61150.9306
6843,61162.1282
6844,61174.1817
6845,61185.7963
6846,61195.3862
6847,61204.1779
6848,61215.4584
6849,61227.8657
6850,61236.5894
6851,61251.1032
6852,61264.5922
6853,61274.5070
6854,61284.4155
6855,61293.2892
6856,61299.9334
6857,61308.0237
6858,61326.2484
6859,61338.4931
6860,61351.5401
6861,61364.2285
6862,61373.6720
6863,61386.4908
6864,61399.0781
6865,61413.6808
6866,61425.0686
6867,61433.5790
6868,61446.9292
6869,61462.2045
6870,61471.9951
6871,61484.1270
6872,61492.2333
6873,61508.8153
6874,61521.5085
6875,61534.8918
6876,61553.7770
6877,61564.0287
6878,61568.5573
6879,61580.5540
6880,61592.6256
6881,61600.9052
6882,61612.0780
6883,61622.6270
6884,61639.9522
6885,61654.2466
6886,61662.4939
6887,61673.5203
6888,61687.9284
6889,61702.5065
6890,61715.4834
6891,61728.5006
6892,61736.0156
6893,61747.1151
6894,61760.0367
6895,61770.7722
6896,61777.1006
6897,61783.4842
6898,61791.1949
6899,61798.4567
6900,61805.1729
6901,61813.6408
6902,61822.2218
6903,61835.4795
6904,61849.1933
6905,61861.7823
6906,61875.7157
6907,61890.1374
6908,61906.7440
6909,61919.4446
6910,61942.5590
6911,61951.5841
6912,61959.8503
6913,61967.5038
6914,61982.3349
6915,61987.2100
6916,62001.2479
6917,62011.6582
6918,62022.1660
6919,62037.4892
6920,62058.0640
6921,62073.4475
6922,62095.4545
6923,62107.3434
6924,62121.1650
6925,62134.4950
6926,62147.6822
6927,62156.8396
6928,62171.3374
6929,62185.6332
6930,62204.9539
6931,62223.6743
6932,62235.7962
6933,62246.3620
6934,62262.0382
6935,62282.0797
6936,62305.9516
6937,62313.4155
6938,62320.4858
6939,62331.8236
6940,62344.1999
6941,62352.9825
6942,62364.5358
6943,62374.4349
6944,62386.1694
6945,62399.3530
6946,62414.4034
6947,62428.6671
6948,62439.8909
6949,62451.4694
6950,62465.5790
6951,62478.1079
6952,62486.7401
6953,62499.8591
6954,62509.6376
