id,t_pub_ms,qos
1,4.5681,-1
2,6.7353,-1
3,9.3930,-1
4,11.7457,-1
5,15.3880,-1
6,18.7778,-1
7,20.7703,-1
8,21.5585,-1
9,24.2922,-1
10,27.2040,-1
11,30.9625,-1
12,35.7239,-1
13,37.1134,-1
14,41.1417,-1
15,43.1168,-1
16,48.0921,-1
17,55.8486,-1
18,60.2241,-1
19,64.2364,-1
20,69.0439,-1
21,71.5702,-1
22,74.2254,-1
23,77.8506,-1
24,82.3824,-1
25,85.4573,-1
26,90.0357,-1
27,94.3067,-1
28,98.7737,-1
29,102.9387,-1
30,104.3658,-1
31,107.1527,-1
32,110.2977,-1
33,113.3919,-1
34,117.1017,-1
35,120.6589,-1
36,123.0826,-1
37,121.2823,-1
38,128.4590,-1
39,127.4891,-1
40,129.7023,-1
41,132.4153,-1
42,134.6281,-1
43,136.6267,-1
44,139.0302,-1
45,143.8580,-1
46,146.2991,-1
47,148.3965,-1
48,151.0198,-1
49,153.4939,-1
50,156.3730,-1
51,159.0867,-1
52,161.5281,-1
53,163.7378,-1
54,166.1854,-1
55,168.5221,-1
56,170.7778,-1
57,173.0399,-1
58,176.4164,-1
59,178.9196,-1
60,181.4222,-1
61,183.1658,-1
62,184.6943,-1
63,185.7927,-1
64,185.2217,-1
65,186.9218,-1
66,191.9534,-1
67,195.8129,-1
68,198.6184,-1
69,201.4430,-1
70,204.1326,-1
71,206.3036,-1
72,209.1596,-1
73,212.3773,-1
74,215.8358,-1
75,218.3192,-1
76,220.8960,-1
77,223.5892,-1
78,221.7653,-1
79,223.7091,-1
80,225.3833,-1
81,228.0679,-1
82,230.1505,-1
83,232.2443,-1
84,234.4811,-1
85,238.1279,-1
86,241.0238,-1
87,242.0082,-1
88,244.4172,-1
89,247.1900,-1
90,250.4699,-1
91,253.1719,-1
92,255.0836,-1
93,257.5948,-1
94,261.1036,-1
95,263.7687,-1
96,266.8207,-1
97,270.2310,-1
98,272.5022,-1
99,274.6916,-1
100,279.1648,-1
101,282.2001,-1
102,283.8385,-1
103,285.8474,-1
104,288.1596,-1
105,290.2589,-1
106,293.3667,-1
107,297.1585,-1
108,300.3025,-1
109,302.9428,-1
110,305.5735,-1
111,307.8866,-1
112,310.3023,-1
113,311.7468,-1
114,313.0815,-1
115,315.0814,-1
116,319.4141,-1
117,322.0682,-1
118,325.3224,-1
119,331.7952,-1
120,335.1641,-1
121,337.4434,-1
122,339.7422,-1
123,342.3300,-1
124,344.2616,-1
125,344.8689,-1
126,347.6489,-1
127,350.0950,-1
128,349.9544,-1
129,353.5497,-1
130,356.4696,-1
131,357.9714,-1
132,360.5981,-1
133,363.8260,-1
134,366.7052,-1
135,369.8092,-1
136,371.6075,-1
137,373.7326,-1
138,378.3627,-1
139,382.8902,-1
140,395.1256,-1
141,397.2514,-1
142,399.4784,-1
143,401.1757,-1
144,402.5743,-1
145,403.4121,-1
146,404.5150,-1
147,406.0235,-1
148,407.3582,-1
149,408.6699,-1
150,410.1357,-1
151,411.2675,-1
152,412.8814,-1
153,414.1421,-1
154,415.6909,-1
155,416.8379,-1
156,417.8059,-1
157,418.8511,-1
158,420.9836,-1
159,422.9991,-1
160,425.3116,-1
161,427.9752,-1
162,429.4713,-1
163,431.9394,-1
164,433.4731,-1
165,435.0493,-1
166,436.2168,-1
167,438.9329,-1
168,441.0093,-1
169,444.4168,-1
170,448.7011,-1
171,451.2191,-1
172,457.7646,-1
173,456.4323,-1
174,457.0968,-1
175,458.7200,-1
176,461.1170,-1
177,463.2585,-1
178,466.5530,-1
179,469.7514,-1
180,472.6870,-1
181,474.4036,-1
182,475.9552,-1
183,478.2176,-1
184,480.5424,-1
185,482.2257,-1
186,485.0852,-1
187,487.8161,-1
188,489.9008,-1
189,492.4026,-1
190,494.9048,-1
191,497.0248,-1
192,499.2177,-1
193,501.9991,-1
194,504.6270,-1
195,506.9315,-1
196,509.4552,-1
197,511.3215,-1
198,514.1468,-1
199,516.7840,-1
200,520.0171,-1
201,522.8355,-1
202,524.3995,-1
203,526.3548,-1
204,527.7710,-1
205,528.0149,-1
206,528.5873,-1
207,529.2401,-1
208,530.6852,-1
209,532.3834,-1
210,533.7884,-1
211,535.4352,-1
212,537.0355,-1
213,539.3503,-1
214,541.3332,-1
215,543.0622,-1
216,545.8729,-1
217,548.8844,-1
218,551.8153,-1
219,554.8892,-1
220,558.5680,-1
221,556.1223,-1
222,558.9979,-1
223,564.9402,-1
224,569.1061,-1
225,571.9759,-1
226,576.2770,-1
227,580.7686,-1
228,587.9576,-1
229,592.6552,-1
230,597.9486,-1
231,603.2014,-1
232,606.7121,-1
233,610.0311,-1
234,612.7987,-1
235,617.0447,-1
236,619.6260,-1
237,624.3751,-1
238,629.6856,-1
239,634.3434,-1
240,636.2121,-1
241,642.0166,-1
242,646.2026,-1
243,643.0497,-1
244,647.2502,-1
245,649.5817,-1
246,651.6376,-1
247,653.1935,-1
248,656.2340,-1
249,658.0155,-1
250,660.6300,-1
251,663.2760,-1
252,664.8788,-1
253,668.5774,-1
254,671.0470,-1
255,672.9546,-1
256,675.9362,-1
257,677.8276,-1
258,680.9480,-1
259,682.8208,-1
260,685.2329,-1
261,687.0379,-1
262,689.2693,-1
263,687.3577,-1
264,689.3997,-1
265,691.8588,-1
266,694.5045,-1
267,696.7406,-1
268,698.7939,-1
269,700.7167,-1
270,702.9350,-1
271,705.1167,-1
272,707.0193,-1
273,710.0604,-1
274,714.1936,-1
275,716.2423,-1
276,718.2293,-1
277,721.0031,-1
278,723.3505,-1
279,725.4419,-1
280,728.5190,-1
281,730.4680,-1
282,732.7323,-1
283,734.6556,-1
284,736.9590,-1
285,738.9996,-1
286,740.8023,-1
287,742.5616,-1
288,744.3974,-1
289,745.9691,-1
290,742.9101,-1
291,744.5657,-1
292,747.8440,-1
293,749.8903,-1
294,751.7664,-1
295,754.3287,-1
296,755.7628,-1
297,757.1940,-1
298,758.5037,-1
299,759.8658,-1
300,761.6386,-1
301,763.2599,-1
302,765.1865,-1
303,766.8257,-1
304,768.4085,-1
305,768.1446,-1
306,771.0881,-1
307,774.0626,-1
308,777.8013,-1
309,782.2444,-1
310,788.4521,-1
311,789.1641,-1
312,791.3947,-1
313,796.6635,-1
314,798.8722,-1
315,802.7337,-1
316,809.2213,-1
317,814.4915,-1
318,820.3604,-1
319,823.3604,-1
320,829.6108,-1
321,834.9004,-1
322,837.4040,-1
323,840.0173,-1
324,844.4314,-1
325,850.4636,-1
326,856.5464,-1
327,861.2287,-1
328,866.0755,-1
329,871.2704,-1
330,876.6937,-1
331,884.4509,-1
332,889.9090,-1
333,894.7978,-1
334,904.1703,-1
335,910.5945,-1
336,916.9548,-1
337,918.6573,-1
338,922.2510,-1
339,924.4864,-1
340,926.9841,-1
341,928.4449,-1
342,929.7714,-1
343,931.0167,-1
344,932.6575,-1
345,934.1581,-1
346,935.1943,-1
347,938.2801,-1
348,943.9769,-1
349,945.1890,-1
350,947.0654,-1
351,948.7481,-1
352,950.0768,-1
353,952.6541,-1
354,955.3452,-1
355,958.4529,-1
356,961.0994,-1
357,965.5139,-1
358,969.0084,-1
359,972.1136,-1
360,976.5587,-1
361,980.2921,-1
362,986.3172,-1
363,993.7875,-1
364,995.5447,-1
365,1004.1838,-1
366,1006.3171,-1
367,1008.9695,-1
368,1015.2755,-1
369,1022.3355,-1
370,1031.7156,-1
371,1038.5432,-1
372,1046.0501,-1
373,1053.5610,-1
374,1061.9004,-1
375,1069.4857,-1
376,1070.1590,-1
377,1077.3878,-1
378,1082.8183,-1
379,1088.2306,-1
380,1093.4079,-1
381,1101.5100,-1
382,1110.2839,-1
383,1115.7475,-1
384,1123.7121,-1
385,1128.5810,-1
386,1131.1419,-1
387,1134.5282,-1
388,1135.8807,-1
389,1137.2504,-1
390,1140.0895,-1
391,1142.4115,-1
392,1146.5156,-1
393,1148.7622,-1
394,1152.0224,-1
395,1154.4108,-1
396,1154.7253,-1
397,1157.7780,-1
398,1163.6472,-1
399,1165.1740,-1
400,1168.0865,-1
401,1171.7758,-1
402,1173.3713,-1
403,1176.5525,-1
404,1178.9179,-1
405,1182.0459,-1
406,1185.5328,-1
407,1187.0124,-1
408,1190.9294,-1
409,1195.5545,-1
410,1200.6814,-1
411,1205.2746,-1
412,1209.0003,-1
413,1213.5236,-1
414,1217.4714,-1
415,1219.9993,-1
416,1223.0549,-1
417,1225.7226,-1
418,1230.7148,-1
419,1232.9056,-1
420,1237.9348,-1
421,1239.3358,-1
422,1243.1881,-1
423,1251.5574,-1
424,1255.2671,-1
425,1263.8254,-1
426,1269.5937,-1
427,1270.6783,-1
428,1277.0505,-1
429,1285.1636,-1
430,1291.6386,-1
431,1296.1183,-1
432,1301.0695,-1
433,1305.7942,-1
434,1309.7847,-1
435,1312.1626,-1
436,1313.8745,-1
437,1315.6164,-1
438,1317.7953,-1
439,1319.7258,-1
440,1322.4015,-1
441,1324.7616,-1
442,1328.3856,-1
443,1331.9619,-1
444,1335.0215,-1
445,1338.2304,-1
446,1343.0073,-1
447,1346.2155,-1
448,1348.2971,-1
449,1350.0018,-1
450,1352.3755,-1
451,1357.2834,-1
452,1359.2956,-1
453,1362.6800,-1
454,1367.1415,-1
455,1372.5214,-1
456,1378.3903,-1
457,1380.0006,-1
458,1387.3773,-1
459,1387.9936,-1
460,1392.8230,-1
461,1396.0476,-1
462,1397.9275,-1
463,1400.4927,-1
464,1404.6254,-1
465,1408.1895,-1
466,1411.0217,-1
467,1414.2644,-1
468,1420.0878,-1
469,1421.6833,-1
470,1425.0722,-1
471,1428.5185,-1
472,1431.9463,-1
473,1436.3039,-1
474,1437.7759,-1
475,1441.5805,-1
476,1444.2091,-1
477,1446.1677,-1
478,1449.0433,-1
479,1451.6943,-1
480,1454.0656,-1
481,1456.1145,-1
482,1457.7262,-1
483,1459.2164,-1
484,1460.9241,-1
485,1463.2251,-1
486,1466.0852,-1
487,1468.3042,-1
488,1471.1933,-1
489,1473.5312,-1
490,1475.9796,-1
491,1477.7129,-1
492,1479.7456,-1
493,1482.9178,-1
494,1484.6432,-1
495,1485.8184,-1
496,1487.2787,-1
497,1489.5096,-1
498,1492.9533,-1
499,1496.0723,-1
500,1499.4526,-1
501,1502.5826,-1
502,1505.1904,-1
503,1509.4666,-1
504,1512.3794,-1
505,1515.5177,-1
506,1520.6814,-1
507,1522.5298,-1
508,1525.6646,-1
509,1544.3215,-1
510,1545.2087,-1
511,1544.2998,-1
512,1553.8151,-1
513,1559.4699,-1
514,1560.2665,-1
515,1562.2332,-1
516,1567.4660,-1
517,1577.6949,-1
518,1579.2162,-1
519,1590.0447,-1
520,1595.3205,-1
521,1598.7492,-1
522,1598.3367,-1
523,1602.3617,-1
524,1607.3129,-1
525,1611.1655,-1
526,1611.4020,-1
527,1612.8643,-1
528,1616.7879,-1
529,1621.0124,-1
530,1622.9987,-1
531,1624.3651,-1
532,1627.3777,-1
533,1629.9305,-1
534,1633.5425,-1
535,1636.1420,-1
536,1638.7875,-1
537,1640.9204,-1
538,1644.0775,-1
539,1646.2829,-1
540,1648.9196,-1
541,1651.5198,-1
542,1653.4438,-1
543,1657.0044,-1
544,1659.8959,-1
545,1661.8741,-1
546,1665.6058,-1
547,1668.5121,-1
548,1671.0451,-1
549,1673.5888,-1
550,1679.8306,-1
551,1680.4626,-1
552,1684.1946,-1
553,1686.0538,-1
554,1690.5341,-1
555,1693.4919,-1
556,1696.3217,-1
557,1699.0588,-1
558,1702.0965,-1
559,1723.9327,-1
560,1732.2576,-1
561,1736.5720,-1
562,1740.6268,-1
563,1742.1520,-1
564,1747.5519,-1
565,1748.6191,-1
566,1751.5299,-1
567,1756.6209,-1
568,1759.4478,-1
569,1762.3098,-1
570,1766.2182,-1
571,1766.6268,-1
572,1768.7938,-1
573,1771.9324,-1
574,1773.8240,-1
575,1776.5279,-1
576,1777.1211,-1
577,1780.0751,-1
578,1783.9773,-1
579,1787.2124,-1
580,1790.9164,-1
581,1792.7814,-1
582,1795.7435,-1
583,1801.1670,-1
584,1804.5959,-1
585,1806.4203,-1
586,1809.2301,-1
587,1817.6839,-1
588,1822.8452,-1
589,1823.6175,-1
590,1830.6530,-1
591,1832.4945,-1
592,1834.8217,-1
593,1837.6989,-1
594,1840.8206,-1
595,1843.1649,-1
596,1845.3543,-1
597,1850.0187,-1
598,1853.7135,-1
599,1855.4139,-1
600,1857.6753,-1
601,1860.0633,-1
602,1861.7337,-1
603,1864.7621,-1
604,1867.5628,-1
605,1870.6906,-1
606,1872.8688,-1
607,1875.5205,-1
608,1876.2770,-1
609,1879.8962,-1
610,1881.9945,-1
611,1884.4082,-1
612,1887.9943,-1
613,1891.5510,-1
614,1894.9404,-1
615,1897.3305,-1
616,1900.3818,-1
617,1903.5838,-1
618,1905.2787,-1
619,1908.2077,-1
620,1912.2374,-1
621,1915.6122,-1
622,1917.3501,-1
623,1920.1202,-1
624,1922.1506,-1
625,1926.9514,-1
626,1929.6658,-1
627,1932.2424,-1
628,1934.8228,-1
629,1939.4782,-1
630,1942.7519,-1
631,1946.3589,-1
632,1948.7071,-1
633,1952.6107,-1
634,1954.2890,-1
635,1955.9278,-1
636,1957.9756,-1
637,1958.5881,-1
638,1960.7112,-1
639,1963.6519,-1
640,1965.4949,-1
641,1967.5677,-1
642,1971.0371,-1
643,1979.0139,-1
644,1980.4261,-1
645,1979.2509,-1
646,1978.0965,-1
647,1979.5337,-1
648,1982.8486,-1
649,1986.8324,-1
650,1989.3310,-1
651,1991.7040,-1
652,1993.0935,-1
653,1994.4668,-1
654,1995.5220,-1
655,1996.6042,-1
656,1998.2255,-1
657,2001.2372,-1
658,2003.8464,-1
659,2005.9462,-1
660,2006.8824,-1
661,2007.9875,-1
662,2009.7990,-1
663,2011.8148,-1
664,2013.0799,-1
665,2014.3595,-1
666,2015.6326,-1
667,2016.4683,-1
668,2017.4837,-1
669,2019.4545,-1
670,2021.0385,-1
671,2022.2766,-1
672,2023.0811,-1
673,2024.4582,-1
674,2025.1808,-1
675,2026.2744,-1
676,2027.7104,-1
677,2029.4678,-1
678,2030.7591,-1
679,2033.2577,-1
680,2034.3945,-1
681,2035.0420,-1
682,2036.1378,-1
683,2038.8288,-1
684,2041.5397,-1
685,2043.2687,-1
686,2044.2400,-1
687,2045.4087,-1
688,2046.4118,-1
689,2047.9021,-1
690,2048.9457,-1
691,2051.0783,-1
692,2053.4828,-1
693,2055.5768,-1
694,2057.8692,-1
695,2060.7660,-1
696,2062.5634,-1
697,2063.4687,-1
698,2064.5974,-1
699,2065.7418,-1
700,2066.7164,-1
701,2068.0165,-1
702,2069.2630,-1
703,2070.3642,-1
704,2071.4717,-1
705,2072.4487,-1
706,2073.0450,-1
707,2074.2121,-1
708,2074.8899,-1
709,2076.5007,-1
710,2077.4679,-1
711,2078.5129,-1
712,2079.5884,-1
713,2080.5476,-1
714,2081.4221,-1
715,2082.5346,-1
716,2083.5660,-1
717,2084.7023,-1
718,2085.5091,-1
719,2086.7329,-1
720,2088.1910,-1
721,2089.1318,-1
722,2090.2619,-1
723,2091.4023,-1
724,2092.7584,-1
725,2093.7693,-1
726,2094.7940,-1
727,2095.7549,-1
728,2097.1320,-1
729,2097.8224,-1
730,2098.6221,-1
731,2099.5722,-1
732,2100.3382,-1
733,2101.2471,-1
734,2102.2465,-1
735,2103.2026,-1
736,2104.7020,-1
737,2105.6099,-1
738,2106.7340,-1
739,2108.4368,-1
740,2110.6486,-1
741,2112.6826,-1
742,2115.2773,-1
743,2117.6162,-1
744,2119.9141,-1
745,2122.0303,-1
746,2124.4678,-1
747,2126.9643,-1
748,2129.1442,-1
749,2131.3760,-1
750,2133.3232,-1
751,2135.5855,-1
752,2138.0215,-1
753,2139.5133,-1
754,2140.8060,-1
755,2141.9144,-1
756,2142.9768,-1
757,2144.1677,-1
758,2145.4024,-1
759,2146.6455,-1
760,2147.8546,-1
761,2149.0264,-1
762,2150.3551,-1
763,2151.4199,-1
764,2152.5726,-1
765,2153.8024,-1
766,2154.5162,-1
767,2156.2834,-1
768,2157.3386,-1
769,2158.4308,-1
770,2159.4884,-1
771,2160.6989,-1
772,2160.6529,-1
773,2161.4883,-1
774,2162.3352,-1
775,2163.2996,-1
776,2164.2036,-1
777,2165.4866,-1
778,2166.7993,-1
779,2166.9064,-1
780,2168.1812,-1
781,2169.1158,-1
782,2169.8329,-1
783,2171.1280,-1
784,2172.4665,-1
785,2173.1598,-1
786,2174.2628,-1
787,2175.1752,-1
788,2176.2962,-1
789,2177.4473,-1
790,2178.3929,-1
791,2179.7528,-1
792,2181.1626,-1
793,2182.4460,-1
794,2183.2228,-1
795,2184.5181,-1
796,2185.7834,-1
797,2186.6732,-1
798,2187.9170,-1
799,2189.0466,-1
800,2190.3162,-1
801,2191.1950,-1
802,2192.4293,-1
803,2193.0733,-1
804,2194.0553,-1
805,2194.8812,-1
806,2196.2099,-1
807,2197.5815,-1
808,2198.6685,-1
809,2199.7743,-1
810,2200.7551,-1
811,2201.6354,-1
812,2202.8399,-1
813,2203.7237,-1
814,2205.2555,-1
815,2206.9619,-1
816,2208.6194,-1
817,2210.6936,-1
818,2212.4763,-1
819,2214.5600,-1
820,2216.5644,-1
821,2218.6573,-1
822,2220.7336,-1
823,2222.5068,-1
824,2224.2312,-1
825,2225.7936,-1
826,2226.6762,-1
827,2228.6048,-1
828,2231.6782,-1
829,2234.6940,-1
830,2236.9494,-1
831,2239.3117,-1
832,2241.8666,-1
833,2244.9915,-1
834,2247.3314,-1
835,2249.1510,-1
836,2250.4158,-1
837,2252.3291,-1
838,2254.3159,-1
839,2257.0913,-1
840,2259.4187,-1
841,2261.4427,-1
842,2263.4890,-1
843,2265.1639,-1
844,2266.7425,-1
845,2268.6160,-1
846,2270.3853,-1
847,2272.2564,-1
848,2274.6675,-1
849,2276.3960,-1
850,2278.6589,-1
851,2280.3950,-1
852,2281.8322,-1
853,2283.0296,-1
854,2284.2183,-1
855,2285.1357,-1
856,2286.3452,-1
857,2287.9436,-1
858,2288.7800,-1
859,2289.3934,-1
860,2290.3965,-1
861,2291.4915,-1
862,2292.6302,-1
863,2293.8581,-1
864,2294.8787,-1
865,2295.9361,-1
866,2296.9673,-1
867,2297.8892,-1
868,2298.8870,-1
869,2299.9401,-1
870,2300.9505,-1
871,2301.7023,-1
872,2302.9182,-1
873,2304.0488,-1
874,2304.9927,-1
875,2306.2570,-1
876,2307.4162,-1
877,2308.3959,-1
878,2309.4323,-1
879,2310.3564,-1
880,2311.2903,-1
881,2312.2551,-1
882,2313.1979,-1
883,2314.3744,-1
884,2315.4163,-1
885,2316.5390,-1
886,2317.5735,-1
887,2318.5771,-1
888,2319.5317,-1
889,2320.6925,-1
890,2321.6646,-1
891,2322.8283,-1
892,2323.9176,-1
893,2325.2964,-1
894,2326.4999,-1
895,2327.3389,-1
896,2328.3279,-1
897,2329.3979,-1
898,2330.5633,-1
899,2331.3918,-1
900,2332.3383,-1
901,2332.8397,-1
902,2334.1448,-1
903,2335.1285,-1
904,2335.9735,-1
905,2336.7553,-1
906,2337.7757,-1
907,2337.9595,-1
908,2339.0310,-1
909,2340.0559,-1
910,2341.1667,-1
911,2342.2616,-1
912,2342.6094,-1
913,2343.3161,-1
914,2344.3661,-1
915,2344.7731,-1
916,2345.7816,-1
917,2346.8895,-1
918,2347.8746,-1
919,2348.9904,-1
920,2350.2338,-1
921,2351.3370,-1
922,2352.4926,-1
923,2353.6248,-1
924,2354.7094,-1
925,2354.9349,-1
926,2355.4502,-1
927,2355.8748,-1
928,2356.9045,-1
929,2358.0785,-1
930,2359.4086,-1
931,2360.4572,-1
932,2361.6533,-1
933,2363.2264,-1
934,2364.6660,-1
935,2364.9850,-1
936,2366.4796,-1
937,2367.6777,-1
938,2368.8006,-1
939,2369.9796,-1
940,2371.0947,-1
941,2372.3454,-1
942,2373.2939,-1
943,2374.4094,-1
944,2375.4618,-1
945,2376.5826,-1
946,2377.7330,-1
947,2378.9861,-1
948,2380.4646,-1
949,2381.5846,-1
950,2382.5936,-1
951,2383.6370,-1
952,2384.6662,-1
953,2385.2277,-1
954,2386.1549,-1
955,2387.3634,-1
956,2388.5684,-1
957,2389.7216,-1
958,2390.6465,-1
959,2391.1490,-1
960,2391.8138,-1
961,2392.8416,-1
962,2393.9502,-1
963,2395.6015,-1
964,2396.7052,-1
965,2397.8648,-1
966,2398.4568,-1
967,2398.8714,-1
968,2399.5478,-1
969,2400.5859,-1
970,2401.5942,-1
971,2402.5953,-1
972,2402.7658,-1
973,2403.8785,-1
974,2404.7804,-1
975,2405.7946,-1
976,2406.6916,-1
977,2407.8798,-1
978,2408.8221,-1
979,2410.0294,-1
980,2410.7273,-1
981,2411.7055,-1
982,2412.9682,-1
983,2414.1531,-1
984,2413.8322,-1
985,2415.1919,-1
986,2416.3830,-1
987,2417.4473,-1
988,2418.5114,-1
989,2419.4741,-1
990,2420.3861,-1
991,2421.3059,-1
992,2422.5807,-1
993,2423.9833,-1
994,2424.9811,-1
995,2425.9501,-1
996,2426.9154,-1
997,2427.5534,-1
998,2428.6661,-1
999,2430.1591,-1
1000,2431.3307,-1
1001,2432.3757,-1
1002,2433.4731,-1
1003,2434.5145,-1
1004,2434.9575,-1
1005,2435.8974,-1
1006,2436.8477,-1
1007,2437.9835,-1
1008,2438.7708,-1
1009,2439.6424,-1
1010,2440.7122,-1
1011,2441.6032,-1
1012,2442.4641,-1
1013,2443.3625,-1
1014,2444.7134,-1
1015,2445.7507,-1
1016,2446.5172,-1
1017,2448.0603,-1
1018,2449.0547,-1
1019,2450.0856,-1
1020,2450.6505,-1
1021,2451.9153,-1
1022,2453.0826,-1
1023,2454.1507,-1
1024,2455.1682,-1
1025,2455.7962,-1
1026,2456.6910,-1
1027,2457.7439,-1
1028,2459.0564,-1
1029,2460.4225,-1
1030,2461.5712,-1
1031,2462.5356,-1
1032,2466.6760,-1
1033,2468.1995,-1
1034,2470.9256,-1
1035,2473.1023,-1
1036,2474.7453,-1
1037,2476.7458,-1
1038,2478.3406,-1
1039,2480.6414,-1
1040,2481.8606,-1
1041,2483.8018,-1
1042,2486.3236,-1
1043,2487.5090,-1
1044,2490.0942,-1
1045,2492.5616,-1
1046,2494.8750,-1
1047,2496.8698,-1
1048,2499.1715,-1
1049,2500.8361,-1
1050,2503.1245,-1
1051,2505.2111,-1
1052,2507.1857,-1
1053,2508.2657,-1
1054,2510.2558,-1
1055,2511.0950,-1
1056,2513.6583,-1
1057,2515.9030,-1
1058,2517.7584,-1
1059,2520.4782,-1
1060,2522.6521,-1
1061,2524.9362,-1
1062,2527.4625,-1
1063,2529.7248,-1
1064,2532.0303,-1
1065,2533.8473,-1
1066,2535.6030,-1
1067,2539.3214,-1
1068,2541.7578,-1
1069,2544.6484,-1
1070,2548.5942,-1
1071,2551.5692,-1
1072,2554.3318,-1
1073,2556.3455,-1
1074,2558.5573,-1
1075,2560.6928,-1
1076,2563.2191,-1
1077,2565.7256,-1
1078,2568.0544,-1
1079,2570.2088,-1
1080,2572.4869,-1
1081,2575.6032,-1
1082,2581.0525,-1
1083,2598.4480,-1
1084,2608.1762,-1
1085,2607.2440,-1
1086,2606.3142,-1
1087,2605.1829,-1
1088,2604.1710,-1
1089,2603.1876,-1
1090,2602.0970,-1
1091,2605.9675,-1
1092,2611.7918,-1
1093,2611.8274,-1
1094,2614.1632,-1
1095,2615.9992,-1
1096,2617.8868,-1
1097,2619.8137,-1
1098,2622.3214,-1
1099,2625.1495,-1
1100,2627.0950,-1
1101,2629.9038,-1
1102,2632.1142,-1
1103,2633.2176,-1
1104,2636.4353,-1
1105,2638.8321,-1
1106,2640.8474,-1
1107,2642.1473,-1
1108,2644.4905,-1
1109,2647.2054,-1
1110,2649.8923,-1
1111,2652.2551,-1
1112,2654.4549,-1
1113,2656.4407,-1
1114,2659.3211,-1
1115,2660.9042,-1
1116,2663.0459,-1
1117,2665.4403,-1
1118,2667.6896,-1
1119,2669.9560,-1
1120,2672.7252,-1
1121,2675.1690,-1
1122,2676.6298,-1
1123,2680.7044,-1
1124,2682.6863,-1
1125,2687.4411,-1
1126,2691.4682,-1
1127,2693.3737,-1
1128,2697.1269,-1
1129,2699.8968,-1
1130,2703.2573,-1
1131,2706.6100,-1
1132,2728.6952,-1
1133,2729.5415,-1
1134,2728.7958,-1
1135,2728.1344,-1
1136,2727.6168,-1
1137,2727.0973,-1
1138,2727.4883,-1
1139,2730.5989,-1
1140,2735.5506,-1
1141,2737.5722,-1
1142,2742.5416,-1
1143,2747.0891,-1
1144,2749.4977,-1
1145,2752.0518,-1
1146,2756.9499,-1
1147,2760.0162,-1
1148,2762.4018,-1
1149,2764.5299,-1
1150,2765.9495,-1
1151,2767.5872,-1
1152,2771.1084,-1
1153,2773.6239,-1
1154,2776.7777,-1
1155,2779.8340,-1
1156,2782.0067,-1
1157,2784.0810,-1
1158,2786.6049,-1
1159,2788.5535,-1
1160,2791.0638,-1
1161,2793.4446,-1
1162,2795.4061,-1
1163,2798.3816,-1
1164,2801.5759,-1
1165,2804.4615,-1
1166,2806.7803,-1
1167,2809.0718,-1
1168,2811.5871,-1
1169,2814.9035,-1
1170,2817.2398,-1
1171,2820.3773,-1
1172,2822.2947,-1
1173,2824.8899,-1
1174,2827.0051,-1
1175,2829.1039,-1
1176,2831.2359,-1
1177,2833.6480,-1
1178,2836.2000,-1
1179,2838.3055,-1
1180,2840.2903,-1
1181,2842.7808,-1
1182,2845.1469,-1
1183,2847.7559,-1
1184,2850.6730,-1
1185,2852.8838,-1
1186,2856.0855,-1
1187,2858.5801,-1
1188,2860.6811,-1
1189,2863.1079,-1
1190,2865.6080,-1
1191,2868.1059,-1
1192,2871.9938,-1
1193,2872.9184,-1
1194,2874.7044,-1
1195,2877.4297,-1
1196,2880.1818,-1
1197,2882.8683,-1
1198,2884.0637,-1
1199,2886.1527,-1
1200,2887.9590,-1
1201,2890.6238,-1
1202,2892.2665,-1
1203,2893.8940,-1
1204,2896.3139,-1
1205,2898.6237,-1
1206,2901.9108,-1
1207,2909.2789,-1
1208,2915.7786,-1
1209,2920.8992,-1
1210,2925.9148,-1
1211,2929.7078,-1
1212,2929.7400,-1
1213,2929.7750,-1
1214,2930.2013,-1
1215,2933.7420,-1
1216,2937.9985,-1
1217,2940.5820,-1
1218,2942.8723,-1
1219,2944.9131,-1
1220,2947.2144,-1
1221,2949.2605,-1
1222,2951.1366,-1
1223,2952.6443,-1
1224,2954.0141,-1
1225,2954.7999,-1
1226,2955.7092,-1
1227,2956.7800,-1
1228,2958.2162,-1
1229,2961.1051,-1
1230,2970.3372,-1
1231,2969.2934,-1
1232,2968.0209,-1
1233,2974.3166,-1
1234,2976.2611,-1
1235,2977.9978,-1
1236,2980.0541,-1
1237,2982.4896,-1
1238,2984.2517,-1
1239,2985.9939,-1
1240,2987.8831,-1
1241,2989.6863,-1
1242,2991.8363,-1
1243,2993.7131,-1
1244,2995.8506,-1
1245,2997.6127,-1
1246,2999.4195,-1
1247,3000.7591,-1
1248,3002.9004,-1
1249,3005.1100,-1
1250,3006.8951,-1
1251,3008.3282,-1
1252,3009.1043,-1
1253,3010.1161,-1
1254,3011.2000,-1
1255,3012.0451,-1
1256,3013.1052,-1
1257,3014.2350,-1
1258,3015.4762,-1
1259,3017.3807,-1
1260,3018.2362,-1
1261,3019.0082,-1
1262,3019.7308,-1
1263,3020.7081,-1
1264,3022.6145,-1
1265,3024.5860,-1
1266,3027.2763,-1
1267,3029.9208,-1
1268,3031.1546,-1
1269,3032.8939,-1
1270,3034.8957,-1
1271,3035.6669,-1
1272,3036.5844,-1
1273,3037.8652,-1
1274,3038.9078,-1
1275,3039.8495,-1
1276,3041.9061,-1
1277,3044.1935,-1
1278,3046.2694,-1
1279,3048.7425,-1
1280,3051.8286,-1
1281,3053.7968,-1
1282,3055.4936,-1
1283,3058.0764,-1
1284,3059.5634,-1
1285,3060.2009,-1
1286,3060.5495,-1
1287,3061.4207,-1
1288,3063.7259,-1
1289,3066.4892,-1
1290,3067.6405,-1
1291,3068.8486,-1
1292,3070.1158,-1
1293,3071.4126,-1
1294,3072.3488,-1
1295,3073.7715,-1
1296,3074.6822,-1
1297,3076.6821,-1
1298,3077.7295,-1
1299,3078.5203,-1
1300,3080.9011,-1
1301,3083.3170,-1
1302,3085.6180,-1
1303,3087.1820,-1
1304,3089.1809,-1
1305,3090.8909,-1
1306,3092.4447,-1
1307,3093.5905,-1
1308,3094.2831,-1
1309,3095.0782,-1
1310,3095.7041,-1
1311,3096.8428,-1
1312,3097.4634,-1
1313,3098.4292,-1
1314,3099.2699,-1
1315,3100.3823,-1
1316,3100.9827,-1
1317,3101.4867,-1
1318,3102.4933,-1
1319,3102.9737,-1
1320,3104.0473,-1
1321,3104.7659,-1
1322,3105.6805,-1
1323,3106.5650,-1
1324,3107.8653,-1
1325,3108.6731,-1
1326,3109.4823,-1
1327,3110.2464,-1
1328,3111.3260,-1
1329,3112.3981,-1
1330,3113.2975,-1
1331,3114.4800,-1
1332,3115.1812,-1
1333,3116.2307,-1
1334,3117.3160,-1
1335,3118.9704,-1
1336,3120.0380,-1
1337,3121.4402,-1
1338,3122.5431,-1
1339,3123.4071,-1
1340,3123.0156,-1
1341,3123.6033,-1
1342,3123.9607,-1
1343,3124.9120,-1
1344,3125.9258,-1
1345,3127.0459,-1
1346,3127.9447,-1
1347,3129.2756,-1
1348,3130.3387,-1
1349,3131.3632,-1
1350,3132.0505,-1
1351,3132.7875,-1
1352,3135.0801,-1
1353,3136.7903,-1
1354,3138.6232,-1
1355,3141.4111,-1
1356,3143.4350,-1
1357,3145.7183,-1
1358,3148.3500,-1
1359,3150.3699,-1
1360,3152.6818,-1
1361,3154.9222,-1
1362,3155.9932,-1
1363,3159.0219,-1
1364,3162.6208,-1
1365,3166.5738,-1
1366,3170.4040,-1
1367,3170.6660,-1
1368,3172.9679,-1
1369,3175.2841,-1
1370,3178.9682,-1
1371,3183.7659,-1
1372,3185.9162,-1
1373,3188.4904,-1
1374,3191.4644,-1
1375,3193.8198,-1
1376,3195.3752,-1
1377,3198.2851,-1
1378,3200.8147,-1
1379,3203.4149,-1
1380,3206.0292,-1
1381,3208.5505,-1
1382,3211.1464,-1
1383,3214.0896,-1
1384,3216.2809,-1
1385,3218.5619,-1
1386,3220.9752,-1
1387,3223.3007,-1
1388,3225.3709,-1
1389,3227.9899,-1
1390,3229.9917,-1
1391,3232.0595,-1
1392,3234.3416,-1
1393,3236.6843,-1
1394,3238.9071,-1
1395,3241.3621,-1
1396,3243.2473,-1
1397,3245.8372,-1
1398,3247.8397,-1
1399,3250.0446,-1
1400,3252.3456,-1
1401,3254.1761,-1
1402,3255.8942,-1
1403,3258.2328,-1
1404,3260.5462,-1
1405,3262.9094,-1
1406,3265.4326,-1
1407,3267.6868,-1
1408,3269.6972,-1
1409,3272.1159,-1
1410,3274.9298,-1
1411,3277.0314,-1
1412,3281.6083,-1
1413,3290.2632,-1
1414,3292.2928,-1
1415,3296.6347,-1
1416,3295.4924,-1
1417,3294.3528,-1
1418,3293.3517,-1
1419,3292.3028,-1
1420,3293.4651,-1
1421,3296.1383,-1
1422,3305.7895,-1
1423,3305.9425,-1
1424,3306.7935,-1
1425,3306.7195,-1
1426,3307.2724,-1
1427,3308.5670,-1
1428,3309.8755,-1
1429,3315.2833,-1
1430,3316.0148,-1
1431,3327.6646,-1
1432,3327.6045,-1
1433,3329.1867,-1
1434,3328.1860,-1
1435,3334.2884,-1
1436,3336.1456,-1
1437,3337.7407,-1
1438,3340.8344,-1
1439,3342.7320,-1
1440,3346.4706,-1
1441,3349.1058,-1
1442,3351.7857,-1
1443,3354.7719,-1
1444,3357.9481,-1
1445,3360.8758,-1
1446,3363.3416,-1
1447,3366.8067,-1
1448,3369.6043,-1
1449,3371.9227,-1
1450,3373.3430,-1
1451,3376.2429,-1
1452,3391.2647,-1
1453,3401.5832,-1
1454,3403.6131,-1
1455,3405.6048,-1
1456,3405.1793,-1
1457,3405.1895,-1
1458,3405.3302,-1
1459,3409.9295,-1
1460,3411.2978,-1
1461,3412.0686,-1
1462,3416.2614,-1
1463,3420.0530,-1
1464,3421.5515,-1
1465,3424.2170,-1
1466,3427.4483,-1
1467,3431.0830,-1
1468,3431.9935,-1
1469,3432.4450,-1
1470,3435.1275,-1
1471,3436.3370,-1
1472,3444.7355,-1
1473,3452.7214,-1
1474,3460.1924,-1
1475,3466.1853,-1
1476,3467.7722,-1
1477,3469.1963,-1
1478,3472.4545,-1
1479,3473.6090,-1
1480,3476.7060,-1
1481,3481.2505,-1
1482,3482.5914,-1
1483,3504.0586,-1
1484,3504.1597,-1
1485,3505.4102,-1
1486,3510.8140,-1
1487,3514.7874,-1
1488,3516.3784,-1
1489,3517.9486,-1
1490,3523.9213,-1
1491,3527.9200,-1
1492,3532.7680,-1
1493,3537.3464,-1
1494,3541.6338,-1
1495,3545.5036,-1
1496,3549.8097,-1
1497,3549.2067,-1
1498,3549.5842,-1
1499,3553.3633,-1
1500,3554.4384,-1
1501,3555.1229,-1
1502,3555.3765,-1
1503,3555.5429,-1
1504,3554.7044,-1
1505,3556.7791,-1
1506,3557.3525,-1
1507,3558.3689,-1
1508,3558.2428,-1
1509,3555.4790,-1
1510,3554.9502,-1
1511,3556.6697,-1
1512,3549.8912,-1
1513,3552.3646,-1
1514,3552.0780,-1
1515,3553.2246,-1
1516,3553.9677,-1
1517,3548.9321,-1
1518,3547.9646,-1
1519,3547.3852,-1
1520,3548.5284,-1
1521,3547.4806,-1
1522,3548.1436,-1
1523,3546.8254,-1
1524,3545.6281,-1
1525,3545.3920,-1
1526,3541.1501,-1
1527,3538.3356,-1
1528,3537.7805,-1
1529,3538.6450,-1
1530,3536.4797,-1
1531,3537.2508,-1
1532,3535.2473,-1
1533,3535.4385,-1
1534,3536.3195,-1
1535,3532.6667,-1
1536,3532.7985,-1
1537,3532.1870,-1
1538,3534.7564,-1
1539,3535.0289,-1
1540,3534.0822,-1
1541,3532.8007,-1
1542,3532.4850,-1
1543,3530.4294,-1
1544,3529.5420,-1
1545,3528.2142,-1
1546,3525.8648,-1
1547,3526.3820,-1
1548,3524.8985,-1
1549,3524.8697,-1
1550,3522.8140,-1
1551,3522.2402,-1
1552,3520.7989,-1
1553,3521.4665,-1
1554,3519.2893,-1
1555,3516.8149,-1
1556,3515.6639,-1
1557,3516.6271,-1
1558,3511.7950,-1
1559,3509.6178,-1
1560,3506.9876,-1
1561,3505.3902,-1
1562,3503.5992,-1
1563,3498.5628,-1
1564,3494.6196,-1
1565,3493.5634,-1
1566,3487.7558,-1
1567,3487.4890,-1
1568,3486.2516,-1
1569,3480.4142,-1
1570,3478.2360,-1
1571,3477.3331,-1
1572,3468.7924,-1
1573,3465.1096,-1
1574,3459.4004,-1
1575,3457.8154,-1
1576,3457.7584,-1
1577,3456.1436,-1
1578,3451.8042,-1
1579,3454.1609,-1
1580,3450.2475,-1
1581,3451.5741,-1
1582,3453.3777,-1
1583,3447.4113,-1
1584,3447.3505,-1
1585,3443.5036,-1
1586,3441.8788,-1
1587,3441.3884,-1
1588,3440.6831,-1
1589,3441.7655,-1
1590,3442.1844,-1
1591,3442.2393,-1
1592,3441.6115,-1
1593,3441.6759,-1
1594,3441.2851,-1
1595,3441.3476,-1
1596,3440.0527,-1
1597,3439.8866,-1
1598,3440.3145,-1
1599,3440.5527,-1
1600,3440.5901,-1
1601,3438.7195,-1
1602,3438.0333,-1
1603,3436.5497,-1
1604,3435.1881,-1
1605,3432.1485,-1
1606,3432.0955,-1
1607,3432.9309,-1
1608,3434.1178,-1
1609,3430.2914,-1
1610,3436.7526,-1
1611,3436.2810,-1
1612,3435.6241,-1
1613,3431.6573,-1
1614,3428.4689,-1
1615,3429.8441,-1
1616,3430.3179,-1
1617,3431.3276,-1
1618,3430.0833,-1
1619,3429.9841,-1
1620,3429.1527,-1
1621,3429.1229,-1
1622,3430.1772,-1
1623,3431.5777,-1
1624,3431.3481,-1
1625,3431.1736,-1
1626,3429.3749,-1
1627,3428.3550,-1
1628,3428.4244,-1
1629,3424.5908,-1
1630,3419.7919,-1
1631,3418.1321,-1
1632,3417.8209,-1
1633,3436.7883,-1
1634,3432.2505,-1
1635,3431.4506,-1
1636,3427.6960,-1
1637,3425.6129,-1
1638,3424.5944,-1
1639,3423.6386,-1
1640,3421.3777,-1
1641,3417.4223,-1
1642,3419.0629,-1
1643,3417.0260,-1
1644,3411.5222,-1
1645,3411.5632,-1
1646,3408.0591,-1
1647,3402.0739,-1
1648,3398.0165,-1
1649,3396.1942,-1
1650,3394.0523,-1
1651,3391.0336,-1
1652,3389.7510,-1
1653,3391.2659,-1
1654,3390.6882,-1
1655,3388.0124,-1
1656,3385.9739,-1
1657,3384.5446,-1
1658,3385.7119,-1
1659,3387.0628,-1
1660,3385.6497,-1
1661,3386.0037,-1
1662,3384.0127,-1
1663,3385.0214,-1
1664,3384.3129,-1
1665,3383.3823,-1
1666,3384.0313,-1
1667,3383.4517,-1
1668,3382.1466,-1
1669,3381.2487,-1
1670,3380.7609,-1
1671,3379.9274,-1
1672,3378.2904,-1
1673,3378.0420,-1
1674,3377.3868,-1
1675,3377.6479,-1
1676,3376.3962,-1
1677,3374.9294,-1
1678,3373.8852,-1
1679,3373.2979,-1
1680,3373.6687,-1
1681,3372.4997,-1
1682,3376.4083,-1
1683,3375.3107,-1
1684,3375.1435,-1
1685,3373.4455,-1
1686,3371.3319,-1
1687,3370.2800,-1
1688,3369.5903,-1
1689,3369.2410,-1
1690,3368.1033,-1
1691,3369.1819,-1
1692,3369.1101,-1
1693,3370.6155,-1
1694,3370.2095,-1
1695,3370.9297,-1
1696,3369.2346,-1
1697,3370.9650,-1
1698,3369.6244,-1
1699,3369.6728,-1
1700,3370.6729,-1
1701,3373.2388,-1
1702,3371.7401,-1
1703,3373.9426,-1
1704,3373.5206,-1
1705,3370.7399,-1
1706,3370.0910,-1
1707,3369.4253,-1
1708,3369.5891,-1
1709,3370.7969,-1
1710,3370.9443,-1
1711,3371.1283,-1
1712,3372.8058,-1
1713,3373.9715,-1
1714,3372.2184,-1
1715,3371.9983,-1
1716,3374.1388,-1
1717,3375.6816,-1
1718,3375.9480,-1
1719,3375.8371,-1
1720,3375.8419,-1
1721,3377.0933,-1
1722,3377.3153,-1
1723,3378.4673,-1
1724,3378.5079,-1
1725,3379.2822,-1
1726,3379.7591,-1
1727,3380.9581,-1
1728,3382.3845,-1
1729,3383.3876,-1
1730,3383.9474,-1
1731,3384.2101,-1
1732,3386.7652,-1
1733,3387.2445,-1
1734,3386.4439,-1
1735,3385.5956,-1
1736,3387.1028,-1
1737,3386.9832,-1
1738,3388.6163,-1
1739,3388.9394,-1
1740,3388.7918,-1
1741,3389.9038,-1
1742,3389.7820,-1
1743,3390.6043,-1
1744,3391.7058,-1
1745,3392.2668,-1
1746,3393.7869,-1
1747,3394.9783,-1
1748,3393.7294,-1
1749,3392.4530,-1
1750,3392.0398,-1
1751,3391.5422,-1
1752,3390.2001,-1
1753,3400.5067,-1
1754,3402.5116,-1
1755,3400.4507,-1
1756,3407.2065,-1
1757,3408.7288,-1
1758,3410.2600,-1
1759,3408.8359,-1
1760,3407.6285,-1
1761,3406.3442,-1
1762,3407.2969,-1
1763,3408.5841,-1
1764,3409.9636,-1
1765,3411.1440,-1
1766,3412.5278,-1
1767,3413.9545,-1
1768,3416.5702,-1
1769,3417.7952,-1
1770,3418.3972,-1
1771,3419.4107,-1
1772,3422.0474,-1
1773,3421.7782,-1
1774,3422.5636,-1
1775,3423.4643,-1
1776,3423.7702,-1
1777,3423.7249,-1
1778,3423.9788,-1
1779,3427.9351,-1
1780,3429.0709,-1
1781,3429.5549,-1
1782,3431.6337,-1
1783,3433.4266,-1
1784,3435.3118,-1
1785,3436.8596,-1
1786,3437.4380,-1
1787,3440.3131,-1
1788,3441.3919,-1
1789,3443.0313,-1
1790,3444.6239,-1
1791,3445.0874,-1
1792,3447.2475,-1
1793,3448.3216,-1
1794,3449.3055,-1
1795,3449.9395,-1
1796,3449.5499,-1
1797,3449.6112,-1
1798,3448.9911,-1
1799,3449.7669,-1
1800,3450.4299,-1
1801,3450.0535,-1
1802,3448.7591,-1
1803,3447.6538,-1
1804,3445.7033,-1
1805,3445.1797,-1
1806,3444.8440,-1
1807,3444.7670,-1
1808,3444.4499,-1
1809,3443.2235,-1
1810,3443.2299,-1
1811,3444.6437,-1
1812,3445.2343,-1
1813,3444.8438,-1
1814,3444.0556,-1
1815,3443.8620,-1
1816,3443.8372,-1
1817,3442.9071,-1
1818,3442.7135,-1
1819,3442.4810,-1
1820,3442.1554,-1
1821,3441.8445,-1
1822,3441.6127,-1
1823,3441.2062,-1
1824,3439.8623,-1
1825,3439.4436,-1
1826,3439.1475,-1
1827,3438.9806,-1
1828,3438.8299,-1
1829,3438.5457,-1
1830,3438.6344,-1
1831,3438.4246,-1
1832,3438.3349,-1
1833,3438.2291,-1
1834,3438.0131,-1
1835,3437.8049,-1
1836,3438.4148,-1
1837,3438.8425,-1
1838,3438.6261,-1
1839,3438.5505,-1
1840,3438.4451,-1
1841,3437.2137,-1
1842,3436.8815,-1
1843,3436.7878,-1
1844,3436.8160,-1
1845,3436.4581,-1
1846,3436.2779,-1
1847,3436.3179,-1
1848,3435.9939,-1
1849,3435.8602,-1
1850,3435.4784,-1
1851,3436.6333,-1
1852,3437.8018,-1
1853,3437.8202,-1
1854,3438.7093,-1
1855,3439.5046,-1
1856,3440.0628,-1
1857,3441.2565,-1
1858,3442.3869,-1
1859,3443.7809,-1
1860,3443.5780,-1
1861,3444.1342,-1
1862,3445.8792,-1
1863,3445.1499,-1
1864,3445.9851,-1
1865,3446.8086,-1
1866,3447.2716,-1
1867,3447.6717,-1
1868,3447.9990,-1
1869,3447.9804,-1
1870,3448.7596,-1
1871,3449.3728,-1
1872,3449.3110,-1
1873,3448.6043,-1
1874,3447.4270,-1
1875,3446.1138,-1
1876,3444.8814,-1
1877,3443.3680,-1
1878,3442.0571,-1
1879,3441.0019,-1
1880,3440.4943,-1
1881,3439.0037,-1
1882,3438.8566,-1
1883,3438.5705,-1
1884,3437.4242,-1
1885,3434.5975,-1
1886,3432.0686,-1
1887,3431.7360,-1
1888,3428.9927,-1
1889,3427.4137,-1
1890,3425.8451,-1
1891,3424.6681,-1
1892,3423.7988,-1
1893,3424.5515,-1
1894,3424.1064,-1
1895,3423.6615,-1
1896,3422.4992,-1
1897,3421.6068,-1
1898,3419.2772,-1
1899,3419.0052,-1
1900,3419.0946,-1
1901,3420.2127,-1
1902,3419.6713,-1
1903,3419.3902,-1
1904,3417.9127,-1
1905,3416.2664,-1
1906,3415.0984,-1
1907,3413.8410,-1
1908,3413.5048,-1
1909,3412.3106,-1
1910,3412.0877,-1
1911,3411.8669,-1
1912,3411.5720,-1
1913,3411.3972,-1
1914,3411.2246,-1
1915,3409.8423,-1
1916,3409.5545,-1
1917,3409.3702,-1
1918,3409.1742,-1
1919,3409.0035,-1
1920,3409.2281,-1
1921,3408.4496,-1
1922,3408.3450,-1
1923,3408.1013,-1
1924,3408.0472,-1
1925,3407.8617,-1
1926,3407.6970,-1
1927,3407.6796,-1
1928,3407.5439,-1
1929,3407.3250,-1
1930,3407.1560,-1
1931,3406.8949,-1
1932,3406.7473,-1
1933,3406.9257,-1
1934,3406.9366,-1
1935,3406.7883,-1
1936,3406.6503,-1
1937,3406.4832,-1
1938,3406.2622,-1
1939,3405.9985,-1
1940,3405.8809,-1
1941,3405.7252,-1
1942,3406.3220,-1
1943,3408.4568,-1
1944,3409.9028,-1
1945,3410.8076,-1
1946,3412.2248,-1
1947,3413.0847,-1
1948,3414.2563,-1
1949,3415.8354,-1
1950,3416.4689,-1
1951,3417.3923,-1
1952,3418.7193,-1
1953,3419.8270,-1
1954,3420.1176,-1
1955,3420.2871,-1
1956,3423.8565,-1
1957,3425.2341,-1
1958,3425.6761,-1
1959,3424.6666,-1
1960,3424.0644,-1
1961,3425.3411,-1
1962,3424.9678,-1
1963,3424.9043,-1
1964,3424.7501,-1
1965,3425.2121,-1
1966,3426.2936,-1
1967,3427.4263,-1
1968,3428.3853,-1
1969,3429.0147,-1
1970,3430.1505,-1
1971,3431.2103,-1
1972,3432.5917,-1
1973,3433.5070,-1
1974,3434.4652,-1
1975,3435.4711,-1
1976,3436.2285,-1
1977,3437.3198,-1
1978,3438.3426,-1
1979,3439.3468,-1
1980,3440.6981,-1
1981,3441.6451,-1
1982,3442.9038,-1
1983,3443.1355,-1
1984,3444.9253,-1
1985,3445.9360,-1
1986,3446.6879,-1
1987,3447.8714,-1
1988,3448.8113,-1
1989,3449.8179,-1
1990,3453.0120,-1
1991,3447.6478,-1
1992,3449.8556,-1
1993,3452.0071,-1
1994,3453.7642,-1
1995,3455.6987,-1
1996,3456.9576,-1
1997,3457.9403,-1
1998,3459.9433,-1
1999,3463.1290,-1
2000,3465.0745,-1
2001,3466.0294,-1
2002,3468.7271,-1
2003,3476.7988,-1
2004,3488.8556,-1
2005,3485.2459,-1
2006,3484.3507,-1
2007,3483.5980,-1
2008,3484.8092,-1
2009,3486.1875,-1
2010,3487.6330,-1
2011,3490.8104,-1
2012,3492.3058,-1
2013,3493.7391,-1
2014,3495.1508,-1
2015,3496.7737,-1
2016,3498.4453,-1
2017,3499.7354,-1
2018,3501.1950,-1
2019,3502.9891,-1
2020,3502.8872,-1
2021,3503.9403,-1
2022,3504.7820,-1
2023,3505.4779,-1
2024,3506.4893,-1
2025,3507.6916,-1
2026,3510.0694,-1
2027,3509.5143,-1
2028,3510.2646,-1
2029,3511.6980,-1
2030,3512.7876,-1
2031,3514.6983,-1
2032,3515.4948,-1
2033,3516.2854,-1
2034,3517.4270,-1
2035,3518.7724,-1
2036,3519.8407,-1
2037,3520.8356,-1
2038,3521.7631,-1
2039,3522.9549,-1
2040,3525.1966,-1
2041,3526.6421,-1
2042,3527.7309,-1
2043,3527.2839,-1
2044,3528.2102,-1
2045,3529.0389,-1
2046,3530.2982,-1
2047,3531.3280,-1
2048,3532.2077,-1
2049,3533.3095,-1
2050,3534.4541,-1
2051,3535.7144,-1
2052,3536.5431,-1
2053,3537.7903,-1
2054,3539.2461,-1
2055,3540.0689,-1
2056,3538.9681,-1
2057,3538.8713,-1
2058,3538.7161,-1
2059,3538.5945,-1
2060,3538.2996,-1
2061,3538.6229,-1
2062,3538.4438,-1
2063,3538.2442,-1
2064,3538.3790,-1
2065,3538.3415,-1
2066,3538.3575,-1
2067,3538.2788,-1
2068,3538.2602,-1
2069,3538.0886,-1
2070,3537.8594,-1
2071,3537.6906,-1
2072,3537.5762,-1
2073,3535.9046,-1
2074,3536.8531,-1
2075,3536.7713,-1
2076,3536.5949,-1
2077,3536.4103,-1
2078,3535.0406,-1
2079,3534.9402,-1
2080,3534.8027,-1
2081,3534.9147,-1
2082,3534.5831,-1
2083,3534.4272,-1
2084,3534.3113,-1
2085,3533.9932,-1
2086,3534.0726,-1
2087,3534.0617,-1
2088,3533.3028,-1
2089,3533.6189,-1
2090,3530.1206,-1
2091,3527.8440,-1
2092,3525.5086,-1
2093,3525.3515,-1
2094,3523.7896,-1
2095,3523.5825,-1
2096,3522.2919,-1
2097,3521.0211,-1
2098,3519.7296,-1
2099,3518.3947,-1
2100,3517.0887,-1
2101,3515.3973,-1
2102,3514.1726,-1
2103,3512.1109,-1
2104,3511.1084,-1
2105,3509.6691,-1
2106,3508.2603,-1
2107,3507.0336,-1
2108,3505.7781,-1
2109,3504.3507,-1
2110,3504.2133,-1
2111,3503.0196,-1
2112,3501.5733,-1
2113,3500.3185,-1
2114,3498.8768,-1
2115,3496.0110,-1
2116,3494.7143,-1
2117,3493.4726,-1
2118,3492.1961,-1
2119,3491.0185,-1
2120,3489.6612,-1
2121,3488.7633,-1
2122,3487.0045,-1
2123,3486.6064,-1
2124,3484.5510,-1
2125,3481.7929,-1
2126,3480.4685,-1
2127,3478.0490,-1
2128,3475.6730,-1
2129,3473.3858,-1
2130,3473.3336,-1
2131,3472.1580,-1
2132,3470.8228,-1
2133,3468.3702,-1
2134,3467.7076,-1
2135,3466.3713,-1
2136,3465.0240,-1
2137,3463.7620,-1
2138,3462.4465,-1
2139,3462.2397,-1
2140,3454.7081,-1
2141,3456.8548,-1
2142,3454.5286,-1
2143,3450.5968,-1
2144,3451.5007,-1
2145,3452.6887,-1
2146,3453.3198,-1
2147,3451.9992,-1
2148,3445.1213,-1
2149,3444.2658,-1
2150,3444.4301,-1
2151,3438.6876,-1
2152,3436.5890,-1
2153,3435.2353,-1
2154,3433.9945,-1
2155,3432.7996,-1
2156,3430.8574,-1
2157,3429.7111,-1
2158,3428.4508,-1
2159,3426.0840,-1
2160,3424.7801,-1
2161,3421.9077,-1
2162,3420.5413,-1
2163,3418.8228,-1
2164,3418.6461,-1
2165,3417.3408,-1
2166,3414.9046,-1
2167,3413.5399,-1
2168,3412.1945,-1
2169,3410.7771,-1
2170,3408.4644,-1
2171,3407.1608,-1
2172,3405.8659,-1
2173,3403.8818,-1
2174,3403.5032,-1
2175,3401.0375,-1
2176,3399.8482,-1
2177,3398.5584,-1
2178,3397.4545,-1
2179,3396.1313,-1
2180,3393.3423,-1
2181,3391.1297,-1
2182,3386.4810,-1
2183,3382.6318,-1
2184,3382.3383,-1
2185,3378.6149,-1
2186,3377.2864,-1
2187,3373.6978,-1
2188,3371.7117,-1
2189,3370.4982,-1
2190,3367.8925,-1
2191,3367.7235,-1
2192,3363.0881,-1
2193,3363.9884,-1
2194,3363.8468,-1
2195,3357.9600,-1
2196,3357.6624,-1
2197,3350.7648,-1
2198,3349.3109,-1
2199,3346.4794,-1
2200,3343.7495,-1
2201,3343.3599,-1
2202,3343.3244,-1
2203,3339.5731,-1
2204,3337.1916,-1
2205,3336.4129,-1
2206,3337.2834,-1
2207,3338.2378,-1
2208,3338.1653,-1
2209,3336.5774,-1
2210,3335.2263,-1
2211,3334.2288,-1
2212,3333.5943,-1
2213,3332.2082,-1
2214,3331.8474,-1
2215,3331.8155,-1
2216,3332.5636,-1
2217,3329.4034,-1
2218,3331.3379,-1
2219,3329.9365,-1
2220,3327.9107,-1
2221,3325.5196,-1
2222,3322.9065,-1
2223,3321.6236,-1
2224,3319.8967,-1
2225,3317.8580,-1
2226,3316.3028,-1
2227,3314.9407,-1
2228,3312.4864,-1
2229,3310.9105,-1
2230,3309.5870,-1
2231,3308.2190,-1
2232,3307.7815,-1
2233,3305.1846,-1
2234,3304.9936,-1
2235,3302.2652,-1
2236,3302.0542,-1
2237,3300.4072,-1
2238,3299.3279,-1
2239,3296.6285,-1
2240,3294.9588,-1
2241,3293.6676,-1
2242,3292.1605,-1
2243,3289.7117,-1
2244,3287.5495,-1
2245,3286.5779,-1
2246,3284.6234,-1
2247,3282.9354,-1
2248,3280.7789,-1
2249,3280.7708,-1
2250,3275.9080,-1
2251,3277.2045,-1
2252,3275.4943,-1
2253,3273.8357,-1
2254,3272.7070,-1
2255,3273.6950,-1
2256,3272.6116,-1
2257,3276.3624,-1
2258,3277.3116,-1
2259,3277.8671,-1
2260,3275.8725,-1
2261,3274.8110,-1
2262,3276.1846,-1
2263,3276.7026,-1
2264,3274.1380,-1
2265,3270.5343,-1
2266,3268.6529,-1
2267,3262.7597,-1
2268,3256.6454,-1
2269,3260.1213,-1
2270,3261.1957,-1
2271,3261.4958,-1
2272,3260.4384,-1
2273,3257.8416,-1
2274,3257.5259,-1
2275,3258.0578,-1
2276,3257.0415,-1
2277,3257.2603,-1
2278,3257.0081,-1
2279,3255.9342,-1
2280,3255.7359,-1
2281,3254.4155,-1
2282,3254.1621,-1
2283,3253.9659,-1
2284,3253.6991,-1
2285,3252.4030,-1
2286,3253.1931,-1
2287,3253.2854,-1
2288,3253.5105,-1
2289,3254.5364,-1
2290,3243.3841,-1
2291,3242.8896,-1
2292,3241.8776,-1
2293,3240.4072,-1
2294,3237.1204,-1
2295,3237.7787,-1
2296,3237.2696,-1
2297,3235.7166,-1
2298,3235.6658,-1
2299,3233.4826,-1
2300,3232.1231,-1
2301,3231.8254,-1
2302,3229.2564,-1
2303,3229.1939,-1
2304,3228.7571,-1
2305,3227.3333,-1
2306,3225.7249,-1
2307,3225.0576,-1
2308,3224.9043,-1
2309,3224.6778,-1
2310,3224.8485,-1
2311,3224.6857,-1
2312,3224.3998,-1
2313,3224.0927,-1
2314,3224.9050,-1
2315,3223.3992,-1
2316,3223.3374,-1
2317,3223.1929,-1
2318,3224.0148,-1
2319,3223.8150,-1
2320,3223.2337,-1
2321,3223.0067,-1
2322,3221.9014,-1
2323,3219.2171,-1
2324,3217.7055,-1
2325,3217.8302,-1
2326,3216.6362,-1
2327,3215.3611,-1
2328,3214.9420,-1
2329,3216.1891,-1
2330,3216.2576,-1
2331,3216.2032,-1
2332,3216.0416,-1
2333,3214.2520,-1
2334,3212.9164,-1
2335,3212.5342,-1
2336,3209.0347,-1
2337,3208.0009,-1
2338,3207.8381,-1
2339,3206.1739,-1
2340,3204.2594,-1
2341,3203.7547,-1
2342,3203.6908,-1
2343,3203.5027,-1
2344,3203.1796,-1
2345,3202.2173,-1
2346,3200.6886,-1
2347,3200.4652,-1
2348,3200.2640,-1
2349,3200.2878,-1
2350,3199.0001,-1
2351,3198.7557,-1
2352,3199.2843,-1
2353,3199.3098,-1
2354,3197.9697,-1
2355,3197.9139,-1
2356,3196.9423,-1
2357,3196.6248,-1
2358,3193.8941,-1
2359,3193.8286,-1
2360,3192.3404,-1
2361,3192.0216,-1
2362,3190.6548,-1
2363,3189.4948,-1
2364,3189.2929,-1
2365,3188.9632,-1
2366,3189.7542,-1
2367,3189.5866,-1
2368,3189.4147,-1
2369,3189.3628,-1
2370,3189.2552,-1
2371,3189.1654,-1
2372,3189.0543,-1
2373,3188.7944,-1
2374,3188.8533,-1
2375,3188.6435,-1
2376,3189.8561,-1
2377,3189.7383,-1
2378,3189.6448,-1
2379,3189.5161,-1
2380,3189.3013,-1
2381,3188.9362,-1
2382,3188.8504,-1
2383,3188.5834,-1
2384,3189.2753,-1
2385,3189.1418,-1
2386,3188.9474,-1
2387,3188.7136,-1
2388,3188.4727,-1
2389,3188.3905,-1
2390,3188.3535,-1
2391,3188.1859,-1
2392,3187.9330,-1
2393,3187.6097,-1
2394,3187.6500,-1
2395,3187.3581,-1
2396,3187.1116,-1
2397,3187.3224,-1
2398,3187.0861,-1
2399,3186.9590,-1
2400,3187.9199,-1
2401,3187.7079,-1
2402,3187.7091,-1
2403,3187.0832,-1
2404,3186.8792,-1
2405,3186.7406,-1
2406,3186.7168,-1
2407,3186.5931,-1
2408,3185.3247,-1
2409,3185.1697,-1
2410,3184.1753,-1
2411,3183.8341,-1
2412,3181.0923,-1
2413,3181.0415,-1
2414,3179.1704,-1
2415,3177.4976,-1
2416,3175.6043,-1
2417,3175.2703,-1
2418,3173.3427,-1
2419,3174.1588,-1
2420,3171.5584,-1
2421,3167.8517,-1
2422,3165.6394,-1
2423,3163.5244,-1
2424,3160.9740,-1
2425,3159.6599,-1
2426,3158.3719,-1
2427,3156.4362,-1
2428,3151.9165,-1
2429,3150.7514,-1
2430,3149.5068,-1
2431,3147.0058,-1
2432,3145.6306,-1
2433,3144.5844,-1
2434,3143.3816,-1
2435,3140.9054,-1
2436,3139.5254,-1
2437,3138.1476,-1
2438,3135.4048,-1
2439,3134.1040,-1
2440,3132.7035,-1
2441,3131.3527,-1
2442,3129.8041,-1
2443,3128.6042,-1
2444,3127.5473,-1
2445,3126.0185,-1
2446,3123.6563,-1
2447,3123.5652,-1
2448,3122.1907,-1
2449,3120.9030,-1
2450,3119.6291,-1
2451,3118.3457,-1
2452,3117.0228,-1
2453,3115.3991,-1
2454,3113.9688,-1
2455,3112.6633,-1
2456,3111.1052,-1
2457,3109.8723,-1
2458,3108.4754,-1
2459,3103.5156,-1
2460,3102.8526,-1
2461,3101.4481,-1
2462,3100.0369,-1
2463,3098.4471,-1
2464,3097.5726,-1
2465,3096.4143,-1
2466,3094.0487,-1
2467,3095.1715,-1
2468,3094.2760,-1
2469,3091.5620,-1
2470,3091.6867,-1
2471,3092.4628,-1
2472,3093.1356,-1
2473,3093.5466,-1
2474,3093.2150,-1
2475,3091.6328,-1
2476,3085.5587,-1
2477,3084.4009,-1
2478,3080.4060,-1
2479,3079.1125,-1
2480,3076.7744,-1
2481,3075.4316,-1
2482,3075.2759,-1
2483,3075.1567,-1
2484,3073.4842,-1
2485,3067.6825,-1
2486,3065.7954,-1
2487,3062.5682,-1
2488,3063.6685,-1
2489,3063.3526,-1
2490,3059.6225,-1
2491,3053.4937,-1
2492,3052.1438,-1
2493,3050.6575,-1
2494,3049.1970,-1
2495,3048.4459,-1
2496,3048.2378,-1
2497,3047.7600,-1
2498,3043.3478,-1
2499,3041.9514,-1
2500,3040.8709,-1
2501,3038.7177,-1
2502,3036.2394,-1
2503,3035.1152,-1
2504,3032.6440,-1
2505,3031.4109,-1
2506,3030.0217,-1
2507,3028.7457,-1
2508,3030.2932,-1
2509,3028.6016,-1
2510,3028.5406,-1
2511,3028.5451,-1
2512,3023.3071,-1
2513,3020.9069,-1
2514,3019.8371,-1
2515,3015.9950,-1
2516,3014.6980,-1
2517,3011.5776,-1
2518,3008.2285,-1
2519,3008.2541,-1
2520,3006.1872,-1
2521,3002.3131,-1
2522,3000.0112,-1
2523,2999.0120,-1
2524,2995.9054,-1
2525,2993.5532,-1
2526,2991.4165,-1
2527,2988.2755,-1
2528,2987.1898,-1
2529,2985.8065,-1
2530,2980.4273,-1
2531,2972.7569,-1
2532,2967.0174,-1
2533,2966.3241,-1
2534,2963.0802,-1
2535,2964.5472,-1
2536,2960.7008,-1
2537,2959.1763,-1
2538,2958.8428,-1
2539,2956.7094,-1
2540,2957.9561,-1
2541,2959.0106,-1
2542,2957.2897,-1
2543,2957.5355,-1
2544,2958.5760,-1
2545,2957.7734,-1
2546,2956.3432,-1
2547,2954.1128,-1
2548,2952.0147,-1
2549,2949.1062,-1
2550,2946.8920,-1
2551,2942.8859,-1
2552,2940.4128,-1
2553,2940.7017,-1
2554,2937.0306,-1
2555,2934.2351,-1
2556,2932.3251,-1
2557,2930.3725,-1
2558,2928.5462,-1
2559,2928.5736,-1
2560,2926.6150,-1
2561,2923.6352,-1
2562,2924.3085,-1
2563,2921.3612,-1
2564,2919.9812,-1
2565,2920.1026,-1
2566,2917.4023,-1
2567,2916.1286,-1
2568,2914.5045,-1
2569,2914.1731,-1
2570,2913.3422,-1
2571,2910.7234,-1
2572,2911.0475,-1
2573,2910.0363,-1
2574,2909.6396,-1
2575,2907.5274,-1
2576,2908.4263,-1
2577,2907.3358,-1
2578,2905.4406,-1
2579,2905.0384,-1
2580,2906.2486,-1
2581,2905.8709,-1
2582,2901.2997,-1
2583,2903.6064,-1
2584,2906.2443,-1
2585,2907.9080,-1
2586,2907.7060,-1
2587,2907.8012,-1
2588,2907.7265,-1
2589,2907.3720,-1
2590,2905.9393,-1
2591,2908.0029,-1
2592,2907.1097,-1
2593,2908.8190,-1
2594,2907.2444,-1
2595,2906.9176,-1
2596,2910.5875,-1
2597,2911.8016,-1
2598,2911.8896,-1
2599,2912.4682,-1
2600,2914.8149,-1
2601,2915.6315,-1
2602,2916.7595,-1
2603,2916.7209,-1
2604,2918.9053,-1
2605,2918.2589,-1
2606,2919.8899,-1
2607,2927.7096,-1
2608,2932.6987,-1
2609,2930.0113,-1
2610,2929.0767,-1
2611,2928.4587,-1
2612,2928.5643,-1
2613,2930.0227,-1
2614,2934.8984,-1
2615,2934.1774,-1
2616,2935.4131,-1
2617,2937.5017,-1
2618,2939.1778,-1
2619,2941.4952,-1
2620,2942.0996,-1
2621,2943.0180,-1
2622,2944.0949,-1
2623,2945.0679,-1
2624,2946.2116,-1
2625,2946.8129,-1
2626,2948.2706,-1
2627,2949.6353,-1
2628,2949.1231,-1
2629,2949.5885,-1
2630,2949.3573,-1
2631,2948.2515,-1
2632,2948.7166,-1
2633,2949.5749,-1
2634,2949.8024,-1
2635,2949.4033,-1
2636,2949.6334,-1
2637,2949.0814,-1
2638,2949.6498,-1
2639,2949.9922,-1
2640,2949.3792,-1
2641,2947.4053,-1
2642,2947.3379,-1
2643,2947.8657,-1
2644,2947.1686,-1
2645,2945.8370,-1
2646,2945.3900,-1
2647,2945.2937,-1
2648,2945.4167,-1
2649,2945.6701,-1
2650,2953.8295,-1
2651,2953.6572,-1
2652,2950.1588,-1
2653,2945.4198,-1
2654,2944.9437,-1
2655,2946.5845,-1
2656,2946.5706,-1
2657,2947.5555,-1
2658,2947.8102,-1
2659,2947.3925,-1
2660,2949.2860,-1
2661,2950.8488,-1
2662,2949.9443,-1
2663,2949.1725,-1
2664,2949.4822,-1
2665,2950.4817,-1
2666,2951.4248,-1
2667,2954.7064,-1
2668,2950.9225,-1
2669,2949.1298,-1
2670,2944.3038,-1
2671,2950.0318,-1
2672,2947.6392,-1
2673,2946.1496,-1
2674,2943.7692,-1
2675,2943.4183,-1
2676,2946.4724,-1
2677,2946.7275,-1
2678,2944.4776,-1
2679,2944.7293,-1
2680,2943.3224,-1
2681,2942.8697,-1
2682,2942.1947,-1
2683,2940.7527,-1
2684,2938.5021,-1
2685,2938.7360,-1
2686,2939.1112,-1
2687,2935.9694,-1
2688,2934.8018,-1
2689,2935.2098,-1
2690,2938.4382,-1
2691,2940.7020,-1
2692,2943.3222,-1
2693,2945.9536,-1
2694,2946.4638,-1
2695,2936.0685,-1
2696,2931.8295,-1
2697,2931.2057,-1
2698,2930.9032,-1
2699,2931.9215,-1
2700,2929.3499,-1
2701,2927.9997,-1
2702,2928.3955,-1
2703,2927.4814,-1
2704,2927.1905,-1
2705,2926.2698,-1
2706,2925.5795,-1
2707,2926.0461,-1
2708,2926.3391,-1
2709,2926.6129,-1
2710,2924.9980,-1
2711,2925.9861,-1
2712,2926.2393,-1
2713,2927.1932,-1
2714,2927.6419,-1
2715,2926.9626,-1
2716,2924.4018,-1
2717,2927.8650,-1
2718,2926.4908,-1
2719,2925.4880,-1
2720,2925.3128,-1
2721,2925.2784,-1
2722,2927.7284,-1
2723,2926.4979,-1
2724,2924.7952,-1
2725,2924.6330,-1
2726,2921.6833,-1
2727,2921.0150,-1
2728,2919.9266,-1
2729,2920.3792,-1
2730,2919.1272,-1
2731,2918.0346,-1
2732,2919.4860,-1
2733,2919.3394,-1
2734,2919.4760,-1
2735,2918.5328,-1
2736,2918.6487,-1
2737,2918.3152,-1
2738,2913.5392,-1
2739,2913.4283,-1
2740,2913.5504,-1
2741,11.9679,0
2742,11.6208,0
2743,11.4200,0
2744,12.1536,0
2745,15.4686,0
2746,14.6971,0
2747,13.3183,0
2748,13.2747,0
2749,22.3401,0
2750,12.7120,0
2751,13.4282,0
2752,13.3750,0
2753,22.6002,0
2754,18.0724,0
2755,11.9872,0
2756,19.3732,0
2757,15.9626,0
2758,14.6217,0
2759,14.1404,0
2760,14.4777,0
2761,12.5220,0
2762,15.9416,0
2763,16.0573,0
2764,14.4346,0
2765,17.0441,0
2766,15.3458,0
2767,13.8826,0
2768,15.9175,0
2769,17.9408,0
2770,12.2619,0
2771,11.4577,0
2772,14.6081,0
2773,16.5412,0
2774,25.4529,0
2775,12.8181,0
2776,12.6510,0
2777,13.5939,0
2778,24.0612,0
2779,20.5698,0
2780,17.0155,0
2781,17.2067,0
2782,15.9230,0
2783,13.7918,0
2784,14.3538,0
2785,15.9633,0
2786,16.7015,0
2787,14.7502,0
2788,12.9411,0
2789,14.2589,0
2790,15.4438,0
2791,26.2282,0
2792,19.8383,0
2793,13.1674,0
2794,16.4366,0
2795,22.5885,0
2796,12.0661,0
2797,12.0828,0
2798,12.6297,0
2799,17.7064,0
2800,12.6863,0
2801,13.0942,0
2802,19.8040,0
2803,16.7382,0
2804,13.5980,0
2805,18.6360,0
2806,12.4443,0
2807,20.6206,0
2808,15.5897,0
2809,19.7184,0
2810,12.9201,0
2811,14.9608,0
2812,12.6295,0
2813,18.5888,0
2814,16.3128,0
2815,13.9682,0
2816,26.3877,0
2817,19.1073,0
2818,17.1266,0
2819,17.1690,0
2820,16.3333,0
2821,18.1959,0
2822,11.6894,0
2823,15.4805,0
2824,12.1298,0
2825,11.9128,0
2826,12.9175,0
2827,16.7830,0
2828,13.2177,0
2829,17.5157,0
2830,15.2433,0
2831,12.4364,0
2832,13.4003,0
2833,15.1639,0
2834,12.7254,0
2835,10.8159,0
2836,14.4582,0
2837,12.9151,0
2838,12.3606,0
2839,13.3615,0
2840,12.3191,0
2841,13.0432,0
2842,13.5822,0
2843,22.5778,0
2844,19.0797,0
2845,18.1937,0
2846,18.0194,0
2847,13.9410,0
2848,16.8018,0
2849,16.4003,0
2850,16.0513,0
2851,16.3398,0
2852,12.1279,0
2853,15.4526,0
2854,16.3760,0
2855,22.9344,0
2856,12.8715,0
2857,16.7463,0
2858,16.3836,0
2859,17.9524,0
2860,20.2394,0
2861,16.4418,0
2862,14.4005,0
2863,10.3073,0
2864,12.7151,0
2865,19.8419,0
2866,19.8259,0
2867,26.4473,0
2868,12.9042,0
2869,22.2044,0
2870,17.2014,0
2871,11.9083,0
2872,8.7323,0
2873,15.9636,0
2874,11.6127,0
2875,11.6379,0
2876,14.7305,0
2877,11.3876,0
2878,11.7738,0
2879,11.5545,0
2880,13.5400,0
2881,11.5869,0
2882,12.0668,0
2883,13.2751,0
2884,18.3578,0
2885,26.7806,0
2886,16.1042,0
2887,11.7760,0
2888,23.6158,0
2889,9.7005,0
2890,16.4297,0
2891,13.7713,0
2892,17.9102,0
2893,13.3595,0
2894,21.1146,0
2895,20.1092,0
2896,17.9739,0
2897,14.4191,0
2898,17.3380,0
2899,14.0800,0
2900,14.5016,0
2901,15.8458,0
2902,15.2724,0
2903,22.1553,0
2904,15.5189,0
2905,14.9820,0
2906,19.1000,0
2907,15.9380,0
2908,18.5330,0
2909,24.4811,0
2910,16.3002,0
2911,15.6524,0
2912,12.7759,0
2913,17.2241,0
2914,12.6894,0
2915,14.7300,0
2916,15.0814,0
2917,14.4374,0
2918,12.4598,0
2919,16.2275,0
2920,17.6523,0
2921,18.5435,0
2922,22.6054,0
2923,14.2293,0
2924,17.1475,0
2925,15.4829,0
2926,11.7483,0
2927,10.5412,0
2928,17.0293,0
2929,13.4952,0
2930,15.5776,0
2931,13.8302,0
2932,11.3208,0
2933,12.6967,0
2934,14.8768,0
2935,14.6337,0
2936,11.6992,0
2937,13.0579,0
2938,18.6610,0
2939,15.7950,0
2940,11.3194,0
2941,15.8057,0
2942,12.1126,0
2943,14.3847,0
2944,12.1057,0
2945,14.0951,0
2946,12.1217,0
2947,16.2644,0
2948,12.3405,0
2949,10.4909,0
2950,17.3769,0
2951,10.7086,0
2952,17.8931,0
2953,17.2203,0
2954,19.2750,0
2955,16.7220,0
2956,14.6141,0
2957,15.9059,0
2958,13.2983,0
2959,20.2713,0
2960,14.1506,0
2961,16.5331,0
2962,21.3561,0
2963,12.9752,0
2964,16.6533,0
2965,12.9251,0
2966,9.5735,0
2967,11.9750,0
2968,12.8403,0
2969,14.3297,0
2970,12.5730,0
2971,15.3632,0
2972,14.1981,0
2973,13.1218,0
2974,11.1516,0
2975,10.5214,0
2976,10.0279,0
2977,10.5748,0
2978,13.8953,0
2979,25.8203,0
2980,13.4759,0
2981,18.6055,0
2982,13.1450,0
2983,16.5875,0
2984,15.5294,0
2985,15.4223,0
2986,16.5138,0
2987,15.4214,0
2988,9.1414,0
2989,14.6487,0
2990,10.3738,0
2991,17.2806,0
2992,14.9410,0
2993,16.2539,0
2994,12.8050,0
2995,15.5644,0
2996,12.4993,0
2997,14.1635,0
2998,14.2651,0
2999,20.6451,0
3000,15.1265,0
3001,14.9367,0
3002,10.9930,0
3003,18.4658,0
3004,16.1970,0
3005,18.1434,0
3006,23.2010,0
3007,21.0207,0
3008,15.7125,0
3009,13.8998,0
3010,14.3754,0
3011,15.3818,0
3012,16.5505,0
3013,17.5719,0
3014,14.6551,0
3015,15.1067,0
3016,38.2791,0
3017,21.6827,0
3018,10.1697,0
3019,11.5983,0
3020,15.6102,0
3021,13.4945,0
3022,15.4741,0
3023,16.2187,0
3024,11.7657,0
3025,13.4168,0
3026,11.1601,0
3027,12.8343,0
3028,22.5995,0
3029,14.0531,0
3030,11.8098,0
3031,16.2663,0
3032,25.9559,0
3033,28.5122,0
3034,14.1888,0
3035,15.3539,0
3036,15.7011,0
3037,14.9686,0
3038,15.8348,0
3039,14.4811,0
3040,12.6324,0
3041,21.6324,0
3042,12.8455,0
3043,12.4943,0
3044,16.0699,0
3045,15.2967,0
3046,14.6587,0
3047,15.9185,0
3048,13.5276,0
3049,18.1398,0
3050,13.3817,0
3051,13.8664,0
3052,14.2961,0
3053,16.7449,0
3054,19.3720,0
3055,18.1150,0
3056,14.8425,0
3057,19.0554,0
3058,18.6789,0
3059,10.4120,0
3060,15.7754,0
3061,14.9264,0
3062,17.2687,0
3063,17.6682,0
3064,13.1583,0
3065,20.6871,0
3066,21.7414,0
3067,12.1713,0
3068,13.6285,0
3069,13.4385,0
3070,21.3397,0
3071,22.9280,0
3072,15.1753,0
3073,13.5250,0
3074,9.8164,0
3075,15.5864,0
3076,14.9343,0
3077,13.4342,0
3078,13.4196,0
3079,13.3874,0
3080,19.8259,0
3081,12.1617,0
3082,10.8974,0
3083,13.2365,0
3084,15.4366,0
3085,16.9826,0
3086,15.6400,0
3087,16.8808,0
3088,15.6219,0
3089,17.2997,0
3090,11.0028,0
3091,10.3159,0
3092,14.1850,0
3093,14.4336,0
3094,12.7938,0
3095,15.3060,0
3096,16.6669,0
3097,24.3011,0
3098,10.4640,0
3099,16.4475,0
3100,15.3403,0
3101,13.9515,0
3102,13.3619,0
3103,17.0302,0
3104,15.0266,0
3105,13.9723,0
3106,16.9585,0
3107,14.2303,0
3108,11.1234,0
3109,12.9769,0
3110,21.2307,0
3111,13.2353,0
3112,22.8715,0
3113,19.9096,0
3114,9.3727,0
3115,11.7111,0
3116,18.9826,0
3117,9.4519,0
3118,13.3624,0
3119,15.4564,0
3120,10.1292,0
3121,17.8306,0
3122,10.9138,0
3123,12.9530,0
3124,21.7855,0
3125,17.6089,0
3126,16.0012,0
3127,21.5409,0
3128,15.9733,0
3129,16.5627,0
3130,14.0972,0
3131,15.9321,0
3132,14.8752,0
3133,12.2085,0
3134,15.1806,0
3135,11.6720,0
3136,22.3784,0
3137,17.1561,0
3138,10.9165,0
3139,16.9194,0
3140,17.8022,0
3141,16.7427,0
3142,16.2635,0
3143,16.2690,0
3144,18.4157,0
3145,14.1296,0
3146,11.8885,0
3147,11.6000,0
3148,10.5674,0
3149,10.3567,0
3150,15.8041,0
3151,17.6146,0
3152,16.4003,0
3153,16.4289,0
3154,14.2138,0
3155,14.2589,0
3156,15.3227,0
3157,16.3395,0
3158,15.8844,0
3159,18.6956,0
3160,10.2997,0
3161,13.6890,0
3162,12.8477,0
3163,23.1543,0
3164,12.3410,0
3165,14.5674,0
3166,15.8277,0
3167,14.4596,0
3168,15.9631,0
3169,14.3819,0
3170,13.5157,0
3171,13.0911,0
3172,20.2708,0
3173,18.7795,0
3174,14.1351,0
3175,14.6413,0
3176,15.4917,0
3177,21.4469,0
3178,17.5323,0
3179,14.5798,0
3180,15.2740,0
3181,16.2678,0
3182,18.0912,0
3183,16.3496,0
3184,16.7511,0
3185,11.7867,0
3186,13.7227,0
3187,14.6532,0
3188,20.2587,0
3189,16.9675,0
3190,10.7887,0
3191,18.7764,0
3192,15.5833,0
3193,11.6539,0
3194,19.2287,0
3195,18.6660,0
3196,14.0924,0
3197,17.4866,0
3198,13.4425,0
3199,11.4102,0
3200,12.9993,0
3201,13.2613,0
3202,12.2526,0
3203,9.2216,0
3204,12.6109,0
3205,15.1892,0
3206,13.2999,0
3207,14.5850,0
3208,14.0197,0
3209,11.7300,0
3210,11.8017,0
3211,12.6095,0
3212,12.7163,0
3213,13.2775,0
3214,9.9721,0
3215,13.2315,0
3216,17.0422,0
3217,15.9948,0
3218,13.7184,0
3219,23.8924,0
3220,15.9101,0
3221,12.4474,0
3222,14.9362,0
3223,11.9433,0
3224,18.7933,0
3225,10.5073,0
3226,13.9880,0
3227,12.2685,0
3228,19.7196,0
3229,16.6378,0
3230,12.9468,0
3231,22.0199,0
3232,10.9353,0
3233,16.9280,0
3234,12.7654,0
3235,15.2428,0
3236,13.3080,0
3237,18.0559,0
3238,11.5080,0
3239,11.6918,0
3240,13.8586,0
3241,8.5547,0
3242,11.0028,0
3243,15.0683,0
3244,12.3906,0
3245,14.2324,0
3246,22.6605,0
3247,19.6345,0
3248,15.0442,0
3249,21.6687,0
3250,12.2752,0
3251,15.0595,0
3252,17.4732,0
3253,16.5336,0
3254,15.7189,0
3255,11.9700,0
3256,9.4795,0
3257,14.5645,0
3258,13.8948,0
3259,14.2937,0
3260,19.1956,0
3261,20.8011,0
3262,16.3414,0
3263,12.4314,0
3264,12.3267,0
3265,15.9905,0
3266,11.3208,0
3267,13.3548,0
3268,13.7746,0
3269,14.4637,0
3270,15.9678,0
3271,23.9725,0
3272,12.4197,0
3273,22.7239,0
3274,10.3514,0
3275,16.4433,0
3276,22.0897,0
3277,16.0058,0
3278,16.4754,0
3279,18.6238,0
3280,13.9029,0
3281,23.5219,0
3282,15.1994,0
3283,11.0247,0
3284,11.5042,0
3285,15.2614,0
3286,13.3672,0
3287,17.0624,0
3288,11.3020,0
3289,19.2525,0
3290,13.1023,0
3291,13.5117,0
3292,11.9941,0
3293,19.4621,0
3294,11.5192,0
3295,16.8014,0
3296,16.0370,0
3297,16.5284,0
3298,12.6493,0
3299,24.2705,0
3300,15.1708,0
3301,12.5058,0
3302,13.5403,0
3303,12.8448,0
3304,17.8068,0
3305,12.4536,0
3306,17.6492,0
3307,19.3534,0
3308,16.0515,0
3309,21.7152,0
3310,14.4844,0
3311,12.1918,0
3312,16.4149,0
3313,21.2195,0
3314,12.9917,0
3315,20.0596,0
3316,16.5472,0
3317,15.5253,0
3318,14.4684,0
3319,14.6186,0
3320,18.4345,0
3321,13.3779,0
3322,17.4680,0
3323,11.1187,0
3324,13.9446,0
3325,23.4284,0
3326,18.9905,0
3327,11.8346,0
3328,13.0796,0
3329,11.9324,0
3330,13.4289,0
3331,12.8775,0
3332,15.2762,0
3333,14.8361,0
3334,16.0370,0
3335,15.2724,0
3336,12.3553,0
3337,17.9842,0
3338,17.0503,0
3339,13.7877,0
3340,13.1993,0
3341,21.7988,0
3342,16.1140,0
3343,15.3356,0
3344,11.2104,0
3345,11.2388,0
3346,12.8615,0
3347,10.0696,0
3348,10.3252,0
3349,10.3011,0
3350,13.0169,0
3351,11.6410,0
3352,11.1871,0
3353,16.2368,0
3354,26.2358,0
3355,14.1723,0
3356,16.2649,0
3357,22.5239,0
3358,15.0678,0
3359,16.9320,0
3360,20.0424,0
3361,16.2351,0
3362,14.9500,0
3363,14.4811,0
3364,14.3154,0
3365,17.6556,0
3366,18.0771,0
3367,14.3664,0
3368,17.2963,0
3369,11.5700,0
3370,20.8147,0
3371,16.4647,0
3372,8.7159,0
3373,14.7946,0
3374,10.0374,0
3375,9.4199,0
3376,13.3519,0
3377,14.0209,0
3378,12.5222,0
3379,12.0659,0
3380,9.1240,0
3381,11.0919,0
3382,13.8633,0
3383,16.7141,0
3384,15.8095,0
3385,22.7482,0
3386,15.7373,0
3387,11.9231,0
3388,12.0375,0
3389,15.2881,0
3390,13.6094,0
3391,12.4462,0
3392,13.8938,0
3393,16.5064,0
3394,13.3972,0
3395,12.5005,0
3396,15.0580,0
3397,16.6011,0
3398,21.9510,0
3399,14.1323,0
3400,17.4475,0
3401,16.7100,0
3402,17.5607,0
3403,12.6836,0
3404,20.2444,0
3405,17.5154,0
3406,13.3626,0
3407,14.6806,0
3408,12.0916,0
3409,10.1933,0
3410,14.7009,0
3411,18.1048,0
3412,21.1723,0
3413,19.2027,0
3414,16.7110,0
3415,18.6503,0
3416,20.0331,0
3417,15.7239,0
3418,11.6584,0
3419,13.3986,0
3420,13.2036,0
3421,21.0731,0
3422,14.2751,0
3423,16.9559,0
3424,11.0924,0
3425,12.8651,0
3426,12.6393,0
3427,10.6418,0
3428,14.5195,0
3429,11.7047,0
3430,10.7806,0
3431,8.4190,0
3432,11.9464,0
3433,11.7419,0
3434,8.8422,0
3435,9.6085,0
3436,10.3078,0
3437,8.5769,0
3438,11.5633,0
3439,17.2198,0
3440,14.1232,0
3441,16.2408,0
3442,15.5029,0
3443,19.9661,0
3444,19.9101,0
3445,15.9297,0
3446,18.4097,0
3447,13.7002,0
3448,14.7853,0
3449,18.8498,0
3450,23.3889,0
3451,20.4446,0
3452,15.8558,0
3453,11.9071,0
3454,13.4313,0
3455,14.9412,0
3456,11.2431,0
3457,9.8331,0
3458,11.2243,0
3459,12.2859,0
3460,14.9117,0
3461,13.1931,0
3462,16.9649,0
3463,13.9616,0
3464,17.8382,0
3465,18.9629,0
3466,13.5593,0
3467,17.0946,0
3468,17.9071,0
3469,13.5334,0
3470,16.3007,0
3471,10.7534,0
3472,10.4744,0
3473,19.0434,0
3474,11.0366,0
3475,9.9738,0
3476,11.1182,0
3477,12.0234,0
3478,13.9034,0
3479,16.2716,0
3480,21.9889,0
3481,10.8538,0
3482,12.0811,0
3483,15.0089,0
3484,16.1550,0
3485,15.1560,0
3486,11.6396,0
3487,12.3665,0
3488,13.2959,0
3489,15.9292,0
3490,15.4541,0
3491,14.2629,0
3492,13.0994,0
3493,14.5795,0
3494,28.8877,0
3495,20.8068,0
3496,9.3000,0
3497,10.9875,0
3498,19.9797,0
3499,15.5401,0
3500,21.6084,0
3501,18.7433,0
3502,16.4907,0
3503,17.6425,0
3504,17.5657,0
3505,23.9749,0
3506,15.2483,0
3507,15.6431,0
3508,12.6841,0
3509,12.8376,0
3510,14.1742,0
3511,18.7211,0
3512,13.3045,0
3513,13.7689,0
3514,12.8646,0
3515,13.1295,0
3516,11.8258,0
3517,12.0561,0
3518,12.4769,0
3519,13.0763,0
3520,13.7839,0
3521,15.2731,0
3522,15.2416,0
3523,13.1717,0
3524,17.1819,0
3525,14.7774,0
3526,20.9334,0
3527,27.9713,0
3528,12.3801,0
3529,10.1721,0
3530,21.3079,0
3531,19.2223,0
3532,18.7175,0
3533,16.6287,0
3534,13.2878,0
3535,13.5403,0
3536,11.1353,0
3537,14.5810,0
3538,14.8757,0
3539,12.2325,0
3540,17.6797,0
3541,14.7965,0
3542,12.0811,0
3543,17.2997,0
3544,16.2766,0
3545,20.1423,0
3546,10.8407,0
3547,14.0631,0
3548,19.6917,0
3549,12.5935,0
3550,17.3168,0
3551,27.9434,0
3552,17.6070,0
3553,17.9088,0
3554,13.4993,0
3555,16.3476,0
3556,22.3904,0
3557,16.1619,0
3558,16.7551,0
3559,17.0577,0
3560,16.4516,0
3561,15.8880,0
3562,14.0424,0
3563,11.1990,0
3564,12.1441,0
3565,17.6394,0
3566,11.5895,0
3567,16.3701,0
3568,18.3802,0
3569,13.4654,0
3570,12.2759,0
3571,14.3766,0
3572,13.5620,0
3573,21.3153,0
3574,13.2153,0
3575,9.9459,0
3576,18.8222,0
3577,25.3239,0
3578,10.7810,0
3579,16.4943,0
3580,13.3989,0
3581,11.3425,0
3582,14.5912,0
3583,19.3863,0
3584,15.4734,0
3585,20.2260,0
3586,13.5882,0
3587,14.3380,0
3588,17.1289,0
3589,13.0918,0
3590,13.5212,0
3591,15.0337,0
3592,9.4252,0
3593,13.6797,0
3594,11.7445,0
3595,12.7721,0
3596,11.5910,0
3597,10.8926,0
3598,15.2807,0
3599,13.9518,0
3600,20.8323,0
3601,16.2802,0
3602,11.3540,0
3603,12.1748,0
3604,21.5557,0
3605,9.5840,0
3606,12.6028,0
3607,14.6253,0
3608,12.2156,0
3609,22.8524,0
3610,13.1624,0
3611,13.4339,0
3612,14.6794,0
3613,17.2310,0
3614,24.9610,0
3615,18.2526,0
3616,13.5703,0
3617,19.7077,0
3618,16.0017,0
3619,10.7670,0
3620,15.6362,0
3621,17.5846,0
3622,15.1563,0
3623,15.0914,0
3624,18.6980,0
3625,17.9648,0
3626,17.6432,0
3627,16.8829,0
3628,14.1501,0
3629,12.9964,0
3630,15.3964,0
3631,14.0312,0
3632,20.1151,0
3633,18.0902,0
3634,13.7782,0
3635,16.6230,0
3636,16.9506,0
3637,10.7248,0
3638,10.6707,0
3639,13.8700,0
3640,15.1231,0
3641,12.8160,0
3642,17.7910,0
3643,15.6789,0
3644,19.4135,0
3645,21.3068,0
3646,18.6830,0
3647,12.9294,0
3648,14.7803,0
3649,12.0475,0
3650,13.3035,0
3651,12.4676,0
3652,12.9454,0
3653,14.4975,0
3654,12.4440,0
3655,11.8043,0
3656,17.0960,0
3657,11.6522,0
3658,13.5715,0
3659,22.3517,0
3660,11.7855,0
3661,25.5756,0
3662,11.7269,0
3663,13.8109,0
3664,16.6152,0
3665,12.2266,0
3666,14.4668,0
3667,13.7682,0
3668,13.3452,0
3669,12.6326,0
3670,28.2702,0
3671,22.0370,0
3672,12.2585,0
3673,13.2782,0
3674,12.6033,0
3675,14.9901,0
3676,11.8365,0
3677,17.2899,0
3678,11.4686,0
3679,12.2414,0
3680,12.4843,0
3681,13.9821,0
3682,11.9634,0
3683,15.6941,0
3684,18.0867,0
3685,12.5840,0
3686,12.8844,0
3687,14.4138,0
3688,15.3627,0
3689,20.8807,0
3690,15.7635,0
3691,18.5657,0
3692,15.8448,0
3693,13.3829,0
3694,11.7640,0
3695,13.5927,0
3696,14.8597,0
3697,16.2199,0
3698,17.1502,0
3699,16.7098,0
3700,16.8624,0
3701,11.8866,0
3702,19.2454,0
3703,13.9561,0
3704,11.8566,0
3705,14.7970,0
3706,15.0063,0
3707,17.5581,0
3708,17.9415,0
3709,11.5612,0
3710,13.2546,0
3711,14.4658,0
3712,12.7773,0
3713,20.8848,0
3714,17.1454,0
3715,11.0397,0
3716,20.0498,0
3717,20.5765,0
3718,12.2070,0
3719,18.9068,0
3720,21.4822,0
3721,12.6252,0
3722,10.2065,0
3723,17.0038,0
3724,12.8982,0
3725,13.2625,0
3726,14.6725,0
3727,16.7973,0
3728,23.4859,0
3729,13.2978,0
3730,14.7870,0
3731,19.7334,0
3732,13.6712,0
3733,16.4022,0
3734,17.8788,0
3735,16.1924,0
3736,14.6773,0
3737,17.6497,0
3738,13.2196,0
3739,15.5988,0
3740,39.2632,0
3741,11.9259,0
3742,19.0265,0
3743,9.6989,0
3744,14.9448,0
3745,18.5328,0
3746,12.0230,0
3747,8.6384,0
3748,11.0695,0
3749,12.1922,0
3750,12.5496,0
3751,16.3457,0
3752,13.2642,0
3753,15.9864,0
3754,15.4479,0
3755,17.2479,0
3756,12.0468,0
3757,18.2545,0
3758,16.8476,0
3759,15.4226,0
3760,17.9598,0
3761,16.7344,0
3762,17.0238,0
3763,14.0440,0
3764,18.9331,0
3765,15.9934,0
3766,13.7887,0
3767,17.7407,0
3768,13.7081,0
3769,17.2625,0
3770,14.2372,0
3771,13.0961,0
3772,18.5192,0
3773,15.0332,0
3774,11.5311,0
3775,17.3929,0
3776,13.8745,0
3777,17.1120,0
3778,13.8502,0
3779,14.8087,0
3780,16.2642,0
3781,12.5260,0
3782,21.6584,0
3783,15.9240,0
3784,11.3864,0
3785,14.2045,0
3786,13.2651,0
3787,13.7784,0
3788,17.1590,0
3789,13.7200,0
3790,20.1144,0
3791,11.9028,0
3792,10.8578,0
3793,16.1185,0
3794,16.1755,0
3795,13.3061,0
3796,19.9161,0
3797,12.5053,0
3798,15.1386,0
3799,17.7705,0
3800,18.3191,0
3801,22.5101,0
3802,19.6049,0
3803,12.7299,0
3804,13.4001,0
3805,11.6234,0
3806,19.6168,0
3807,14.2679,0
3808,22.1694,0
3809,17.4236,0
3810,12.2645,0
3811,19.5563,0
3812,11.7071,0
3813,15.5377,0
3814,17.5247,0
3815,18.7511,0
3816,19.7983,0
3817,19.1684,0
3818,11.9357,0
3819,19.1491,0
3820,11.4813,0
3821,22.2399,0
3822,15.9810,0
3823,13.8342,0
3824,12.8522,0
3825,16.7661,0
3826,17.7455,0
3827,16.5927,0
3828,15.6040,0
3829,21.2479,0
3830,12.6317,0
3831,18.5082,0
3832,11.8911,0
3833,18.8725,0
3834,15.8865,0
3835,9.7990,0
3836,14.4379,0
3837,19.9637,0
3838,14.0507,0
3839,11.6236,0
3840,11.5013,0
3841,15.1658,0
3842,18.1186,0
3843,13.5777,0
3844,18.3439,0
3845,11.4601,0
3846,15.8484,0
3847,13.7365,0
3848,16.0694,0
3849,18.4593,0
3850,20.4692,0
3851,16.5012,0
3852,30.4427,0
3853,16.0091,0
3854,11.3428,0
3855,10.2756,0
3856,15.9011,0
3857,16.0336,0
3858,15.0666,0
3859,12.0418,0
3860,19.1596,0
3861,21.0474,0
3862,16.9864,0
3863,15.5947,0
3864,13.9017,0
3865,16.3362,0
3866,14.0526,0
3867,14.7662,0
3868,16.2961,0
3869,12.2166,0
3870,12.3937,0
3871,12.1145,0
3872,9.7661,0
3873,15.5952,0
3874,14.8189,0
3875,21.4872,0
3876,22.3732,0
3877,17.8003,0
3878,19.6259,0
3879,18.6930,0
3880,14.5130,0
3881,19.0866,0
3882,11.7412,0
3883,14.2665,0
3884,11.2228,0
3885,14.7686,0
3886,12.8593,0
3887,15.6491,0
3888,27.7708,0
3889,19.9730,0
3890,13.4676,0
3891,17.5521,0
3892,15.4293,0
3893,15.0776,0
3894,14.0562,0
3895,11.1785,0
3896,10.0682,0
3897,10.8738,0
3898,14.8656,0
3899,20.6308,0
3900,19.4414,0
3901,21.4603,0
3902,25.2383,0
3903,16.1188,0
3904,16.8486,0
3905,14.1234,0
3906,16.4447,0
3907,15.5642,0
3908,13.4060,0
3909,15.4834,0
3910,13.3910,0
3911,13.9339,0
3912,14.4079,0
3913,14.4939,0
3914,12.9952,0
3915,11.8065,0
3916,11.0569,0
3917,18.4762,0
3918,11.8139,0
3919,20.4663,0
3920,17.3373,0
3921,11.8716,0
3922,13.9661,0
3923,14.0078,0
3924,12.9962,0
3925,11.9867,0
3926,11.3058,0
3927,12.0850,0
3928,10.3354,0
3929,20.4947,0
3930,12.6796,0
3931,12.8946,0
3932,17.3061,0
3933,17.9217,0
3934,19.0547,0
3935,17.3314,0
3936,13.4013,0
3937,20.2396,0
3938,14.3843,0
3939,24.6973,0
3940,13.9980,0
3941,14.3352,0
3942,17.8668,0
3943,12.9516,0
3944,13.3443,0
3945,12.4352,0
3946,15.4798,0
3947,16.2652,0
3948,16.7089,0
3949,15.4054,0
3950,15.4583,0
3951,17.3521,0
3952,16.3152,0
3953,13.1814,0
3954,19.8848,0
3955,12.7060,0
3956,17.6485,0
3957,11.6775,0
3958,18.8653,0
3959,12.1899,0
3960,18.3616,0
3961,13.2453,0
3962,13.8066,0
3963,19.4230,0
3964,13.2511,0
3965,14.3456,0
3966,25.1038,0
3967,11.7829,0
3968,12.0394,0
3969,12.4254,0
3970,12.6815,0
3971,12.9895,0
3972,13.2718,0
3973,14.0564,0
3974,12.8860,0
3975,14.4815,0
3976,15.5938,0
3977,16.2399,0
3978,17.0503,0
3979,13.3471,0
3980,13.9208,0
3981,16.6628,0
3982,13.8042,0
3983,20.9112,0
3984,19.8202,0
3985,14.2825,0
3986,22.5592,0
3987,14.1282,0
3988,13.7460,0
3989,14.5469,0
3990,17.1766,0
3991,15.4157,0
3992,18.1587,0
3993,19.7082,0
3994,17.9431,0
3995,14.3270,0
3996,17.4551,0
3997,12.3813,0
3998,14.1273,0
3999,11.6968,0
4000,36.3600,0
4001,9.8062,0
4002,16.4158,0
4003,16.4456,0
4004,12.7301,0
4005,15.1615,0
4006,12.2793,0
4007,21.3013,0
4008,19.3362,0
4009,24.9016,0
4010,25.6674,0
4011,18.3845,0
4012,19.4824,0
4013,19.8534,0
4014,18.8065,0
4015,14.0958,0
4016,16.7878,0
4017,11.4973,0
4018,12.7683,0
4019,15.6345,0
4020,16.1266,0
4021,12.7342,0
4022,15.1253,0
4023,15.4119,0
4024,14.1933,0
4025,15.2915,0
4026,17.5452,0
4027,14.3397,0
4028,13.1071,0
4029,13.9823,0
4030,15.0530,0
4031,15.8520,0
4032,16.4189,0
4033,17.1363,0
4034,11.6370,0
4035,11.8914,0
4036,13.6292,0
4037,13.3493,0
4038,12.4617,0
4039,13.0389,0
4040,12.3489,0
4041,8.6615,0
4042,12.3730,0
4043,22.8324,0
4044,13.9923,0
4045,15.0218,0
4046,15.3685,0
4047,14.0033,0
4048,13.8581,0
4049,13.6082,0
4050,13.2358,0
4051,13.3362,0
4052,13.3803,0
4053,12.8820,0
4054,17.4460,0
4055,12.1555,0
4056,13.3049,0
4057,15.2183,0
4058,12.8343,0
4059,13.4494,0
4060,30.5526,0
4061,15.8787,0
4062,17.1232,0
4063,29.9351,0
4064,14.0886,0
4065,15.8796,0
4066,13.6886,0
4067,12.8114,0
4068,14.6167,0
4069,14.0855,0
4070,12.9712,0
4071,13.2294,0
4072,14.6403,0
4073,14.2181,0
4074,14.4260,0
4075,13.6807,0
4076,17.2331,0
4077,12.6524,0
4078,16.5379,0
4079,13.3836,0
4080,13.2816,0
4081,12.2576,0
4082,13.9277,0
4083,13.9687,0
4084,11.0576,0
4085,11.3034,0
4086,14.0755,0
4087,12.5244,0
4088,14.2384,0
4089,27.4980,0
4090,12.5048,0
4091,17.3318,0
4092,13.5906,0
4093,16.9337,0
4094,21.0907,0
4095,13.5913,0
4096,14.6329,0
4097,10.3927,0
4098,23.2403,0
4099,15.8317,0
4100,24.5395,0
4101,17.2300,0
4102,12.4729,0
4103,21.7428,0
4104,19.2258,0
4105,16.1633,0
4106,16.4113,0
4107,19.5379,0
4108,18.1777,0
4109,12.8083,0
4110,19.0659,0
4111,15.3606,0
4112,13.1309,0
4113,11.2844,0
4114,22.9394,0
4115,17.3550,0
4116,17.7467,0
4117,19.5844,0
4118,15.5649,0
4119,12.9688,0
4120,24.5392,0
4121,10.7913,0
4122,12.9285,0
4123,25.6076,0
4124,14.2589,0
4125,19.2730,0
4126,14.7686,0
4127,16.9182,0
4128,18.5909,0
4129,15.5573,0
4130,13.1979,0
4131,17.3068,0
4132,16.5303,0
4133,12.3000,0
4134,17.3392,0
4135,17.7512,0
4136,16.4857,0
4137,10.5996,0
4138,12.3358,0
4139,11.2686,0
4140,11.8203,0
4141,11.2016,0
4142,11.3888,0
4143,10.6485,0
4144,14.5264,0
4145,18.0380,0
4146,16.4545,0
4147,14.3337,0
4148,16.9754,0
4149,12.5952,0
4150,15.8410,0
4151,24.1036,0
4152,13.6154,0
4153,22.6147,0
4154,15.2547,0
4155,14.7965,0
4156,14.4348,0
4157,22.7752,0
4158,14.1399,0
4159,19.1703,0
4160,12.0454,0
4161,12.7645,0
4162,11.7896,0
4163,11.7841,0
4164,12.0618,0
4165,25.6374,0
4166,19.0771,0
4167,14.0541,0
4168,14.6751,0
4169,23.4466,0
4170,17.7369,0
4171,15.8787,0
4172,17.3836,0
4173,11.0767,0
4174,15.8663,0
4175,12.3968,0
4176,10.0632,0
4177,13.7818,0
4178,17.5741,0
4179,19.2478,0
4180,15.8117,0
4181,12.9495,0
4182,14.7772,0
4183,17.5185,0
4184,13.1607,0
4185,15.3503,0
4186,14.2267,0
4187,13.7577,0
4188,15.7187,0
4189,15.4901,0
4190,11.4686,0
4191,18.5993,0
4192,16.2578,0
4193,15.3637,0
4194,31.9448,0
4195,9.5725,0
4196,21.4641,0
4197,12.4247,0
4198,15.1033,0
4199,13.7920,0
4200,13.7618,0
4201,18.3210,0
4202,12.5139,0
4203,12.2988,0
4204,13.4683,0
4205,13.8555,0
4206,14.3015,0
4207,18.8267,0
4208,17.4749,0
4209,19.0949,0
4210,12.2926,0
4211,22.9485,0
4212,18.4329,0
4213,17.5385,0
4214,12.8124,0
4215,16.5248,0
4216,18.7354,0
4217,17.2410,0
4218,27.3719,0
4219,11.0810,0
4220,15.3868,0
4221,14.1819,0
4222,12.4192,0
4223,11.7567,0
4224,15.7549,0
4225,13.4008,0
4226,13.3789,0
4227,17.9031,0
4228,14.4210,0
4229,9.7241,0
4230,16.5505,0
4231,13.2966,0
4232,13.9790,0
4233,11.9009,0
4234,15.8861,0
4235,13.6468,0
4236,17.7228,0
4237,16.3074,0
4238,19.6292,0
4239,18.4650,0
4240,17.0500,0
4241,17.1936,0
4242,16.2408,0
4243,18.7607,0
4244,19.8457,0
4245,14.9229,0
4246,12.8767,0
4247,23.4268,0
4248,19.4376,0
4249,11.8992,0
4250,21.4386,0
4251,17.3037,0
4252,16.4924,0
4253,11.7140,0
4254,17.3059,0
4255,22.2182,0
4256,18.7168,0
4257,18.0683,0
4258,17.7057,0
4259,23.6893,0
4260,13.5362,0
4261,19.5575,0
4262,22.4187,0
4263,13.5124,0
4264,12.8617,0
4265,15.1811,0
4266,13.2046,0
4267,19.0535,0
4268,14.9329,0
4269,14.7130,0
4270,14.4188,0
4271,16.0193,0
4272,20.8721,0
4273,17.0746,0
4274,15.0421,0
4275,13.8633,0
4276,12.8684,0
4277,18.3163,0
4278,12.8903,0
4279,16.1934,0
4280,21.7364,0
4281,14.4258,0
4282,15.1343,0
4283,13.4809,0
4284,26.2797,0
4285,17.4663,0
4286,14.8995,0
4287,14.1306,0
4288,12.8887,0
4289,12.0389,0
4290,11.2357,0
4291,14.8654,0
4292,22.3832,0
4293,11.7917,0
4294,17.9563,0
4295,14.5023,0
4296,22.1157,0
4297,18.5351,0
4298,10.2484,0
4299,20.9334,0
4300,16.8610,0
4301,14.0107,0
4302,13.4630,0
4303,14.8072,0
4304,15.8336,0
4305,17.7867,0
4306,18.8751,0
4307,10.2658,0
4308,14.7080,0
4309,16.6416,0
4310,17.8835,0
4311,12.9621,0
4312,20.9830,0
4313,18.1549,0
4314,12.8798,0
4315,13.8979,0
4316,13.6919,0
4317,17.1635,0
4318,15.4455,0
4319,14.2848,0
4320,19.1722,0
4321,21.3277,0
4322,15.6281,0
4323,19.0465,0
4324,16.6423,0
4325,15.7337,0
4326,14.8778,0
4327,18.8117,0
4328,13.2673,0
4329,16.4433,0
4330,13.6979,0
4331,13.1555,0
4332,13.3710,0
4333,12.3463,0
4334,10.3316,0
4335,12.4280,0
4336,12.4719,0
4337,13.9771,0
4338,28.6365,0
4339,13.6576,0
4340,13.3896,0
4341,14.5659,0
4342,13.9863,0
4343,12.8765,0
4344,14.4782,0
4345,14.0135,0
4346,11.0519,0
4347,16.0570,0
4348,14.4053,0
4349,17.2610,0
4350,13.0343,0
4351,19.0690,0
4352,19.9502,0
4353,12.2237,0
4354,21.3802,0
4355,10.9420,0
4356,14.9281,0
4357,14.1056,0
4358,16.4747,0
4359,11.8761,0
4360,15.6975,0
4361,13.6447,0
4362,20.9255,0
4363,11.8906,0
4364,15.5828,0
4365,23.1185,0
4366,18.0795,0
4367,10.9146,0
4368,17.5142,0
4369,11.1918,0
4370,16.6342,0
4371,11.4877,0
4372,10.4878,0
4373,13.2353,0
4374,17.2064,0
4375,20.9944,0
4376,16.3186,0
4377,19.0151,0
4378,17.3867,0
4379,13.2885,0
4380,10.6292,0
4381,17.7495,0
4382,13.3367,0
4383,18.3492,0
4384,12.5842,0
4385,14.6124,0
4386,11.7009,0
4387,16.5415,0
4388,14.5979,0
4389,12.5258,0
4390,13.4482,0
4391,10.8836,0
4392,13.5407,0
4393,15.2588,0
4394,19.4917,0
4395,16.0091,0
4396,14.8840,0
4397,15.0993,0
4398,15.4147,0
4399,13.5770,0
4400,14.7645,0
4401,17.4353,0
4402,16.9156,0
4403,16.8145,0
4404,14.5717,0
4405,14.7400,0
4406,11.4098,0
4407,10.8321,0
4408,14.8993,0
4409,11.6494,0
4410,15.5716,0
4411,11.2131,0
4412,12.3906,0
4413,15.6651,0
4414,13.9842,0
4415,18.0185,0
4416,15.5461,0
4417,14.7579,0
4418,18.7838,0
4419,12.4345,0
4420,13.2892,0
4421,19.8565,0
4422,18.1739,0
4423,12.4905,0
4424,11.4114,0
4425,11.6699,0
4426,12.8112,0
4427,20.6258,0
4428,20.3676,0
4429,15.9087,0
4430,20.2441,0
4431,21.5158,0
4432,12.6915,0
4433,22.3341,0
4434,13.7780,0
4435,19.4592,0
4436,11.9467,0
4437,15.6639,0
4438,11.7521,0
4439,15.2862,0
4440,9.9809,0
4441,16.5167,0
4442,14.7223,0
4443,16.0348,0
4444,15.7282,0
4445,13.8199,0
4446,12.6157,0
4447,12.7473,0
4448,13.4676,0
4449,12.1217,0
4450,13.8774,0
4451,12.5268,0
4452,23.3550,0
4453,15.7239,0
4454,23.6623,0
4455,18.4405,0
4456,14.9956,0
4457,15.1217,0
4458,13.6719,0
4459,16.1991,0
4460,12.8391,0
4461,11.4987,0
4462,20.8042,0
4463,14.5302,0
4464,13.5510,0
4465,12.6004,0
4466,15.7893,0
4467,16.4027,0
4468,11.4806,0
4469,19.4774,0
4470,14.7750,0
4471,16.5792,0
4472,12.7318,0
4473,25.5034,0
4474,15.8734,0
4475,12.6491,0
4476,12.5024,0
4477,12.9290,0
4478,11.4675,0
4479,10.1602,0
4480,12.3444,0
4481,14.1068,0
4482,11.3666,0
4483,24.7028,0
4484,20.9427,0
4485,18.2369,0
4486,14.7393,0
4487,17.5457,0
4488,20.1283,0
4489,13.9151,0
4490,18.4155,0
4491,19.0334,0
4492,11.5845,0
4493,18.7666,0
4494,13.5469,0
4495,12.8837,0
4496,13.6685,0
4497,12.0828,0
4498,19.1772,0
4499,14.3087,0
4500,22.5334,0
4501,16.9892,0
4502,18.8320,0
4503,16.0446,0
4504,16.1626,0
4505,17.3297,0
4506,18.3272,0
4507,20.3216,0
4508,11.0402,0
4509,18.5878,0
4510,17.6122,0
4511,11.2185,0
4512,21.1670,0
4513,15.4941,0
4514,14.1301,0
4515,13.3793,0
4516,18.7285,0
4517,13.8412,0
4518,16.4473,0
4519,11.5366,0
4520,9.6669,0
4521,9.9840,0
4522,13.0649,0
4523,14.5772,0
4524,22.0358,0
4525,15.3122,0
4526,16.3932,0
4527,17.4413,0
4528,10.6323,0
4529,14.5221,0
4530,13.0835,0
4531,13.3502,0
4532,13.2113,0
4533,14.8606,0
4534,23.5898,0
4535,17.6165,0
4536,23.5875,0
4537,12.1970,0
4538,14.2350,0
4539,17.3151,0
4540,15.4870,0
4541,15.0225,0
4542,12.7802,0
4543,16.8014,0
4544,14.6575,0
4545,12.3034,0
4546,12.6121,0
4547,13.6282,0
4548,14.1881,0
4549,18.8596,0
4550,16.7363,0
4551,25.9554,0
4552,16.9513,0
4553,11.8172,0
4554,14.3330,0
4555,20.1938,0
4556,15.8927,0
4557,14.6518,0
4558,17.4243,0
4559,19.3422,0
4560,13.1938,0
4561,18.9524,0
4562,14.5316,0
4563,14.5414,0
4564,13.2177,0
4565,12.5327,0
4566,13.9019,0
4567,13.2163,0
4568,10.1812,0
4569,13.1071,0
4570,15.0547,0
4571,16.7871,0
4572,12.6519,0
4573,17.2598,0
4574,12.0292,0
4575,13.9995,0
4576,14.7018,0
4577,17.7233,0
4578,20.4782,0
4579,22.1953,0
4580,11.6513,0
4581,15.3170,0
4582,16.0148,0
4583,13.0911,0
4584,16.3727,0
4585,12.9781,0
4586,25.5706,0
4587,27.5540,0
4588,12.8446,0
4589,22.1975,0
4590,20.2403,0
4591,15.7461,0
4592,18.5521,0
4593,11.4779,0
4594,20.2355,0
4595,22.7740,0
4596,14.0707,0
4597,11.2619,0
4598,9.9981,0
4599,12.1849,0
4600,14.3645,0
4601,16.6457,0
4602,14.4844,0
4603,14.0762,0
4604,14.0123,0
4605,13.1264,0
4606,23.0472,0
4607,17.4248,0
4608,14.9493,0
4609,16.4070,0
4610,13.9732,0
4611,13.2008,0
4612,27.0510,0
4613,20.2484,0
4614,14.6418,0
4615,26.3271,0
4616,13.9346,0
4617,16.8843,0
4618,17.6189,0
4619,13.9089,0
4620,21.6227,0
4621,11.0686,0
4622,13.4170,0
4623,13.7658,0
4624,14.9956,0
4625,15.9836,0
4626,13.7165,0
4627,12.5952,0
4628,16.3980,0
4629,16.8991,0
4630,15.0483,0
4631,11.7254,0
4632,10.8480,0
4633,13.3405,0
4634,12.5179,0
4635,13.0672,0
4636,10.5801,0
4637,10.3090,0
4638,9.8705,0
4639,18.8024,0
4640,11.8103,0
4641,19.3050,0
4642,21.8613,0
4643,15.7728,0
4644,20.4489,0
4645,15.6939,0
4646,12.8818,0
4647,13.1731,0
4648,12.3811,0
4649,9.5336,0
4650,12.1768,0
4651,12.8460,0
4652,14.7183,0
4653,13.5994,0
4654,9.7272,0
4655,9.7706,0
4656,9.9599,0
4657,8.9331,0
4658,9.7096,0
4659,9.1991,0
4660,13.0022,0
4661,11.7695,0
4662,12.3737,0
4663,12.9418,0
4664,12.8942,0
4665,17.6902,0
4666,17.2081,0
4667,16.4685,0
4668,15.1083,0
4669,14.2705,0
4670,17.5898,0
4671,15.4605,0
4672,12.1353,0
4673,16.0108,0
4674,22.7931,0
4675,17.9358,0
4676,19.1455,0
4677,11.9476,0
4678,12.6903,0
4679,14.0660,0
4680,13.0601,0
4681,15.7921,0
4682,15.0125,0
4683,13.4239,0
4684,17.5004,0
4685,12.7714,0
4686,15.1601,0
4687,12.5792,0
4688,14.1666,0
4689,19.8064,0
4690,14.7955,0
4691,16.5536,0
4692,26.4857,0
4693,18.4619,0
4694,15.4676,0
4695,14.0462,0
4696,15.9471,0
4697,14.6804,0
4698,12.7802,0
4699,12.3439,0
4700,11.2505,0
4701,15.0206,0
4702,15.8453,0
4703,17.5190,0
4704,11.6973,0
4705,16.3693,0
4706,13.6693,0
4707,16.1114,0
4708,10.3335,0
4709,11.6525,0
4710,13.7367,0
4711,16.0987,0
4712,11.2352,0
4713,16.3887,0
4714,12.8031,0
4715,12.4755,0
4716,14.8814,0
4717,16.2542,0
4718,14.5674,0
4719,20.8263,0
4720,33.7903,0
4721,33.2747,0
4722,35.6159,0
4723,14.6222,0
4724,17.8113,0
4725,12.7978,0
4726,14.8532,0
4727,15.9657,0
4728,14.1182,0
4729,14.7135,0
4730,14.3785,0
4731,10.7846,0
4732,12.5425,0
4733,14.1022,0
4734,17.7877,0
4735,15.4243,0
4736,17.9317,0
4737,14.5185,0
4738,15.5509,0
4739,13.6380,0
4740,12.8577,0
4741,16.6378,0
4742,11.6336,0
4743,9.9123,0
4744,17.3795,0
4745,21.0729,0
4746,15.1262,0
4747,10.5579,0
4748,17.0918,0
4749,19.4972,0
4750,18.6996,0
4751,13.3126,0
4752,16.7351,0
4753,13.8433,0
4754,15.5957,0
4755,19.1035,0
4756,14.9705,0
4757,12.3973,0
4758,13.7787,0
4759,27.1072,0
4760,15.2676,0
4761,12.0339,0
4762,16.3405,0
4763,10.0017,0
4764,14.9977,0
4765,9.4643,0
4766,18.2943,0
4767,15.1258,0
4768,14.3201,0
4769,12.9645,0
4770,13.5121,0
4771,14.2345,0
4772,14.6437,0
4773,14.5032,0
4774,13.2515,0
4775,17.2057,0
4776,16.8409,0
4777,11.7419,0
4778,22.4037,0
4779,15.0139,0
4780,12.9838,0
4781,13.2201,0
4782,11.7967,0
4783,13.7770,0
4784,12.8489,0
4785,17.7031,0
4786,14.3342,0
4787,15.1775,0
4788,18.9099,0
4789,14.9796,0
4790,17.6582,0
4791,12.8019,0
4792,14.1773,0
4793,16.8505,0
4794,15.8968,0
4795,13.0813,0
4796,13.1972,0
4797,13.8328,0
4798,22.8460,0
4799,22.4521,0
4800,14.6220,0
4801,17.6222,0
4802,21.4918,0
4803,16.0077,0
4804,12.0890,0
4805,15.1591,0
4806,13.4845,0
4807,12.3465,0
4808,13.3049,0
4809,14.7913,0
4810,16.3641,0
4811,15.5993,0
4812,15.6915,0
4813,15.6372,0
4814,12.1050,0
4815,13.7343,0
4816,12.5592,0
4817,16.9241,0
4818,13.7286,0
4819,14.8335,0
4820,9.6278,0
4821,14.2822,0
4822,17.4186,0
4823,13.7351,0
4824,17.7302,0
4825,14.5967,0
4826,15.7752,0
4827,28.6477,0
4828,11.2326,0
4829,17.9307,0
4830,19.8641,0
4831,13.7300,0
4832,12.2468,0
4833,12.7900,0
4834,12.3103,0
4835,12.4545,0
4836,13.0019,0
4837,14.3647,0
4838,12.0575,0
4839,13.1021,0
4840,14.0381,0
4841,11.2381,0
4842,12.1086,0
4843,12.2626,0
4844,8.9328,0
4845,23.1643,0
4846,11.0638,0
4847,12.7535,0
4848,15.1181,0
4849,9.7556,0
4850,14.9815,0
4851,19.4917,0
4852,11.9808,0
4853,14.2951,0
4854,22.1128,0
4855,15.3177,0
4856,21.5740,0
4857,17.1721,0
4858,11.6186,0
4859,20.0677,0
4860,15.5423,0
4861,13.4721,0
4862,13.0851,0
4863,9.1815,0
4864,9.5887,0
4865,8.9865,0
4866,13.8631,0
4867,22.7113,0
4868,10.4229,0
4869,10.9048,0
4870,14.7636,0
4871,13.1769,0
4872,16.2206,0
4873,16.4752,0
4874,12.4345,0
4875,15.0697,0
4876,10.9134,0
4877,12.1272,0
4878,16.2923,0
4879,15.4822,0
4880,16.2539,0
4881,14.2167,0
4882,23.1347,0
4883,16.8326,0
4884,17.1010,0
4885,16.6416,0
4886,16.1903,0
4887,13.6480,0
4888,20.3080,0
4889,14.9825,0
4890,16.7820,0
4891,14.7238,0
4892,13.0394,0
4893,14.9512,0
4894,14.6313,0
4895,17.8814,0
4896,16.6810,0
4897,15.5957,0
4898,14.7011,0
4899,13.1798,0
4900,16.4976,0
4901,13.2048,0
4902,11.3425,0
4903,14.5984,0
4904,15.3167,0
4905,10.5827,0
4906,14.0324,0
4907,14.6530,0
4908,15.4288,0
4909,18.0173,0
4910,19.7058,0
4911,23.2453,0
4912,14.3428,0
4913,14.5907,0
4914,21.1370,0
4915,16.2024,0
4916,14.3759,0
4917,13.6049,0
4918,25.0299,0
4919,12.5322,0
4920,13.0663,0
4921,14.0178,0
4922,18.6279,0
4923,16.0208,0
4924,18.5990,0
4925,15.1308,0
4926,16.5102,0
4927,18.9219,0
4928,15.3830,0
4929,19.9881,0
4930,14.3902,0
4931,14.5743,0
4932,9.8879,0
4933,11.5192,0
4934,12.1386,0
4935,18.4255,0
4936,10.2849,0
4937,13.6294,0
4938,12.1272,0
4939,9.5451,0
4940,23.9043,0
4941,18.3804,0
4942,16.7136,0
4943,22.2366,0
4944,16.7677,0
4945,15.2273,0
4946,11.9779,0
4947,18.3883,0
4948,10.7529,0
4949,15.6324,0
4950,14.1728,0
4951,13.2041,0
4952,15.0144,0
4953,11.4672,0
4954,12.5718,0
4955,13.3884,0
4956,12.4135,0
4957,15.5540,0
4958,17.4932,0
4959,13.1176,0
4960,16.8815,0
4961,12.6555,0
4962,12.4795,0
4963,10.6239,0
4964,10.4847,0
4965,15.2366,0
4966,14.2016,0
4967,12.3811,0
4968,14.1687,0
4969,17.6933,0
4970,28.1518,0
4971,21.8773,0
4972,11.2033,0
4973,10.0873,0
4974,12.0833,0
4975,12.8343,0
4976,15.2123,0
4977,10.3509,0
4978,12.4626,0
4979,11.3635,0
4980,16.7081,0
4981,11.8802,0
4982,12.7358,0
4983,17.0519,0
4984,25.1026,0
4985,15.4364,0
4986,20.4802,0
4987,18.1713,0
4988,17.0834,0
4989,10.7062,0
4990,16.6142,0
4991,16.7122,0
4992,14.7061,0
4993,18.7371,0
4994,12.4476,0
4995,13.9835,0
4996,33.1571,0
4997,15.7743,0
4998,19.6233,0
4999,17.0076,0
5000,19.4359,0
5001,14.4207,0
5002,15.1582,0
5003,13.3197,0
5004,28.2817,0
5005,12.1779,0
5006,15.4684,0
5007,12.3641,0
5008,20.4663,0
5009,15.4355,0
5010,15.2934,0
5011,12.6064,0
5012,19.7291,0
5013,15.9507,0
5014,19.6400,0
5015,14.0157,0
5016,14.0908,0
5017,13.1149,0
5018,12.3510,0
5019,10.9925,0
5020,15.6107,0
5021,13.7014,0
5022,20.6420,0
5023,17.8523,0
5024,22.7532,0
5025,22.6271,0
5026,19.6991,0
5027,16.0303,0
5028,12.8171,0
5029,15.3322,0
5030,16.0582,0
5031,16.8955,0
5032,20.1612,0
5033,12.7091,0
5034,15.1141,0
5035,17.6573,0
5036,16.5498,0
5037,10.6077,0
5038,12.5098,0
5039,10.8132,0
5040,10.7026,0
5041,13.3126,0
5042,14.0810,0
5043,11.8697,0
5044,15.4419,0
5045,12.6297,0
5046,11.5535,0
5047,17.8306,0
5048,18.1201,0
5049,30.8399,0
5050,14.0305,0
5051,16.7723,0
5052,14.2815,0
5053,12.3863,0
5054,15.2414,0
5055,14.9074,0
5056,18.3880,0
5057,19.6955,0
5058,12.4805,0
5059,13.3753,0
5060,13.6631,0
5061,19.4561,0
5062,13.4764,0
5063,20.6640,0
5064,11.7612,0
5065,18.1055,0
5066,14.6728,0
5067,12.4767,0
5068,16.3739,0
5069,11.4796,0
5070,11.7984,0
5071,15.3644,0
5072,16.2053,0
5073,17.7743,0
5074,23.6914,0
5075,20.2324,0
5076,19.1309,0
5077,14.2736,0
5078,9.1908,0
5079,12.7099,0
5080,13.5584,0
5081,15.0905,0
5082,13.2329,0
5083,19.0415,0
5084,22.2783,0
5085,16.5429,0
5086,17.4208,0
5087,11.8806,0
5088,9.9833,0
5089,11.7459,0
5090,9.6066,0
5091,11.5540,0
5092,12.5103,0
5093,17.0248,0
5094,10.8991,0
5095,16.4890,0
5096,11.3716,0
5097,17.5700,0
5098,12.8336,0
5099,13.6530,0
5100,17.3755,0
5101,16.5091,0
5102,24.6146,0
5103,13.9515,0
5104,17.1845,0
5105,19.9289,0
5106,15.7270,0
5107,14.5855,0
5108,18.9087,0
5109,11.7838,0
5110,19.0313,0
5111,19.1574,0
5112,11.9717,0
5113,8.4925,0
5114,13.8915,0
5115,12.3966,0
5116,14.4467,0
5117,13.5674,0
5118,13.9685,0
5119,14.5612,0
5120,11.8322,0
5121,16.0506,0
5122,16.1424,0
5123,13.5570,0
5124,13.9654,0
5125,14.9972,0
5126,13.3941,0
5127,13.9778,0
5128,24.3080,0
5129,14.9899,0
5130,14.6163,0
5131,18.2178,0
5132,11.9414,0
5133,14.9016,0
5134,11.3580,0
5135,13.0622,0
5136,12.2719,0
5137,16.3958,0
5138,9.2123,0
5139,12.9533,0
5140,18.5049,0
5141,14.3170,0
5142,13.8588,0
5143,14.1089,0
5144,15.6422,0
5145,14.9193,0
5146,15.0580,0
5147,15.1603,0
5148,10.8330,0
5149,9.0528,0
5150,22.6367,0
5151,19.1026,0
5152,14.7095,0
5153,11.2014,0
5154,13.6425,0
5155,14.8287,0
5156,13.8624,0
5157,23.4358,0
5158,25.6636,0
5159,11.2987,0
5160,18.4910,0
5161,17.0102,0
5162,16.6812,0
5163,15.6047,0
5164,17.5972,0
5165,14.8568,0
5166,13.2010,0
5167,18.0633,0
5168,13.2647,0
5169,23.6583,0
5170,15.0859,0
5171,13.5856,0
5172,9.8510,0
5173,10.6432,0
5174,13.2563,0
5175,11.5006,0
5176,13.5329,0
5177,12.4326,0
5178,11.7254,0
5179,11.5068,0
5180,11.6715,0
5181,12.0442,0
5182,12.3324,0
5183,14.1253,0
5184,13.9072,0
5185,17.3008,0
5186,20.1361,0
5187,17.5650,0
5188,12.3014,0
5189,13.8228,0
5190,16.4044,0
5191,11.4305,0
5192,12.6133,0
5193,14.4613,0
5194,11.2050,0
5195,14.4908,0
5196,16.2802,0
5197,18.6882,0
5198,17.8814,0
5199,22.0811,0
5200,11.5016,0
5201,17.2021,0
5202,13.9420,0
5203,13.9954,0
5204,17.9822,0
5205,13.1285,0
5206,14.2970,0
5207,13.0312,0
5208,17.4327,0
5209,10.9618,0
5210,11.2970,0
5211,12.8872,0
5212,11.7295,0
5213,29.8324,0
5214,22.9013,0
5215,11.4422,0
5216,12.8849,0
5217,11.1959,0
5218,14.8885,0
5219,13.5729,0
5220,13.8161,0
5221,14.3695,0
5222,10.4096,0
5223,12.9786,0
5224,10.5345,0
5225,20.0617,0
5226,13.0072,0
5227,12.9015,0
5228,13.2377,0
5229,16.1321,0
5230,11.6410,0
5231,18.3823,0
5232,12.1334,0
5233,13.0420,0
5234,14.1275,0
5235,10.0911,0
5236,19.6877,0
5237,16.6075,0
5238,12.1613,0
5239,12.3773,0
5240,21.9433,0
5241,20.0608,0
5242,24.4141,0
5243,13.9682,0
5244,21.6875,0
5245,15.4531,0
5246,13.4370,0
5247,19.4447,0
5248,15.9698,0
5249,11.0562,0
5250,11.8566,0
5251,10.4864,0
5252,13.8173,0
5253,13.3607,0
5254,12.5625,0
5255,12.3658,0
5256,8.8515,0
5257,9.3591,0
5258,9.4063,0
5259,9.4271,0
5260,9.2173,0
5261,9.3968,0
5262,9.9368,0
5263,9.0041,0
5264,9.5422,0
5265,12.1624,0
5266,13.2380,0
5267,9.9940,0
5268,8.8739,0
5269,12.7118,0
5270,10.5939,0
5271,13.4883,0
5272,10.6905,0
5273,16.2349,0
5274,26.8352,0
5275,13.4759,0
5276,15.7788,0
5277,16.1750,0
5278,25.9211,0
5279,16.8579,0
5280,17.8175,0
5281,18.5421,0
5282,12.3119,0
5283,18.3344,0
5284,17.4725,0
5285,17.8938,0
5286,16.5036,0
5287,18.2872,0
5288,13.8667,0
5289,15.5492,0
5290,14.0121,0
5291,16.6955,0
5292,13.3018,0
5293,12.2616,0
5294,16.2954,0
5295,12.3196,0
5296,17.5693,0
5297,16.8285,0
5298,18.2862,0
5299,13.0427,0
5300,19.8932,0
5301,26.0465,0
5302,19.3803,0
5303,27.5626,0
5304,19.3820,0
5305,11.7190,0
5306,23.3984,0
5307,17.6349,0
5308,13.2191,0
5309,11.9479,0
5310,13.8514,0
5311,9.3694,0
5312,12.7168,0
5313,13.2465,0
5314,14.1282,0
5315,13.5367,0
5316,13.9306,0
5317,12.8038,0
5318,20.3624,0
5319,17.0729,0
5320,16.0728,0
5321,15.2929,0
5322,10.9656,0
5323,13.5746,0
5324,19.5308,0
5325,27.5834,0
5326,16.7689,0
5327,30.0460,0
5328,27.4310,0
5329,20.8800,0
5330,10.8352,0
5331,23.3245,0
5332,15.8262,0
5333,12.8357,0
5334,10.4082,0
5335,16.8362,0
5336,14.5543,0
5337,15.5344,0
5338,12.7187,0
5339,13.7191,0
5340,17.3633,0
5341,14.5314,0
5342,13.6433,0
5343,10.3555,0
5344,8.5182,0
5345,9.8436,0
5346,13.0408,0
5347,10.9744,0
5348,12.4896,0
5349,15.6679,0
5350,14.2090,0
5351,24.7102,0
5352,16.1965,0
5353,22.8739,0
5354,14.2639,0
5355,23.1333,0
5356,14.1134,0
5357,18.0135,0
5358,13.4788,0
5359,16.8557,0
5360,13.4850,0
5361,15.4624,0
5362,15.4514,0
5363,15.7464,0
5364,17.5030,0
5365,23.9747,0
5366,13.6445,0
5367,17.1461,0
5368,15.8005,0
5369,15.3463,0
5370,18.3098,0
5371,15.6293,0
5372,17.1883,0
5373,13.3541,0
5374,13.0029,0
5375,12.7094,0
5376,15.6641,0
5377,16.7272,0
5378,20.3412,0
5379,17.6768,0
5380,13.4468,0
5381,11.9886,0
5382,11.4558,0
5383,28.0261,0
5384,16.2604,0
5385,16.9475,0
5386,9.8062,0
5387,15.0306,0
5388,22.8763,0
5389,14.0610,0
5390,14.5297,0
5391,12.1152,0
5392,10.2587,0
5393,13.4022,0
5394,13.4480,0
5395,18.7991,0
5396,13.4389,0
5397,14.1070,0
5398,13.1569,0
5399,17.0977,0
5400,14.6995,0
5401,11.0936,0
5402,15.9428,0
5403,12.8915,0
5404,12.7761,0
5405,14.1013,0
5406,25.5072,0
5407,19.8579,0
5408,15.3279,0
5409,17.3540,0
5410,18.6329,0
5411,18.7442,0
5412,14.0190,0
5413,15.3339,0
5414,11.6251,0
5415,14.3898,0
5416,13.9818,0
5417,9.3193,0
5418,10.7636,0
5419,14.3158,0
5420,11.9779,0
5421,13.9782,0
5422,13.6480,0
5423,9.6998,0
5424,16.1552,0
5425,10.8464,0
5426,10.0391,0
5427,12.0540,0
5428,12.1312,0
5429,11.2033,0
5430,8.6126,0
5431,11.5008,0
5432,14.6821,0
5433,16.6638,0
5434,22.4724,0
5435,21.6651,0
5436,18.8138,0
5437,13.4172,0
5438,17.6387,0
5439,19.2418,0
5440,19.7129,0
5441,21.9181,0
5442,16.7394,0
5443,14.9198,0
5444,17.2288,0
5445,17.3097,0
5446,14.0247,0
5447,11.8597,0
5448,17.9417,0
5449,19.2747,0
5450,16.1660,0
5451,13.8667,0
5452,13.8743,0
5453,15.8651,0
5454,13.3622,0
5455,11.8430,0
5456,15.1062,0
5457,13.7866,0
5458,12.4106,0
5459,16.1798,0
5460,14.5307,0
5461,26.1724,0
5462,9.4907,0
5463,8.2002,0
5464,10.1631,0
5465,9.6972,0
5466,15.3897,0
5467,18.2664,0
5468,17.7321,0
5469,23.7813,0
5470,19.7697,0
5471,15.6152,0
5472,16.8440,0
5473,14.7634,0
5474,9.5549,0
5475,12.3708,0
5476,14.3995,0
5477,18.1382,0
5478,17.4928,0
5479,13.8669,0
5480,13.5612,0
5481,22.8102,0
5482,17.9255,0
5483,15.8639,0
5484,16.2082,0
5485,13.5877,0
5486,17.1313,0
5487,16.0375,0
5488,17.5936,0
5489,17.0996,0
5490,11.2448,0
5491,14.9393,0
5492,11.8904,0
5493,20.3395,0
5494,14.6811,0
5495,14.9288,0
5496,13.0863,0
5497,12.2588,0
5498,21.2514,0
5499,15.2736,0
5500,13.0270,0
5501,15.0323,0
5502,15.2168,0
5503,15.8479,0
5504,14.5190,0
5505,18.0261,0
5506,14.6801,0
5507,13.5908,0
5508,13.5019,0
5509,14.6649,0
5510,13.7324,0
5511,15.3682,0
5512,18.2197,0
5513,16.4716,0
5514,14.6995,0
5515,13.9165,0
5516,22.7780,0
5517,13.3395,0
5518,17.8387,0
5519,24.7974,0
5520,19.2327,0
5521,13.3657,0
5522,18.1756,0
5523,12.3320,0
5524,15.6462,0
5525,14.6301,0
5526,10.1280,0
5527,15.1000,0
5528,16.2454,0
5529,17.5242,0
5530,14.4212,0
5531,16.4146,0
5532,14.5547,0
5533,15.1694,0
5534,10.6955,0
5535,10.8116,0
5536,13.4978,0
5537,16.5217,0
5538,11.9505,0
5539,10.8871,0
5540,16.7837,0
5541,12.6228,0
5542,14.3154,0
5543,12.4788,0
5544,13.3836,0
5545,14.8277,0
5546,25.9790,0
5547,23.7055,0
5548,14.1251,0
5549,14.0254,0
5550,18.3370,0
5551,17.0376,0
5552,13.9067,0
5553,13.4478,0
5554,15.2314,0
5555,13.5627,0
5556,22.2738,0
5557,13.9360,0
5558,15.2705,0
5559,20.4668,0
5560,15.2607,0
5561,13.4156,0
5562,13.8619,0
5563,14.1797,0
5564,14.5164,0
5565,12.5229,0
5566,10.9808,0
5567,14.4126,0
5568,13.1929,0
5569,17.1549,0
5570,20.1664,0
5571,14.1098,0
5572,18.9815,0
5573,23.6785,0
5574,27.5478,0
5575,20.8967,0
5576,16.5782,0
5577,10.8950,0
5578,12.0482,0
5579,14.6742,0
5580,15.3615,0
5581,15.3193,0
5582,13.2077,0
5583,12.4698,0
5584,12.7368,0
5585,15.2347,0
5586,14.2949,0
5587,12.3501,0
5588,11.4250,0
5589,12.5806,0
5590,14.4985,0
5591,16.7928,0
5592,12.8307,0
5593,17.9274,0
5594,14.0159,0
5595,11.5938,0
5596,8.6844,0
5597,13.5112,0
5598,9.6085,0
5599,24.1606,0
5600,14.9074,0
5601,14.9477,0
5602,26.0370,0
5603,12.7554,0
5604,14.0347,0
5605,12.8350,0
5606,13.7122,0
5607,12.8250,0
5608,11.1983,0
5609,12.7473,0
5610,12.6190,0
5611,13.5887,0
5612,10.7665,0
5613,12.6979,0
5614,18.4381,0
5615,11.7781,0
5616,12.2640,0
5617,10.4394,0
5618,10.4706,0
5619,11.8475,0
5620,9.6335,0
5621,11.7092,0
5622,15.5098,0
5623,13.1335,0
5624,10.6304,0
5625,12.3711,0
5626,12.9814,0
5627,15.5149,0
5628,9.4366,0
5629,10.9639,0
5630,15.1591,0
5631,17.1063,0
5632,22.2697,0
5633,9.9335,0
5634,12.8024,0
5635,18.4894,0
5636,13.5155,0
5637,16.8843,0
5638,12.7330,0
5639,12.1863,0
5640,16.5279,0
5641,12.5740,0
5642,17.8981,0
5643,14.5705,0
5644,9.9289,0
5645,10.9324,0
5646,14.5376,0
5647,13.5791,0
5648,13.1619,0
5649,13.4439,0
5650,18.5044,0
5651,10.6101,0
5652,15.8165,0
5653,12.3265,0
5654,13.7579,0
5655,13.3584,0
5656,16.0253,0
5657,16.6776,0
5658,18.9490,0
5659,15.1882,0
5660,15.1079,0
5661,16.7890,0
5662,23.2518,0
5663,20.9517,0
5664,18.1217,0
5665,17.2305,0
5666,14.3688,0
5667,14.7009,0
5668,11.9934,0
5669,17.8435,0
5670,15.4190,0
5671,14.2372,0
5672,17.4751,0
5673,13.0746,0
5674,13.0839,0
5675,18.0094,0
5676,14.4904,0
5677,18.3592,0
5678,14.2460,0
5679,15.3263,0
5680,15.9616,0
5681,15.9717,0
5682,18.4875,0
5683,15.2633,0
5684,12.1219,0
5685,12.8736,0
5686,12.4078,0
5687,20.6645,0
5688,14.2722,0
5689,12.6979,0
5690,26.1471,0
5691,15.6636,0
5692,16.2513,0
5693,17.4510,0
5694,18.7833,0
5695,23.3061,0
5696,10.5538,0
5697,17.4861,0
5698,14.9119,0
5699,10.6876,0
5700,11.7736,0
5701,15.0282,0
5702,13.0355,0
5703,13.3605,0
5704,14.9894,0
5705,19.7265,0
5706,14.3731,0
5707,13.4604,0
5708,13.3626,0
5709,19.3689,0
5710,18.7786,0
5711,13.5179,0
5712,14.3828,0
5713,18.1680,0
5714,25.5964,0
5715,16.6285,0
5716,19.3207,0
5717,23.3939,0
5718,17.7753,0
5719,16.8731,0
5720,20.2253,0
5721,17.6373,0
5722,15.0275,0
5723,15.4197,0
5724,14.2367,0
5725,18.8291,0
5726,17.8828,0
5727,17.3049,0
5728,13.9949,0
5729,17.2372,0
5730,12.7490,0
5731,15.1899,0
5732,13.4268,0
5733,18.2934,0
5734,11.6303,0
5735,15.0483,0
5736,15.7981,0
5737,16.3500,0
5738,30.1278,0
5739,9.4161,0
5740,19.1147,0
5741,22.2309,0
5742,15.5647,0
5743,19.3169,0
5744,18.5266,0
5745,12.1717,0
5746,12.0206,0
5747,11.6587,0
5748,19.1946,0
5749,16.0067,0
5750,16.5670,0
5751,19.0246,0
5752,16.6976,0
5753,28.7616,0
5754,13.6590,0
5755,8.6720,0
5756,7.9856,0
5757,12.3086,0
5758,13.3541,0
5759,13.7637,0
5760,13.3810,0
5761,11.3690,0
5762,14.1220,0
5763,13.5169,0
5764,12.8317,0
5765,13.1984,0
5766,30.6337,0
5767,18.3537,0
5768,16.0248,0
5769,16.3283,0
5770,12.2304,0
5771,11.8277,0
5772,12.7599,0
5773,14.9882,0
5774,14.4873,0
5775,12.4702,0
5776,17.6425,0
5777,14.2694,0
5778,16.0186,0
5779,14.1718,0
5780,16.5236,0
5781,19.9926,0
5782,14.5669,0
5783,17.8120,0
5784,16.3307,0
5785,17.2510,0
5786,16.5985,0
5787,15.7855,0
5788,13.5565,0
5789,16.2590,0
5790,20.6707,0
5791,20.6530,0
5792,20.5407,0
5793,13.5014,0
5794,13.5436,0
5795,30.1826,0
5796,12.2790,0
5797,16.4275,0
5798,11.7502,0
5799,13.8614,0
5800,17.2074,0
5801,17.4248,0
5802,18.4202,0
5803,17.4692,0
5804,15.6262,0
5805,20.1991,0
5806,13.2570,0
5807,13.0756,0
5808,11.7788,0
5809,17.8275,0
5810,12.7409,0
5811,15.0099,0
5812,10.6637,0
5813,9.9902,0
5814,12.8453,0
5815,11.2257,0
5816,16.3853,0
5817,14.9229,0
5818,20.3817,0
5819,27.0784,0
5820,10.9076,0
5821,12.3110,0
5822,19.7616,0
5823,14.5743,0
5824,10.4799,0
5825,12.3780,0
5826,12.6283,0
5827,11.6487,0
5828,12.5563,0
5829,10.0448,0
5830,13.8366,0
5831,15.3010,0
5832,12.3367,0
5833,14.1349,0
5834,13.2158,0
5835,16.0909,0
5836,11.5077,0
5837,10.8335,0
5838,21.8325,0
5839,11.6169,0
5840,14.9739,0
5841,20.2127,0
5842,14.2343,0
5843,10.3209,0
5844,20.8688,0
5845,23.6454,0
5846,18.7161,0
5847,18.1460,0
5848,19.0544,0
5849,12.1250,0
5850,27.5059,0
5851,18.8136,0
5852,15.2402,0
5853,18.8582,0
5854,10.2787,0
5855,11.3451,0
5856,9.5837,0
5857,10.2744,0
5858,12.1434,0
5859,11.2758,0
5860,13.2203,0
5861,15.2421,0
5862,18.7304,0
5863,14.2500,0
5864,13.5243,0
5865,11.3857,0
5866,18.8050,0
5867,11.9188,0
5868,11.5592,0
5869,15.0523,0
5870,14.0202,0
5871,22.0063,0
5872,18.8134,0
5873,23.3493,0
5874,22.7580,0
5875,13.4735,0
5876,11.3800,0
5877,13.6440,0
5878,14.9517,0
5879,13.4645,0
5880,13.9832,0
5881,13.1457,0
5882,15.3587,0
5883,13.7486,0
5884,21.0474,0
5885,14.0290,0
5886,15.8005,0
5887,17.5755,0
5888,12.5761,0
5889,11.3881,0
5890,14.9746,0
5891,12.6822,0
5892,15.2559,0
5893,11.9498,0
5894,15.9233,0
5895,11.0662,0
5896,14.0314,0
5897,17.8406,0
5898,20.2892,0
5899,23.0057,0
5900,21.5850,0
5901,19.0251,0
5902,27.9739,0
5903,13.6461,0
5904,9.7041,0
5905,20.5150,0
5906,16.4196,0
5907,13.1631,0
5908,14.9207,0
5909,13.2542,0
5910,11.5862,0
5911,10.7512,0
5912,11.1926,0
5913,11.8687,0
5914,18.5885,0
5915,14.3690,0
5916,18.8167,0
5917,21.0583,0
5918,15.8317,0
5919,12.3355,0
5920,82.4986,0
5921,9.2418,0
5922,14.1814,0
5923,15.5649,0
5924,19.5894,0
5925,19.7108,0
5926,15.2845,0
5927,11.0512,0
5928,21.9455,0
5929,21.6746,0
5930,16.5594,0
5931,17.5891,0
5932,19.2220,0
5933,18.7376,0
5934,14.1776,0
5935,20.8395,0
5936,17.4716,0
5937,13.3390,0
5938,12.6133,0
5939,11.3509,0
5940,12.2700,0
5941,12.5022,0
5942,11.4741,0
5943,16.3634,0
5944,14.6244,0
5945,12.8362,0
5946,12.8989,0
5947,14.3247,0
5948,16.7572,0
5949,26.5634,0
5950,13.5772,0
5951,14.2157,0
5952,12.6777,0
5953,28.7874,0
5954,23.3448,0
5955,14.6551,0
5956,13.4928,0
5957,12.7516,0
5958,13.3595,0
5959,12.9809,0
5960,12.1510,0
5961,15.8379,0
5962,12.7132,0
5963,16.8915,0
5964,13.4768,0
5965,12.8996,0
5966,11.8086,0
5967,18.5266,0
5968,11.3540,0
5969,13.9585,0
5970,14.4191,0
5971,18.3163,0
5972,11.7300,0
5973,12.2068,0
5974,16.1240,0
5975,14.2639,0
5976,14.4773,0
5977,23.0875,0
5978,21.0919,0
5979,23.1559,0
5980,18.2922,0
5981,21.6093,0
5982,13.2103,0
5983,14.2615,0
5984,10.8867,0
5985,14.9229,0
5986,12.3701,0
5987,9.6617,0
5988,12.8837,0
5989,21.6022,0
5990,16.0177,0
5991,10.2262,0
5992,15.2745,0
5993,13.2227,0
5994,12.6977,0
5995,12.5785,0
5996,10.1213,0
5997,12.7909,0
5998,13.4435,0
5999,17.5285,0
6000,16.4475,0
6001,13.7169,0
6002,11.5910,0
6003,16.2868,0
6004,21.3790,0
6005,16.3355,0
6006,19.2862,0
6007,25.3928,0
6008,17.9448,0
6009,18.7519,0
6010,16.5493,0
6011,13.2418,0
6012,10.8366,0
6013,16.1600,0
6014,15.7998,0
6015,16.6206,0
6016,19.7387,0
6017,11.3845,0
6018,13.5243,0
6019,18.1253,0
6020,16.2802,0
6021,18.7438,0
6022,10.3641,0
6023,10.7312,0
6024,8.2512,0
6025,12.7263,0
6026,20.7207,0
6027,12.2890,0
6028,9.9974,0
6029,12.1429,0
6030,12.9833,0
6031,15.1510,0
6032,19.9726,0
6033,17.4923,0
6034,17.6001,0
6035,28.2221,0
6036,21.4436,0
6037,16.8741,0
6038,16.0987,0
6039,17.3571,0
6040,13.3793,0
6041,13.5560,0
6042,11.3320,0
6043,12.2945,0
6044,13.7372,0
6045,12.7869,0
6046,13.8714,0
6047,15.0206,0
6048,15.5809,0
6049,14.3304,0
6050,12.6324,0
6051,16.1278,0
6052,13.7472,0
6053,14.3669,0
6054,13.3238,0
6055,16.5081,0
6056,15.1274,0
6057,16.3877,0
6058,13.7763,0
6059,13.4485,0
6060,18.2817,0
6061,18.3187,0
6062,16.9203,0
6063,15.8744,0
6064,17.8795,0
6065,17.8864,0
6066,15.1653,0
6067,17.9937,0
6068,12.0938,0
6069,11.2760,0
6070,14.0018,0
6071,13.1547,0
6072,13.8743,0
6073,15.1756,0
6074,19.6579,0
6075,16.8674,0
6076,15.3210,0
6077,10.3085,0
6078,14.2040,0
6079,11.1606,0
6080,10.5720,0
6081,10.1960,0
6082,10.0820,0
6083,9.2709,0
6084,10.9630,0
6085,10.4914,0
6086,12.4693,0
6087,12.2075,0
6088,15.4014,0
6089,11.1201,0
6090,16.9744,0
6091,18.1096,0
6092,22.0203,0
6093,18.7833,0
6094,18.8887,0
6095,15.2724,0
6096,13.3719,0
6097,12.8314,0
6098,13.0026,0
6099,22.7785,0
6100,14.6806,0
6101,10.4952,0
6102,15.2435,0
6103,15.7697,0
6104,17.6594,0
6105,13.7498,0
6106,15.5132,0
6107,15.5489,0
6108,14.2601,0
6109,14.3592,0
6110,10.0563,0
6111,9.9685,0
6112,16.9291,0
6113,13.1288,0
6114,17.8146,0
6115,19.4802,0
6116,16.0320,0
6117,22.6631,0
6118,14.6856,0
6119,20.5615,0
6120,13.0682,0
6121,23.7861,0
6122,13.4227,0
6123,10.5429,0
6124,14.9951,0
6125,16.5334,0
6126,19.0351,0
6127,18.1186,0
6128,12.1257,0
6129,9.6326,0
6130,17.6752,0
6131,19.7399,0
6132,12.7518,0
6133,12.2681,0
6134,13.3781,0
6135,16.1531,0
6136,16.7739,0
6137,17.5984,0
6138,13.9592,0
6139,17.1549,0
6140,17.6964,0
6141,26.5002,0
6142,23.3161,0
6143,17.0195,0
6144,13.2606,0
6145,13.9480,0
6146,13.4220,0
6147,12.2776,0
6148,15.4631,0
6149,14.8895,0
6150,13.2222,0
6151,18.6737,0
6152,13.5274,0
6153,15.6476,0
6154,9.5570,0
6155,13.4385,0
6156,18.6560,0
6157,13.3388,0
6158,13.2072,0
6159,14.2009,0
6160,15.0149,0
6161,12.3105,0
6162,11.4949,0
6163,13.0222,0
6164,14.8189,0
6165,13.1781,0
6166,15.8482,0
6167,12.6779,0
6168,20.6754,0
6169,28.7318,0
6170,20.5097,0
6171,18.9893,0
6172,19.2273,0
6173,19.4669,0
6174,13.7630,0
6175,15.5218,0
6176,14.6821,0
6177,17.6408,0
6178,15.1849,0
6179,13.5238,0
6180,13.0801,0
6181,14.6160,0
6182,15.0862,0
6183,12.7583,0
6184,13.1810,0
6185,15.2771,0
6186,12.1312,0
6187,11.5769,0
6188,11.4174,0
6189,14.3738,0
6190,10.4845,0
6191,13.2504,0
6192,11.7259,0
6193,14.8144,0
6194,18.9798,0
6195,21.3914,0
6196,16.1359,0
6197,17.5750,0
6198,23.5155,0
6199,15.5320,0
6200,18.7328,0
6201,11.8515,0
6202,12.4459,0
6203,17.2040,0
6204,14.9159,0
6205,12.5539,0
6206,11.8897,0
6207,11.8980,0
6208,22.3081,0
6209,16.6433,0
6210,12.9905,0
6211,13.4728,0
6212,12.6910,0
6213,12.4950,0
6214,11.8518,0
6215,12.0215,0
6216,14.5144,0
6217,15.7566,0
6218,13.3359,0
6219,11.2305,0
6220,15.6741,0
6221,11.9078,0
6222,25.0139,0
6223,10.8409,0
6224,28.1913,0
6225,15.6236,0
6226,15.8257,0
6227,17.7925,0
6228,14.3068,0
6229,13.6979,0
6230,10.7996,0
6231,14.4711,0
6232,18.0538,0
6233,11.7214,0
6234,9.3105,0
6235,11.0471,0
6236,13.0126,0
6237,20.6106,0
6238,13.1743,0
6239,14.2837,0
6240,14.1630,0
6241,13.8972,0
6242,11.3428,0
6243,13.8679,0
6244,15.1649,0
6245,11.9216,0
6246,11.7462,0
6247,12.3477,0
6248,14.3244,0
6249,24.0688,0
6250,13.4294,0
6251,17.8909,0
6252,18.6331,0
6253,9.1841,0
6254,12.3496,0
6255,13.2086,0
6256,13.0730,0
6257,13.2220,0
6258,10.1516,0
6259,10.7319,0
6260,12.3513,0
6261,17.7503,0
6262,13.1197,0
6263,15.5728,0
6264,10.0412,0
6265,12.7904,0
6266,12.6669,0
6267,14.2930,0
6268,14.2736,0
6269,11.5623,0
6270,15.6190,0
6271,18.5578,0
6272,13.0382,0
6273,17.9183,0
6274,12.4485,0
6275,13.3522,0
6276,19.4857,0
6277,23.4878,0
6278,33.6084,0
6279,18.9807,0
6280,15.1739,0
6281,20.0725,0
6282,21.6742,0
6283,16.5823,0
6284,11.5812,0
6285,14.8590,0
6286,17.2153,0
6287,12.5868,0
6288,12.8200,0
6289,14.2272,0
6290,16.4914,0
6291,13.9029,0
6292,13.2976,0
6293,16.2029,0
6294,17.1258,0
6295,18.0736,0
6296,14.4534,0
6297,9.5992,0
6298,14.5209,0
6299,17.7729,0
6300,14.5528,0
6301,13.8412,0
6302,21.7931,0
6303,22.1081,0
6304,16.2261,0
6305,13.4892,0
6306,19.0220,0
6307,16.5267,0
6308,14.7645,0
6309,12.7981,0
6310,12.9662,0
6311,13.9830,0
6312,17.5250,0
6313,19.2370,0
6314,10.2665,0
6315,14.5154,0
6316,12.0819,0
6317,14.3962,0
6318,15.9843,0
6319,13.5179,0
6320,13.0944,0
6321,14.7424,0
6322,13.5119,0
6323,17.5784,0
6324,12.6097,0
6325,15.8510,0
6326,11.6577,0
6327,11.7941,0
6328,15.2130,0
6329,20.3471,0
6330,23.4351,0
6331,25.0328,0
6332,22.1066,0
6333,14.1113,0
6334,19.2232,0
6335,106.9624,0
6336,10.4830,0
6337,11.5623,0
6338,14.0512,0
6339,14.7691,0
6340,18.0275,0
6341,18.0800,0
6342,21.4343,0
6343,16.7308,0
6344,15.7559,0
6345,15.3124,0
6346,13.7839,0
6347,17.0360,0
6348,12.8541,0
6349,16.6168,0
6350,24.7667,0
6351,22.0401,0
6352,12.9855,0
6353,16.9349,0
6354,13.0105,0
6355,10.4127,0
6356,9.6569,0
6357,10.8519,0
6358,10.5655,0
6359,11.3139,0
6360,13.1993,0
6361,13.6299,0
6362,13.7980,0
6363,12.8086,0
6364,16.3624,0
6365,13.7091,0
6366,13.6609,0
6367,14.3299,0
6368,13.9449,0
6369,13.7253,0
6370,12.8386,0
6371,12.8002,0
6372,15.5206,0
6373,16.4330,0
6374,11.1995,0
6375,12.5270,0
6376,14.5113,0
6377,15.5754,0
6378,21.9674,0
6379,16.2876,0
6380,16.5501,0
6381,15.9998,0
6382,14.9899,0
6383,14.5118,0
6384,14.0162,0
6385,14.4334,0
6386,13.8316,0
6387,16.7613,0
6388,13.4034,0
6389,15.3551,0
6390,17.3955,0
6391,15.7890,0
6392,14.3454,0
6393,14.1823,0
6394,13.6411,0
6395,13.2775,0
6396,15.0766,0
6397,17.4563,0
6398,14.7617,0
6399,21.3287,0
6400,13.0491,0
6401,14.6000,0
6402,9.9146,0
6403,16.9761,0
6404,17.6814,0
6405,13.2167,0
6406,26.5408,0
6407,23.8228,0
6408,16.7975,0
6409,15.5263,0
6410,10.9475,0
6411,13.9236,0
6412,14.5736,0
6413,16.5837,0
6414,11.3347,0
6415,16.6190,0
6416,15.2376,0
6417,13.4993,0
6418,14.0328,0
6419,16.7108,0
6420,18.0943,0
6421,19.5820,0
6422,12.1732,0
6423,16.5634,0
6424,15.0850,0
6425,10.5700,0
6426,15.2307,0
6427,16.8724,0
6428,11.6253,0
6429,16.5362,0
6430,10.4628,0
6431,19.7210,0
6432,15.7604,0
6433,29.5534,0
6434,19.8617,0
6435,20.2289,0
6436,19.1526,0
6437,17.6148,0
6438,15.0905,0
6439,12.4965,0
6440,17.3542,0
6441,12.3641,0
6442,22.5334,0
6443,15.6589,0
6444,21.0626,0
6445,10.0911,0
6446,18.2920,0
6447,21.4581,0
6448,11.1539,0
6449,14.0226,0
6450,11.4090,0
6451,12.7373,0
6452,14.8699,0
6453,12.2356,0
6454,15.6295,0
6455,15.9137,0
6456,14.3585,0
6457,13.2546,0
6458,16.0236,0
6459,19.0270,0
6460,16.7286,0
6461,21.8806,0
6462,24.0493,0
6463,12.8813,0
6464,15.5630,0
6465,19.4547,0
6466,16.5980,0
6467,19.9919,0
6468,13.0029,0
6469,10.2699,0
6470,12.7702,0
6471,10.0596,0
6472,13.1063,0
6473,11.2712,0
6474,15.5520,0
6475,13.9556,0
6476,13.2637,0
6477,17.4308,0
6478,10.7126,0
6479,9.2702,0
6480,10.8278,0
6481,12.5227,0
6482,14.1046,0
6483,12.2404,0
6484,11.6470,0
6485,12.3425,0
6486,17.9300,0
6487,20.1769,0
6488,19.1774,0
6489,16.3686,0
6490,12.1863,0
6491,18.8758,0
6492,12.7435,0
6493,12.2621,0
6494,13.4249,0
6495,13.2744,0
6496,17.2584,0
6497,17.6070,0
6498,24.5254,0
6499,22.3143,0
6500,17.8816,0
6501,11.7705,0
6502,21.5034,0
6503,18.1293,0
6504,12.8653,0
6505,10.8433,0
6506,15.2743,0
6507,13.5236,0
6508,15.3463,0
6509,14.6949,0
6510,11.9832,0
6511,11.5857,0
6512,13.3684,0
6513,20.8118,0
6514,31.1658,0
6515,28.7280,0
6516,22.7809,0
6517,10.8943,0
6518,13.8397,0
6519,16.5086,0
6520,13.7625,0
6521,17.3695,0
6522,15.8648,0
6523,10.7844,0
6524,12.3067,0
6525,22.1565,0
6526,14.6194,0
6527,14.2334,0
6528,12.7399,0
6529,13.0987,0
6530,13.7651,0
6531,12.3582,0
6532,19.0644,0
6533,10.3369,0
6534,12.5086,0
6535,14.6978,0
6536,19.3017,0
6537,17.9741,0
6538,18.9114,0
6539,17.2262,0
6540,13.5968,0
6541,26.8891,0
6542,25.3561,0
6543,18.3067,0
6544,14.9689,0
6545,17.0732,0
6546,18.8742,0
6547,13.6118,0
6548,14.3690,0
6549,15.5861,0
6550,13.9334,0
6551,12.3210,0
6552,12.1047,0
6553,14.8129,0
6554,14.8757,0
6555,16.8884,0
6556,10.9243,0
6557,12.2435,0
6558,11.7834,0
6559,12.9185,0
6560,11.5120,0
6561,15.5098,0
6562,18.1618,0
6563,17.6477,0
6564,21.1287,0
6565,14.2312,0
6566,15.0888,0
6567,11.3957,0
6568,12.7108,0
6569,15.0216,0
6570,27.7061,0
6571,16.4182,0
6572,14.8945,0
6573,14.6723,0
6574,18.0361,0
6575,20.9153,0
6576,14.7209,0
6577,15.0573,0
6578,16.9756,0
6579,16.5138,0
6580,20.1550,0
6581,17.8421,0
6582,24.6236,0
6583,13.7358,0
6584,12.0742,0
6585,13.8171,0
6586,13.7873,0
6587,10.7570,0
6588,12.3482,0
6589,17.5576,0
6590,17.2796,0
6591,15.0244,0
6592,12.0728,0
6593,29.0451,0
6594,16.7336,0
6595,21.9572,0
6596,11.6689,0
6597,16.6600,0
6598,14.0388,0
6599,10.2942,0
6600,15.4979,0
6601,15.9514,0
6602,15.7588,0
6603,12.6846,0
6604,16.0379,0
6605,17.1270,0
6606,10.9024,0
6607,18.6777,0
6608,21.3470,0
6609,12.5380,0
6610,11.5564,0
6611,20.7989,0
6612,14.2915,0
6613,17.4243,0
6614,10.2007,0
6615,13.9611,0
6616,15.4338,0
6617,11.2669,0
6618,13.1278,0
6619,17.4537,0
6620,17.7376,0
6621,14.0471,0
6622,30.1337,0
6623,18.4512,0
6624,22.3336,0
6625,17.4971,0
6626,20.4353,0
6627,10.4411,0
6628,15.2988,0
6629,10.9444,0
6630,11.5039,0
6631,13.4385,0
6632,11.5292,0
6633,13.0076,0
6634,14.1158,0
6635,14.1752,0
6636,13.2205,0
6637,14.6179,0
6638,18.0297,0
6639,15.6145,0
6640,14.4858,0
6641,15.5680,0
6642,13.8159,0
6643,11.1625,0
6644,16.2194,0
6645,14.5452,0
6646,15.4283,0
6647,17.7119,0
6648,22.8536,0
6649,26.9778,0
6650,17.6799,0
6651,13.7649,0
6652,15.6417,0
6653,24.0402,0
6654,14.2493,0
6655,8.4848,0
6656,7.6637,0
6657,8.4887,0
6658,11.8406,0
6659,15.2056,0
6660,11.1506,0
6661,23.2799,0
6662,25.2690,0
6663,15.0125,0
6664,13.2849,0
6665,16.5322,0
6666,13.3862,0
6667,10.9720,0
6668,10.3445,0
6669,15.5282,0
6670,19.3996,0
6671,11.4570,0
6672,17.3566,0
6673,17.4105,0
6674,22.8198,0
6675,18.1658,0
6676,11.0180,0
6677,15.1820,0
6678,13.5696,0
6679,15.7311,0
6680,12.8267,0
6681,13.8845,0
6682,11.9195,0
6683,12.1472,0
6684,12.8453,0
6685,11.4937,0
6686,16.7530,0
6687,10.2472,0
6688,12.5329,0
6689,12.2888,0
6690,12.6336,0
6691,15.7213,0
6692,13.9725,0
6693,11.6842,0
6694,16.2668,0
6695,19.2676,0
6696,9.8040,0
6697,14.5841,0
6698,13.0134,0
6699,12.2561,0
6700,14.0779,0
6701,34.4515,0
6702,14.8695,0
6703,12.2464,0
6704,14.6589,0
6705,16.6395,0
6706,14.2310,0
6707,14.9946,0
6708,11.8828,0
6709,14.8799,0
6710,12.6891,0
6711,15.3701,0
6712,14.8540,0
6713,14.5884,0
6714,13.7320,0
6715,12.7609,0
6716,13.3090,0
6717,12.9299,0
6718,18.9881,0
6719,17.0600,0
6720,14.4792,0
6721,16.9690,0
6722,16.2582,0
6723,12.3947,0
6724,13.8645,0
6725,13.1128,0
6726,12.7637,0
6727,27.3867,0
6728,23.6938,0
6729,19.8314,0
6730,11.5526,0
6731,17.2791,0
6732,24.9143,0
6733,16.0387,0
6734,12.6135,0
6735,15.5315,0
6736,16.0701,0
6737,18.8253,0
6738,17.6265,0
6739,12.5296,0
6740,11.5411,0
6741,9.9039,0
6742,13.9284,0
6743,20.6521,0
6744,14.8425,0
6745,14.5953,0
6746,13.5739,0
6747,16.0217,0
6748,10.8306,0
6749,11.2507,0
6750,15.7716,0
6751,10.9098,0
6752,15.2936,0
6753,11.9123,0
6754,32.8548,0
6755,15.2357,0
6756,19.2058,0
6757,25.5973,0
6758,10.5145,0
6759,12.1896,0
6760,15.3978,0
6761,13.0937,0
6762,9.2976,0
6763,11.2236,0
6764,10.5131,0
6765,12.9678,0
6766,13.4194,0
6767,15.0003,0
6768,17.7724,0
6769,11.2846,0
6770,21.1594,0
6771,9.1939,0
6772,17.1645,0
6773,16.3112,0
6774,16.4926,0
6775,14.9767,0
6776,11.5469,0
6777,12.6755,0
6778,12.6650,0
6779,21.3830,0
6780,13.0820,0
6781,35.7873,0
6782,19.1798,0
6783,18.9517,0
6784,14.2601,0
6785,9.7723,0
6786,13.1586,0
6787,15.5690,0
6788,11.0795,0
6789,11.3020,0
6790,18.3339,0
6791,12.3284,0
6792,12.0769,0
6793,11.9469,0
6794,16.3062,0
6795,14.2021,0
6796,13.4385,0
6797,17.4565,0
6798,13.7136,0
6799,13.1335,0
6800,13.1447,0
6801,12.3901,0
6802,12.5420,0
6803,15.6646,0
6804,14.0245,0
6805,12.6002,0
6806,11.7731,0
6807,13.6297,0
6808,20.3819,0
6809,21.2569,0
6810,25.2783,0
6811,15.2938,0
6812,13.2384,0
6813,18.0502,0
6814,12.5070,0
6815,13.3884,0
6816,18.4236,0
6817,11.0202,0
6818,17.0002,0
6819,13.0596,0
6820,13.2663,0
6821,13.9256,0
6822,14.0529,0
6823,12.7752,0
6824,13.7513,0
6825,12.5055,0
6826,12.4214,0
6827,16.2110,0
6828,24.0200,0
6829,18.9257,0
6830,16.7668,0
6831,18.0898,0
6832,19.1205,0
6833,22.0215,0
6834,32.6550,0
6835,14.6203,0
6836,15.2919,0
6837,13.4339,0
6838,16.8402,0
6839,24.8220,0
6840,15.6846,0
6841,9.3141,0
6842,15.0976,0
6843,16.3965,0
6844,12.0490,0
6845,11.1670,0
6846,18.6274,0
6847,15.0423,0
6848,13.9642,0
6849,17.0608,0
6850,13.7327,0
6851,18.5866,0
6852,11.1513,0
6853,15.7125,0
6854,8.2049,0
6855,14.9252,0
6856,14.3428,0
6857,17.5710,0
6858,17.6198,0
6859,30.2138,0
6860,12.5134,0
6861,21.7996,0
6862,18.8110,0
6863,10.9642,0
6864,13.4466,0
6865,20.8018,0
6866,20.3524,0
6867,12.6882,0
6868,25.8987,0
6869,14.5001,0
6870,16.6826,0
6871,14.0347,0
6872,14.8654,0
6873,14.6739,0
6874,11.0848,0
6875,14.0190,0
6876,19.6133,0
6877,22.6011,0
6878,15.9614,0
6879,10.6168,0
6880,14.2314,0
6881,23.6745,0
6882,11.9836,0
6883,19.9528,0
6884,15.9218,0
6885,22.0206,0
6886,14.9281,0
6887,27.3302,0
6888,15.9967,0
6889,28.1813,0
6890,21.0795,0
6891,18.3635,0
6892,17.2234,0
6893,15.9266,0
6894,14.3552,0
6895,20.8433,0
6896,18.3926,0
6897,12.4655,0
6898,16.6144,0
6899,12.7785,0
6900,8.4975,0
6901,11.0581,0
6902,10.1202,0
6903,11.0307,0
6904,8.2641,0
6905,10.3612,0
6906,12.3575,0
6907,19.4488,0
6908,17.3891,0
6909,16.9718,0
6910,20.7670,0
6911,18.9097,0
6912,20.5078,0
6913,16.3679,0
6914,13.0916,0
6915,14.1542,0
6916,17.3340,0
6917,17.3042,0
6918,11.0493,0
6919,10.8593,0
6920,13.7510,0
6921,19.7144,0
6922,16.8762,0
6923,16.6540,0
6924,13.0649,0
6925,20.0875,0
6926,14.3571,0
6927,17.7946,0
6928,14.0634,0
6929,13.7780,0
6930,14.2281,0
6931,13.1016,0
6932,12.8131,0
6933,13.9122,0
6934,12.4302,0
6935,13.3560,0
6936,18.7907,0
6937,16.0897,0
6938,12.5105,0
6939,38.8274,0
6940,16.5350,0
6941,17.2453,0
6942,20.1046,0
6943,15.9278,0
6944,17.6105,0
6945,16.7189,0
6946,13.9475,0
6947,14.6580,0
6948,13.7353,0
6949,18.3303,0
6950,16.9930,0
6951,11.3080,0
6952,15.9011,0
6953,13.6538,0
6954,16.8478,0
6955,16.3999,0
6956,13.4630,0
6957,14.7872,0
6958,14.6236,0
6959,15.7702,0
6960,11.7419,0
6961,20.6752,0
6962,20.1752,0
6963,15.5137,0
6964,9.7046,0
6965,16.9580,0
6966,15.5604,0
6967,18.6570,0
6968,13.0875,0
6969,17.2284,0
6970,11.1437,0
6971,15.8315,0
6972,11.2469,0
6973,15.2025,0
6974,15.9931,0
6975,14.1516,0
6976,14.7395,0
6977,14.8590,0
6978,20.4296,0
6979,14.2505,0
6980,14.7743,0
6981,12.8212,0
6982,18.8060,0
6983,11.8785,0
6984,19.7420,0
6985,21.1599,0
6986,23.5338,0
6987,14.9772,0
6988,21.4429,0
6989,16.8886,0
6990,13.1912,0
6991,12.3703,0
6992,12.8307,0
6993,26.7551,0
6994,13.8226,0
6995,10.3521,0
6996,8.8086,0
6997,13.1085,0
6998,14.0216,0
6999,18.8804,0
7000,14.5307,0
7001,11.4987,0
7002,20.0114,0
7003,14.4074,0
7004,10.2527,0
7005,20.8249,0
7006,17.1690,0
7007,17.9961,0
7008,18.5890,0
7009,14.8778,0
7010,15.8801,0
7011,14.8995,0
7012,12.8655,0
7013,17.1788,0
7014,18.1358,0
7015,12.5318,0
7016,12.1474,0
7017,11.0271,0
7018,12.7504,0
7019,13.4413,0
7020,9.4144,0
7021,13.2327,0
7022,31.2791,0
7023,13.7584,0
7024,13.7696,0
7025,21.2951,0
7026,23.1619,0
7027,18.0814,0
7028,16.7489,0
7029,17.3676,0
7030,20.8509,0
7031,13.4676,0
7032,13.8519,0
7033,14.0836,0
7034,17.0708,0
7035,18.4748,0
7036,14.9603,0
7037,19.4564,0
7038,16.9888,0
7039,24.4629,0
7040,8.4033,0
7041,14.8144,0
7042,18.5244,0
7043,20.3209,0
7044,16.1707,0
7045,24.7333,0
7046,21.8167,0
7047,11.8735,0
7048,15.3971,0
7049,15.2338,0
7050,14.8172,0
7051,13.9437,0
7052,15.7654,0
7053,20.0682,0
7054,16.0832,0
7055,13.7959,0
7056,14.3776,0
7057,19.6714,0
7058,18.6846,0
7059,12.2066,0
7060,14.1683,0
7061,16.8619,0
7062,15.2478,0
7063,21.1084,0
7064,17.5774,0
7065,23.5095,0
7066,22.6164,0
7067,18.0271,0
7068,22.5132,0
7069,19.2573,0
7070,20.2768,0
7071,11.8575,0
7072,24.4892,0
7073,12.0792,0
7074,11.4274,0
7075,11.2941,0
7076,12.0063,0
7077,12.6290,0
7078,16.5405,0
7079,14.5793,0
7080,14.5273,0
7081,17.9081,0
7082,17.6744,0
7083,17.3843,0
7084,10.5028,0
7085,11.3323,0
7086,12.7025,0
7087,15.2771,0
7088,13.4554,0
7089,15.4171,0
7090,17.6950,0
7091,15.9695,0
7092,18.3177,0
7093,14.8406,0
7094,30.0176,0
7095,15.9602,0
7096,15.2109,0
7097,17.0972,0
7098,18.4159,0
7099,13.9394,0
7100,16.1693,0
7101,15.8367,0
7102,17.9334,0
7103,11.3552,0
7104,13.7689,0
7105,13.6955,0
7106,13.9921,0
7107,14.3933,0
7108,13.7761,0
7109,13.4120,0
7110,17.4570,0
7111,13.5474,0
7112,14.0517,0
7113,16.0968,0
7114,22.7163,0
7115,19.4578,0
7116,15.1188,0
7117,15.0599,0
7118,19.1829,0
7119,13.9391,0
7120,20.5359,0
7121,15.0521,0
7122,16.3739,0
7123,12.3580,0
7124,18.1019,0
7125,13.5140,0
7126,15.5871,0
7127,21.0848,0
7128,15.0666,0
7129,11.1921,0
7130,15.7371,0
7131,16.3932,0
7132,17.3433,0
7133,16.9554,0
7134,17.7701,0
7135,14.2353,0
7136,20.3745,0
7137,19.5067,0
7138,16.5551,0
7139,21.4758,0
7140,18.6102,0
7141,11.0269,0
7142,12.8860,0
7143,18.0225,0
7144,14.2126,0
7145,15.2657,0
7146,14.3845,0
7147,11.6534,0
7148,17.0610,0
7149,15.4624,0
7150,23.5963,0
7151,22.7261,0
7152,18.8754,0
7153,11.8561,0
7154,13.2260,0
7155,15.5156,0
7156,20.1094,0
7157,18.3787,0
7158,17.4339,0
7159,22.4779,0
7160,16.9020,0
7161,10.4923,0
7162,19.3079,0
7163,16.8855,0
7164,18.6799,0
7165,17.6179,0
7166,20.0777,0
7167,18.0619,0
7168,12.4965,0
7169,15.4908,0
7170,14.4072,0
7171,15.5706,0
7172,13.9153,0
7173,14.4858,0
7174,19.1650,0
7175,14.7822,0
7176,21.7769,0
7177,19.0294,0
7178,15.1498,0
7179,15.9712,0
7180,18.3933,0
7181,13.8602,0
7182,14.9925,0
7183,12.9473,0
7184,12.9783,0
7185,18.8625,0
7186,20.2298,0
7187,13.8106,0
7188,12.6431,0
7189,25.1448,0
7190,19.2909,0
7191,11.8642,0
7192,13.0260,0
7193,14.0648,0
7194,15.6257,0
7195,12.2783,0
7196,12.6920,0
7197,12.8665,0
7198,14.1571,0
7199,12.6681,0
7200,12.8286,0
7201,25.8856,0
7202,14.1704,0
7203,13.5643,0
7204,14.8020,0
7205,13.4056,0
7206,13.0363,0
7207,13.6359,0
7208,13.3429,0
7209,15.5492,0
7210,15.0008,0
7211,14.8671,0
7212,19.7690,0
7213,15.3701,0
7214,15.4514,0
7215,14.0154,0
7216,10.2346,0
7217,14.2992,0
7218,13.1931,0
7219,24.6589,0
7220,19.3915,0
7221,12.7065,0
7222,17.3192,0
7223,15.0888,0
7224,16.1171,0
7225,15.9595,0
7226,25.1710,0
7227,19.5754,0
7228,11.5466,0
7229,13.2723,0
7230,13.9439,0
7231,12.1744,0
7232,11.3659,0
7233,14.6399,0
7234,16.6199,0
7235,12.5227,0
7236,17.3576,0
7237,19.2242,0
7238,11.7202,0
7239,12.4013,0
7240,12.7404,0
7241,9.3482,0
7242,12.8067,0
7243,18.8091,0
7244,12.8438,0
7245,14.1249,0
7246,19.8338,0
7247,17.2472,0
7248,15.2235,0
7249,27.8063,0
7250,14.5316,0
7251,12.7881,0
7252,12.4345,0
7253,20.9339,0
7254,22.4745,0
7255,12.1341,0
7256,14.3020,0
7257,16.5267,0
7258,17.8299,0
7259,17.6449,0
7260,14.4250,0
7261,9.0435,0
7262,16.9382,0
7263,12.6872,0
7264,13.1330,0
7265,12.4941,0
7266,15.3472,0
7267,16.0325,0
7268,17.0381,0
7269,16.1395,0
7270,16.8881,0
7271,14.7264,0
7272,16.8638,0
7273,16.2003,0
7274,19.2850,0
7275,15.6598,0
7276,14.8718,0
7277,16.6831,0
7278,18.9469,0
7279,30.4635,0
7280,25.5926,0
7281,9.0234,0
7282,15.7280,0
7283,11.9827,0
7284,14.0610,0
7285,10.0281,0
7286,9.5882,0
7287,12.5244,0
7288,13.1226,0
7289,12.1412,0
7290,14.5481,0
7291,13.1121,0
7292,12.3985,0
7293,13.5682,0
7294,18.5478,0
7295,12.4731,0
7296,14.3223,0
7297,18.2459,0
7298,15.4622,0
7299,26.9165,0
7300,14.7591,0
7301,14.0109,0
7302,13.2585,0
7303,11.8351,0
7304,10.3257,0
7305,14.5571,0
7306,13.7687,0
7307,13.1829,0
7308,15.1594,0
7309,15.0652,0
7310,20.3114,0
7311,16.2230,0
7312,17.7393,0
7313,23.8743,0
7314,16.2306,0
7315,16.5012,0
7316,10.8533,0
7317,11.8697,0
7318,17.3550,0
7319,17.5347,0
7320,15.7690,0
7321,20.6172,0
7322,13.5901,0
7323,12.3904,0
7324,12.2941,0
7325,16.6271,0
7326,13.9561,0
7327,15.6608,0
7328,20.1447,0
7329,19.0163,0
7330,11.4503,0
7331,14.2951,0
7332,17.2157,0
7333,15.9597,0
7334,16.0329,0
7335,28.6868,0
7336,17.7577,0
7337,17.2365,0
7338,13.8023,0
7339,13.7293,0
7340,15.4545,0
7341,14.6453,0
7342,15.2249,0
7343,12.1791,0
7344,12.7869,0
7345,14.8451,0
7346,13.4642,0
7347,13.2661,0
7348,12.9209,0
7349,14.9419,0
7350,13.4611,0
7351,22.6095,0
7352,18.4994,0
7353,22.9681,0
7354,17.9417,0
7355,24.2198,0
7356,16.3794,0
7357,12.0146,0
7358,13.7477,0
7359,15.4026,0
7360,14.5333,0
7361,22.4662,0
7362,16.4795,0
7363,12.4516,0
7364,21.8427,0
7365,17.4658,0
7366,15.5756,0
7367,10.5414,0
7368,9.2299,0
7369,11.6801,0
7370,10.6499,0
7371,13.6185,0
7372,13.8748,0
7373,16.3312,0
7374,13.3159,0
7375,16.1088,0
7376,11.6744,0
7377,17.8473,0
7378,17.8828,0
7379,15.7559,0
7380,15.9557,0
7381,15.5518,0
7382,18.1453,0
7383,13.6344,0
7384,17.2918,0
7385,14.3943,0
7386,12.6095,0
7387,11.5299,0
7388,13.2871,0
7389,16.6683,0
7390,24.9417,0
7391,20.4065,0
7392,14.2138,0
7393,15.2922,0
7394,11.4789,0
7395,13.9129,0
7396,15.2833,0
7397,14.4396,0
7398,16.7716,0
7399,12.4795,0
7400,13.3824,0
7401,15.6357,0
7402,13.9272,0
7403,14.2555,0
7404,17.8807,0
7405,22.3353,0
7406,22.3639,0
7407,17.5486,0
7408,10.4768,0
7409,14.0426,0
7410,12.2871,0
7411,14.9496,0
7412,11.4985,0
7413,12.1744,0
7414,17.0555,0
7415,17.1223,0
7416,14.2007,0
7417,19.4180,0
7418,19.8524,0
7419,17.6334,0
7420,15.0869,0
7421,16.5272,0
7422,15.0146,0
7423,23.7701,0
7424,10.6952,0
7425,18.4960,0
7426,14.4303,0
7427,11.8344,0
7428,18.6527,0
7429,21.4691,0
7430,12.2354,0
7431,17.2315,0
7432,25.1753,0
7433,11.4007,0
7434,18.8477,0
7435,14.0243,0
7436,15.8963,0
7437,12.7521,0
7438,13.4134,0
7439,8.9111,0
7440,16.3674,0
7441,12.2626,0
7442,19.8319,0
7443,20.9291,0
7444,13.6800,0
7445,17.3600,0
7446,12.8326,0
7447,14.0767,0
7448,18.4276,0
7449,66.7877,0
7450,14.0698,0
7451,11.5049,0
7452,12.2859,0
7453,14.0359,0
7454,13.3367,0
7455,14.3390,0
7456,24.3156,0
7457,22.3734,0
7458,21.4138,0
7459,12.5005,0
7460,15.7871,0
7461,12.6076,0
7462,10.9749,0
7463,11.7984,0
7464,11.2467,0
7465,14.5741,0
7466,9.9554,0
7467,10.0901,0
7468,21.6703,0
7469,21.0094,0
7470,10.3984,0
7471,11.8272,0
7472,17.7155,0
7473,16.6304,0
7474,12.4307,0
7475,13.4182,0
7476,14.7979,0
7477,16.5212,0
7478,11.0898,0
7479,13.6287,0
7480,10.7377,0
7481,18.8568,0
7482,20.3598,0
7483,12.3627,0
7484,28.1351,0
7485,22.0909,0
7486,15.3856,0
7487,14.2670,0
7488,11.2922,0
7489,18.0001,0
7490,13.3517,0
7491,15.3236,0
7492,9.7349,0
7493,22.2282,0
7494,15.3632,0
7495,24.1146,0
7496,16.9477,0
7497,11.6796,0
7498,13.9203,0
7499,19.0964,0
7500,15.8453,0
7501,20.1647,0
7502,16.6233,0
7503,15.7018,0
7504,14.5707,0
7505,12.9795,0
7506,12.0342,0
7507,13.8803,0
7508,15.3267,0
7509,15.3160,0
7510,15.5652,0
7511,12.0986,0
7512,14.5826,0
7513,16.8192,0
7514,21.4674,0
7515,17.1480,0
7516,12.1150,0
7517,10.2637,0
7518,12.3000,0
7519,14.8513,0
7520,12.0525,0
7521,17.9362,0
7522,12.8357,0
7523,23.7403,0
7524,16.7594,0
7525,12.0695,0
7526,18.7178,0
7527,17.6666,0
7528,16.8798,0
7529,11.6830,0
7530,16.1290,0
7531,14.5395,0
7532,15.2655,0
7533,12.6107,0
7534,12.3477,0
7535,11.4875,0
7536,11.0614,0
7537,21.7874,0
7538,17.6055,0
7539,17.1502,0
7540,12.4722,0
7541,22.6331,0
7542,15.5132,0
7543,17.8313,0
7544,13.9008,0
7545,15.9609,0
7546,17.4720,0
7547,13.0754,0
7548,14.3216,0
7549,35.6019,0
7550,16.7058,0
7551,13.0727,0
7552,11.7395,0
7553,15.9469,0
7554,13.2084,0
7555,17.4136,0
7556,20.2341,0
7557,15.5714,0
7558,16.5961,0
7559,18.1146,0
7560,12.4018,0
7561,23.9496,0
7562,13.4437,0
7563,15.3451,0
7564,15.4061,0
7565,13.6735,0
7566,18.1267,0
7567,15.9063,0
7568,12.4562,0
7569,14.9434,0
7570,13.4292,0
7571,11.9700,0
7572,15.9874,0
7573,30.0269,0
7574,14.1883,0
7575,12.2342,0
7576,22.7871,0
7577,19.1748,0
7578,10.6771,0
7579,14.3905,0
7580,16.2668,0
7581,17.2098,0
7582,10.1211,0
7583,11.5776,0
7584,11.3661,0
7585,12.3212,0
7586,15.0759,0
7587,17.4689,0
7588,21.2622,0
7589,16.9668,0
7590,15.9311,0
7591,12.6319,0
7592,15.0261,0
7593,18.9075,0
7594,20.4787,0
7595,15.6243,0
7596,12.2142,0
7597,14.9772,0
7598,17.2961,0
7599,17.0574,0
7600,19.2096,0
7601,11.6076,0
7602,11.8985,0
7603,25.1803,0
7604,12.3780,0
7605,14.2670,0
7606,13.0000,0
7607,14.6265,0
7608,14.5514,0
7609,11.7252,0
7610,15.6388,0
7611,21.6944,0
7612,23.9251,0
7613,16.5613,0
7614,21.3366,0
7615,14.1044,0
7616,11.1856,0
7617,13.4799,0
7618,14.2000,0
7619,14.7355,0
7620,15.3570,0
7621,16.4821,0
7622,14.7910,0
7623,16.5529,0
7624,16.0720,0
7625,19.9900,0
7626,17.6275,0
7627,11.3597,0
7628,19.4759,0
7629,19.1288,0
7630,16.5861,0
7631,13.9670,0
7632,16.9539,0
7633,16.1436,0
7634,11.4210,0
7635,12.7637,0
7636,26.6869,0
7637,29.2635,0
7638,18.3008,0
7639,14.0364,0
7640,16.8052,0
7641,14.9438,0
7642,15.6600,0
7643,19.5251,0
7644,9.8689,0
7645,11.8451,0
7646,16.9435,0
7647,12.1839,0
7648,24.3745,0
7649,17.1297,0
7650,12.9867,0
7651,11.2152,0
7652,15.2917,0
7653,10.5996,0
7654,16.8378,0
7655,18.2898,0
7656,13.7208,0
7657,9.0723,0
7658,12.7091,0
7659,14.0388,0
7660,14.1892,0
7661,15.8701,0
7662,28.5835,0
7663,14.6837,0
7664,16.9475,0
7665,15.3723,0
7666,12.5742,0
7667,15.7893,0
7668,13.6254,0
7669,12.0826,0
7670,16.2952,0
7671,12.8436,0
7672,12.4784,0
7673,10.3350,0
7674,12.5942,0
7675,18.0860,0
7676,14.5638,0
7677,22.1703,0
7678,14.2293,0
7679,13.9675,0
7680,13.3984,0
7681,11.3473,0
7682,9.9051,0
7683,10.0892,0
7684,9.6934,0
7685,13.4192,0
7686,13.4902,0
7687,14.2210,0
7688,12.5051,0
7689,13.5460,0
7690,28.6565,0
7691,13.7215,0
7692,13.9220,0
7693,14.9193,0
7694,11.7321,0
7695,12.0749,0
7696,14.9844,0
7697,18.6920,0
7698,22.2044,0
7699,11.6584,0
7700,14.6952,0
7701,15.1594,0
7702,11.3735,0
7703,12.5515,0
7704,17.6218,0
7705,14.4143,0
7706,11.4982,0
7707,16.4099,0
7708,15.7218,0
7709,16.8424,0
7710,16.1617,0
7711,16.3312,0
7712,15.4994,0
7713,17.8287,0
7714,13.6697,0
7715,11.6596,0
7716,14.0126,0
7717,17.1056,0
7718,12.5294,0
7719,23.3812,0
7720,14.9977,0
7721,18.1758,0
7722,21.4093,0
7723,17.8952,0
7724,22.2836,0
7725,17.5450,0
7726,20.8340,0
7727,16.4652,0
7728,13.5581,0
7729,12.8942,0
7730,14.9918,0
7731,15.0359,0
7732,16.0789,0
7733,22.8353,0
7734,23.0567,0
7735,15.2860,0
7736,12.3136,0
7737,14.1275,0
7738,15.2123,0
7739,18.8551,0
7740,13.8962,0
