id,t_pub_ms,qos
1,1.4572,-1
2,4.7894,-1
3,7.9067,-1
4,9.6605,-1
5,12.4528,-1
6,16.1488,-1
7,18.8632,-1
8,19.7248,-1
9,21.5411,-1
10,25.4087,-1
11,28.1904,-1
12,31.5857,-1
13,35.8779,-1
14,37.7684,-1
15,41.4352,-1
16,44.3397,-1
17,51.3878,-1
18,57.5757,-1
19,61.7461,-1
20,66.0119,-1
21,69.5603,-1
22,72.4263,-1
23,75.0489,-1
24,79.3121,-1
25,83.4985,-1
26,87.1117,-1
27,91.6123,-1
28,95.8686,-1
29,100.3499,-1
30,103.3726,-1
31,104.7616,-1
32,108.2613,-1
33,110.7588,-1
34,115.0701,-1
35,118.3958,-1
36,121.1770,-1
37,119.5278,-1
38,121.7403,-1
39,125.5217,-1
40,127.9359,-1
41,130.5232,-1
42,132.2134,-1
43,135.1271,-1
44,137.1624,-1
45,141.6576,-1
46,144.6245,-1
47,146.7850,-1
48,149.1675,-1
49,151.7537,-1
50,154.5501,-1
51,157.1333,-1
52,159.4365,-1
53,162.2536,-1
54,164.3524,-1
55,166.8577,-1
56,169.1263,-1
57,171.2718,-1
58,174.5403,-1
59,177.1920,-1
60,179.6165,-1
61,181.7768,-1
62,183.5124,-1
63,184.7305,-1
64,184.2511,-1
65,185.5307,-1
66,186.7480,-1
67,192.8678,-1
68,196.7778,-1
69,199.3878,-1
70,202.1158,-1
71,204.5889,-1
72,207.1462,-1
73,209.8680,-1
74,213.5258,-1
75,216.7654,-1
76,218.8962,-1
77,221.4689,-1
78,220.4945,-1
79,222.4038,-1
80,223.7978,-1
81,226.0170,-1
82,228.3363,-1
83,230.4306,-1
84,232.6040,-1
85,235.7073,-1
86,238.8086,-1
87,240.0980,-1
88,242.2998,-1
89,245.1475,-1
90,248.4317,-1
91,251.2453,-1
92,253.3743,-1
93,255.6505,-1
94,258.4820,-1
95,261.8265,-1
96,264.6081,-1
97,268.1837,-1
98,270.8793,-1
99,273.0391,-1
100,276.6609,-1
101,279.8293,-1
102,281.8847,-1
103,284.1864,-1
104,286.4325,-1
105,288.5790,-1
106,291.5282,-1
107,294.4939,-1
108,298.0680,-1
109,301.1580,-1
110,303.4241,-1
111,306.1638,-1
112,308.3682,-1
113,309.9990,-1
114,310.9031,-1
115,313.2522,-1
116,316.3908,-1
117,320.4038,-1
118,323.1511,-1
119,329.2346,-1
120,332.9825,-1
121,335.9001,-1
122,337.9343,-1
123,340.2834,-1
124,341.5008,-1
125,343.0107,-1
126,345.7007,-1
127,348.2480,-1
128,347.7578,-1
129,351.3436,-1
130,354.1055,-1
131,356.1673,-1
132,358.7399,-1
133,361.7513,-1
134,364.4805,-1
135,367.1935,-1
136,369.8969,-1
137,372.1342,-1
138,375.5243,-1
139,379.9839,-1
140,388.4454,-1
141,387.1603,-1
142,398.2887,-1
143,399.6851,-1
144,401.4904,-1
145,402.6728,-1
146,403.5423,-1
147,404.6493,-1
148,406.1573,-1
149,407.4428,-1
150,408.8054,-1
151,410.0239,-1
152,411.6700,-1
153,413.0569,-1
154,414.4189,-1
155,415.7755,-1
156,416.7914,-1
157,417.1031,-1
158,419.4360,-1
159,421.3006,-1
160,423.2244,-1
161,425.9961,-1
162,427.9099,-1
163,430.2492,-1
164,431.9415,-1
165,433.4035,-1
166,434.7925,-1
167,436.8024,-1
168,439.3244,-1
169,442.2073,-1
170,447.1180,-1
171,449.3473,-1
172,451.5488,-1
173,453.4163,-1
174,455.8325,-1
175,457.4966,-1
176,459.1913,-1
177,461.4043,-1
178,464.0257,-1
179,467.1948,-1
180,470.5579,-1
181,472.9471,-1
182,474.4046,-1
183,476.4073,-1
184,478.8477,-1
185,480.7103,-1
186,482.9226,-1
187,485.9393,-1
188,488.0280,-1
189,490.4969,-1
190,493.0959,-1
191,495.2650,-1
192,497.5657,-1
193,499.6936,-1
194,502.7828,-1
195,505.3768,-1
196,507.5750,-1
197,509.7084,-1
198,512.1868,-1
199,515.0075,-1
200,517.7481,-1
201,521.3277,-1
202,523.1001,-1
203,525.1186,-1
204,526.4168,-1
205,526.5789,-1
206,526.9587,-1
207,527.9486,-1
208,529.4921,-1
209,531.0495,-1
210,532.4724,-1
211,534.0602,-1
212,535.7292,-1
213,537.4048,-1
214,539.9435,-1
215,541.7020,-1
216,543.4313,-1
217,547.0107,-1
218,549.8264,-1
219,552.7403,-1
220,556.5076,-1
221,553.8590,-1
222,556.7877,-1
223,559.9451,-1
224,566.5190,-1
225,568.5234,-1
226,572.6469,-1
227,576.1724,-1
228,583.0917,-1
229,589.9708,-1
230,594.2926,-1
231,599.0708,-1
232,603.6732,-1
233,607.8913,-1
234,611.0902,-1
235,614.4662,-1
236,617.6703,-1
237,621.3315,-1
238,626.9054,-1
239,631.8269,-1
240,633.6980,-1
241,638.8404,-1
242,643.1785,-1
243,639.8957,-1
244,643.7678,-1
245,648.1290,-1
246,650.0225,-1
247,651.9020,-1
248,654.4175,-1
249,656.3883,-1
250,658.8128,-1
251,661.4785,-1
252,663.5218,-1
253,665.2379,-1
254,669.5623,-1
255,671.1462,-1
256,674.4261,-1
257,676.3494,-1
258,678.4894,-1
259,681.2758,-1
260,683.7757,-1
261,685.5705,-1
262,687.5398,-1
263,685.2386,-1
264,687.8557,-1
265,690.0711,-1
266,692.7490,-1
267,694.9766,-1
268,697.2857,-1
269,699.2435,-1
270,701.5254,-1
271,703.6519,-1
272,705.8492,-1
273,708.1428,-1
274,711.2594,-1
275,714.8275,-1
276,716.7444,-1
277,718.8156,-1
278,721.8382,-1
279,723.9370,-1
280,726.0284,-1
281,729.0661,-1
282,731.2708,-1
283,733.1219,-1
284,735.0914,-1
285,737.4792,-1
286,739.4493,-1
287,741.2086,-1
288,742.9688,-1
289,744.6051,-1
290,741.5636,-1
291,743.1364,-1
292,744.9346,-1
293,748.4539,-1
294,750.3383,-1
295,752.3396,-1
296,754.5321,-1
297,755.9950,-1
298,757.3092,-1
299,758.6529,-1
300,760.4108,-1
301,761.9522,-1
302,763.8223,-1
303,765.5032,-1
304,767.0863,-1
305,766.1667,-1
306,769.0575,-1
307,771.5383,-1
308,775.2516,-1
309,780.2615,-1
310,782.4066,-1
311,787.1208,-1
312,789.5434,-1
313,792.4547,-1
314,796.8047,-1
315,799.6664,-1
316,803.8869,-1
317,811.4147,-1
318,815.3532,-1
319,821.5935,-1
320,827.2221,-1
321,832.1314,-1
322,835.4917,-1
323,838.8453,-1
324,841.7163,-1
325,846.6876,-1
326,853.4317,-1
327,858.3922,-1
328,862.9560,-1
329,868.6128,-1
330,873.3957,-1
331,879.4243,-1
332,887.9902,-1
333,890.3034,-1
334,899.3795,-1
335,906.3578,-1
336,913.0557,-1
337,918.5450,-1
338,919.1964,-1
339,922.0383,-1
340,925.8921,-1
341,927.0985,-1
342,928.6540,-1
343,929.8961,-1
344,931.6015,-1
345,932.9154,-1
346,934.2661,-1
347,936.5492,-1
348,939.5075,-1
349,941.7808,-1
350,945.5419,-1
351,947.3104,-1
352,948.8816,-1
353,950.3939,-1
354,953.4597,-1
355,956.3220,-1
356,959.0986,-1
357,962.2984,-1
358,967.0210,-1
359,970.1872,-1
360,973.0942,-1
361,977.7405,-1
362,982.6763,-1
363,987.9086,-1
364,993.9239,-1
365,1001.4138,-1
366,1004.4231,-1
367,1005.6856,-1
368,1010.4408,-1
369,1018.7609,-1
370,1023.9816,-1
371,1034.0567,-1
372,1041.2607,-1
373,1049.0351,-1
374,1053.0748,-1
375,1057.1918,-1
376,1060.0019,-1
377,1071.4455,-1
378,1079.2749,-1
379,1085.6681,-1
380,1090.4143,-1
381,1095.6974,-1
382,1105.6466,-1
383,1109.6721,-1
384,1118.0563,-1
385,1123.9922,-1
386,1128.9983,-1
387,1131.5582,-1
388,1134.5701,-1
389,1135.5865,-1
390,1135.6463,-1
391,1139.1122,-1
392,1143.2843,-1
393,1146.9984,-1
394,1149.9846,-1
395,1152.1537,-1
396,1153.9993,-1
397,1156.6122,-1
398,1160.3262,-1
399,1162.5986,-1
400,1165.6537,-1
401,1168.9200,-1
402,1171.0351,-1
403,1174.4409,-1
404,1176.9996,-1
405,1179.9860,-1
406,1183.0730,-1
407,1185.3721,-1
408,1188.4282,-1
409,1192.5743,-1
410,1197.7742,-1
411,1202.7245,-1
412,1206.6872,-1
413,1210.8188,-1
414,1215.0552,-1
415,1218.0507,-1
416,1220.3379,-1
417,1223.8309,-1
418,1226.5141,-1
419,1230.6416,-1
420,1233.4461,-1
421,1236.3548,-1
422,1240.2487,-1
423,1247.6315,-1
424,1253.3169,-1
425,1256.3109,-1
426,1258.6756,-1
427,1269.2409,-1
428,1272.6448,-1
429,1280.7376,-1
430,1286.3290,-1
431,1294.0552,-1
432,1298.0814,-1
433,1303.4205,-1
434,1307.4598,-1
435,1310.8478,-1
436,1312.6395,-1
437,1314.3733,-1
438,1316.0539,-1
439,1318.1751,-1
440,1320.5647,-1
441,1323.0076,-1
442,1325.7143,-1
443,1329.7167,-1
444,1332.8092,-1
445,1336.0674,-1
446,1339.6845,-1
447,1344.4161,-1
448,1346.7686,-1
449,1348.5465,-1
450,1350.3039,-1
451,1353.7154,-1
452,1356.6475,-1
453,1361.5930,-1
454,1364.7330,-1
455,1368.1195,-1
456,1373.8661,-1
457,1375.8488,-1
458,1380.5394,-1
459,1380.4419,-1
460,1388.4327,-1
461,1392.1633,-1
462,1395.4213,-1
463,1398.4034,-1
464,1400.5394,-1
465,1404.2487,-1
466,1407.8858,-1
467,1411.1428,-1
468,1414.0174,-1
469,1417.8381,-1
470,1422.2195,-1
471,1425.4849,-1
472,1428.7550,-1
473,1435.2875,-1
474,1434.1071,-1
475,1439.4965,-1
476,1441.2832,-1
477,1443.4516,-1
478,1446.6376,-1
479,1450.0957,-1
480,1452.6284,-1
481,1454.5846,-1
482,1456.2728,-1
483,1457.8259,-1
484,1459.5242,-1
485,1461.3137,-1
486,1463.8674,-1
487,1466.6097,-1
488,1469.5663,-1
489,1471.8542,-1
490,1474.3288,-1
491,1476.4102,-1
492,1478.3525,-1
493,1480.6805,-1
494,1483.2418,-1
495,1484.3223,-1
496,1486.0342,-1
497,1488.1449,-1
498,1490.7687,-1
499,1493.9632,-1
500,1498.7009,-1
501,1499.4700,-1
502,1503.5548,-1
503,1506.9630,-1
504,1511.0242,-1
505,1512.2569,-1
506,1516.5703,-1
507,1519.4776,-1
508,1525.0151,-1
509,1532.2008,-1
510,1533.0822,-1
511,1538.3933,-1
512,1540.3519,-1
513,1545.6738,-1
514,1549.8488,-1
515,1554.5547,-1
516,1569.0546,-1
517,1572.0601,-1
518,1578.7253,-1
519,1580.8644,-1
520,1586.9815,-1
521,1589.5708,-1
522,1591.7668,-1
523,1593.0872,-1
524,1597.4760,-1
525,1599.5781,-1
526,1603.6799,-1
527,1608.4325,-1
528,1612.4599,-1
529,1617.6369,-1
530,1620.3713,-1
531,1622.1476,-1
532,1625.2084,-1
533,1627.5213,-1
534,1630.7902,-1
535,1633.0659,-1
536,1635.5104,-1
537,1638.0944,-1
538,1640.8203,-1
539,1643.5254,-1
540,1646.7938,-1
541,1649.5023,-1
542,1651.7737,-1
543,1654.1426,-1
544,1656.3854,-1
545,1659.2150,-1
546,1662.6434,-1
547,1664.9253,-1
548,1668.6101,-1
549,1671.5372,-1
550,1674.3913,-1
551,1676.6741,-1
552,1681.5217,-1
553,1682.6179,-1
554,1686.4126,-1
555,1690.1262,-1
556,1693.1455,-1
557,1695.3733,-1
558,1698.3843,-1
559,1702.4167,-1
560,1710.0379,-1
561,1711.9889,-1
562,1711.0784,-1
563,1715.3850,-1
564,1716.9795,-1
565,1717.2301,-1
566,1718.6558,-1
567,1720.5698,-1
568,1723.3675,-1
569,1727.3498,-1
570,1730.4964,-1
571,1733.1750,-1
572,1736.1574,-1
573,1742.3108,-1
574,1746.6908,-1
575,1751.0300,-1
576,1755.9261,-1
577,1757.6718,-1
578,1761.2262,-1
579,1763.4521,-1
580,1766.9220,-1
581,1769.6316,-1
582,1773.3421,-1
583,1777.4699,-1
584,1781.3125,-1
585,1784.0083,-1
586,1787.5521,-1
587,1791.2805,-1
588,1797.1425,-1
589,1800.1547,-1
590,1806.9582,-1
591,1813.4375,-1
592,1818.6965,-1
593,1824.5351,-1
594,1828.5036,-1
595,1831.9719,-1
596,1834.6329,-1
597,1836.8368,-1
598,1840.4512,-1
599,1843.9965,-1
600,1847.5745,-1
601,1850.6801,-1
602,1854.2438,-1
603,1855.6409,-1
604,1858.4869,-1
605,1861.8758,-1
606,1865.1862,-1
607,1867.8377,-1
608,1870.7674,-1
609,1873.5213,-1
610,1876.6396,-1
611,1879.8356,-1
612,1882.7472,-1
613,1885.9222,-1
614,1889.8497,-1
615,1893.1067,-1
616,1896.7180,-1
617,1899.8718,-1
618,1902.4963,-1
619,1906.0194,-1
620,1909.1382,-1
621,1912.2295,-1
622,1913.7597,-1
623,1916.6181,-1
624,1919.6820,-1
625,1923.2452,-1
626,1926.5926,-1
627,1928.9634,-1
628,1931.6294,-1
629,1936.6024,-1
630,1940.4638,-1
631,1942.8873,-1
632,1945.8919,-1
633,1950.0484,-1
634,1950.8591,-1
635,1952.6947,-1
636,1954.4487,-1
637,1956.3568,-1
638,1958.9238,-1
639,1961.9339,-1
640,1964.0889,-1
641,1965.4393,-1
642,1968.9648,-1
643,1972.4815,-1
644,1972.3625,-1
645,1974.7322,-1
646,1977.7923,-1
647,1976.6989,-1
648,1979.8889,-1
649,1984.2441,-1
650,1987.2448,-1
651,1990.1588,-1
652,1991.9233,-1
653,1993.1095,-1
654,1994.4024,-1
655,1995.6560,-1
656,1996.6021,-1
657,1999.4431,-1
658,2002.1999,-1
659,2004.7283,-1
660,2005.8579,-1
661,2006.9873,-1
662,2008.5948,-1
663,2010.2658,-1
664,2011.9882,-1
665,2013.3646,-1
666,2014.6127,-1
667,2015.4901,-1
668,2016.4680,-1
669,2018.3918,-1
670,2019.9859,-1
671,2021.2626,-1
672,2022.1241,-1
673,2023.4375,-1
674,2024.1272,-1
675,2025.2967,-1
676,2026.4018,-1
677,2028.2886,-1
678,2029.5584,-1
679,2031.8885,-1
680,2033.3791,-1
681,2034.0414,-1
682,2035.1603,-1
683,2037.1358,-1
684,2039.8047,-1
685,2041.9877,-1
686,2043.2682,-1
687,2044.3916,-1
688,2045.4121,-1
689,2046.7451,-1
690,2048.0731,-1
691,2049.5012,-1
692,2051.9931,-1
693,2054.5471,-1
694,2056.3946,-1
695,2059.0007,-1
696,2061.5602,-1
697,2062.4821,-1
698,2063.7283,-1
699,2065.1553,-1
700,2065.7380,-1
701,2066.8449,-1
702,2068.3520,-1
703,2069.7813,-1
704,2070.9360,-1
705,2071.3713,-1
706,2072.0654,-1
707,2073.2288,-1
708,2073.9202,-1
709,2075.4280,-1
710,2076.5026,-1
711,2077.5595,-1
712,2078.5832,-1
713,2079.5162,-1
714,2080.4615,-1
715,2081.5542,-1
716,2082.5911,-1
717,2083.9310,-1
718,2084.5528,-1
719,2085.7298,-1
720,2087.1809,-1
721,2088.4845,-1
722,2089.3366,-1
723,2090.4448,-1
724,2091.7897,-1
725,2092.8028,-1
726,2094.2109,-1
727,2094.6214,-1
728,2096.1452,-1
729,2096.8487,-1
730,2097.7280,-1
731,2098.6700,-1
732,2099.7941,-1
733,2100.3399,-1
734,2101.2435,-1
735,2102.3390,-1
736,2103.5640,-1
737,2104.7685,-1
738,2107.3306,-1
739,2106.9598,-1
740,2108.7816,-1
741,2111.2323,-1
742,2113.4064,-1
743,2115.8342,-1
744,2118.3929,-1
745,2120.6543,-1
746,2123.0164,-1
747,2125.3328,-1
748,2127.7349,-1
749,2129.6155,-1
750,2131.7477,-1
751,2133.8902,-1
752,2136.4706,-1
753,2138.2318,-1
754,2139.7955,-1
755,2140.8839,-1
756,2142.0114,-1
757,2143.1804,-1
758,2144.2559,-1
759,2145.5667,-1
760,2146.8225,-1
761,2148.0076,-1
762,2149.2624,-1
763,2150.4176,-1
764,2151.6271,-1
765,2152.8230,-1
766,2153.5046,-1
767,2155.2477,-1
768,2156.3509,-1
769,2157.4097,-1
770,2158.5138,-1
771,2159.6775,-1
772,2159.6041,-1
773,2160.4614,-1
774,2161.3715,-1
775,2162.3111,-1
776,2163.2459,-1
777,2164.5391,-1
778,2165.4963,-1
779,2165.8454,-1
780,2167.1505,-1
781,2168.1092,-1
782,2168.7946,-1
783,2170.0265,-1
784,2171.4056,-1
785,2172.2188,-1
786,2173.2383,-1
787,2174.1590,-1
788,2175.2551,-1
789,2176.4643,-1
790,2177.3756,-1
791,2178.7064,-1
792,2180.0804,-1
793,2181.3900,-1
794,2182.2896,-1
795,2183.5043,-1
796,2184.7808,-1
797,2185.6635,-1
798,2186.8401,-1
799,2188.0300,-1
800,2189.3198,-1
801,2190.1908,-1
802,2191.4046,-1
803,2191.8695,-1
804,2193.0776,-1
805,2193.9056,-1
806,2195.0607,-1
807,2196.5902,-1
808,2197.6323,-1
809,2198.7591,-1
810,2199.7623,-1
811,2200.6717,-1
812,2201.7882,-1
813,2202.6992,-1
814,2204.0431,-1
815,2205.6932,-1
816,2206.7864,-1
817,2209.2545,-1
818,2210.8619,-1
819,2212.9648,-1
820,2215.2703,-1
821,2217.1741,-1
822,2219.3341,-1
823,2221.2827,-1
824,2223.0465,-1
825,2224.9041,-1
826,2225.6231,-1
827,2226.9187,-1
828,2229.7375,-1
829,2232.9605,-1
830,2235.5199,-1
831,2237.8316,-1
832,2240.2468,-1
833,2242.9423,-1
834,2245.8415,-1
835,2247.8833,-1
836,2249.2120,-1
837,2250.7093,-1
838,2252.8737,-1
839,2255.4948,-1
840,2257.9169,-1
841,2259.9437,-1
842,2262.1050,-1
843,2263.8741,-1
844,2265.5423,-1
845,2267.4768,-1
846,2268.8107,-1
847,2270.6492,-1
848,2273.0775,-1
849,2274.9560,-1
850,2277.2231,-1
851,2278.8427,-1
852,2280.8414,-1
853,2281.8961,-1
854,2283.2439,-1
855,2284.1806,-1
856,2285.3997,-1
857,2286.4976,-1
858,2287.8299,-1
859,2288.4216,-1
860,2289.4497,-1
861,2290.5304,-1
862,2291.6536,-1
863,2292.8727,-1
864,2293.8693,-1
865,2294.9800,-1
866,2296.0010,-1
867,2296.9680,-1
868,2297.9074,-1
869,2298.9976,-1
870,2300.0195,-1
871,2300.6399,-1
872,2301.9600,-1
873,2303.0353,-1
874,2304.0230,-1
875,2305.2645,-1
876,2306.4234,-1
877,2307.4436,-1
878,2308.5122,-1
879,2309.3984,-1
880,2310.2953,-1
881,2311.3222,-1
882,2312.1841,-1
883,2313.3695,-1
884,2314.4419,-1
885,2315.5684,-1
886,2316.6287,-1
887,2317.6324,-1
888,2318.5933,-1
889,2319.7181,-1
890,2320.7009,-1
891,2321.8353,-1
892,2322.9535,-1
893,2324.3549,-1
894,2325.5002,-1
895,2326.3996,-1
896,2327.3866,-1
897,2328.4502,-1
898,2329.5751,-1
899,2330.4648,-1
900,2331.3828,-1
901,2331.8975,-1
902,2333.1425,-1
903,2334.1267,-1
904,2334.9693,-1
905,2335.7918,-1
906,2336.8218,-1
907,2336.9865,-1
908,2338.0830,-1
909,2339.0570,-1
910,2340.2057,-1
911,2341.2573,-1
912,2341.5420,-1
913,2342.2601,-1
914,2343.3971,-1
915,2343.8201,-1
916,2344.8164,-1
917,2345.9520,-1
918,2346.8838,-1
919,2348.0048,-1
920,2349.2341,-1
921,2350.3058,-1
922,2351.5420,-1
923,2352.6576,-1
924,2353.7703,-1
925,2353.9512,-1
926,2354.4860,-1
927,2354.8014,-1
928,2355.9153,-1
929,2357.0385,-1
930,2358.4239,-1
931,2359.5610,-1
932,2360.6622,-1
933,2362.2103,-1
934,2363.5609,-1
935,2364.0101,-1
936,2365.4768,-1
937,2366.5822,-1
938,2367.7971,-1
939,2368.9227,-1
940,2370.1320,-1
941,2371.3148,-1
942,2372.2918,-1
943,2373.4238,-1
944,2374.4881,-1
945,2375.6113,-1
946,2376.7786,-1
947,2377.7881,-1
948,2379.4076,-1
949,2380.5969,-1
950,2381.6490,-1
951,2382.6478,-1
952,2383.7340,-1
953,2384.2628,-1
954,2385.2046,-1
955,2386.4400,-1
956,2387.5813,-1
957,2388.7556,-1
958,2389.7104,-1
959,2390.2290,-1
960,2390.8179,-1
961,2391.8858,-1
962,2392.9393,-1
963,2394.3837,-1
964,2395.7462,-1
965,2396.9150,-1
966,2397.5270,-1
967,2397.9373,-1
968,2398.5951,-1
969,2399.6401,-1
970,2400.5277,-1
971,2401.6573,-1
972,2401.7951,-1
973,2402.9293,-1
974,2403.8513,-1
975,2404.7887,-1
976,2405.7086,-1
977,2406.6865,-1
978,2407.8541,-1
979,2409.0252,-1
980,2409.7583,-1
981,2410.7578,-1
982,2411.7668,-1
983,2413.1579,-1
984,2412.7719,-1
985,2414.1700,-1
986,2415.3898,-1
987,2416.5103,-1
988,2417.5200,-1
989,2418.5238,-1
990,2419.4632,-1
991,2420.2020,-1
992,2421.6330,-1
993,2422.6716,-1
994,2424.0055,-1
995,2424.9411,-1
996,2425.9629,-1
997,2426.6574,-1
998,2427.6640,-1
999,2429.0473,-1
1000,2430.3691,-1
1001,2431.4175,-1
1002,2432.4918,-1
1003,2433.5630,-1
1004,2434.0363,-1
1005,2434.9432,-1
1006,2435.7758,-1
1007,2436.9676,-1
1008,2437.7761,-1
1009,2438.7228,-1
1010,2439.7647,-1
1011,2440.6393,-1
1012,2441.4978,-1
1013,2442.4531,-1
1014,2443.7213,-1
1015,2444.7732,-1
1016,2445.5342,-1
1017,2446.8970,-1
1018,2448.0922,-1
1019,2449.1091,-1
1020,2449.6882,-1
1021,2450.8629,-1
1022,2452.0946,-1
1023,2453.1944,-1
1024,2454.1502,-1
1025,2454.8821,-1
1026,2455.7407,-1
1027,2456.7881,-1
1028,2457.9697,-1
1029,2459.4462,-1
1030,2460.5722,-1
1031,2461.5715,-1
1032,2464.4969,-1
1033,2466.9218,-1
1034,2469.2678,-1
1035,2471.5059,-1
1036,2473.2146,-1
1037,2475.2662,-1
1038,2477.0112,-1
1039,2479.0583,-1
1040,2480.5703,-1
1041,2482.3341,-1
1042,2484.7305,-1
1043,2486.1081,-1
1044,2488.2350,-1
1045,2491.0107,-1
1046,2493.1924,-1
1047,2495.5599,-1
1048,2497.4823,-1
1049,2499.4674,-1
1050,2501.6587,-1
1051,2503.7911,-1
1052,2505.7118,-1
1053,2506.6943,-1
1054,2508.7340,-1
1055,2509.3586,-1
1056,2512.0060,-1
1057,2514.3149,-1
1058,2516.2568,-1
1059,2518.8661,-1
1060,2521.1215,-1
1061,2523.5155,-1
1062,2525.9004,-1
1063,2528.3339,-1
1064,2530.4728,-1
1065,2532.8121,-1
1066,2534.1842,-1
1067,2537.2036,-1
1068,2540.3862,-1
1069,2542.5420,-1
1070,2546.6557,-1
1071,2549.8018,-1
1072,2552.6166,-1
1073,2554.8410,-1
1074,2556.9878,-1
1075,2559.0050,-1
1076,2561.2910,-1
1077,2564.0278,-1
1078,2566.4659,-1
1079,2568.6018,-1
1080,2570.7817,-1
1081,2573.4169,-1
1082,2577.8553,-1
1083,2580.8585,-1
1084,2587.6808,-1
1085,2587.8448,-1
1086,2600.6308,-1
1087,2599.4656,-1
1088,2598.4054,-1
1089,2597.8022,-1
1090,2596.7476,-1
1091,2602.9510,-1
1092,2609.5352,-1
1093,2608.4647,-1
1094,2612.9949,-1
1095,2614.4843,-1
1096,2616.1957,-1
1097,2618.2899,-1
1098,2620.0359,-1
1099,2622.7057,-1
1100,2624.2683,-1
1101,2627.0688,-1
1102,2629.2546,-1
1103,2631.0470,-1
1104,2634.1505,-1
1105,2636.7502,-1
1106,2638.2024,-1
1107,2640.1281,-1
1108,2642.7276,-1
1109,2645.4890,-1
1110,2647.8064,-1
1111,2650.4664,-1
1112,2652.6926,-1
1113,2654.6628,-1
1114,2657.4137,-1
1115,2659.3273,-1
1116,2661.3846,-1
1117,2663.7602,-1
1118,2665.9784,-1
1119,2668.0725,-1
1120,2670.8317,-1
1121,2673.3778,-1
1122,2675.2779,-1
1123,2676.5137,-1
1124,2680.7010,-1
1125,2684.6869,-1
1126,2688.6210,-1
1127,2690.8126,-1
1128,2694.4451,-1
1129,2697.8967,-1
1130,2700.4383,-1
1131,2702.8220,-1
1132,2712.9486,-1
1133,2715.9169,-1
1134,2714.8790,-1
1135,2718.9322,-1
1136,2718.9515,-1
1137,2718.9782,-1
1138,2726.9688,-1
1139,2730.3460,-1
1140,2732.5349,-1
1141,2735.9626,-1
1142,2739.5763,-1
1143,2744.1323,-1
1144,2747.2360,-1
1145,2749.8803,-1
1146,2753.2752,-1
1147,2757.9279,-1
1148,2760.6499,-1
1149,2762.9130,-1
1150,2764.9364,-1
1151,2766.4268,-1
1152,2768.9352,-1
1153,2771.5030,-1
1154,2774.7693,-1
1155,2778.3699,-1
1156,2780.2396,-1
1157,2782.5654,-1
1158,2784.8167,-1
1159,2787.0610,-1
1160,2789.2768,-1
1161,2791.6224,-1
1162,2793.6008,-1
1163,2796.2000,-1
1164,2798.9938,-1
1165,2802.2540,-1
1166,2804.5747,-1
1167,2806.9873,-1
1168,2809.7823,-1
1169,2812.6116,-1
1170,2815.4221,-1
1171,2818.3906,-1
1172,2820.7679,-1
1173,2823.1549,-1
1174,2825.3672,-1
1175,2827.5619,-1
1176,2829.5443,-1
1177,2831.8758,-1
1178,2834.1265,-1
1179,2836.7937,-1
1180,2838.7401,-1
1181,2840.9483,-1
1182,2843.2074,-1
1183,2845.8676,-1
1184,2848.8789,-1
1185,2851.1262,-1
1186,2853.8930,-1
1187,2856.6194,-1
1188,2858.8660,-1
1189,2861.2804,-1
1190,2863.4033,-1
1191,2866.1134,-1
1192,2868.2902,-1
1193,2871.0091,-1
1194,2872.9358,-1
1195,2875.5147,-1
1196,2878.2525,-1
1197,2880.7082,-1
1198,2882.3087,-1
1199,2884.4256,-1
1200,2886.3502,-1
1201,2888.5291,-1
1202,2890.7256,-1
1203,2892.4985,-1
1204,2894.6342,-1
1205,2896.8315,-1
1206,2899.6644,-1
1207,2902.7002,-1
1208,2912.7998,-1
1209,2918.0226,-1
1210,2922.9324,-1
1211,2927.6545,-1
1212,2928.8111,-1
1213,2928.8714,-1
1214,2928.9362,-1
1215,2932.0214,-1
1216,2935.0622,-1
1217,2938.9541,-1
1218,2941.2215,-1
1219,2943.4867,-1
1220,2945.5771,-1
1221,2947.7620,-1
1222,2949.5096,-1
1223,2951.3154,-1
1224,2951.9117,-1
1225,2953.7549,-1
1226,2954.5174,-1
1227,2955.4503,-1
1228,2956.6956,-1
1229,2959.5156,-1
1230,2970.5703,-1
1231,2971.1237,-1
1232,2969.7576,-1
1233,2972.6872,-1
1234,2974.7763,-1
1235,2976.5100,-1
1236,2978.4887,-1
1237,2980.7708,-1
1238,2982.9853,-1
1239,2984.4272,-1
1240,2986.3431,-1
1241,2988.2042,-1
1242,2990.2992,-1
1243,2992.4104,-1
1244,2994.4253,-1
1245,2995.8704,-1
1246,2998.2903,-1
1247,2999.6986,-1
1248,3001.3397,-1
1249,3003.6345,-1
1250,3005.2664,-1
1251,3007.2057,-1
1252,3008.1689,-1
1253,3008.9149,-1
1254,3010.2875,-1
1255,3011.1566,-1
1256,3012.1615,-1
1257,3013.2792,-1
1258,3014.4117,-1
1259,3016.1774,-1
1260,3017.3535,-1
1261,3018.1267,-1
1262,3018.7490,-1
1263,3019.8212,-1
1264,3021.1658,-1
1265,3022.9385,-1
1266,3025.3341,-1
1267,3028.3632,-1
1268,3029.7103,-1
1269,3031.3964,-1
1270,3033.4871,-1
1271,3034.7946,-1
1272,3035.6784,-1
1273,3036.8857,-1
1274,3037.9591,-1
1275,3038.9380,-1
1276,3040.2491,-1
1277,3042.7227,-1
1278,3044.6343,-1
1279,3046.6626,-1
1280,3050.2460,-1
1281,3052.2821,-1
1282,3053.9556,-1
1283,3056.4618,-1
1284,3058.3954,-1
1285,3059.2129,-1
1286,3059.5224,-1
1287,3060.5369,-1
1288,3061.8625,-1
1289,3064.7795,-1
1290,3066.7748,-1
1291,3067.9419,-1
1292,3068.6395,-1
1293,3070.3273,-1
1294,3071.4023,-1
1295,3072.9022,-1
1296,3073.6258,-1
1297,3075.1927,-1
1298,3076.8025,-1
1299,3077.5805,-1
1300,3079.2015,-1
1301,3081.8875,-1
1302,3084.1606,-1
1303,3085.3596,-1
1304,3087.3170,-1
1305,3089.5860,-1
1306,3091.1126,-1
1307,3092.5193,-1
1308,3093.3716,-1
1309,3094.1360,-1
1310,3094.8570,-1
1311,3095.9041,-1
1312,3096.5202,-1
1313,3097.3632,-1
1314,3098.1519,-1
1315,3099.3099,-1
1316,3099.9634,-1
1317,3100.6012,-1
1318,3101.5038,-1
1319,3102.0653,-1
1320,3103.1399,-1
1321,3103.8737,-1
1322,3104.8238,-1
1323,3105.6447,-1
1324,3106.6620,-1
1325,3107.7628,-1
1326,3108.4445,-1
1327,3109.5071,-1
1328,3110.2071,-1
1329,3111.2509,-1
1330,3112.3869,-1
1331,3113.2953,-1
1332,3114.2635,-1
1333,3115.2616,-1
1334,3116.1973,-1
1335,3117.3346,-1
1336,3119.0445,-1
1337,3120.4093,-1
1338,3121.4530,-1
1339,3122.4997,-1
1340,3122.0841,-1
1341,3122.5080,-1
1342,3122.8526,-1
1343,3124.0122,-1
1344,3125.0398,-1
1345,3125.9727,-1
1346,3126.9722,-1
1347,3128.2699,-1
1348,3129.4494,-1
1349,3130.3399,-1
1350,3131.0279,-1
1351,3131.8059,-1
1352,3134.1307,-1
1353,3134.8619,-1
1354,3137.3739,-1
1355,3139.4339,-1
1356,3142.5157,-1
1357,3144.1231,-1
1358,3146.3618,-1
1359,3148.8667,-1
1360,3151.2175,-1
1361,3152.6413,-1
1362,3154.9768,-1
1363,3156.3849,-1
1364,3160.0552,-1
1365,3164.1791,-1
1366,3168.0961,-1
1367,3169.0376,-1
1368,3171.5670,-1
1369,3173.6925,-1
1370,3176.3482,-1
1371,3180.7575,-1
1372,3184.2482,-1
1373,3186.6894,-1
1374,3189.8229,-1
1375,3192.1542,-1
1376,3194.0765,-1
1377,3196.1288,-1
1378,3199.1839,-1
1379,3201.8211,-1
1380,3204.2475,-1
1381,3206.9218,-1
1382,3209.3196,-1
1383,3211.9806,-1
1384,3214.4275,-1
1385,3216.8324,-1
1386,3219.3944,-1
1387,3221.6005,-1
1388,3223.7759,-1
1389,3225.9352,-1
1390,3228.5933,-1
1391,3230.4525,-1
1392,3232.6558,-1
1393,3235.0233,-1
1394,3237.2754,-1
1395,3239.6669,-1
1396,3241.5905,-1
1397,3244.1008,-1
1398,3246.2828,-1
1399,3248.3377,-1
1400,3250.8330,-1
1401,3252.4953,-1
1402,3254.3621,-1
1403,3256.4690,-1
1404,3258.8456,-1
1405,3261.2298,-1
1406,3263.5939,-1
1407,3266.0043,-1
1408,3268.1584,-1
1409,3270.5142,-1
1410,3273.0451,-1
1411,3276.5939,-1
1412,3278.5373,-1
1413,3282.4225,-1
1414,3288.0924,-1
1415,3287.0646,-1
1416,3285.8808,-1
1417,3285.3246,-1
1418,3287.9336,-1
1419,3286.9353,-1
1420,3292.2046,-1
1421,3294.0178,-1
1422,3299.9878,-1
1423,3302.1190,-1
1424,3302.9404,-1
1425,3304.8503,-1
1426,3305.9354,-1
1427,3307.0772,-1
1428,3308.2886,-1
1429,3313.2477,-1
1430,3313.8168,-1
1431,3317.1008,-1
1432,3320.9980,-1
1433,3321.3108,-1
1434,3325.1052,-1
1435,3331.6538,-1
1436,3333.7500,-1
1437,3335.5596,-1
1438,3338.1767,-1
1439,3340.1539,-1
1440,3343.7219,-1
1441,3348.0041,-1
1442,3349.7210,-1
1443,3352.9050,-1
1444,3355.1009,-1
1445,3358.9506,-1
1446,3361.1634,-1
1447,3363.9674,-1
1448,3366.3180,-1
1449,3368.8552,-1
1450,3371.2947,-1
1451,3374.3815,-1
1452,3377.1002,-1
1453,3380.2478,-1
1454,3380.1699,-1
1455,3387.5830,-1
1456,3386.4276,-1
1457,3389.0200,-1
1458,3391.2542,-1
1459,3393.7712,-1
1460,3397.6562,-1
1461,3401.2260,-1
1462,3405.6141,-1
1463,3406.4941,-1
1464,3409.0540,-1
1465,3413.3346,-1
1466,3416.7132,-1
1467,3420.1469,-1
1468,3423.1987,-1
1469,3427.0680,-1
1470,3430.7280,-1
1471,3433.4784,-1
1472,3436.3775,-1
1473,3438.6933,-1
1474,3441.6130,-1
1475,3452.3523,-1
1476,3458.9992,-1
1477,3464.8325,-1
1478,3468.7293,-1
1479,3471.2358,-1
1480,3475.2042,-1
1481,3477.8609,-1
1482,3480.5291,-1
1483,3484.2663,-1
1484,3489.1522,-1
1485,3487.8993,-1
1486,3492.8181,-1
1487,3491.7459,-1
1488,3493.7351,-1
1489,3493.2222,-1
1490,3494.9057,-1
1491,3498.4517,-1
1492,3501.9822,-1
1493,3506.0332,-1
1494,3512.7175,-1
1495,3516.7177,-1
1496,3522.8555,-1
1497,3527.9427,-1
1498,3530.7994,-1
1499,3537.0862,-1
1500,3543.0090,-1
1501,3546.3483,-1
1502,3545.7160,-1
1503,3544.9979,-1
1504,3545.2991,-1
1505,3546.8020,-1
1506,3549.0313,-1
1507,3551.0464,-1
1508,3553.4680,-1
1509,3551.7766,-1
1510,3551.0757,-1
1511,3553.8571,-1
1512,3547.8470,-1
1513,3549.4673,-1
1514,3549.6593,-1
1515,3550.4377,-1
1516,3550.9708,-1
1517,3546.5608,-1
1518,3542.7969,-1
1519,3547.9822,-1
1520,3546.3142,-1
1521,3544.7235,-1
1522,3542.9316,-1
1523,3544.1437,-1
1524,3543.8154,-1
1525,3543.1309,-1
1526,3538.9469,-1
1527,3536.0968,-1
1528,3535.3043,-1
1529,3536.2844,-1
1530,3533.2611,-1
1531,3534.8253,-1
1532,3533.3452,-1
1533,3533.2701,-1
1534,3533.4041,-1
1535,3532.5067,-1
1536,3530.6478,-1
1537,3530.4084,-1
1538,3531.8797,-1
1539,3531.9748,-1
1540,3532.2483,-1
1541,3531.2927,-1
1542,3530.0894,-1
1543,3528.1105,-1
1544,3527.4160,-1
1545,3526.2680,-1
1546,3523.9956,-1
1547,3523.8335,-1
1548,3522.5840,-1
1549,3522.2566,-1
1550,3519.9590,-1
1551,3519.7232,-1
1552,3519.1009,-1
1553,3519.5403,-1
1554,3517.6165,-1
1555,3515.6379,-1
1556,3514.5197,-1
1557,3515.6889,-1
1558,3510.4928,-1
1559,3508.4910,-1
1560,3505.9280,-1
1561,3504.4565,-1
1562,3502.6579,-1
1563,3497.6180,-1
1564,3493.5601,-1
1565,3492.0990,-1
1566,3486.7477,-1
1567,3486.2406,-1
1568,3484.9873,-1
1569,3479.1317,-1
1570,3477.2184,-1
1571,3476.1343,-1
1572,3467.5741,-1
1573,3463.9490,-1
1574,3457.4089,-1
1575,3455.5483,-1
1576,3456.1889,-1
1577,3454.3688,-1
1578,3450.1112,-1
1579,3452.7667,-1
1580,3448.6215,-1
1581,3449.8167,-1
1582,3451.8056,-1
1583,3445.4648,-1
1584,3445.7412,-1
1585,3441.7639,-1
1586,3440.0203,-1
1587,3440.1453,-1
1588,3438.9279,-1
1589,3440.3250,-1
1590,3440.2859,-1
1591,3440.6781,-1
1592,3439.7483,-1
1593,3439.9726,-1
1594,3439.7123,-1
1595,3439.3368,-1
1596,3438.1452,-1
1597,3438.1611,-1
1598,3438.9751,-1
1599,3438.9210,-1
1600,3438.9825,-1
1601,3437.3369,-1
1602,3436.4030,-1
1603,3435.3306,-1
1604,3434.2256,-1
1605,3431.2320,-1
1606,3430.2642,-1
1607,3430.5828,-1
1608,3432.3635,-1
1609,3427.9399,-1
1610,3427.5665,-1
1611,3426.5299,-1
1612,3425.3707,-1
1613,3424.0196,-1
1614,3425.4069,-1
1615,3427.5978,-1
1616,3429.2066,-1
1617,3428.3350,-1
1618,3428.2019,-1
1619,3428.8018,-1
1620,3427.3438,-1
1621,3426.9526,-1
1622,3427.7368,-1
1623,3429.3823,-1
1624,3429.2562,-1
1625,3427.8381,-1
1626,3425.4706,-1
1627,3426.4746,-1
1628,3426.9338,-1
1629,3423.3787,-1
1630,3418.8755,-1
1631,3415.7670,-1
1632,3415.3352,-1
1633,3415.6208,-1
1634,3413.5082,-1
1635,3422.5054,-1
1636,3417.6936,-1
1637,3415.7729,-1
1638,3410.7404,-1
1639,3410.5909,-1
1640,3411.9177,-1
1641,3409.1921,-1
1642,3409.0433,-1
1643,3407.7973,-1
1644,3403.0704,-1
1645,3403.7752,-1
1646,3403.7468,-1
1647,3398.4420,-1
1648,3392.8936,-1
1649,3392.5865,-1
1650,3389.9641,-1
1651,3388.8199,-1
1652,3387.9292,-1
1653,3388.0868,-1
1654,3388.0632,-1
1655,3385.9994,-1
1656,3383.8754,-1
1657,3382.4570,-1
1658,3383.1286,-1
1659,3383.0233,-1
1660,3383.4145,-1
1661,3382.8290,-1
1662,3381.7589,-1
1663,3382.1366,-1
1664,3380.6632,-1
1665,3381.4251,-1
1666,3380.9731,-1
1667,3381.1212,-1
1668,3380.3642,-1
1669,3378.7527,-1
1670,3377.9190,-1
1671,3378.1097,-1
1672,3376.1690,-1
1673,3376.3003,-1
1674,3375.4470,-1
1675,3375.7279,-1
1676,3374.8333,-1
1677,3373.2913,-1
1678,3372.4282,-1
1679,3371.1646,-1
1680,3371.7434,-1
1681,3370.8110,-1
1682,3369.6463,-1
1683,3373.8103,-1
1684,3373.4493,-1
1685,3371.8140,-1
1686,3369.6725,-1
1687,3368.3431,-1
1688,3367.7099,-1
1689,3367.4848,-1
1690,3366.4026,-1
1691,3367.6353,-1
1692,3367.2025,-1
1693,3368.7093,-1
1694,3368.5820,-1
1695,3369.0755,-1
1696,3367.6960,-1
1697,3369.0891,-1
1698,3367.9299,-1
1699,3367.8668,-1
1700,3369.0872,-1
1701,3371.3186,-1
1702,3370.0521,-1
1703,3372.1311,-1
1704,3372.0560,-1
1705,3369.0228,-1
1706,3368.2466,-1
1707,3367.3890,-1
1708,3367.8973,-1
1709,3369.0534,-1
1710,3369.3750,-1
1711,3369.3705,-1
1712,3370.7745,-1
1713,3372.1688,-1
1714,3370.4095,-1
1715,3370.2867,-1
1716,3372.0920,-1
1717,3373.7922,-1
1718,3374.1627,-1
1719,3374.5646,-1
1720,3374.7451,-1
1721,3375.3018,-1
1722,3375.6571,-1
1723,3376.8795,-1
1724,3377.5554,-1
1725,3377.7347,-1
1726,3377.6042,-1
1727,3379.3292,-1
1728,3380.6920,-1
1729,3381.9311,-1
1730,3382.5431,-1
1731,3382.2651,-1
1732,3385.0517,-1
1733,3385.7145,-1
1734,3384.9347,-1
1735,3384.0816,-1
1736,3385.5493,-1
1737,3385.9901,-1
1738,3386.9309,-1
1739,3387.4052,-1
1740,3387.1503,-1
1741,3387.7959,-1
1742,3387.9197,-1
1743,3388.9849,-1
1744,3390.0511,-1
1745,3390.8432,-1
1746,3391.7885,-1
1747,3393.3609,-1
1748,3392.7929,-1
1749,3391.3167,-1
1750,3390.4932,-1
1751,3389.7374,-1
1752,3387.8717,-1
1753,3389.6735,-1
1754,3392.4093,-1
1755,3395.8838,-1
1756,3400.6078,-1
1757,3398.5131,-1
1758,3400.4586,-1
1759,3399.2839,-1
1760,3400.2774,-1
1761,3401.6302,-1
1762,3404.7167,-1
1763,3407.3813,-1
1764,3408.7532,-1
1765,3409.4617,-1
1766,3410.2774,-1
1767,3413.0919,-1
1768,3412.0691,-1
1769,3410.8894,-1
1770,3412.4210,-1
1771,3413.3852,-1
1772,3413.1594,-1
1773,3416.1079,-1
1774,3418.7496,-1
1775,3418.8843,-1
1776,3419.6231,-1
1777,3419.1470,-1
1778,3420.3770,-1
1779,3421.7920,-1
1780,3425.5691,-1
1781,3426.1291,-1
1782,3427.6226,-1
1783,3429.5881,-1
1784,3431.6339,-1
1785,3433.5406,-1
1786,3435.7581,-1
1787,3437.7754,-1
1788,3438.5414,-1
1789,3441.1635,-1
1790,3442.6754,-1
1791,3443.4814,-1
1792,3445.3158,-1
1793,3446.6040,-1
1794,3447.5935,-1
1795,3447.8948,-1
1796,3448.0560,-1
1797,3447.9926,-1
1798,3447.4578,-1
1799,3447.3701,-1
1800,3446.6181,-1
1801,3447.5093,-1
1802,3446.3077,-1
1803,3445.5914,-1
1804,3443.7411,-1
1805,3443.8672,-1
1806,3443.2309,-1
1807,3443.1396,-1
1808,3443.0971,-1
1809,3441.0794,-1
1810,3441.3934,-1
1811,3442.9052,-1
1812,3443.1400,-1
1813,3442.5550,-1
1814,3442.0114,-1
1815,3442.1368,-1
1816,3441.4139,-1
1817,3441.4296,-1
1818,3441.7562,-1
1819,3441.5753,-1
1820,3441.1969,-1
1821,3440.9232,-1
1822,3440.6028,-1
1823,3440.3408,-1
1824,3438.9753,-1
1825,3438.6935,-1
1826,3438.0457,-1
1827,3437.9983,-1
1828,3437.8958,-1
1829,3437.6154,-1
1830,3437.5455,-1
1831,3437.4862,-1
1832,3437.3937,-1
1833,3437.2256,-1
1834,3437.1459,-1
1835,3436.9416,-1
1836,3435.7171,-1
1837,3437.6800,-1
1838,3437.6843,-1
1839,3437.6030,-1
1840,3437.5601,-1
1841,3436.3246,-1
1842,3435.9753,-1
1843,3435.8137,-1
1844,3435.6313,-1
1845,3435.5514,-1
1846,3435.3533,-1
1847,3435.1668,-1
1848,3434.9473,-1
1849,3434.8657,-1
1850,3434.6297,-1
1851,3434.7751,-1
1852,3436.3306,-1
1853,3436.2364,-1
1854,3437.1808,-1
1855,3438.0398,-1
1856,3438.7953,-1
1857,3439.7328,-1
1858,3440.9211,-1
1859,3442.0447,-1
1860,3441.9525,-1
1861,3442.6351,-1
1862,3444.8147,-1
1863,3444.1161,-1
1864,3444.4385,-1
1865,3445.0531,-1
1866,3445.9789,-1
1867,3446.6064,-1
1868,3446.8904,-1
1869,3446.9962,-1
1870,3446.9917,-1
1871,3448.2410,-1
1872,3447.8388,-1
1873,3447.4704,-1
1874,3446.4715,-1
1875,3445.1511,-1
1876,3443.9392,-1
1877,3442.4126,-1
1878,3440.9997,-1
1879,3439.7604,-1
1880,3439.5089,-1
1881,3438.0991,-1
1882,3437.9373,-1
1883,3437.6638,-1
1884,3436.5313,-1
1885,3433.6870,-1
1886,3431.1485,-1
1887,3430.7656,-1
1888,3428.0515,-1
1889,3426.5203,-1
1890,3424.9625,-1
1891,3423.7092,-1
1892,3422.4281,-1
1893,3423.0719,-1
1894,3422.4639,-1
1895,3422.2312,-1
1896,3421.5882,-1
1897,3420.5565,-1
1898,3418.3564,-1
1899,3417.8669,-1
1900,3417.4566,-1
1901,3418.5650,-1
1902,3418.2873,-1
1903,3418.8364,-1
1904,3416.9993,-1
1905,3415.3361,-1
1906,3414.0944,-1
1907,3412.9128,-1
1908,3412.5865,-1
1909,3411.1450,-1
1910,3411.1712,-1
1911,3410.9128,-1
1912,3410.6486,-1
1913,3410.4304,-1
1914,3410.2595,-1
1915,3408.9038,-1
1916,3408.6134,-1
1917,3408.4196,-1
1918,3408.2439,-1
1919,3408.1051,-1
1920,3407.8040,-1
1921,3407.5739,-1
1922,3407.4349,-1
1923,3407.1534,-1
1924,3407.0089,-1
1925,3406.9569,-1
1926,3406.6939,-1
1927,3406.6234,-1
1928,3406.4939,-1
1929,3406.4479,-1
1930,3406.1766,-1
1931,3405.9696,-1
1932,3405.7257,-1
1933,3405.7128,-1
1934,3405.9658,-1
1935,3405.8306,-1
1936,3405.7446,-1
1937,3405.5598,-1
1938,3405.3178,-1
1939,3405.0813,-1
1940,3404.8641,-1
1941,3404.7797,-1
1942,3404.7115,-1
1943,3406.8322,-1
1944,3408.2000,-1
1945,3409.3132,-1
1946,3410.4922,-1
1947,3411.5841,-1
1948,3412.7910,-1
1949,3413.8417,-1
1950,3414.9394,-1
1951,3415.8711,-1
1952,3417.0630,-1
1953,3418.2262,-1
1954,3419.1866,-1
1955,3419.0140,-1
1956,3419.3268,-1
1957,3421.1025,-1
1958,3421.4745,-1
1959,3421.9959,-1
1960,3423.5301,-1
1961,3424.2949,-1
1962,3424.2902,-1
1963,3424.0472,-1
1964,3423.8584,-1
1965,3423.6867,-1
1966,3425.0038,-1
1967,3425.8811,-1
1968,3426.7254,-1
1969,3427.5699,-1
1970,3428.5300,-1
1971,3429.7566,-1
1972,3431.0102,-1
1973,3432.2448,-1
1974,3432.8976,-1
1975,3433.8984,-1
1976,3434.5520,-1
1977,3435.9522,-1
1978,3436.8219,-1
1979,3438.0472,-1
1980,3438.6213,-1
1981,3440.3079,-1
1982,3441.7405,-1
1983,3441.6976,-1
1984,3443.4388,-1
1985,3444.2894,-1
1986,3445.2839,-1
1987,3446.2516,-1
1988,3447.2418,-1
1989,3448.2486,-1
1990,3450.4027,-1
1991,3445.9288,-1
1992,3448.3178,-1
1993,3450.5444,-1
1994,3452.5876,-1
1995,3454.1922,-1
1996,3455.4768,-1
1997,3456.3823,-1
1998,3458.0431,-1
1999,3461.0896,-1
2000,3463.3923,-1
2001,3464.3040,-1
2002,3466.2120,-1
2003,3469.6810,-1
2004,3472.2967,-1
2005,3477.1245,-1
2006,3477.9491,-1
2007,3483.2466,-1
2008,3483.1524,-1
2009,3484.6127,-1
2010,3485.9331,-1
2011,3488.2352,-1
2012,3490.5767,-1
2013,3492.0075,-1
2014,3493.4452,-1
2015,3494.9288,-1
2016,3496.6633,-1
2017,3497.9677,-1
2018,3499.4397,-1
2019,3501.0064,-1
2020,3501.4489,-1
2021,3502.4722,-1
2022,3503.3948,-1
2023,3504.1614,-1
2024,3504.9505,-1
2025,3507.5655,-1
2026,3508.1413,-1
2027,3508.0156,-1
2028,3508.9247,-1
2029,3509.7017,-1
2030,3510.8120,-1
2031,3512.5363,-1
2032,3514.1110,-1
2033,3514.7021,-1
2034,3515.7878,-1
2035,3517.1671,-1
2036,3518.3046,-1
2037,3519.1600,-1
2038,3520.1347,-1
2039,3521.1840,-1
2040,3522.8760,-1
2041,3524.8497,-1
2042,3526.1199,-1
2043,3525.8338,-1
2044,3526.8159,-1
2045,3527.4291,-1
2046,3528.6767,-1
2047,3529.8548,-1
2048,3530.8399,-1
2049,3531.6622,-1
2050,3532.8517,-1
2051,3534.0474,-1
2052,3535.1810,-1
2053,3535.9986,-1
2054,3537.6203,-1
2055,3538.8653,-1
2056,3538.0242,-1
2057,3537.9019,-1
2058,3537.7672,-1
2059,3537.5803,-1
2060,3537.3564,-1
2061,3537.6692,-1
2062,3537.4646,-1
2063,3537.3034,-1
2064,3537.1616,-1
2065,3537.2994,-1
2066,3537.3359,-1
2067,3537.3130,-1
2068,3537.2598,-1
2069,3537.1602,-1
2070,3536.9222,-1
2071,3536.7234,-1
2072,3536.5748,-1
2073,3534.8909,-1
2074,3535.9721,-1
2075,3535.8069,-1
2076,3535.6684,-1
2077,3535.4731,-1
2078,3534.1196,-1
2079,3533.9894,-1
2080,3533.9065,-1
2081,3533.7310,-1
2082,3533.6080,-1
2083,3533.5071,-1
2084,3533.4013,-1
2085,3533.0086,-1
2086,3533.0820,-1
2087,3533.0749,-1
2088,3532.3415,-1
2089,3532.6815,-1
2090,3529.1433,-1
2091,3526.8762,-1
2092,3524.5631,-1
2093,3524.3721,-1
2094,3522.5761,-1
2095,3522.5573,-1
2096,3521.3523,-1
2097,3520.1027,-1
2098,3518.8034,-1
2099,3517.4484,-1
2100,3516.1550,-1
2101,3514.4236,-1
2102,3513.0284,-1
2103,3511.1740,-1
2104,3510.0622,-1
2105,3508.7073,-1
2106,3507.3249,-1
2107,3506.0921,-1
2108,3504.8642,-1
2109,3503.3963,-1
2110,3503.2651,-1
2111,3502.0688,-1
2112,3500.5491,-1
2113,3499.3346,-1
2114,3497.9167,-1
2115,3495.0895,-1
2116,3493.7770,-1
2117,3492.5437,-1
2118,3491.2529,-1
2119,3490.0815,-1
2120,3488.7233,-1
2121,3487.4985,-1
2122,3486.0742,-1
2123,3485.6734,-1
2124,3483.5794,-1
2125,3480.8226,-1
2126,3479.4667,-1
2127,3477.0682,-1
2128,3474.7608,-1
2129,3472.3244,-1
2130,3472.3921,-1
2131,3471.0224,-1
2132,3469.8937,-1
2133,3467.4165,-1
2134,3466.7888,-1
2135,3465.4434,-1
2136,3464.0977,-1
2137,3462.5952,-1
2138,3461.4549,-1
2139,3461.3023,-1
2140,3452.8699,-1
2141,3455.3490,-1
2142,3453.5706,-1
2143,3449.7142,-1
2144,3450.5932,-1
2145,3451.5867,-1
2146,3452.3439,-1
2147,3451.0732,-1
2148,3444.1907,-1
2149,3443.2096,-1
2150,3443.4602,-1
2151,3437.7489,-1
2152,3435.6363,-1
2153,3434.3050,-1
2154,3433.0111,-1
2155,3431.8821,-1
2156,3429.9006,-1
2157,3428.8077,-1
2158,3427.4926,-1
2159,3425.1449,-1
2160,3423.8486,-1
2161,3421.0014,-1
2162,3419.5333,-1
2163,3417.9428,-1
2164,3417.6164,-1
2165,3416.4104,-1
2166,3413.8761,-1
2167,3412.5712,-1
2168,3411.1893,-1
2169,3409.8558,-1
2170,3407.4843,-1
2171,3406.2495,-1
2172,3404.8984,-1
2173,3402.9119,-1
2174,3402.6017,-1
2175,3400.1164,-1
2176,3398.8636,-1
2177,3397.5723,-1
2178,3396.4295,-1
2179,3395.1807,-1
2180,3392.4716,-1
2181,3390.1439,-1
2182,3385.5569,-1
2183,3381.6864,-1
2184,3381.4375,-1
2185,3377.6684,-1
2186,3376.3995,-1
2187,3372.7524,-1
2188,3370.7976,-1
2189,3369.5571,-1
2190,3366.9658,-1
2191,3366.6270,-1
2192,3362.0026,-1
2193,3363.0440,-1
2194,3362.9260,-1
2195,3356.9283,-1
2196,3356.6866,-1
2197,3349.7899,-1
2198,3348.3880,-1
2199,3344.9066,-1
2200,3342.1500,-1
2201,3341.8424,-1
2202,3341.8713,-1
2203,3338.1159,-1
2204,3335.5911,-1
2205,3334.8382,-1
2206,3335.8245,-1
2207,3336.6728,-1
2208,3336.4210,-1
2209,3334.9562,-1
2210,3333.6360,-1
2211,3332.8969,-1
2212,3331.4919,-1
2213,3330.7891,-1
2214,3330.3201,-1
2215,3330.0500,-1
2216,3331.0261,-1
2217,3327.9924,-1
2218,3329.7875,-1
2219,3328.8610,-1
2220,3327.0071,-1
2221,3324.5718,-1
2222,3321.9719,-1
2223,3320.6944,-1
2224,3318.9342,-1
2225,3316.9031,-1
2226,3315.3648,-1
2227,3314.0094,-1
2228,3311.5599,-1
2229,3309.9220,-1
2230,3308.6619,-1
2231,3307.2805,-1
2232,3306.6866,-1
2233,3304.2512,-1
2234,3304.0657,-1
2235,3301.3029,-1
2236,3301.1503,-1
2237,3299.4435,-1
2238,3298.4023,-1
2239,3295.7168,-1
2240,3294.0071,-1
2241,3294.4541,-1
2242,3291.3272,-1
2243,3288.7654,-1
2244,3286.4604,-1
2245,3285.4395,-1
2246,3283.4933,-1
2247,3282.3250,-1
2248,3279.9318,-1
2249,3279.0406,-1
2250,3275.1405,-1
2251,3275.3866,-1
2252,3273.7126,-1
2253,3272.7809,-1
2254,3271.4553,-1
2255,3271.6208,-1
2256,3270.8938,-1
2257,3274.5016,-1
2258,3274.2059,-1
2259,3273.5589,-1
2260,3273.3078,-1
2261,3273.0808,-1
2262,3273.4439,-1
2263,3270.8697,-1
2264,3270.1359,-1
2265,3264.7240,-1
2266,3260.3910,-1
2267,3256.7186,-1
2268,3253.3753,-1
2269,3258.4541,-1
2270,3259.4280,-1
2271,3260.0091,-1
2272,3258.8644,-1
2273,3255.6789,-1
2274,3256.0172,-1
2275,3255.6708,-1
2276,3254.9708,-1
2277,3255.3389,-1
2278,3254.3886,-1
2279,3253.6712,-1
2280,3253.4251,-1
2281,3252.1863,-1
2282,3251.8098,-1
2283,3251.5130,-1
2284,3251.4071,-1
2285,3250.1438,-1
2286,3248.8134,-1
2287,3248.4136,-1
2288,3250.8028,-1
2289,3252.1296,-1
2290,3241.0212,-1
2291,3240.5429,-1
2292,3239.5146,-1
2293,3238.1246,-1
2294,3234.7910,-1
2295,3235.4002,-1
2296,3234.9055,-1
2297,3233.4547,-1
2298,3233.2330,-1
2299,3231.7662,-1
2300,3231.1497,-1
2301,3230.7034,-1
2302,3228.2000,-1
2303,3228.2541,-1
2304,3227.8438,-1
2305,3226.3575,-1
2306,3224.8359,-1
2307,3224.1533,-1
2308,3223.9418,-1
2309,3223.7594,-1
2310,3224.0560,-1
2311,3223.6607,-1
2312,3223.4693,-1
2313,3223.2049,-1
2314,3223.9418,-1
2315,3222.4157,-1
2316,3222.3878,-1
2317,3222.2064,-1
2318,3223.1271,-1
2319,3222.8942,-1
2320,3222.3620,-1
2321,3221.9834,-1
2322,3220.9499,-1
2323,3217.6588,-1
2324,3216.7778,-1
2325,3216.6982,-1
2326,3215.6885,-1
2327,3214.3917,-1
2328,3214.0357,-1
2329,3214.9725,-1
2330,3215.1959,-1
2331,3215.3037,-1
2332,3215.1265,-1
2333,3213.3033,-1
2334,3211.9989,-1
2335,3211.5407,-1
2336,3208.0810,-1
2337,3206.8632,-1
2338,3206.8226,-1
2339,3205.2424,-1
2340,3203.3379,-1
2341,3202.8108,-1
2342,3202.7581,-1
2343,3202.5769,-1
2344,3202.2536,-1
2345,3201.2131,-1
2346,3199.7015,-1
2347,3199.4417,-1
2348,3199.3556,-1
2349,3199.3418,-1
2350,3198.0891,-1
2351,3197.8128,-1
2352,3198.3852,-1
2353,3198.3521,-1
2354,3197.0806,-1
2355,3196.9349,-1
2356,3196.0588,-1
2357,3195.6887,-1
2358,3192.6670,-1
2359,3192.8422,-1
2360,3191.4332,-1
2361,3191.0613,-1
2362,3189.7247,-1
2363,3188.5552,-1
2364,3188.3643,-1
2365,3188.0105,-1
2366,3188.8316,-1
2367,3188.6468,-1
2368,3188.4706,-1
2369,3188.8325,-1
2370,3188.2143,-1
2371,3188.1516,-1
2372,3188.0441,-1
2373,3187.8767,-1
2374,3187.7136,-1
2375,3187.6540,-1
2376,3188.7450,-1
2377,3188.8046,-1
2378,3188.6621,-1
2379,3188.5881,-1
2380,3188.4081,-1
2381,3187.9668,-1
2382,3187.9184,-1
2383,3187.6571,-1
2384,3188.3714,-1
2385,3188.1981,-1
2386,3187.9983,-1
2387,3187.7646,-1
2388,3187.5517,-1
2389,3187.3181,-1
2390,3187.3760,-1
2391,3187.2365,-1
2392,3187.0141,-1
2393,3186.6891,-1
2394,3186.6186,-1
2395,3186.3723,-1
2396,3186.2035,-1
2397,3186.2719,-1
2398,3186.1761,-1
2399,3186.0020,-1
2400,3187.0241,-1
2401,3186.8050,-1
2402,3186.6970,-1
2403,3186.1413,-1
2404,3185.9074,-1
2405,3185.7321,-1
2406,3185.7796,-1
2407,3185.6613,-1
2408,3184.3889,-1
2409,3184.2186,-1
2410,3183.2919,-1
2411,3182.9262,-1
2412,3179.9958,-1
2413,3180.1319,-1
2414,3178.2205,-1
2415,3176.5425,-1
2416,3174.5672,-1
2417,3174.3608,-1
2418,3172.3440,-1
2419,3173.2392,-1
2420,3170.5861,-1
2421,3166.9207,-1
2422,3164.7260,-1
2423,3162.5814,-1
2424,3160.0416,-1
2425,3158.6051,-1
2426,3157.4099,-1
2427,3155.4646,-1
2428,3150.8431,-1
2429,3149.7774,-1
2430,3148.5760,-1
2431,3146.0426,-1
2432,3144.6364,-1
2433,3143.5235,-1
2434,3142.3416,-1
2435,3139.9794,-1
2436,3138.6037,-1
2437,3137.2144,-1
2438,3134.5291,-1
2439,3133.1627,-1
2440,3131.8059,-1
2441,3130.3988,-1
2442,3128.8185,-1
2443,3127.6400,-1
2444,3126.5907,-1
2445,3125.0446,-1
2446,3122.7000,-1
2447,3122.5960,-1
2448,3121.2120,-1
2449,3119.9369,-1
2450,3118.6531,-1
2451,3117.3806,-1
2452,3116.0686,-1
2453,3114.4872,-1
2454,3113.0195,-1
2455,3111.6483,-1
2456,3110.1203,-1
2457,3108.9220,-1
2458,3107.5473,-1
2459,3102.5562,-1
2460,3101.9073,-1
2461,3100.5294,-1
2462,3099.0503,-1
2463,3097.5976,-1
2464,3096.2889,-1
2465,3095.3891,-1
2466,3093.1251,-1
2467,3094.1188,-1
2468,3093.6408,-1
2469,3090.5755,-1
2470,3090.5805,-1
2471,3091.5074,-1
2472,3092.0284,-1
2473,3092.5734,-1
2474,3092.2036,-1
2475,3090.6789,-1
2476,3084.5652,-1
2477,3083.3268,-1
2478,3079.4113,-1
2479,3078.0325,-1
2480,3075.7945,-1
2481,3074.4715,-1
2482,3074.2989,-1
2483,3074.2099,-1
2484,3072.5780,-1
2485,3066.6707,-1
2486,3064.8735,-1
2487,3061.4536,-1
2488,3062.6523,-1
2489,3062.3553,-1
2490,3058.6600,-1
2491,3052.5751,-1
2492,3051.2273,-1
2493,3049.6442,-1
2494,3048.1877,-1
2495,3047.1585,-1
2496,3046.7412,-1
2497,3046.6397,-1
2498,3042.3324,-1
2499,3040.9672,-1
2500,3039.8583,-1
2501,3037.6284,-1
2502,3035.2447,-1
2503,3034.0540,-1
2504,3031.7016,-1
2505,3030.3469,-1
2506,3029.1362,-1
2507,3027.6968,-1
2508,3029.2439,-1
2509,3027.6458,-1
2510,3027.5614,-1
2511,3027.6096,-1
2512,3022.3215,-1
2513,3019.9540,-1
2514,3018.8596,-1
2515,3015.0316,-1
2516,3013.7215,-1
2517,3010.3025,-1
2518,3007.2443,-1
2519,3007.0128,-1
2520,3005.1632,-1
2521,3001.2491,-1
2522,2999.0163,-1
2523,2997.5786,-1
2524,2994.9234,-1
2525,2992.5790,-1
2526,2990.3202,-1
2527,2987.1705,-1
2528,2986.1479,-1
2529,2984.8204,-1
2530,2979.3067,-1
2531,2971.3919,-1
2532,2965.9910,-1
2533,2965.2267,-1
2534,2962.0430,-1
2535,2963.2599,-1
2536,2959.1043,-1
2537,2957.5841,-1
2538,2957.4564,-1
2539,2955.7378,-1
2540,2956.7778,-1
2541,2957.9952,-1
2542,2956.0025,-1
2543,2956.0003,-1
2544,2956.9521,-1
2545,2956.1179,-1
2546,2954.8216,-1
2547,2952.4608,-1
2548,2950.4085,-1
2549,2947.5789,-1
2550,2945.4174,-1
2551,2941.1719,-1
2552,2938.5364,-1
2553,2938.6551,-1
2554,2935.3051,-1
2555,2932.4312,-1
2556,2930.5499,-1
2557,2928.6056,-1
2558,2927.0175,-1
2559,2926.9097,-1
2560,2925.1056,-1
2561,2922.1311,-1
2562,2921.8626,-1
2563,2919.8480,-1
2564,2918.3583,-1
2565,2918.5796,-1
2566,2915.9377,-1
2567,2914.7127,-1
2568,2912.9145,-1
2569,2912.6971,-1
2570,2911.4854,-1
2571,2908.5989,-1
2572,2909.3096,-1
2573,2908.6933,-1
2574,2907.9344,-1
2575,2905.8652,-1
2576,2906.8310,-1
2577,2909.2407,-1
2578,2903.9941,-1
2579,2904.2401,-1
2580,2904.4049,-1
2581,2903.9054,-1
2582,2899.8511,-1
2583,2902.1306,-1
2584,2904.5165,-1
2585,2906.4012,-1
2586,2905.9114,-1
2587,2906.1565,-1
2588,2905.9684,-1
2589,2905.8614,-1
2590,2904.5455,-1
2591,2906.4729,-1
2592,2905.4286,-1
2593,2906.8840,-1
2594,2905.5684,-1
2595,2905.3636,-1
2596,2908.9909,-1
2597,2910.0795,-1
2598,2910.9576,-1
2599,2910.9745,-1
2600,2913.2376,-1
2601,2914.3662,-1
2602,2915.0937,-1
2603,2915.2515,-1
2604,2917.3827,-1
2605,2916.8084,-1
2606,2919.1699,-1
2607,2920.3582,-1
2608,2920.3086,-1
2609,2920.2082,-1
2610,2922.5080,-1
2611,2928.1354,-1
2612,2926.6920,-1
2613,2928.3633,-1
2614,2928.6053,-1
2615,2930.8434,-1
2616,2933.1911,-1
2617,2935.9455,-1
2618,2937.4514,-1
2619,2939.7964,-1
2620,2940.7129,-1
2621,2941.5400,-1
2622,2942.0977,-1
2623,2943.7263,-1
2624,2944.5164,-1
2625,2945.2407,-1
2626,2946.8067,-1
2627,2948.1151,-1
2628,2947.5842,-1
2629,2948.0102,-1
2630,2947.8576,-1
2631,2946.8291,-1
2632,2947.1674,-1
2633,2947.3112,-1
2634,2948.1900,-1
2635,2947.9768,-1
2636,2948.0238,-1
2637,2947.3941,-1
2638,2947.9973,-1
2639,2948.6485,-1
2640,2947.9296,-1
2641,2945.8923,-1
2642,2945.7552,-1
2643,2946.6035,-1
2644,2945.6623,-1
2645,2944.2835,-1
2646,2943.9089,-1
2647,2943.8252,-1
2648,2943.5356,-1
2649,2943.8987,-1
2650,2946.0211,-1
2651,2945.5769,-1
2652,2942.1201,-1
2653,2942.9862,-1
2654,2943.2113,-1
2655,2944.9410,-1
2656,2945.1969,-1
2657,2945.8783,-1
2658,2946.2342,-1
2659,2945.9023,-1
2660,2947.7909,-1
2661,2949.0087,-1
2662,2948.5044,-1
2663,2947.4421,-1
2664,2947.8633,-1
2665,2949.0218,-1
2666,2950.7699,-1
2667,2951.3056,-1
2668,2949.5299,-1
2669,2946.8553,-1
2670,2943.6538,-1
2671,2940.0673,-1
2672,2938.8201,-1
2673,2939.2233,-1
2674,2939.1961,-1
2675,2938.7188,-1
2676,2938.3502,-1
2677,2936.3482,-1
2678,2933.5272,-1
2679,2933.1408,-1
2680,2931.6993,-1
2681,2931.2072,-1
2682,2929.7621,-1
2683,2928.0818,-1
2684,2929.1763,-1
2685,2928.6320,-1
2686,2930.0559,-1
2687,2928.4470,-1
2688,2928.9482,-1
2689,2927.2017,-1
2690,2929.1592,-1
2691,2935.0526,-1
2692,2936.2924,-1
2693,2941.4926,-1
2694,2944.2706,-1
2695,2933.9209,-1
2696,2929.2972,-1
2697,2928.9641,-1
2698,2928.9379,-1
2699,2929.4860,-1
2700,2926.7094,-1
2701,2924.3991,-1
2702,2924.9873,-1
2703,2924.4871,-1
2704,2924.5329,-1
2705,2924.4893,-1
2706,2922.5144,-1
2707,2921.3700,-1
2708,2923.0745,-1
2709,2923.3575,-1
2710,2922.6208,-1
2711,2922.5569,-1
2712,2923.1093,-1
2713,2924.2687,-1
2714,2925.1189,-1
2715,2924.9053,-1
2716,2922.0960,-1
2717,2925.0281,-1
2718,2924.7859,-1
2719,2923.8710,-1
2720,2923.5280,-1
2721,2922.5674,-1
2722,2926.0166,-1
2723,2924.0663,-1
2724,2921.7651,-1
2725,2922.1420,-1
2726,2919.7333,-1
2727,2919.0674,-1
2728,2918.6974,-1
2729,2918.2019,-1
2730,2918.0093,-1
2731,2915.9749,-1
2732,2917.3250,-1
2733,2917.6404,-1
2734,2917.7692,-1
2735,2916.7359,-1
2736,2916.9414,-1
2737,2916.4610,-1
2738,2911.4945,-1
2739,2911.9558,-1
2740,2911.8841,-1
2741,9.9792,0
2742,8.4412,0
2743,10.1311,0
2744,9.4798,0
2745,14.2043,0
2746,14.7891,0
2747,13.9296,0
2748,12.2979,0
2749,21.1890,0
2750,10.4735,0
2751,11.6463,0
2752,11.2224,0
2753,19.3353,0
2754,19.9857,0
2755,12.0406,0
2756,18.9638,0
2757,13.6538,0
2758,12.5194,0
2759,12.6886,0
2760,13.1176,0
2761,10.5870,0
2762,12.9247,0
2763,14.0545,0
2764,11.9555,0
2765,15.1670,0
2766,13.0298,0
2767,11.8840,0
2768,13.1936,0
2769,17.1494,0
2770,12.6042,0
2771,10.4864,0
2772,13.9809,0
2773,13.9236,0
2774,22.7451,0
2775,11.4660,0
2776,11.3575,0
2777,11.9069,0
2778,21.8475,0
2779,19.2885,0
2780,14.8225,0
2781,14.1308,0
2782,13.6862,0
2783,11.9967,0
2784,11.9333,0
2785,16.0756,0
2786,17.4062,0
2787,10.7636,0
2788,12.0366,0
2789,12.2633,0
2790,13.4642,0
2791,22.4431,0
2792,17.8211,0
2793,10.9587,0
2794,14.0557,0
2795,18.8656,0
2796,10.0927,0
2797,10.8731,0
2798,9.9201,0
2799,18.1413,0
2800,12.8069,0
2801,12.9085,0
2802,19.6242,0
2803,16.6326,0
2804,13.1977,0
2805,16.3004,0
2806,9.8674,0
2807,17.2329,0
2808,14.3402,0
2809,16.5732,0
2810,12.7091,0
2811,13.3290,0
2812,9.7811,0
2813,14.4284,0
2814,14.9918,0
2815,14.0681,0
2816,25.5148,0
2817,15.9833,0
2818,17.6375,0
2819,14.9024,0
2820,18.3349,0
2821,17.4170,0
2822,13.5415,0
2823,14.4563,0
2824,11.3180,0
2825,9.8503,0
2826,11.4207,0
2827,14.8656,0
2828,11.3902,0
2829,15.6898,0
2830,13.4873,0
2831,10.9985,0
2832,11.2953,0
2833,13.0258,0
2834,10.8991,0
2835,9.6421,0
2836,12.1400,0
2837,11.2169,0
2838,10.6971,0
2839,11.7693,0
2840,10.3841,0
2841,11.2605,0
2842,11.4567,0
2843,13.1912,0
2844,16.5610,0
2845,16.9492,0
2846,16.5012,0
2847,11.6448,0
2848,13.6101,0
2849,14.4734,0
2850,15.5466,0
2851,13.2627,0
2852,10.3230,0
2853,16.7000,0
2854,10.3810,0
2855,22.3153,0
2856,11.0505,0
2857,14.8683,0
2858,14.4737,0
2859,16.1524,0
2860,18.5862,0
2861,14.2934,0
2862,12.3477,0
2863,9.3398,0
2864,11.0130,0
2865,16.7482,0
2866,16.9160,0
2867,23.6526,0
2868,11.0276,0
2869,20.6282,0
2870,12.8517,0
2871,10.6297,0
2872,7.5431,0
2873,14.8189,0
2874,10.8039,0
2875,10.0789,0
2876,12.8436,0
2877,9.8078,0
2878,9.9413,0
2879,9.9530,0
2880,11.8425,0
2881,9.8686,0
2882,9.8901,0
2883,11.0197,0
2884,17.5800,0
2885,13.5570,0
2886,11.1821,0
2887,8.6834,0
2888,24.4167,0
2889,8.9550,0
2890,15.1882,0
2891,12.6293,0
2892,15.0073,0
2893,11.8673,0
2894,19.4016,0
2895,18.4171,0
2896,16.8428,0
2897,12.0909,0
2898,16.4535,0
2899,12.0087,0
2900,12.2097,0
2901,13.9472,0
2902,13.1149,0
2903,20.1013,0
2904,15.8088,0
2905,12.9566,0
2906,17.4103,0
2907,15.8648,0
2908,19.1085,0
2909,21.5108,0
2910,14.6813,0
2911,12.4063,0
2912,12.3663,0
2913,16.2661,0
2914,11.9770,0
2915,13.0160,0
2916,13.2766,0
2917,11.8365,0
2918,9.9635,0
2919,13.6344,0
2920,13.2880,0
2921,12.5806,0
2922,20.6733,0
2923,12.2721,0
2924,14.6587,0
2925,14.2472,0
2926,10.7951,0
2927,8.6689,0
2928,13.9027,0
2929,10.5062,0
2930,13.2565,0
2931,12.4402,0
2932,10.2699,0
2933,11.0784,0
2934,13.0594,0
2935,13.2685,0
2936,10.7288,0
2937,12.9013,0
2938,17.4332,0
2939,14.0357,0
2940,9.5596,0
2941,14.0543,0
2942,10.4883,0
2943,12.6009,0
2944,10.5255,0
2945,12.8901,0
2946,10.2823,0
2947,15.0175,0
2948,12.2025,0
2949,9.5861,0
2950,15.8639,0
2951,9.1794,0
2952,14.9858,0
2953,14.8561,0
2954,16.5801,0
2955,14.6115,0
2956,12.6622,0
2957,14.3671,0
2958,13.5269,0
2959,17.6895,0
2960,11.9815,0
2961,14.8480,0
2962,19.3672,0
2963,12.1884,0
2964,15.4104,0
2965,11.5817,0
2966,8.0106,0
2967,10.4978,0
2968,10.4825,0
2969,12.1858,0
2970,9.5985,0
2971,12.8403,0
2972,12.4791,0
2973,11.7040,0
2974,9.4616,0
2975,9.5005,0
2976,8.9586,0
2977,8.6691,0
2978,11.6131,0
2979,25.9042,0
2980,12.3138,0
2981,17.5984,0
2982,11.9040,0
2983,15.3949,0
2984,13.6333,0
2985,13.3142,0
2986,13.1559,0
2987,14.3282,0
2988,7.6184,0
2989,14.1788,0
2990,9.4128,0
2991,15.9707,0
2992,12.9983,0
2993,14.4243,0
2994,12.3191,0
2995,14.2021,0
2996,10.6621,0
2997,12.5275,0
2998,11.1539,0
2999,15.3787,0
3000,11.1938,0
3001,13.9360,0
3002,9.7532,0
3003,17.4272,0
3004,13.4819,0
3005,14.9202,0
3006,22.5198,0
3007,17.2756,0
3008,13.4771,0
3009,12.1334,0
3010,12.0487,0
3011,13.7908,0
3012,14.6606,0
3013,15.2700,0
3014,12.9106,0
3015,11.9114,0
3016,29.4216,0
3017,14.9364,0
3018,9.9819,0
3019,10.5522,0
3020,14.5445,0
3021,12.9232,0
3022,14.3037,0
3023,15.3122,0
3024,10.2627,0
3025,11.6372,0
3026,11.8697,0
3027,10.9389,0
3028,19.1305,0
3029,13.0970,0
3030,9.6617,0
3031,14.3793,0
3032,26.3858,0
3033,26.7346,0
3034,12.0420,0
3035,13.1545,0
3036,14.0729,0
3037,14.4529,0
3038,13.9046,0
3039,12.4209,0
3040,12.1460,0
3041,20.8063,0
3042,10.8020,0
3043,10.7536,0
3044,14.2229,0
3045,13.1114,0
3046,13.2129,0
3047,13.9115,0
3048,11.4772,0
3049,15.7270,0
3050,11.1456,0
3051,11.9364,0
3052,12.0239,0
3053,13.7086,0
3054,17.5955,0
3055,15.7533,0
3056,13.0835,0
3057,22.4471,0
3058,19.5632,0
3059,10.2816,0
3060,10.6440,0
3061,11.9655,0
3062,14.8993,0
3063,15.8257,0
3064,12.5208,0
3065,17.6971,0
3066,18.9996,0
3067,11.3108,0
3068,11.9739,0
3069,11.7249,0
3070,20.2355,0
3071,19.5348,0
3072,12.8906,0
3073,11.7438,0
3074,8.6215,0
3075,13.7064,0
3076,12.5535,0
3077,11.5838,0
3078,11.4470,0
3079,11.4541,0
3080,17.8366,0
3081,10.2277,0
3082,9.5158,0
3083,11.8001,0
3084,14.1547,0
3085,14.8580,0
3086,12.5437,0
3087,15.1291,0
3088,13.9399,0
3089,12.8677,0
3090,10.7892,0
3091,9.4857,0
3092,12.0850,0
3093,12.5976,0
3094,11.0826,0
3095,13.0203,0
3096,17.9272,0
3097,18.0602,0
3098,8.8487,0
3099,15.7464,0
3100,12.8045,0
3101,11.9677,0
3102,10.7775,0
3103,14.7169,0
3104,12.8739,0
3105,14.1292,0
3106,10.8423,0
3107,12.2519,0
3108,9.4812,0
3109,11.0276,0
3110,18.0607,0
3111,9.4497,0
3112,21.7729,0
3113,17.8463,0
3114,8.1103,0
3115,10.9265,0
3116,15.0146,0
3117,7.6389,0
3118,12.3913,0
3119,14.6520,0
3120,9.4650,0
3121,14.8807,0
3122,10.1137,0
3123,11.4565,0
3124,19.3977,0
3125,15.9590,0
3126,14.0193,0
3127,23.0145,0
3128,15.4562,0
3129,14.5206,0
3130,12.0299,0
3131,13.7582,0
3132,12.8000,0
3133,10.7505,0
3134,13.1416,0
3135,9.9361,0
3136,20.8278,0
3137,16.9294,0
3138,8.9364,0
3139,14.5643,0
3140,14.3113,0
3141,14.6146,0
3142,12.5031,0
3143,14.1118,0
3144,7.9713,0
3145,13.4649,0
3146,10.6299,0
3147,10.0832,0
3148,9.0401,0
3149,8.8699,0
3150,13.7153,0
3151,15.7325,0
3152,14.5447,0
3153,14.5552,0
3154,12.7652,0
3155,12.4869,0
3156,13.5984,0
3157,14.4515,0
3158,13.2649,0
3159,14.4670,0
3160,9.7930,0
3161,10.9141,0
3162,10.5584,0
3163,22.9714,0
3164,10.4766,0
3165,12.2325,0
3166,12.8224,0
3167,12.4562,0
3168,13.3715,0
3169,12.1541,0
3170,11.5528,0
3171,11.1055,0
3172,18.3539,0
3173,15.8601,0
3174,11.6062,0
3175,12.1987,0
3176,13.3348,0
3177,18.7356,0
3178,15.8257,0
3179,12.2743,0
3180,12.6696,0
3181,13.5095,0
3182,15.7533,0
3183,15.7659,0
3184,14.7293,0
3185,10.2839,0
3186,11.8649,0
3187,12.5406,0
3188,16.2923,0
3189,22.0792,0
3190,11.9820,0
3191,18.0175,0
3192,13.9058,0
3193,10.0744,0
3194,17.8149,0
3195,16.4974,0
3196,14.0586,0
3197,17.9031,0
3198,8.7759,0
3199,10.4296,0
3200,11.0903,0
3201,11.7018,0
3202,11.1856,0
3203,9.1195,0
3204,11.6088,0
3205,13.7005,0
3206,13.1433,0
3207,14.8180,0
3208,12.8052,0
3209,10.2758,0
3210,10.6664,0
3211,12.0840,0
3212,12.3134,0
3213,13.4592,0
3214,10.2479,0
3215,11.6029,0
3216,15.9998,0
3217,14.4985,0
3218,13.6702,0
3219,21.5733,0
3220,12.3894,0
3221,10.7114,0
3222,14.1523,0
3223,10.7753,0
3224,16.6466,0
3225,9.3768,0
3226,12.6138,0
3227,12.5940,0
3228,15.8989,0
3229,14.9879,0
3230,11.6725,0
3231,12.0404,0
3232,9.9664,0
3233,15.7089,0
3234,11.3089,0
3235,12.7010,0
3236,11.1005,0
3237,17.1709,0
3238,10.8993,0
3239,10.6697,0
3240,12.8524,0
3241,9.2387,0
3242,9.8975,0
3243,12.5859,0
3244,10.6695,0
3245,10.6435,0
3246,19.8853,0
3247,20.1178,0
3248,12.3880,0
3249,19.5165,0
3250,10.1359,0
3251,12.4567,0
3252,14.8611,0
3253,14.0378,0
3254,14.4603,0
3255,10.8116,0
3256,8.2676,0
3257,15.3627,0
3258,11.9548,0
3259,12.3458,0
3260,16.0661,0
3261,20.0756,0
3262,14.6036,0
3263,10.5195,0
3264,10.6306,0
3265,14.2381,0
3266,11.1561,0
3267,11.8358,0
3268,12.6178,0
3269,14.7679,0
3270,15.8560,0
3271,21.4705,0
3272,10.3123,0
3273,21.7412,0
3274,9.1236,0
3275,13.9623,0
3276,19.1774,0
3277,14.7986,0
3278,13.4053,0
3279,16.6578,0
3280,12.2278,0
3281,24.2493,0
3282,13.8364,0
3283,10.0722,0
3284,11.3158,0
3285,13.1271,0
3286,11.7173,0
3287,17.6938,0
3288,10.6783,0
3289,20.3912,0
3290,11.7915,0
3291,11.8272,0
3292,12.5737,0
3293,17.2021,0
3294,9.9254,0
3295,15.6810,0
3296,13.5512,0
3297,15.5687,0
3298,11.3578,0
3299,14.1339,0
3300,14.7192,0
3301,10.7563,0
3302,11.3366,0
3303,11.8740,0
3304,14.3726,0
3305,11.5850,0
3306,17.9567,0
3307,16.7181,0
3308,11.6830,0
3309,11.3933,0
3310,12.7592,0
3311,11.3528,0
3312,13.7930,0
3313,21.3788,0
3314,8.6372,0
3315,17.3836,0
3316,10.3095,0
3317,15.3153,0
3318,10.9925,0
3319,13.2272,0
3320,19.2888,0
3321,9.9685,0
3322,12.0692,0
3323,9.6569,0
3324,11.4095,0
3325,21.2784,0
3326,17.3419,0
3327,9.8479,0
3328,13.0579,0
3329,11.0185,0
3330,11.7559,0
3331,13.9935,0
3332,13.4723,0
3333,12.7547,0
3334,13.7999,0
3335,12.4500,0
3336,11.7908,0
3337,15.5332,0
3338,14.7703,0
3339,12.2654,0
3340,12.1648,0
3341,19.5470,0
3342,13.2306,0
3343,12.9695,0
3344,9.4006,0
3345,9.1188,0
3346,11.3115,0
3347,8.6989,0
3348,8.6744,0
3349,9.6436,0
3350,10.2530,0
3351,9.6967,0
3352,10.3893,0
3353,15.2185,0
3354,19.5270,0
3355,12.7976,0
3356,14.2744,0
3357,19.7835,0
3358,13.5503,0
3359,13.6385,0
3360,18.4939,0
3361,14.6031,0
3362,11.2677,0
3363,14.5977,0
3364,16.4685,0
3365,14.0777,0
3366,17.9403,0
3367,12.2526,0
3368,17.0186,0
3369,10.8807,0
3370,13.6931,0
3371,14.6472,0
3372,14.4758,0
3373,12.7780,0
3374,8.9109,0
3375,8.0395,0
3376,11.5771,0
3377,11.9493,0
3378,10.9391,0
3379,10.8433,0
3380,7.5862,0
3381,9.4423,0
3382,12.3966,0
3383,22.9664,0
3384,13.9062,0
3385,19.8066,0
3386,13.5744,0
3387,12.8143,0
3388,11.1282,0
3389,14.1232,0
3390,12.1782,0
3391,11.2972,0
3392,12.4917,0
3393,14.9851,0
3394,12.2113,0
3395,10.6547,0
3396,15.3716,0
3397,16.4280,0
3398,22.1403,0
3399,12.8503,0
3400,15.6045,0
3401,12.3105,0
3402,15.7671,0
3403,10.3703,0
3404,17.5419,0
3405,17.2937,0
3406,13.0498,0
3407,13.2983,0
3408,11.0438,0
3409,8.6961,0
3410,13.1786,0
3411,18.2803,0
3412,19.5739,0
3413,18.2486,0
3414,12.5489,0
3415,17.4842,0
3416,16.9339,0
3417,13.6914,0
3418,12.1875,0
3419,13.0060,0
3420,10.5453,0
3421,18.8913,0
3422,11.7800,0
3423,16.2504,0
3424,12.5928,0
3425,11.7352,0
3426,11.1015,0
3427,9.2857,0
3428,13.1295,0
3429,9.9864,0
3430,9.2177,0
3431,7.2277,0
3432,10.6881,0
3433,10.5333,0
3434,7.6065,0
3435,8.4414,0
3436,9.0830,0
3437,7.4012,0
3438,10.2651,0
3439,12.4547,0
3440,12.3591,0
3441,15.4650,0
3442,12.8412,0
3443,17.8068,0
3444,17.1013,0
3445,12.8634,0
3446,15.5079,0
3447,11.7524,0
3448,12.6839,0
3449,16.9148,0
3450,19.7368,0
3451,13.5169,0
3452,15.1932,0
3453,10.0133,0
3454,11.1177,0
3455,12.4080,0
3456,10.7656,0
3457,7.8752,0
3458,12.5465,0
3459,10.4909,0
3460,13.4821,0
3461,11.7190,0
3462,15.7187,0
3463,14.3378,0
3464,16.0716,0
3465,16.5806,0
3466,11.9584,0
3467,15.2278,0
3468,16.3071,0
3469,13.4993,0
3470,15.2481,0
3471,9.4931,0
3472,8.6663,0
3473,17.6740,0
3474,9.3248,0
3475,8.4519,0
3476,9.5644,0
3477,9.9051,0
3478,13.8655,0
3479,13.4370,0
3480,21.9049,0
3481,10.2279,0
3482,10.8814,0
3483,12.6488,0
3484,14.5292,0
3485,13.3865,0
3486,10.4163,0
3487,11.2681,0
3488,11.4524,0
3489,14.0159,0
3490,13.6557,0
3491,11.8639,0
3492,11.7464,0
3493,13.4866,0
3494,28.0857,0
3495,20.7036,0
3496,9.4850,0
3497,15.2886,0
3498,18.9695,0
3499,13.5870,0
3500,16.1972,0
3501,16.5017,0
3502,13.8233,0
3503,11.4706,0
3504,15.2392,0
3505,22.3119,0
3506,12.1534,0
3507,14.5721,0
3508,11.4658,0
3509,11.4393,0
3510,13.4833,0
3511,11.5802,0
3512,11.5564,0
3513,12.7206,0
3514,11.4233,0
3515,11.6122,0
3516,11.4317,0
3517,10.8538,0
3518,12.0471,0
3519,12.1155,0
3520,11.0743,0
3521,14.0126,0
3522,13.1886,0
3523,10.8800,0
3524,14.9736,0
3525,12.8617,0
3526,18.7047,0
3527,24.6785,0
3528,10.1554,0
3529,9.1121,0
3530,19.0961,0
3531,17.1607,0
3532,16.7067,0
3533,16.1877,0
3534,11.5783,0
3535,11.8408,0
3536,9.8152,0
3537,14.3695,0
3538,14.7905,0
3539,9.6738,0
3540,15.4071,0
3541,14.0071,0
3542,10.6642,0
3543,13.7520,0
3544,14.1506,0
3545,17.2582,0
3546,9.8906,0
3547,11.1635,0
3548,15.2335,0
3549,13.3731,0
3550,12.4748,0
3551,21.5511,0
3552,15.0478,0
3553,14.7152,0
3554,11.5130,0
3555,14.7607,0
3556,20.0436,0
3557,14.7414,0
3558,11.8918,0
3559,15.4352,0
3560,15.8684,0
3561,13.8726,0
3562,12.0184,0
3563,9.5563,0
3564,10.1118,0
3565,19.0892,0
3566,11.9507,0
3567,13.7889,0
3568,12.3551,0
3569,10.2556,0
3570,10.7021,0
3571,12.4707,0
3572,10.8180,0
3573,21.8778,0
3574,12.0320,0
3575,7.7572,0
3576,13.2935,0
3577,25.3439,0
3578,10.8879,0
3579,14.8532,0
3580,12.5678,0
3581,9.9893,0
3582,12.7254,0
3583,23.8967,0
3584,12.0947,0
3585,18.3663,0
3586,10.5300,0
3587,13.3870,0
3588,14.1952,0
3589,11.3981,0
3590,13.8981,0
3591,15.1460,0
3592,9.2285,0
3593,12.2099,0
3594,10.3035,0
3595,11.3139,0
3596,10.2553,0
3597,9.5248,0
3598,13.2384,0
3599,10.8624,0
3600,19.3965,0
3601,13.5341,0
3602,10.5369,0
3603,11.3063,0
3604,20.5553,0
3605,8.3578,0
3606,11.5240,0
3607,13.4382,0
3608,9.7938,0
3609,19.3861,0
3610,13.3367,0
3611,10.9105,0
3612,12.2423,0
3613,17.6609,0
3614,18.3117,0
3615,17.6764,0
3616,11.9755,0
3617,19.3141,0
3618,13.6807,0
3619,10.5331,0
3620,12.5556,0
3621,14.9763,0
3622,16.2117,0
3623,14.3888,0
3624,16.2752,0
3625,17.8423,0
3626,14.6885,0
3627,16.5977,0
3628,13.8638,0
3629,12.3634,0
3630,13.4554,0
3631,11.9827,0
3632,17.7307,0
3633,15.7931,0
3634,12.5012,0
3635,11.6825,0
3636,15.5692,0
3637,9.1896,0
3638,9.8190,0
3639,12.8481,0
3640,14.0157,0
3641,11.6830,0
3642,15.8243,0
3643,13.5558,0
3644,16.9618,0
3645,19.2399,0
3646,17.6101,0
3647,10.8192,0
3648,12.7945,0
3649,10.2060,0
3650,11.0154,0
3651,10.5507,0
3652,10.9110,0
3653,12.1000,0
3654,10.4716,0
3655,9.6636,0
3656,15.0564,0
3657,9.9154,0
3658,14.6072,0
3659,21.7013,0
3660,11.7698,0
3661,22.1438,0
3662,10.3815,0
3663,12.0113,0
3664,13.2995,0
3665,11.1191,0
3666,12.6581,0
3667,11.6022,0
3668,10.6447,0
3669,13.3412,0
3670,9.4671,0
3671,20.7644,0
3672,9.7523,0
3673,12.0161,0
3674,11.0750,0
3675,12.4180,0
3676,9.6409,0
3677,13.6318,0
3678,10.4187,0
3679,10.5903,0
3680,11.2467,0
3681,13.6590,0
3682,9.5773,0
3683,14.1256,0
3684,17.7033,0
3685,11.2457,0
3686,12.2540,0
3687,12.8615,0
3688,15.0304,0
3689,18.3153,0
3690,14.5633,0
3691,18.9688,0
3692,15.6801,0
3693,14.3504,0
3694,11.0786,0
3695,11.8458,0
3696,13.5934,0
3697,14.2345,0
3698,15.2407,0
3699,14.2782,0
3700,14.8523,0
3701,10.7348,0
3702,16.9795,0
3703,11.9236,0
3704,10.0493,0
3705,13.7358,0
3706,13.3934,0
3707,15.0454,0
3708,15.8427,0
3709,10.4425,0
3710,11.2941,0
3711,12.5797,0
3712,11.2145,0
3713,18.0562,0
3714,15.9137,0
3715,10.7176,0
3716,15.4047,0
3717,19.7310,0
3718,11.5161,0
3719,15.2452,0
3720,18.6772,0
3721,10.9079,0
3722,8.5111,0
3723,14.9164,0
3724,11.4393,0
3725,10.9117,0
3726,12.0695,0
3727,14.9257,0
3728,22.8133,0
3729,12.9199,0
3730,15.1892,0
3731,18.4197,0
3732,11.5035,0
3733,14.6935,0
3734,17.1888,0
3735,14.3919,0
3736,13.4449,0
3737,15.8269,0
3738,11.5654,0
3739,13.8302,0
3740,39.9508,0
3741,10.9453,0
3742,18.0838,0
3743,9.6719,0
3744,10.5782,0
3745,15.9540,0
3746,11.6191,0
3747,7.6880,0
3748,10.5891,0
3749,10.9301,0
3750,10.5000,0
3751,12.5017,0
3752,13.0267,0
3753,14.7705,0
3754,12.0213,0
3755,14.9894,0
3756,10.7889,0
3757,16.2952,0
3758,13.4959,0
3759,13.8006,0
3760,16.4912,0
3761,14.8315,0
3762,14.1964,0
3763,11.8730,0
3764,16.1235,0
3765,12.8133,0
3766,11.5600,0
3767,15.7843,0
3768,13.1767,0
3769,12.6653,0
3770,13.3286,0
3771,11.0340,0
3772,16.7115,0
3773,15.5642,0
3774,10.0365,0
3775,14.8952,0
3776,12.3432,0
3777,14.9975,0
3778,12.0499,0
3779,12.3575,0
3780,15.8002,0
3781,10.1652,0
3782,19.9564,0
3783,16.1643,0
3784,9.7518,0
3785,12.0859,0
3786,11.6129,0
3787,10.7257,0
3788,14.6160,0
3789,11.6482,0
3790,14.6811,0
3791,10.5491,0
3792,10.6111,0
3793,14.6873,0
3794,13.7422,0
3795,12.1815,0
3796,17.7522,0
3797,9.2738,0
3798,15.4283,0
3799,15.5611,0
3800,15.9478,0
3801,19.2564,0
3802,17.4267,0
3803,10.3092,0
3804,11.1930,0
3805,9.9699,0
3806,17.8909,0
3807,13.1366,0
3808,22.0103,0
3809,15.9380,0
3810,11.6770,0
3811,18.9967,0
3812,11.1639,0
3813,14.0448,0
3814,15.5694,0
3815,16.9957,0
3816,14.8611,0
3817,18.2390,0
3818,10.4105,0
3819,16.9141,0
3820,11.1749,0
3821,18.3024,0
3822,14.0436,0
3823,11.9119,0
3824,11.7362,0
3825,14.9803,0
3826,15.7487,0
3827,15.1887,0
3828,12.6390,0
3829,21.0757,0
3830,13.1640,0
3831,17.3416,0
3832,9.8996,0
3833,15.8989,0
3834,14.1618,0
3835,8.3945,0
3836,12.8322,0
3837,16.0263,0
3838,12.1365,0
3839,9.2323,0
3840,9.4433,0
3841,11.8093,0
3842,16.7704,0
3843,12.6190,0
3844,17.7472,0
3845,10.8252,0
3846,13.9711,0
3847,13.0959,0
3848,13.8631,0
3849,15.5010,0
3850,18.0187,0
3851,12.5508,0
3852,25.9490,0
3853,16.6948,0
3854,12.8655,0
3855,9.4066,0
3856,13.8257,0
3857,13.2685,0
3858,13.5500,0
3859,10.9260,0
3860,17.7252,0
3861,19.1748,0
3862,15.4221,0
3863,13.6571,0
3864,12.0299,0
3865,13.0796,0
3866,11.3344,0
3867,13.5667,0
3868,15.0263,0
3869,10.8078,0
3870,12.1863,0
3871,11.6465,0
3872,7.5834,0
3873,13.5500,0
3874,11.4315,0
3875,18.7628,0
3876,15.7037,0
3877,18.2278,0
3878,16.9778,0
3879,16.7918,0
3880,13.3250,0
3881,11.7490,0
3882,9.9263,0
3883,12.4311,0
3884,9.8948,0
3885,13.3641,0
3886,12.2664,0
3887,12.5854,0
3888,25.4796,0
3889,15.7304,0
3890,11.7083,0
3891,15.4974,0
3892,15.6913,0
3893,11.7383,0
3894,11.9135,0
3895,10.6094,0
3896,10.3035,0
3897,10.5348,0
3898,13.4814,0
3899,18.9705,0
3900,17.6268,0
3901,19.4120,0
3902,22.7959,0
3903,14.0460,0
3904,14.4167,0
3905,12.1083,0
3906,12.7711,0
3907,13.8702,0
3908,11.2951,0
3909,13.5391,0
3910,11.4827,0
3911,12.3801,0
3912,12.4707,0
3913,12.7468,0
3914,11.4424,0
3915,11.2481,0
3916,10.4434,0
3917,15.4734,0
3918,10.4246,0
3919,15.3913,0
3920,15.2214,0
3921,10.7646,0
3922,12.2089,0
3923,11.8275,0
3924,11.5118,0
3925,11.0710,0
3926,9.8963,0
3927,11.0981,0
3928,9.7566,0
3929,19.0368,0
3930,10.8476,0
3931,10.4849,0
3932,15.3596,0
3933,17.6089,0
3934,17.2310,0
3935,15.9984,0
3936,11.4789,0
3937,15.0840,0
3938,12.3754,0
3939,22.4693,0
3940,14.0936,0
3941,13.0279,0
3942,15.3797,0
3943,11.7521,0
3944,12.7540,0
3945,11.6930,0
3946,14.5085,0
3947,13.6266,0
3948,14.3549,0
3949,13.5498,0
3950,12.3353,0
3951,15.0676,0
3952,14.3125,0
3953,11.1451,0
3954,18.4262,0
3955,12.9683,0
3956,17.0720,0
3957,9.2149,0
3958,16.5796,0
3959,11.1787,0
3960,15.8792,0
3961,10.4659,0
3962,13.9725,0
3963,18.2970,0
3964,11.7161,0
3965,12.4667,0
3966,22.1775,0
3967,9.9833,0
3968,10.1755,0
3969,10.5958,0
3970,11.0474,0
3971,11.2388,0
3972,10.6182,0
3973,12.4657,0
3974,11.1213,0
3975,12.6843,0
3976,14.2481,0
3977,13.5696,0
3978,15.0344,0
3979,10.7653,0
3980,14.0345,0
3981,13.9802,0
3982,13.1133,0
3983,19.2170,0
3984,20.8824,0
3985,13.9070,0
3986,20.3938,0
3987,12.7640,0
3988,13.1774,0
3989,12.7456,0
3990,15.4541,0
3991,13.6180,0
3992,18.2645,0
3993,16.9294,0
3994,15.8172,0
3995,17.4103,0
3996,13.0363,0
3997,12.0182,0
3998,12.7268,0
3999,10.6275,0
4000,36.2513,0
4001,8.8508,0
4002,14.8723,0
4003,18.1918,0
4004,11.9646,0
4005,14.7941,0
4006,10.2916,0
4007,17.1258,0
4008,18.5182,0
4009,18.2176,0
4010,22.2058,0
4011,15.0347,0
4012,15.3320,0
4013,16.3414,0
4014,17.1416,0
4015,12.5630,0
4016,15.7809,0
4017,12.0261,0
4018,11.4758,0
4019,13.5717,0
4020,13.4883,0
4021,11.1322,0
4022,13.1679,0
4023,13.4668,0
4024,12.2440,0
4025,13.5930,0
4026,15.7857,0
4027,13.0816,0
4028,11.4939,0
4029,12.4280,0
4030,13.0847,0
4031,11.8377,0
4032,14.5581,0
4033,18.2796,0
4034,8.5065,0
4035,9.8047,0
4036,10.3259,0
4037,11.4262,0
4038,10.5281,0
4039,11.0047,0
4040,11.0519,0
4041,7.4346,0
4042,10.4895,0
4043,18.9171,0
4044,10.3743,0
4045,10.5581,0
4046,14.1089,0
4047,12.7339,0
4048,11.8964,0
4049,11.2429,0
4050,11.1165,0
4051,11.2050,0
4052,11.3442,0
4053,10.6118,0
4054,13.2091,0
4055,11.4737,0
4056,13.5374,0
4057,14.0200,0
4058,14.1177,0
4059,11.6322,0
4060,27.1935,0
4061,15.2028,0
4062,14.5590,0
4063,23.7224,0
4064,12.0685,0
4065,14.0626,0
4066,12.2137,0
4067,10.8995,0
4068,12.9280,0
4069,12.2211,0
4070,10.5028,0
4071,11.7004,0
4072,12.2950,0
4073,12.3298,0
4074,12.3596,0
4075,11.4679,0
4076,15.1858,0
4077,10.6242,0
4078,13.8876,0
4079,11.2870,0
4080,11.4255,0
4081,10.7038,0
4082,11.9138,0
4083,12.2454,0
4084,9.2025,0
4085,9.5561,0
4086,12.6193,0
4087,10.7317,0
4088,11.4686,0
4089,27.0617,0
4090,12.1212,0
4091,13.5117,0
4092,13.1361,0
4093,14.7784,0
4094,18.9738,0
4095,12.1045,0
4096,13.2809,0
4097,13.3822,0
4098,21.8635,0
4099,12.2344,0
4100,23.0639,0
4101,16.1796,0
4102,11.1384,0
4103,18.7721,0
4104,17.0763,0
4105,14.4842,0
4106,14.3456,0
4107,17.2548,0
4108,16.0449,0
4109,14.6310,0
4110,16.8078,0
4111,15.1026,0
4112,12.0149,0
4113,11.3730,0
4114,22.2456,0
4115,15.6422,0
4116,15.7340,0
4117,16.6276,0
4118,13.7746,0
4119,13.7424,0
4120,20.6981,0
4121,9.5963,0
4122,11.4982,0
4123,24.6501,0
4124,14.1902,0
4125,19.3617,0
4126,14.3807,0
4127,12.9771,0
4128,13.4356,0
4129,11.4560,0
4130,11.1525,0
4131,13.7143,0
4132,14.6694,0
4133,11.0254,0
4134,16.0434,0
4135,18.7020,0
4136,14.5810,0
4137,9.8510,0
4138,11.1964,0
4139,9.8071,0
4140,10.3271,0
4141,9.6660,0
4142,10.1581,0
4143,9.0401,0
4144,12.6662,0
4145,15.5966,0
4146,14.7126,0
4147,13.4156,0
4148,15.2240,0
4149,14.7972,0
4150,15.5363,0
4151,22.8288,0
4152,13.2108,0
4153,18.8782,0
4154,12.9986,0
4155,11.6467,0
4156,12.1095,0
4157,19.7883,0
4158,12.4898,0
4159,16.8750,0
4160,13.2592,0
4161,10.4518,0
4162,10.0944,0
4163,10.1504,0
4164,9.3632,0
4165,12.0544,0
4166,15.3606,0
4167,11.5495,0
4168,13.3517,0
4169,21.5733,0
4170,15.8288,0
4171,14.2782,0
4172,15.4371,0
4173,9.7764,0
4174,14.8163,0
4175,12.2304,0
4176,8.6210,0
4177,14.5631,0
4178,23.0999,0
4179,17.5736,0
4180,10.0689,0
4181,11.2343,0
4182,12.5608,0
4183,15.8823,0
4184,10.7315,0
4185,13.9830,0
4186,9.9072,0
4187,11.3852,0
4188,13.2434,0
4189,13.6800,0
4190,10.3626,0
4191,14.9295,0
4192,16.1493,0
4193,13.5043,0
4194,32.3155,0
4195,8.5285,0
4196,19.9134,0
4197,9.9607,0
4198,13.0732,0
4199,12.7633,0
4200,11.6808,0
4201,15.3277,0
4202,11.4014,0
4203,10.9015,0
4204,11.5719,0
4205,12.2228,0
4206,12.7668,0
4207,16.7181,0
4208,15.5625,0
4209,19.1975,0
4210,11.9267,0
4211,20.9527,0
4212,13.8781,0
4213,15.3143,0
4214,11.1217,0
4215,14.1611,0
4216,16.4032,0
4217,13.9580,0
4218,24.9765,0
4219,8.1692,0
4220,13.3030,0
4221,13.2926,0
4222,11.6343,0
4223,10.0100,0
4224,16.2058,0
4225,13.2954,0
4226,13.1776,0
4227,14.9407,0
4228,13.5369,0
4229,9.1782,0
4230,15.4295,0
4231,11.7981,0
4232,12.1567,0
4233,11.0455,0
4234,14.0674,0
4235,11.1368,0
4236,14.4148,0
4237,14.7278,0
4238,19.8412,0
4239,15.9535,0
4240,15.2297,0
4241,15.0607,0
4242,14.4305,0
4243,16.6113,0
4244,17.1154,0
4245,12.7330,0
4246,11.0531,0
4247,20.8962,0
4248,17.6408,0
4249,11.0495,0
4250,19.8901,0
4251,15.8954,0
4252,13.9501,0
4253,10.1600,0
4254,14.4062,0
4255,17.9389,0
4256,18.4422,0
4257,17.4360,0
4258,17.7958,0
4259,19.1996,0
4260,11.9090,0
4261,16.3393,0
4262,20.6106,0
4263,11.0695,0
4264,13.6704,0
4265,14.9920,0
4266,12.0692,0
4267,17.4947,0
4268,14.2570,0
4269,12.8174,0
4270,12.7735,0
4271,13.8679,0
4272,18.0223,0
4273,15.0104,0
4274,12.9588,0
4275,11.8740,0
4276,11.3001,0
4277,16.6993,0
4278,11.2340,0
4279,14.6244,0
4280,20.4670,0
4281,12.2116,0
4282,12.8233,0
4283,12.2375,0
4284,17.6065,0
4285,15.1310,0
4286,13.8149,0
4287,12.1257,0
4288,10.7431,0
4289,10.3884,0
4290,10.1185,0
4291,13.1643,0
4292,20.3052,0
4293,10.3550,0
4294,17.7381,0
4295,11.7550,0
4296,16.5858,0
4297,17.3135,0
4298,8.0569,0
4299,19.7687,0
4300,14.5371,0
4301,12.5144,0
4302,11.3347,0
4303,12.9576,0
4304,13.7959,0
4305,16.3376,0
4306,16.9656,0
4307,9.9835,0
4308,13.2928,0
4309,14.1459,0
4310,17.0169,0
4311,11.1489,0
4312,19.2900,0
4313,16.0103,0
4314,10.9088,0
4315,10.7377,0
4316,12.0270,0
4317,16.4747,0
4318,12.9404,0
4319,12.6443,0
4320,18.4147,0
4321,13.1979,0
4322,14.0009,0
4323,16.6953,0
4324,14.3223,0
4325,12.5928,0
4326,12.5968,0
4327,16.5935,0
4328,11.7998,0
4329,14.3869,0
4330,11.7981,0
4331,11.1265,0
4332,11.0385,0
4333,10.4568,0
4334,8.8327,0
4335,10.7136,0
4336,11.0254,0
4337,12.3863,0
4338,26.9213,0
4339,13.3080,0
4340,8.6789,0
4341,12.2371,0
4342,12.9037,0
4343,11.3053,0
4344,14.2505,0
4345,11.3304,0
4346,11.4348,0
4347,15.3017,0
4348,11.6346,0
4349,14.3268,0
4350,10.8783,0
4351,16.5570,0
4352,17.5874,0
4353,11.6935,0
4354,19.5580,0
4355,9.6672,0
4356,13.4058,0
4357,12.8796,0
4358,15.6732,0
4359,11.8177,0
4360,14.2028,0
4361,11.8699,0
4362,19.0308,0
4363,9.7916,0
4364,13.6819,0
4365,21.4407,0
4366,13.5539,0
4367,11.6637,0
4368,15.2395,0
4369,9.2995,0
4370,15.0356,0
4371,10.6950,0
4372,9.4697,0
4373,11.6482,0
4374,13.9475,0
4375,18.7249,0
4376,13.1843,0
4377,13.1269,0
4378,14.9171,0
4379,11.8997,0
4380,11.2879,0
4381,16.4616,0
4382,12.7561,0
4383,17.0357,0
4384,11.7791,0
4385,12.9955,0
4386,9.7899,0
4387,14.2171,0
4388,16.0801,0
4389,10.7043,0
4390,12.4164,0
4391,11.0431,0
4392,12.1009,0
4393,12.8024,0
4394,17.9434,0
4395,13.2134,0
4396,12.7246,0
4397,13.1593,0
4398,13.8493,0
4399,12.9826,0
4400,13.4735,0
4401,17.0124,0
4402,15.2760,0
4403,14.5535,0
4404,13.0875,0
4405,12.3653,0
4406,9.7532,0
4407,10.0296,0
4408,13.0746,0
4409,9.9051,0
4410,13.8297,0
4411,9.3672,0
4412,10.4640,0
4413,14.0579,0
4414,12.3408,0
4415,17.9248,0
4416,13.9363,0
4417,13.1071,0
4418,17.8711,0
4419,11.0092,0
4420,10.0460,0
4421,18.9991,0
4422,16.4258,0
4423,10.9735,0
4424,9.7430,0
4425,12.2731,0
4426,11.8158,0
4427,19.6524,0
4428,18.8107,0
4429,15.1973,0
4430,16.7799,0
4431,19.7883,0
4432,13.1204,0
4433,19.9242,0
4434,12.6402,0
4435,15.1544,0
4436,9.3546,0
4437,13.3402,0
4438,10.3686,0
4439,13.2751,0
4440,8.3032,0
4441,14.6956,0
4442,12.4683,0
4443,14.2667,0
4444,12.9213,0
4445,11.8270,0
4446,10.5958,0
4447,10.7167,0
4448,11.4996,0
4449,10.1519,0
4450,13.2632,0
4451,11.2090,0
4452,21.3895,0
4453,16.4595,0
4454,27.5526,0
4455,16.9649,0
4456,13.5744,0
4457,12.9435,0
4458,13.9017,0
4459,13.2539,0
4460,10.8893,0
4461,12.9752,0
4462,14.8430,0
4463,12.7130,0
4464,12.4462,0
4465,12.1739,0
4466,15.0766,0
4467,14.8275,0
4468,10.6568,0
4469,17.7660,0
4470,12.1858,0
4471,12.0595,0
4472,11.3003,0
4473,24.9424,0
4474,9.6939,0
4475,12.9933,0
4476,10.6831,0
4477,12.5141,0
4478,10.2422,0
4479,8.9879,0
4480,10.1049,0
4481,12.5422,0
4482,10.1838,0
4483,23.5794,0
4484,15.9626,0
4485,16.6540,0
4486,13.6034,0
4487,15.1789,0
4488,17.6945,0
4489,11.7171,0
4490,15.5559,0
4491,16.4659,0
4492,10.0558,0
4493,15.3022,0
4494,11.2624,0
4495,11.0903,0
4496,12.1920,0
4497,11.2722,0
4498,14.1931,0
4499,12.0895,0
4500,20.2665,0
4501,15.4831,0
4502,13.4594,0
4503,13.3884,0
4504,13.5458,0
4505,14.7882,0
4506,16.3414,0
4507,15.8372,0
4508,11.7288,0
4509,15.8365,0
4510,16.6535,0
4511,10.2458,0
4512,19.2974,0
4513,13.4575,0
4514,12.7451,0
4515,11.9328,0
4516,16.2182,0
4517,13.1309,0
4518,14.4377,0
4519,10.5920,0
4520,9.5453,0
4521,8.5881,0
4522,12.3897,0
4523,14.4773,0
4524,22.1484,0
4525,13.0978,0
4526,18.4143,0
4527,15.3370,0
4528,8.3342,0
4529,12.5730,0
4530,11.0970,0
4531,11.3027,0
4532,11.1523,0
4533,12.6624,0
4534,22.9423,0
4535,15.1408,0
4536,22.4900,0
4537,11.1454,0
4538,15.7683,0
4539,14.6332,0
4540,13.1910,0
4541,13.0653,0
4542,10.7632,0
4543,13.9675,0
4544,12.8717,0
4545,10.6070,0
4546,10.9005,0
4547,11.3051,0
4548,13.1271,0
4549,18.0972,0
4550,14.6139,0
4551,23.9358,0
4552,13.7441,0
4553,10.6254,0
4554,12.1400,0
4555,17.1154,0
4556,12.9788,0
4557,12.6061,0
4558,12.9151,0
4559,17.9317,0
4560,11.8084,0
4561,16.8657,0
4562,12.8996,0
4563,12.3949,0
4564,11.2910,0
4565,10.7930,0
4566,15.0633,0
4567,11.8566,0
4568,8.3611,0
4569,11.7350,0
4570,12.2001,0
4571,15.0952,0
4572,10.6282,0
4573,15.7049,0
4574,9.9442,0
4575,11.6839,0
4576,14.5023,0
4577,14.5519,0
4578,18.8131,0
4579,24.2271,0
4580,10.1593,0
4581,12.3069,0
4582,17.0970,0
4583,13.1671,0
4584,14.2252,0
4585,12.5971,0
4586,23.0258,0
4587,22.3000,0
4588,12.0091,0
4589,16.6926,0
4590,18.1098,0
4591,14.6725,0
4592,16.1874,0
4593,8.1406,0
4594,17.3261,0
4595,20.2394,0
4596,11.1451,0
4597,9.9528,0
4598,10.0853,0
4599,10.6454,0
4600,13.0355,0
4601,15.9464,0
4602,11.1594,0
4603,10.3753,0
4604,13.8159,0
4605,12.0707,0
4606,17.9923,0
4607,14.9541,0
4608,13.4029,0
4609,14.6048,0
4610,12.7850,0
4611,9.4159,0
4612,16.0575,0
4613,18.0376,0
4614,12.2573,0
4615,23.1748,0
4616,12.9812,0
4617,14.6592,0
4618,17.1664,0
4619,12.9504,0
4620,19.8917,0
4621,11.7686,0
4622,11.3804,0
4623,11.2121,0
4624,12.6519,0
4625,13.2411,0
4626,11.6456,0
4627,10.6966,0
4628,13.2735,0
4629,12.2049,0
4630,13.7219,0
4631,7.7145,0
4632,10.8964,0
4633,11.7874,0
4634,11.3592,0
4635,12.5446,0
4636,9.1653,0
4637,9.2320,0
4638,8.7299,0
4639,16.2702,0
4640,10.8256,0
4641,16.5203,0
4642,20.6306,0
4643,14.2572,0
4644,18.0779,0
4645,14.1051,0
4646,11.5099,0
4647,11.2071,0
4648,10.3188,0
4649,8.0192,0
4650,10.4516,0
4651,13.1693,0
4652,12.2418,0
4653,11.8396,0
4654,8.2190,0
4655,7.8819,0
4656,8.1360,0
4657,7.8697,0
4658,8.4150,0
4659,7.2749,0
4660,11.3852,0
4661,10.1936,0
4662,10.3986,0
4663,10.9429,0
4664,10.6869,0
4665,11.0793,0
4666,14.6475,0
4667,13.4900,0
4668,13.2470,0
4669,13.0234,0
4670,16.7038,0
4671,13.4211,0
4672,10.3121,0
4673,13.5388,0
4674,20.7293,0
4675,16.2601,0
4676,16.6547,0
4677,9.7415,0
4678,10.4976,0
4679,12.2435,0
4680,11.2104,0
4681,13.3340,0
4682,13.0780,0
4683,10.9003,0
4684,15.6910,0
4685,10.7820,0
4686,13.1407,0
4687,10.8695,0
4688,12.4710,0
4689,17.6294,0
4690,11.9011,0
4691,14.6711,0
4692,24.1749,0
4693,14.2906,0
4694,12.7277,0
4695,11.4906,0
4696,13.4704,0
4697,12.7256,0
4698,10.4482,0
4699,10.9746,0
4700,9.9604,0
4701,9.4271,0
4702,16.4406,0
4703,12.2528,0
4704,9.6488,0
4705,14.0865,0
4706,12.5480,0
4707,14.8244,0
4708,9.8431,0
4709,9.4254,0
4710,12.8999,0
4711,15.2941,0
4712,10.0713,0
4713,14.7841,0
4714,11.6098,0
4715,10.7253,0
4716,13.0310,0
4717,14.4432,0
4718,12.7549,0
4719,18.7700,0
4720,31.0454,0
4721,28.1298,0
4722,30.2799,0
4723,14.1158,0
4724,14.1873,0
4725,10.8585,0
4726,13.0665,0
4727,13.8345,0
4728,13.1488,0
4729,12.2049,0
4730,13.2725,0
4731,9.2056,0
4732,10.6277,0
4733,12.0120,0
4734,16.0983,0
4735,13.9961,0
4736,17.9896,0
4737,12.1872,0
4738,13.5143,0
4739,12.0311,0
4740,10.5820,0
4741,15.3883,0
4742,10.8211,0
4743,11.4439,0
4744,15.8508,0
4745,20.2365,0
4746,13.7436,0
4747,9.6979,0
4748,11.8644,0
4749,18.6279,0
4750,18.7328,0
4751,11.1930,0
4752,14.0622,0
4753,11.5061,0
4754,12.8689,0
4755,16.5515,0
4756,13.2957,0
4757,11.8573,0
4758,14.6797,0
4759,14.5724,0
4760,9.9089,0
4761,9.1753,0
4762,14.2884,0
4763,8.2307,0
4764,13.4175,0
4765,8.3928,0
4766,16.0794,0
4767,13.1931,0
4768,11.2641,0
4769,11.8704,0
4770,11.7519,0
4771,12.4307,0
4772,13.4575,0
4773,12.1741,0
4774,10.9801,0
4775,13.4332,0
4776,17.4389,0
4777,15.2881,0
4778,19.2297,0
4779,12.8741,0
4780,11.1141,0
4781,11.2860,0
4782,10.0262,0
4783,11.9240,0
4784,10.9823,0
4785,14.3623,0
4786,14.5876,0
4787,13.3162,0
4788,17.1869,0
4789,13.2649,0
4790,15.7032,0
4791,10.9999,0
4792,12.4879,0
4793,14.9910,0
4794,14.1292,0
4795,11.0083,0
4796,11.0805,0
4797,12.1479,0
4798,20.8094,0
4799,20.6025,0
4800,8.8568,0
4801,14.3068,0
4802,17.2896,0
4803,15.0447,0
4804,10.4921,0
4805,13.0148,0
4806,10.7751,0
4807,10.4797,0
4808,13.4032,0
4809,15.2249,0
4810,15.8186,0
4811,13.5396,0
4812,13.7820,0
4813,14.2868,0
4814,10.2701,0
4815,11.8110,0
4816,9.8476,0
4817,15.4183,0
4818,12.4958,0
4819,13.4113,0
4820,8.6102,0
4821,11.7688,0
4822,14.9541,0
4823,11.8337,0
4824,15.2640,0
4825,12.9640,0
4826,13.2747,0
4827,27.1313,0
4828,9.7442,0
4829,15.4574,0
4830,16.2966,0
4831,12.0645,0
4832,10.5841,0
4833,10.9825,0
4834,10.4201,0
4835,10.8361,0
4836,11.1556,0
4837,12.5122,0
4838,10.4434,0
4839,12.0313,0
4840,12.1834,0
4841,10.0358,0
4842,10.5059,0
4843,10.8941,0
4844,7.9014,0
4845,22.8605,0
4846,10.5031,0
4847,11.5640,0
4848,15.9111,0
4849,9.2611,0
4850,12.2705,0
4851,17.7824,0
4852,13.1271,0
4853,12.4059,0
4854,19.2862,0
4855,13.6182,0
4856,20.2496,0
4857,13.5350,0
4858,11.7238,0
4859,18.2755,0
4860,13.8640,0
4861,11.5798,0
4862,11.3621,0
4863,7.9916,0
4864,8.2302,0
4865,7.7088,0
4866,13.9852,0
4867,13.9015,0
4868,9.2289,0
4869,10.0906,0
4870,13.2999,0
4871,11.4288,0
4872,14.7231,0
4873,14.6401,0
4874,10.6213,0
4875,12.3501,0
4876,10.1178,0
4877,10.6921,0
4878,14.1981,0
4879,13.5462,0
4880,14.2062,0
4881,12.1751,0
4882,21.7948,0
4883,14.3666,0
4884,15.9156,0
4885,15.7266,0
4886,13.2248,0
4887,11.2042,0
4888,17.7813,0
4889,11.8661,0
4890,15.2421,0
4891,12.9414,0
4892,11.5266,0
4893,12.8727,0
4894,12.3489,0
4895,15.5177,0
4896,14.5621,0
4897,14.3569,0
4898,13.3426,0
4899,12.0339,0
4900,13.5143,0
4901,12.6491,0
4902,8.9970,0
4903,13.8011,0
4904,15.0900,0
4905,10.3922,0
4906,10.7613,0
4907,12.0037,0
4908,13.2465,0
4909,15.7647,0
4910,16.2604,0
4911,21.6215,0
4912,11.8256,0
4913,12.0387,0
4914,17.8359,0
4915,13.7844,0
4916,11.3587,0
4917,11.4443,0
4918,13.1505,0
4919,16.1057,0
4920,10.6359,0
4921,12.9557,0
4922,15.9099,0
4923,13.9480,0
4924,15.6691,0
4925,12.1183,0
4926,13.9885,0
4927,16.3586,0
4928,12.7888,0
4929,19.9587,0
4930,10.2131,0
4931,11.0588,0
4932,8.0311,0
4933,9.7082,0
4934,12.3293,0
4935,17.2012,0
4936,9.1701,0
4937,13.2802,0
4938,11.1451,0
4939,8.4112,0
4940,23.3102,0
4941,16.9809,0
4942,15.2550,0
4943,16.8312,0
4944,14.0262,0
4945,14.1659,0
4946,10.2923,0
4947,16.9809,0
4948,10.4942,0
4949,13.8938,0
4950,12.5859,0
4951,11.0836,0
4952,13.3982,0
4953,9.6698,0
4954,10.7586,0
4955,11.5347,0
4956,10.5414,0
4957,13.5398,0
4958,15.2657,0
4959,11.1923,0
4960,15.0120,0
4961,11.3413,0
4962,11.4524,0
4963,9.7408,0
4964,10.2892,0
4965,13.3667,0
4966,12.0943,0
4967,10.3159,0
4968,12.2101,0
4969,15.3706,0
4970,23.7014,0
4971,19.7351,0
4972,10.1221,0
4973,8.8730,0
4974,9.8820,0
4975,11.1771,0
4976,13.2148,0
4977,8.4789,0
4978,11.5852,0
4979,10.2541,0
4980,15.6472,0
4981,12.8589,0
4982,12.1355,0
4983,15.7630,0
4984,22.1801,0
4985,14.0231,0
4986,17.1831,0
4987,15.1751,0
4988,14.2598,0
4989,9.5038,0
4990,13.7677,0
4991,14.8492,0
4992,11.1690,0
4993,16.4433,0
4994,9.3062,0
4995,12.0730,0
4996,32.7189,0
4997,14.2727,0
4998,17.6470,0
4999,15.6319,0
5000,15.2278,0
5001,12.1469,0
5002,13.4780,0
5003,11.2803,0
5004,26.4270,0
5005,11.6692,0
5006,11.0421,0
5007,10.8068,0
5008,16.1164,0
5009,15.1262,0
5010,13.1404,0
5011,11.1866,0
5012,18.0261,0
5013,13.9496,0
5014,14.4415,0
5015,11.5275,0
5016,12.0981,0
5017,12.1267,0
5018,10.8087,0
5019,10.2708,0
5020,14.3323,0
5021,11.6575,0
5022,18.5285,0
5023,16.7789,0
5024,20.4034,0
5025,21.1730,0
5026,16.9055,0
5027,14.9257,0
5028,11.2617,0
5029,14.0879,0
5030,13.5272,0
5031,14.6413,0
5032,18.3775,0
5033,10.3171,0
5034,13.5338,0
5035,17.5295,0
5036,15.1722,0
5037,8.0838,0
5038,11.3809,0
5039,9.5708,0
5040,9.2380,0
5041,11.4930,0
5042,12.2392,0
5043,9.9182,0
5044,13.3724,0
5045,10.6242,0
5046,10.6604,0
5047,16.3217,0
5048,12.0533,0
5049,28.4457,0
5050,14.3418,0
5051,13.5622,0
5052,13.6065,0
5053,10.0236,0
5054,13.1454,0
5055,12.9933,0
5056,15.7917,0
5057,18.0254,0
5058,10.4613,0
5059,11.1904,0
5060,12.2573,0
5061,18.4577,0
5062,11.6150,0
5063,18.7285,0
5064,11.3378,0
5065,16.8796,0
5066,13.1023,0
5067,11.5864,0
5068,15.3906,0
5069,10.7522,0
5070,10.8197,0
5071,14.2150,0
5072,11.1310,0
5073,16.8426,0
5074,20.2975,0
5075,8.8294,0
5076,16.3770,0
5077,12.7444,0
5078,8.0035,0
5079,12.1536,0
5080,11.9836,0
5081,9.6714,0
5082,11.0033,0
5083,12.5260,0
5084,12.0270,0
5085,14.7185,0
5086,15.1410,0
5087,10.0167,0
5088,10.0935,0
5089,12.1853,0
5090,9.2659,0
5091,10.1950,0
5092,10.0777,0
5093,14.9350,0
5094,10.4008,0
5095,15.7485,0
5096,11.4090,0
5097,16.6996,0
5098,11.7929,0
5099,10.4282,0
5100,15.9299,0
5101,13.9027,0
5102,22.0571,0
5103,11.9450,0
5104,15.7554,0
5105,17.6086,0
5106,13.0639,0
5107,11.6875,0
5108,17.2915,0
5109,11.2281,0
5110,16.8610,0
5111,20.1523,0
5112,10.4091,0
5113,8.4641,0
5114,8.9414,0
5115,9.5804,0
5116,12.4111,0
5117,11.5047,0
5118,12.0080,0
5119,12.3789,0
5120,10.3199,0
5121,12.9416,0
5122,14.7648,0
5123,11.0109,0
5124,11.3595,0
5125,12.7614,0
5126,10.4415,0
5127,11.7526,0
5128,25.1694,0
5129,11.9720,0
5130,13.0920,0
5131,16.6705,0
5132,10.4256,0
5133,11.6971,0
5134,10.8840,0
5135,11.0378,0
5136,10.1309,0
5137,13.7651,0
5138,8.3480,0
5139,11.4679,0
5140,16.0542,0
5141,15.0619,0
5142,11.3068,0
5143,12.7356,0
5144,13.2592,0
5145,11.5979,0
5146,13.0489,0
5147,12.7206,0
5148,9.6657,0
5149,8.0557,0
5150,19.2149,0
5151,13.6416,0
5152,11.9469,0
5153,9.2916,0
5154,12.5027,0
5155,12.8696,0
5156,11.6949,0
5157,21.4779,0
5158,25.3158,0
5159,9.5522,0
5160,15.8904,0
5161,14.9930,0
5162,14.8625,0
5163,13.6371,0
5164,15.4696,0
5165,13.1674,0
5166,11.6401,0
5167,16.3903,0
5168,11.5962,0
5169,22.7737,0
5170,12.5816,0
5171,12.3603,0
5172,8.1129,0
5173,9.1586,0
5174,11.5616,0
5175,9.8386,0
5176,11.9212,0
5177,10.5903,0
5178,9.9957,0
5179,9.9671,0
5180,9.9361,0
5181,9.5651,0
5182,10.7117,0
5183,11.8432,0
5184,11.4148,0
5185,13.8056,0
5186,18.1749,0
5187,16.5718,0
5188,11.9421,0
5189,12.3172,0
5190,15.8319,0
5191,9.4662,0
5192,11.3163,0
5193,14.6377,0
5194,10.1972,0
5195,11.3161,0
5196,14.1165,0
5197,15.8479,0
5198,14.5588,0
5199,19.2692,0
5200,10.1357,0
5201,16.3612,0
5202,11.2143,0
5203,15.0652,0
5204,13.8464,0
5205,10.4437,0
5206,14.3905,0
5207,11.1022,0
5208,17.5447,0
5209,10.1807,0
5210,9.7036,0
5211,10.7553,0
5212,12.4395,0
5213,26.3855,0
5214,20.5090,0
5215,10.0956,0
5216,11.2419,0
5217,10.0334,0
5218,13.0091,0
5219,11.7850,0
5220,11.7948,0
5221,14.7085,0
5222,9.3758,0
5223,11.2677,0
5224,8.4927,0
5225,19.2595,0
5226,12.0416,0
5227,13.1702,0
5228,12.3897,0
5229,14.1685,0
5230,10.4473,0
5231,16.2654,0
5232,9.5942,0
5233,10.9243,0
5234,12.6841,0
5235,9.3808,0
5236,17.8223,0
5237,15.0306,0
5238,9.0616,0
5239,11.0595,0
5240,16.5703,0
5241,20.4065,0
5242,21.5254,0
5243,11.2884,0
5244,21.1565,0
5245,13.6952,0
5246,12.4025,0
5247,19.3059,0
5248,14.7576,0
5249,9.9790,0
5250,11.7598,0
5251,10.1488,0
5252,12.3780,0
5253,12.1729,0
5254,10.8590,0
5255,11.3537,0
5256,7.8425,0
5257,8.3258,0
5258,8.0690,0
5259,8.3885,0
5260,8.1441,0
5261,8.3272,0
5262,8.6951,0
5263,7.9317,0
5264,8.5275,0
5265,10.8459,0
5266,11.4160,0
5267,8.9159,0
5268,7.8831,0
5269,11.6301,0
5270,8.9049,0
5271,11.8396,0
5272,10.9079,0
5273,14.4031,0
5274,24.4830,0
5275,12.2173,0
5276,14.1182,0
5277,14.2329,0
5278,23.3021,0
5279,14.6270,0
5280,16.9325,0
5281,13.3293,0
5282,11.1501,0
5283,10.3264,0
5284,14.7500,0
5285,13.7224,0
5286,14.2536,0
5287,17.0250,0
5288,14.9410,0
5289,15.0957,0
5290,8.8017,0
5291,14.6992,0
5292,11.6954,0
5293,14.2603,0
5294,17.2923,0
5295,13.1691,0
5296,15.9135,0
5297,16.6168,0
5298,16.1347,0
5299,11.3621,0
5300,16.9384,0
5301,21.9958,0
5302,16.1154,0
5303,24.4503,0
5304,16.4227,0
5305,10.3483,0
5306,11.5054,0
5307,13.9954,0
5308,10.6349,0
5309,9.9635,0
5310,12.4316,0
5311,10.5152,0
5312,11.0953,0
5313,11.6043,0
5314,12.2788,0
5315,11.8461,0
5316,12.0971,0
5317,10.9208,0
5318,18.8458,0
5319,15.4090,0
5320,14.7555,0
5321,10.6971,0
5322,13.1161,0
5323,13.6657,0
5324,19.4130,0
5325,22.8891,0
5326,15.6450,0
5327,23.7062,0
5328,24.7366,0
5329,19.4428,0
5330,8.6529,0
5331,24.2558,0
5332,15.7261,0
5333,11.4782,0
5334,8.3690,0
5335,16.4890,0
5336,12.9311,0
5337,14.0021,0
5338,11.4884,0
5339,9.3179,0
5340,15.7235,0
5341,12.8720,0
5342,11.6062,0
5343,9.0108,0
5344,7.1003,0
5345,7.9424,0
5346,11.2062,0
5347,9.3577,0
5348,10.9513,0
5349,13.8166,0
5350,12.3322,0
5351,18.5456,0
5352,15.1763,0
5353,14.3359,0
5354,13.4203,0
5355,22.2142,0
5356,12.9030,0
5357,16.4571,0
5358,12.4617,0
5359,15.2946,0
5360,12.0358,0
5361,13.0384,0
5362,13.2561,0
5363,13.3710,0
5364,14.7855,0
5365,25.1470,0
5366,11.4722,0
5367,16.0398,0
5368,12.8586,0
5369,13.2763,0
5370,15.8274,0
5371,12.9313,0
5372,14.7822,0
5373,11.2276,0
5374,11.2345,0
5375,11.2741,0
5376,14.0889,0
5377,13.1023,0
5378,13.7544,0
5379,15.3279,0
5380,12.8613,0
5381,10.2074,0
5382,9.5103,0
5383,27.2977,0
5384,13.0286,0
5385,17.0844,0
5386,10.3884,0
5387,15.0404,0
5388,20.2982,0
5389,10.5901,0
5390,12.1377,0
5391,10.5467,0
5392,8.2247,0
5393,11.8370,0
5394,10.2201,0
5395,18.3079,0
5396,11.6911,0
5397,12.9528,0
5398,11.8494,0
5399,15.4550,0
5400,13.8388,0
5401,10.4241,0
5402,13.7384,0
5403,11.2343,0
5404,10.1187,0
5405,12.0490,0
5406,22.7594,0
5407,17.3347,0
5408,14.5106,0
5409,15.2593,0
5410,15.7650,0
5411,16.9241,0
5412,8.0171,0
5413,13.3846,0
5414,8.6336,0
5415,12.4903,0
5416,11.9438,0
5417,7.9648,0
5418,9.2664,0
5419,12.5778,0
5420,10.1743,0
5421,12.3487,0
5422,12.3944,0
5423,8.2259,0
5424,14.2541,0
5425,9.5932,0
5426,9.0137,0
5427,10.2019,0
5428,10.3090,0
5429,10.0143,0
5430,7.5018,0
5431,9.3985,0
5432,15.6698,0
5433,14.8535,0
5434,18.3465,0
5435,19.5682,0
5436,17.1905,0
5437,10.8738,0
5438,15.9543,0
5439,17.5226,0
5440,14.2334,0
5441,16.1097,0
5442,9.9082,0
5443,10.3457,0
5444,10.5083,0
5445,15.2357,0
5446,12.3160,0
5447,10.6115,0
5448,16.2988,0
5449,12.2221,0
5450,13.3085,0
5451,11.5020,0
5452,11.6806,0
5453,13.9041,0
5454,11.9762,0
5455,10.8092,0
5456,13.9897,0
5457,12.4118,0
5458,11.0624,0
5459,14.8029,0
5460,12.5909,0
5461,24.5371,0
5462,8.1716,0
5463,6.9993,0
5464,8.9638,0
5465,8.6453,0
5466,17.0777,0
5467,16.8083,0
5468,16.5617,0
5469,18.3413,0
5470,18.3625,0
5471,12.9468,0
5472,14.6163,0
5473,12.0611,0
5474,8.3680,0
5475,10.7200,0
5476,11.6839,0
5477,15.0046,0
5478,17.5834,0
5479,12.7666,0
5480,11.5097,0
5481,17.8432,0
5482,15.9392,0
5483,12.0769,0
5484,14.0271,0
5485,12.3942,0
5486,14.1668,0
5487,12.3837,0
5488,13.9034,0
5489,16.6268,0
5490,11.9405,0
5491,11.8935,0
5492,11.7466,0
5493,18.3105,0
5494,12.1169,0
5495,12.5999,0
5496,11.0216,0
5497,9.9859,0
5498,18.6367,0
5499,12.6326,0
5500,11.5905,0
5501,13.7780,0
5502,13.8624,0
5503,13.8092,0
5504,12.5175,0
5505,15.6953,0
5506,12.8562,0
5507,11.8923,0
5508,11.1830,0
5509,12.8407,0
5510,11.1926,0
5511,13.0992,0
5512,16.1452,0
5513,14.7467,0
5514,12.6536,0
5515,11.3053,0
5516,22.1710,0
5517,13.6569,0
5518,13.6561,0
5519,12.8605,0
5520,15.5602,0
5521,11.6882,0
5522,16.3105,0
5523,10.1495,0
5524,14.2896,0
5525,13.4835,0
5526,8.1482,0
5527,13.3991,0
5528,11.8084,0
5529,15.0414,0
5530,13.0694,0
5531,14.0989,0
5532,12.8386,0
5533,13.6626,0
5534,9.2847,0
5535,9.3458,0
5536,11.7905,0
5537,14.6177,0
5538,11.0407,0
5539,9.7485,0
5540,15.0974,0
5541,12.1975,0
5542,11.4839,0
5543,10.7167,0
5544,11.5640,0
5545,13.0887,0
5546,23.8211,0
5547,19.5019,0
5548,12.9063,0
5549,13.0181,0
5550,17.8175,0
5551,14.5435,0
5552,14.1420,0
5553,12.4521,0
5554,13.0050,0
5555,11.7502,0
5556,15.0511,0
5557,12.7099,0
5558,13.0353,0
5559,18.7719,0
5560,13.5121,0
5561,11.4036,0
5562,8.6336,0
5563,14.1222,0
5564,8.2819,0
5565,10.6745,0
5566,9.1412,0
5567,13.0875,0
5568,12.1002,0
5569,14.6244,0
5570,18.2450,0
5571,15.1443,0
5572,15.6136,0
5573,20.5331,0
5574,22.4411,0
5575,19.3243,0
5576,12.5558,0
5577,9.2428,0
5578,9.2413,0
5579,12.5365,0
5580,13.0305,0
5581,13.0086,0
5582,10.8001,0
5583,10.7098,0
5584,10.5104,0
5585,13.4995,0
5586,12.3508,0
5587,10.7727,0
5588,9.7558,0
5589,11.1473,0
5590,12.7974,0
5591,14.7173,0
5592,11.5025,0
5593,15.3244,0
5594,11.7755,0
5595,10.0193,0
5596,7.0288,0
5597,11.9283,0
5598,8.2393,0
5599,21.1599,0
5600,12.9819,0
5601,13.1302,0
5602,26.2957,0
5603,10.4887,0
5604,12.5251,0
5605,10.8798,0
5606,12.3346,0
5607,11.3919,0
5608,9.6412,0
5609,11.1666,0
5610,10.8738,0
5611,12.2190,0
5612,9.3029,0
5613,12.4965,0
5614,16.8719,0
5615,11.1179,0
5616,10.7260,0
5617,9.9661,0
5618,9.2010,0
5619,10.6072,0
5620,8.5528,0
5621,10.1073,0
5622,14.0629,0
5623,12.0573,0
5624,9.6078,0
5625,10.6258,0
5626,11.3523,0
5627,14.4799,0
5628,8.3323,0
5629,9.8393,0
5630,15.0628,0
5631,17.8862,0
5632,22.7671,0
5633,9.0146,0
5634,10.8190,0
5635,17.0200,0
5636,11.5480,0
5637,15.1255,0
5638,11.1835,0
5639,11.1196,0
5640,15.1324,0
5641,11.1158,0
5642,15.2142,0
5643,12.2485,0
5644,8.9262,0
5645,9.2163,0
5646,12.5313,0
5647,12.3162,0
5648,12.6512,0
5649,11.6103,0
5650,16.5691,0
5651,9.5983,0
5652,14.4854,0
5653,10.7329,0
5654,11.2247,0
5655,11.3184,0
5656,13.9995,0
5657,15.2905,0
5658,19.1426,0
5659,13.0732,0
5660,13.1783,0
5661,11.2178,0
5662,21.6346,0
5663,19.4232,0
5664,15.6512,0
5665,14.4460,0
5666,11.0433,0
5667,12.5468,0
5668,12.9886,0
5669,11.0743,0
5670,13.5431,0
5671,13.0813,0
5672,14.7696,0
5673,11.6603,0
5674,11.0238,0
5675,8.7953,0
5676,11.2164,0
5677,17.0915,0
5678,13.7937,0
5679,13.6971,0
5680,13.6256,0
5681,11.1728,0
5682,18.7528,0
5683,10.9589,0
5684,10.5019,0
5685,10.7110,0
5686,10.4761,0
5687,21.2872,0
5688,12.2476,0
5689,10.6297,0
5690,26.6306,0
5691,15.7006,0
5692,18.6927,0
5693,10.0694,0
5694,16.3472,0
5695,18.1069,0
5696,9.1739,0
5697,16.6659,0
5698,14.5280,0
5699,8.8968,0
5700,9.4204,0
5701,13.4816,0
5702,11.1690,0
5703,11.1670,0
5704,13.3934,0
5705,18.8427,0
5706,10.9382,0
5707,11.6417,0
5708,11.8105,0
5709,18.1298,0
5710,16.2361,0
5711,12.2569,0
5712,12.9161,0
5713,15.8033,0
5714,22.9716,0
5715,14.7364,0
5716,16.7568,0
5717,20.3304,0
5718,18.1394,0
5719,15.2166,0
5720,18.1558,0
5721,15.7156,0
5722,13.8402,0
5723,13.5241,0
5724,12.1725,0
5725,21.0941,0
5726,16.8736,0
5727,16.0301,0
5728,12.9559,0
5729,15.1277,0
5730,12.6407,0
5731,12.3272,0
5732,13.4387,0
5733,18.6000,0
5734,9.8138,0
5735,12.7971,0
5736,14.3969,0
5737,13.8280,0
5738,23.2749,0
5739,9.9781,0
5740,15.3863,0
5741,23.1800,0
5742,12.6505,0
5743,14.6582,0
5744,18.5559,0
5745,9.3856,0
5746,9.9001,0
5747,9.2483,0
5748,14.5617,0
5749,11.3425,0
5750,14.0102,0
5751,16.5827,0
5752,15.0480,0
5753,27.0472,0
5754,13.5450,0
5755,8.1656,0
5756,8.2548,0
5757,10.3512,0
5758,11.3757,0
5759,12.8524,0
5760,11.7967,0
5761,9.1062,0
5762,11.9009,0
5763,11.1821,0
5764,11.0304,0
5765,11.4114,0
5766,29.1686,0
5767,15.8830,0
5768,14.0364,0
5769,15.5571,0
5770,10.1457,0
5771,10.9494,0
5772,10.7267,0
5773,13.4330,0
5774,14.5824,0
5775,13.6862,0
5776,15.5823,0
5777,13.5133,0
5778,8.7171,0
5779,11.7347,0
5780,15.0473,0
5781,18.2233,0
5782,12.9178,0
5783,16.0229,0
5784,14.3442,0
5785,17.4716,0
5786,15.2431,0
5787,14.2400,0
5788,11.2431,0
5789,13.9167,0
5790,21.5833,0
5791,18.2893,0
5792,18.2772,0
5793,13.1073,0
5794,11.2813,0
5795,29.7334,0
5796,9.4764,0
5797,14.7545,0
5798,9.9802,0
5799,13.4554,0
5800,15.0235,0
5801,16.9752,0
5802,15.0623,0
5803,15.4405,0
5804,13.7475,0
5805,16.8800,0
5806,11.5879,0
5807,11.3378,0
5808,11.6045,0
5809,15.8222,0
5810,10.9587,0
5811,12.7439,0
5812,9.5632,0
5813,8.2684,0
5814,10.7417,0
5815,8.9211,0
5816,14.0963,0
5817,12.6007,0
5818,17.8616,0
5819,18.3072,0
5820,9.1662,0
5821,13.3774,0
5822,17.2858,0
5823,11.3316,0
5824,9.7034,0
5825,11.8904,0
5826,11.2157,0
5827,10.5002,0
5828,11.8580,0
5829,12.2976,0
5830,11.7943,0
5831,13.6609,0
5832,10.3774,0
5833,12.5523,0
5834,10.9215,0
5835,15.0337,0
5836,9.6242,0
5837,9.2924,0
5838,20.8337,0
5839,13.0367,0
5840,14.8866,0
5841,18.8630,0
5842,13.5994,0
5843,9.0830,0
5844,19.8717,0
5845,22.9211,0
5846,13.2065,0
5847,17.0155,0
5848,16.1684,0
5849,10.0775,0
5850,24.5230,0
5851,15.7042,0
5852,16.7141,0
5853,16.3214,0
5854,8.8336,0
5855,10.8027,0
5856,8.4078,0
5857,10.4434,0
5858,10.8690,0
5859,10.4012,0
5860,12.2750,0
5861,13.8259,0
5862,16.4127,0
5863,11.8201,0
5864,13.9928,0
5865,11.7197,0
5866,14.1113,0
5867,9.2521,0
5868,12.1694,0
5869,13.5643,0
5870,11.0776,0
5871,15.9218,0
5872,19.1469,0
5873,16.6631,0
5874,21.1580,0
5875,11.7178,0
5876,10.2246,0
5877,11.5314,0
5878,14.7798,0
5879,8.6296,0
5880,13.0272,0
5881,12.0485,0
5882,16.2275,0
5883,10.6335,0
5884,14.9298,0
5885,10.7026,0
5886,14.4110,0
5887,15.6271,0
5888,12.0323,0
5889,11.1542,0
5890,15.2559,0
5891,11.4720,0
5892,14.0316,0
5893,9.8889,0
5894,14.0224,0
5895,12.0103,0
5896,13.5143,0
5897,17.0035,0
5898,13.6189,0
5899,14.4138,0
5900,19.5603,0
5901,14.5025,0
5902,25.1930,0
5903,9.0275,0
5904,9.2850,0
5905,17.1857,0
5906,13.5517,0
5907,10.4973,0
5908,13.3686,0
5909,11.4255,0
5910,9.9595,0
5911,8.9788,0
5912,9.5189,0
5913,10.2112,0
5914,15.6224,0
5915,12.6994,0
5916,17.1704,0
5917,19.5394,0
5918,18.1348,0
5919,11.5004,0
5920,81.2452,0
5921,7.8533,0
5922,13.7770,0
5923,17.3190,0
5924,18.4555,0
5925,15.7008,0
5926,8.5771,0
5927,9.2485,0
5928,19.9785,0
5929,20.2045,0
5930,14.0712,0
5931,16.7058,0
5932,15.0650,0
5933,17.3182,0
5934,11.8678,0
5935,20.2851,0
5936,16.0503,0
5937,11.9562,0
5938,9.8963,0
5939,10.2310,0
5940,10.5608,0
5941,11.1930,0
5942,10.2985,0
5943,14.1273,0
5944,12.6355,0
5945,10.7040,0
5946,11.0762,0
5947,12.7552,0
5948,16.0267,0
5949,25.5084,0
5950,13.7012,0
5951,13.7596,0
5952,12.2736,0
5953,22.4397,0
5954,18.5611,0
5955,9.4218,0
5956,11.7741,0
5957,10.5889,0
5958,11.1203,0
5959,11.5619,0
5960,11.8191,0
5961,15.0552,0
5962,11.0216,0
5963,15.0216,0
5964,11.4858,0
5965,11.2059,0
5966,11.3935,0
5967,16.8676,0
5968,12.4316,0
5969,11.5402,0
5970,12.4094,0
5971,16.1731,0
5972,12.4404,0
5973,10.5848,0
5974,14.8451,0
5975,12.2859,0
5976,11.1091,0
5977,23.7958,0
5978,18.7848,0
5979,20.2780,0
5980,17.4644,0
5981,16.3410,0
5982,10.9046,0
5983,9.8979,0
5984,9.9561,0
5985,8.7507,0
5986,10.9437,0
5987,8.1229,0
5988,10.8244,0
5989,20.4673,0
5990,15.6698,0
5991,11.2786,0
5992,13.8049,0
5993,12.3422,0
5994,14.6804,0
5995,8.2421,0
5996,7.3409,0
5997,11.9576,0
5998,12.2764,0
5999,15.9781,0
6000,14.6794,0
6001,12.2550,0
6002,9.2297,0
6003,17.9739,0
6004,20.3640,0
6005,16.0069,0
6006,17.6699,0
6007,22.0838,0
6008,15.6798,0
6009,20.3285,0
6010,15.0502,0
6011,11.3091,0
6012,9.7106,0
6013,14.3204,0
6014,14.2784,0
6015,12.2237,0
6016,22.9867,0
6017,10.4821,0
6018,9.4082,0
6019,16.9528,0
6020,14.7779,0
6021,19.1195,0
6022,9.1894,0
6023,9.5696,0
6024,7.1855,0
6025,10.4482,0
6026,18.3322,0
6027,10.5493,0
6028,8.9033,0
6029,10.7605,0
6030,11.2493,0
6031,12.6953,0
6032,22.7935,0
6033,17.4701,0
6034,16.4247,0
6035,25.6093,0
6036,19.7415,0
6037,13.9413,0
6038,15.4521,0
6039,15.3811,0
6040,10.2825,0
6041,11.6763,0
6042,10.0369,0
6043,10.6075,0
6044,12.2440,0
6045,11.7972,0
6046,13.0744,0
6047,13.6487,0
6048,15.8379,0
6049,14.2028,0
6050,10.2236,0
6051,11.6687,0
6052,12.7752,0
6053,12.3415,0
6054,13.1273,0
6055,16.6621,0
6056,12.9681,0
6057,14.1401,0
6058,11.5550,0
6059,11.3187,0
6060,16.5572,0
6061,16.6934,0
6062,15.9838,0
6063,12.3181,0
6064,14.8680,0
6065,16.2880,0
6066,16.0246,0
6067,16.5200,0
6068,9.7544,0
6069,9.6672,0
6070,11.6138,0
6071,12.0597,0
6072,13.8023,0
6073,12.1148,0
6074,12.6626,0
6075,16.7167,0
6076,9.2986,0
6077,8.6904,0
6078,11.2894,0
6079,10.3731,0
6080,9.3913,0
6081,9.7353,0
6082,9.0892,0
6083,7.8433,0
6084,9.3970,0
6085,8.6565,0
6086,11.8628,0
6087,10.8497,0
6088,13.4866,0
6089,9.6214,0
6090,13.8817,0
6091,19.0690,0
6092,18.6384,0
6093,14.6227,0
6094,18.8198,0
6095,10.0391,0
6096,11.8318,0
6097,10.2601,0
6098,10.9701,0
6099,16.8657,0
6100,12.6402,0
6101,10.1128,0
6102,12.5320,0
6103,13.3004,0
6104,15.8839,0
6105,11.8771,0
6106,14.3793,0
6107,13.2844,0
6108,12.5451,0
6109,12.8112,0
6110,8.8618,0
6111,8.8546,0
6112,15.0962,0
6113,11.9960,0
6114,16.8109,0
6115,17.0352,0
6116,14.4539,0
6117,17.8177,0
6118,14.5867,0
6119,18.8124,0
6120,10.9124,0
6121,22.5134,0
6122,13.0665,0
6123,11.3916,0
6124,14.3468,0
6125,11.0590,0
6126,17.6818,0
6127,15.8832,0
6128,11.5619,0
6129,7.9744,0
6130,15.4159,0
6131,17.3914,0
6132,11.7929,0
6133,13.2728,0
6134,13.2453,0
6135,13.8829,0
6136,15.5940,0
6137,16.0334,0
6138,12.0616,0
6139,16.1493,0
6140,12.3863,0
6141,24.1292,0
6142,20.9494,0
6143,15.1472,0
6144,11.9536,0
6145,11.9109,0
6146,13.7620,0
6147,11.0981,0
6148,12.7609,0
6149,13.1218,0
6150,11.8687,0
6151,20.1035,0
6152,12.0645,0
6153,8.8069,0
6154,10.1445,0
6155,11.8034,0
6156,16.8750,0
6157,11.4586,0
6158,11.2772,0
6159,11.6570,0
6160,12.9590,0
6161,10.3741,0
6162,9.4254,0
6163,10.9804,0
6164,11.6372,0
6165,11.2815,0
6166,14.0693,0
6167,17.6928,0
6168,18.5983,0
6169,25.5599,0
6170,17.7367,0
6171,16.2961,0
6172,18.6341,0
6173,17.8461,0
6174,11.0970,0
6175,13.1767,0
6176,12.0919,0
6177,16.2957,0
6178,13.0122,0
6179,11.3151,0
6180,11.1754,0
6181,12.0184,0
6182,11.8799,0
6183,10.4990,0
6184,10.9684,0
6185,12.8522,0
6186,10.2282,0
6187,9.4924,0
6188,9.7053,0
6189,12.3930,0
6190,8.4343,0
6191,11.3118,0
6192,9.6335,0
6193,12.7950,0
6194,16.9902,0
6195,16.9308,0
6196,14.7858,0
6197,15.4142,0
6198,21.1155,0
6199,13.0074,0
6200,18.8167,0
6201,10.8857,0
6202,11.1616,0
6203,13.8443,0
6204,11.1763,0
6205,11.6322,0
6206,13.0525,0
6207,13.2809,0
6208,20.1712,0
6209,17.0672,0
6210,11.9944,0
6211,12.0599,0
6212,11.0710,0
6213,10.7355,0
6214,10.4027,0
6215,9.9390,0
6216,12.2008,0
6217,13.6995,0
6218,12.5556,0
6219,10.3552,0
6220,13.8826,0
6221,10.6165,0
6222,23.6838,0
6223,8.9827,0
6224,24.5509,0
6225,14.2703,0
6226,13.9782,0
6227,15.9643,0
6228,13.0513,0
6229,14.1194,0
6230,10.0839,0
6231,10.7071,0
6232,16.5162,0
6233,11.5216,0
6234,8.0791,0
6235,9.9425,0
6236,11.0335,0
6237,17.9887,0
6238,11.9874,0
6239,15.2888,0
6240,14.3507,0
6241,11.6298,0
6242,9.9945,0
6243,11.8632,0
6244,13.1049,0
6245,10.4797,0
6246,9.9010,0
6247,10.4661,0
6248,12.2511,0
6249,22.5255,0
6250,8.1885,0
6251,16.3734,0
6252,17.1995,0
6253,7.6127,0
6254,10.6137,0
6255,11.4229,0
6256,11.2591,0
6257,11.2755,0
6258,8.2505,0
6259,8.9521,0
6260,9.8865,0
6261,16.0792,0
6262,10.9949,0
6263,13.0808,0
6264,8.5454,0
6265,10.8202,0
6266,10.6313,0
6267,12.1472,0
6268,11.6038,0
6269,10.8256,0
6270,14.4286,0
6271,16.5420,0
6272,11.0760,0
6273,16.1397,0
6274,11.1458,0
6275,13.1397,0
6276,17.4859,0
6277,23.1459,0
6278,29.6242,0
6279,16.0539,0
6280,12.2468,0
6281,16.2063,0
6282,19.9018,0
6283,15.2724,0
6284,11.0195,0
6285,14.3657,0
6286,14.9374,0
6287,10.9050,0
6288,11.2939,0
6289,12.5136,0
6290,14.3571,0
6291,12.4211,0
6292,11.6904,0
6293,14.4827,0
6294,14.8120,0
6295,16.4223,0
6296,12.7118,0
6297,8.6174,0
6298,13.4671,0
6299,15.0843,0
6300,12.5432,0
6301,11.9317,0
6302,19.1031,0
6303,23.6523,0
6304,15.1930,0
6305,12.2519,0
6306,17.2765,0
6307,14.3442,0
6308,13.5059,0
6309,11.3394,0
6310,11.3733,0
6311,12.3281,0
6312,14.5562,0
6313,17.4208,0
6314,8.3785,0
6315,12.2294,0
6316,10.3977,0
6317,11.9612,0
6318,13.8748,0
6319,11.6560,0
6320,10.8929,0
6321,11.3518,0
6322,11.0195,0
6323,14.8423,0
6324,11.3220,0
6325,13.8383,0
6326,10.6215,0
6327,9.6076,0
6328,11.8394,0
6329,18.8069,0
6330,21.8465,0
6331,22.7184,0
6332,19.5360,0
6333,13.3624,0
6334,17.1585,0
6335,104.9557,0
6336,9.6898,0
6337,9.2773,0
6338,14.2627,0
6339,14.6182,0
6340,18.4832,0
6341,19.6216,0
6342,17.5252,0
6343,14.4069,0
6344,13.7422,0
6345,13.0155,0
6346,11.6804,0
6347,14.7369,0
6348,11.5318,0
6349,14.5538,0
6350,21.8771,0
6351,20.2386,0
6352,11.3032,0
6353,14.2062,0
6354,11.6181,0
6355,8.5652,0
6356,8.4844,0
6357,9.3369,0
6358,8.9226,0
6359,9.4986,0
6360,11.2977,0
6361,11.8132,0
6362,11.7908,0
6363,11.6081,0
6364,14.4176,0
6365,12.1596,0
6366,11.7199,0
6367,12.6569,0
6368,11.8098,0
6369,12.0606,0
6370,11.1487,0
6371,11.0009,0
6372,13.6778,0
6373,15.9540,0
6374,9.5918,0
6375,10.8044,0
6376,12.6822,0
6377,13.4490,0
6378,21.7245,0
6379,19.5954,0
6380,15.4529,0
6381,14.0328,0
6382,12.5954,0
6383,12.4393,0
6384,11.4267,0
6385,12.4764,0
6386,11.5018,0
6387,14.9307,0
6388,11.4217,0
6389,13.3433,0
6390,15.1949,0
6391,13.7417,0
6392,12.4397,0
6393,12.2752,0
6394,11.6472,0
6395,12.1195,0
6396,12.7468,0
6397,15.3141,0
6398,12.8422,0
6399,20.1197,0
6400,11.9524,0
6401,13.4602,0
6402,8.9405,0
6403,15.6531,0
6404,14.1926,0
6405,11.2479,0
6406,23.9689,0
6407,19.3913,0
6408,13.6077,0
6409,13.6557,0
6410,9.7678,0
6411,12.3754,0
6412,11.0757,0
6413,14.6384,0
6414,9.6271,0
6415,18.2538,0
6416,11.0409,0
6417,12.5771,0
6418,11.3294,0
6419,14.9183,0
6420,15.9900,0
6421,18.4798,0
6422,10.9107,0
6423,15.5048,0
6424,13.2487,0
6425,9.4554,0
6426,13.8655,0
6427,14.0243,0
6428,10.9847,0
6429,16.8946,0
6430,8.0395,0
6431,19.4190,0
6432,13.0417,0
6433,25.8791,0
6434,18.4581,0
6435,17.4518,0
6436,15.8141,0
6437,14.8721,0
6438,13.3762,0
6439,10.6528,0
6440,14.6751,0
6441,12.9712,0
6442,20.4806,0
6443,11.0221,0
6444,18.2958,0
6445,15.7979,0
6446,15.5206,0
6447,19.1102,0
6448,11.7841,0
6449,15.7573,0
6450,12.1198,0
6451,11.0743,0
6452,12.9251,0
6453,10.3495,0
6454,13.3545,0
6455,13.6857,0
6456,12.5678,0
6457,11.0497,0
6458,11.3103,0
6459,15.7559,0
6460,14.0367,0
6461,17.9598,0
6462,22.5017,0
6463,11.6498,0
6464,13.4251,0
6465,17.4766,0
6466,14.0183,0
6467,21.6517,0
6468,10.8650,0
6469,8.9252,0
6470,10.6680,0
6471,8.8046,0
6472,11.1344,0
6473,9.4683,0
6474,13.7522,0
6475,11.8122,0
6476,11.5237,0
6477,16.1109,0
6478,9.4762,0
6479,8.0931,0
6480,11.2236,0
6481,11.0469,0
6482,11.7157,0
6483,11.5101,0
6484,9.3496,0
6485,10.6869,0
6486,15.8939,0
6487,15.3003,0
6488,15.8312,0
6489,14.1506,0
6490,10.1931,0
6491,14.8358,0
6492,8.5816,0
6493,11.0970,0
6494,10.7100,0
6495,10.7753,0
6496,14.4415,0
6497,14.3914,0
6498,10.6499,0
6499,13.1025,0
6500,12.6369,0
6501,12.8314,0
6502,18.2085,0
6503,16.6478,0
6504,10.3791,0
6505,9.2652,0
6506,14.5316,0
6507,10.4644,0
6508,13.8726,0
6509,12.3179,0
6510,9.9914,0
6511,9.8858,0
6512,11.4205,0
6513,18.2929,0
6514,20.7565,0
6515,25.9223,0
6516,21.4455,0
6517,9.7420,0
6518,13.0172,0
6519,14.6205,0
6520,12.3224,0
6521,13.3021,0
6522,15.3790,0
6523,10.4451,0
6524,10.0734,0
6525,17.5443,0
6526,12.1291,0
6527,13.4614,0
6528,11.9941,0
6529,11.5747,0
6530,11.9646,0
6531,10.1609,0
6532,15.3100,0
6533,8.9633,0
6534,11.9812,0
6535,14.7529,0
6536,16.2516,0
6537,16.1316,0
6538,13.9487,0
6539,15.1439,0
6540,12.0630,0
6541,23.4923,0
6542,22.3384,0
6543,17.2145,0
6544,13.0658,0
6545,16.1014,0
6546,16.0902,0
6547,11.7457,0
6548,13.5007,0
6549,15.2037,0
6550,11.5559,0
6551,10.5395,0
6552,10.4187,0
6553,13.2422,0
6554,12.6100,0
6555,15.7676,0
6556,9.4573,0
6557,12.3544,0
6558,10.1168,0
6559,11.4760,0
6560,9.0253,0
6561,13.4268,0
6562,14.5845,0
6563,18.2433,0
6564,19.4578,0
6565,11.6384,0
6566,12.7914,0
6567,10.9451,0
6568,12.7985,0
6569,12.0568,0
6570,27.3068,0
6571,15.6441,0
6572,11.3575,0
6573,15.3348,0
6574,15.4901,0
6575,18.6257,0
6576,11.3814,0
6577,13.9699,0
6578,16.0124,0
6579,12.9652,0
6580,19.5227,0
6581,14.0915,0
6582,23.6158,0
6583,6.8729,0
6584,11.0724,0
6585,12.6755,0
6586,12.5456,0
6587,8.7252,0
6588,11.2538,0
6589,16.0079,0
6590,14.9317,0
6591,12.9206,0
6592,10.1867,0
6593,28.7757,0
6594,14.9374,0
6595,22.0749,0
6596,9.6138,0
6597,15.1114,0
6598,12.6841,0
6599,8.9722,0
6600,14.5302,0
6601,14.3733,0
6602,14.8399,0
6603,9.7649,0
6604,15.8360,0
6605,11.5664,0
6606,13.4537,0
6607,16.0921,0
6608,12.6972,0
6609,11.3280,0
6610,9.6722,0
6611,18.4011,0
6612,15.5056,0
6613,17.1502,0
6614,9.6970,0
6615,14.4832,0
6616,15.2259,0
6617,10.4656,0
6618,10.7374,0
6619,15.7528,0
6620,15.8474,0
6621,11.5280,0
6622,22.3074,0
6623,18.3146,0
6624,20.8590,0
6625,13.5820,0
6626,19.1710,0
6627,9.5804,0
6628,13.3283,0
6629,9.8848,0
6630,9.6569,0
6631,12.1908,0
6632,10.3078,0
6633,11.6196,0
6634,12.6600,0
6635,12.4209,0
6636,12.4216,0
6637,13.3545,0
6638,13.6089,0
6639,13.0763,0
6640,12.6622,0
6641,13.2508,0
6642,12.5375,0
6643,8.3129,0
6644,16.9570,0
6645,15.5952,0
6646,12.8067,0
6647,14.2450,0
6648,17.1800,0
6649,28.4574,0
6650,15.0905,0
6651,11.8504,0
6652,13.9368,0
6653,21.9219,0
6654,13.5684,0
6655,7.4153,0
6656,7.5228,0
6657,8.5697,0
6658,11.4174,0
6659,14.0820,0
6660,10.2706,0
6661,20.7407,0
6662,24.1110,0
6663,15.8398,0
6664,12.3007,0
6665,15.3060,0
6666,12.6672,0
6667,9.2773,0
6668,8.6083,0
6669,13.1226,0
6670,16.2020,0
6671,10.2241,0
6672,15.8050,0
6673,15.6708,0
6674,21.9824,0
6675,17.0934,0
6676,8.9707,0
6677,13.2966,0
6678,12.8956,0
6679,14.6768,0
6680,11.0805,0
6681,11.3246,0
6682,10.1418,0
6683,9.9113,0
6684,10.1066,0
6685,9.7718,0
6686,15.8143,0
6687,9.3710,0
6688,9.0966,0
6689,11.0922,0
6690,10.9708,0
6691,14.7974,0
6692,12.0835,0
6693,10.5698,0
6694,14.2739,0
6695,15.1665,0
6696,10.4897,0
6697,12.8894,0
6698,12.0125,0
6699,10.8120,0
6700,14.3001,0
6701,34.6367,0
6702,14.6475,0
6703,12.9733,0
6704,13.1371,0
6705,16.2506,0
6706,11.6901,0
6707,13.3100,0
6708,8.2707,0
6709,14.5128,0
6710,11.2102,0
6711,13.6151,0
6712,12.7041,0
6713,12.3260,0
6714,11.7073,0
6715,10.9217,0
6716,11.5666,0
6717,11.1291,0
6718,16.6605,0
6719,15.2965,0
6720,14.8189,0
6721,12.2283,0
6722,14.0212,0
6723,10.8345,0
6724,10.8728,0
6725,12.1019,0
6726,12.4059,0
6727,27.4708,0
6728,21.9069,0
6729,18.0972,0
6730,11.0822,0
6731,16.3038,0
6732,23.7553,0
6733,16.5572,0
6734,10.7241,0
6735,13.9651,0
6736,13.9909,0
6737,16.3596,0
6738,13.8674,0
6739,11.4694,0
6740,12.2542,0
6741,8.5495,0
6742,14.2825,0
6743,18.8930,0
6744,14.5221,0
6745,12.6698,0
6746,11.9667,0
6747,13.9287,0
6748,9.5272,0
6749,9.1670,0
6750,14.3201,0
6751,9.7709,0
6752,14.4618,0
6753,11.1377,0
6754,27.7064,0
6755,14.1177,0
6756,17.8483,0
6757,22.3093,0
6758,9.9387,0
6759,10.5896,0
6760,14.0946,0
6761,12.3730,0
6762,8.3899,0
6763,9.9907,0
6764,8.3761,0
6765,11.0736,0
6766,11.8504,0
6767,12.7864,0
6768,15.8644,0
6769,9.7063,0
6770,19.5549,0
6771,9.1403,0
6772,16.7727,0
6773,14.8842,0
6774,11.5321,0
6775,13.2763,0
6776,10.1821,0
6777,10.6478,0
6778,10.6277,0
6779,16.9570,0
6780,11.2774,0
6781,34.2426,0
6782,13.9732,0
6783,16.3956,0
6784,11.6830,0
6785,8.3473,0
6786,11.0209,0
6787,13.7730,0
6788,11.4639,0
6789,9.5515,0
6790,16.1891,0
6791,10.4587,0
6792,10.3743,0
6793,9.8376,0
6794,14.5314,0
6795,12.3265,0
6796,13.7107,0
6797,16.3627,0
6798,11.6694,0
6799,10.7162,0
6800,10.9763,0
6801,10.2985,0
6802,10.4008,0
6803,13.5243,0
6804,11.9915,0
6805,11.4343,0
6806,11.0772,0
6807,10.9868,0
6808,16.8324,0
6809,17.7782,0
6810,22.0308,0
6811,14.8187,0
6812,18.7733,0
6813,15.8930,0
6814,12.4633,0
6815,13.5021,0
6816,17.8339,0
6817,9.0222,0
6818,15.1241,0
6819,11.0059,0
6820,10.9947,0
6821,11.9872,0
6822,11.9586,0
6823,10.6883,0
6824,12.3122,0
6825,11.2002,0
6826,11.1482,0
6827,12.6946,0
6828,22.9266,0
6829,17.6089,0
6830,13.1741,0
6831,15.4970,0
6832,16.8169,0
6833,15.6083,0
6834,26.2475,0
6835,12.9969,0
6836,13.8602,0
6837,11.3370,0
6838,14.3316,0
6839,17.7784,0
6840,13.0081,0
6841,8.6060,0
6842,12.5227,0
6843,15.7433,0
6844,10.8798,0
6845,10.1705,0
6846,16.4671,0
6847,12.7201,0
6848,11.7776,0
6849,14.9069,0
6850,10.6144,0
6851,14.0483,0
6852,9.1879,0
6853,13.9155,0
6854,6.6152,0
6855,12.4297,0
6856,12.2235,0
6857,18.7948,0
6858,19.3255,0
6859,24.5619,0
6860,10.6781,0
6861,17.0631,0
6862,17.9827,0
6863,9.7671,0
6864,11.3165,0
6865,18.3008,0
6866,19.0172,0
6867,11.8935,0
6868,13.4926,0
6869,12.8937,0
6870,12.0819,0
6871,12.6927,0
6872,10.9174,0
6873,13.3343,0
6874,10.2167,0
6875,13.2456,0
6876,15.5032,0
6877,19.1300,0
6878,14.9424,0
6879,10.6480,0
6880,11.3056,0
6881,21.2693,0
6882,10.1519,0
6883,18.4491,0
6884,15.0263,0
6885,21.1983,0
6886,11.8892,0
6887,26.5260,0
6888,14.0672,0
6889,28.1434,0
6890,17.8399,0
6891,13.7711,0
6892,15.0275,0
6893,12.7394,0
6894,15.8968,0
6895,20.9794,0
6896,16.2423,0
6897,12.9945,0
6898,13.7656,0
6899,12.5310,0
6900,6.9010,0
6901,9.9645,0
6902,9.7220,0
6903,10.0830,0
6904,7.3240,0
6905,9.1782,0
6906,10.1225,0
6907,18.3945,0
6908,15.5125,0
6909,14.4014,0
6910,13.3157,0
6911,16.7613,0
6912,17.9353,0
6913,14.2379,0
6914,11.2922,0
6915,13.6063,0
6916,15.4107,0
6917,15.8749,0
6918,8.6687,0
6919,10.0889,0
6920,11.7311,0
6921,16.3560,0
6922,15.1212,0
6923,16.7611,0
6924,11.3454,0
6925,18.3756,0
6926,12.8415,0
6927,16.1645,0
6928,12.5535,0
6929,12.0697,0
6930,12.5592,0
6931,11.1766,0
6932,11.7145,0
6933,12.5756,0
6934,10.8221,0
6935,11.7297,0
6936,17.0310,0
6937,13.8352,0
6938,11.0309,0
6939,34.2450,0
6940,14.6480,0
6941,15.8117,0
6942,17.3252,0
6943,14.4866,0
6944,15.6872,0
6945,13.9818,0
6946,12.2557,0
6947,13.6993,0
6948,11.2286,0
6949,14.9717,0
6950,15.8248,0
6951,8.8298,0
6952,12.1927,0
6953,10.8619,0
6954,14.4632,0
6955,14.0710,0
6956,11.1883,0
6957,12.5473,0
6958,12.1081,0
6959,16.4800,0
6960,11.3125,0
6961,16.5691,0
6962,15.4665,0
6963,14.3640,0
6964,9.3453,0
6965,14.7450,0
6966,14.0016,0
6967,16.6342,0
6968,11.4970,0
6969,15.9557,0
6970,10.3848,0
6971,12.6379,0
6972,10.0310,0
6973,11.5287,0
6974,14.1990,0
6975,12.2254,0
6976,13.0789,0
6977,13.4277,0
6978,17.8740,0
6979,12.0494,0
6980,11.6158,0
6981,9.2070,0
6982,16.6745,0
6983,11.4968,0
6984,18.4543,0
6985,19.7556,0
6986,22.2154,0
6987,12.3620,0
6988,20.2863,0
6989,14.2858,0
6990,11.1554,0
6991,10.7036,0
6992,10.8080,0
6993,23.6204,0
6994,14.7281,0
6995,9.1436,0
6996,7.6537,0
6997,10.9916,0
6998,14.3633,0
6999,16.2003,0
7000,13.0644,0
7001,9.6691,0
7002,17.8235,0
7003,11.1759,0
7004,8.6460,0
7005,19.6776,0
7006,14.3578,0
7007,16.6054,0
7008,18.7569,0
7009,14.1263,0
7010,13.4480,0
7011,13.5520,0
7012,11.1475,0
7013,17.7824,0
7014,14.8687,0
7015,11.2340,0
7016,10.8757,0
7017,9.6576,0
7018,10.8867,0
7019,12.1925,0
7020,10.0815,0
7021,12.8984,0
7022,29.2888,0
7023,12.0533,0
7024,15.0373,0
7025,17.5827,0
7026,22.0380,0
7027,13.3088,0
7028,15.6152,0
7029,15.8930,0
7030,19.8026,0
7031,10.6425,0
7032,12.3012,0
7033,12.0504,0
7034,15.0402,0
7035,16.6707,0
7036,13.0138,0
7037,17.6573,0
7038,15.0657,0
7039,22.0306,0
7040,11.2808,0
7041,12.5158,0
7042,16.2814,0
7043,19.0039,0
7044,10.4485,0
7045,21.6506,0
7046,21.8663,0
7047,11.7965,0
7048,14.1718,0
7049,13.2451,0
7050,12.8136,0
7051,11.7512,0
7052,12.1365,0
7053,17.2329,0
7054,13.1235,0
7055,10.6833,0
7056,14.4711,0
7057,16.1202,0
7058,18.1489,0
7059,10.0367,0
7060,11.4770,0
7061,13.3977,0
7062,12.3594,0
7063,22.1748,0
7064,14.8959,0
7065,22.3935,0
7066,19.3615,0
7067,13.0730,0
7068,20.4611,0
7069,16.9890,0
7070,19.6972,0
7071,10.2754,0
7072,22.6862,0
7073,10.9861,0
7074,9.3398,0
7075,10.0007,0
7076,9.9056,0
7077,10.8175,0
7078,10.6838,0
7079,12.2519,0
7080,13.8824,0
7081,18.1222,0
7082,15.5439,0
7083,14.9889,0
7084,11.3747,0
7085,10.6122,0
7086,10.6812,0
7087,12.7137,0
7088,11.5442,0
7089,13.4902,0
7090,19.3422,0
7091,14.7731,0
7092,16.6502,0
7093,13.1800,0
7094,30.7596,0
7095,14.7400,0
7096,13.5322,0
7097,14.1435,0
7098,15.2755,0
7099,12.1510,0
7100,13.3824,0
7101,18.2724,0
7102,15.8472,0
7103,11.8866,0
7104,10.8497,0
7105,11.6107,0
7106,11.7841,0
7107,10.9549,0
7108,11.1761,0
7109,11.2951,0
7110,14.6196,0
7111,11.6963,0
7112,12.2082,0
7113,14.4346,0
7114,19.9959,0
7115,8.6458,0
7116,14.3487,0
7117,13.3011,0
7118,19.9120,0
7119,12.6240,0
7120,18.4896,0
7121,14.0212,0
7122,15.5942,0
7123,12.4257,0
7124,17.3297,0
7125,11.6291,0
7126,14.0762,0
7127,19.2711,0
7128,11.9517,0
7129,10.0679,0
7130,13.2720,0
7131,14.7779,0
7132,16.0766,0
7133,16.2878,0
7134,15.7886,0
7135,10.5343,0
7136,18.4257,0
7137,16.9125,0
7138,15.2602,0
7139,20.4005,0
7140,17.7622,0
7141,10.6335,0
7142,11.0679,0
7143,13.1249,0
7144,11.7643,0
7145,12.9516,0
7146,12.5504,0
7147,10.7963,0
7148,15.8098,0
7149,14.3569,0
7150,15.5694,0
7151,15.8408,0
7152,18.1189,0
7153,11.0831,0
7154,11.2925,0
7155,13.6073,0
7156,17.0887,0
7157,15.0445,0
7158,15.0228,0
7159,18.5237,0
7160,15.3630,0
7161,8.7099,0
7162,15.8985,0
7163,14.0839,0
7164,17.9970,0
7165,15.1975,0
7166,16.4418,0
7167,16.3202,0
7168,10.9317,0
7169,13.5784,0
7170,12.9812,0
7171,10.9437,0
7172,11.5943,0
7173,11.1549,0
7174,16.8247,0
7175,14.6909,0
7176,20.7393,0
7177,16.7964,0
7178,12.5194,0
7179,12.6557,0
7180,14.9038,0
7181,11.3826,0
7182,12.6650,0
7183,11.1156,0
7184,11.2560,0
7185,18.1761,0
7186,18.0864,0
7187,12.0180,0
7188,10.8094,0
7189,23.2828,0
7190,18.9469,0
7191,10.8044,0
7192,10.6752,0
7193,12.0025,0
7194,15.5714,0
7195,10.9026,0
7196,10.9086,0
7197,10.8917,0
7198,12.4643,0
7199,10.6473,0
7200,15.2287,0
7201,22.5322,0
7202,12.1679,0
7203,11.4539,0
7204,13.0079,0
7205,11.6456,0
7206,11.2758,0
7207,11.6065,0
7208,12.5277,0
7209,14.5700,0
7210,12.6965,0
7211,14.6255,0
7212,17.8850,0
7213,12.7966,0
7214,13.7882,0
7215,12.8434,0
7216,10.4387,0
7217,14.1118,0
7218,10.8976,0
7219,17.7124,0
7220,17.8602,0
7221,11.0760,0
7222,16.0863,0
7223,12.7270,0
7224,14.3712,0
7225,13.3350,0
7226,16.1843,0
7227,16.4094,0
7228,9.6490,0
7229,13.2182,0
7230,12.3281,0
7231,10.9284,0
7232,9.3980,0
7233,12.0852,0
7234,12.5210,0
7235,10.6449,0
7236,14.7376,0
7237,17.6089,0
7238,9.7313,0
7239,9.9392,0
7240,10.7300,0
7241,7.7155,0
7242,10.8535,0
7243,14.1308,0
7244,10.6001,0
7245,12.5399,0
7246,10.5879,0
7247,15.0688,0
7248,12.7244,0
7249,19.7215,0
7250,12.7058,0
7251,11.9824,0
7252,10.0186,0
7253,18.3041,0
7254,21.6417,0
7255,9.4907,0
7256,12.3904,0
7257,13.0632,0
7258,16.3229,0
7259,17.1866,0
7260,13.6061,0
7261,7.9167,0
7262,14.9302,0
7263,10.8488,0
7264,11.5838,0
7265,11.6217,0
7266,14.9024,0
7267,14.0030,0
7268,13.4733,0
7269,15.2919,0
7270,13.8993,0
7271,13.9096,0
7272,14.5986,0
7273,12.8703,0
7274,16.7000,0
7275,13.3307,0
7276,12.6567,0
7277,13.9594,0
7278,17.5586,0
7279,26.1178,0
7280,21.8401,0
7281,9.0709,0
7282,13.6251,0
7283,10.8488,0
7284,12.7056,0
7285,9.1929,0
7286,8.6141,0
7287,10.6637,0
7288,10.6275,0
7289,9.9866,0
7290,12.1450,0
7291,11.2717,0
7292,10.6554,0
7293,12.0561,0
7294,16.8638,0
7295,11.0419,0
7296,13.4158,0
7297,17.9396,0
7298,13.6800,0
7299,25.1133,0
7300,12.1772,0
7301,11.2786,0
7302,10.2768,0
7303,9.9890,0
7304,8.7805,0
7305,14.0989,0
7306,11.7044,0
7307,12.7838,0
7308,14.7965,0
7309,16.3603,0
7310,17.9620,0
7311,16.5370,0
7312,15.9655,0
7313,19.1426,0
7314,14.5655,0
7315,13.7179,0
7316,10.9191,0
7317,10.2668,0
7318,13.2434,0
7319,14.2171,0
7320,13.7846,0
7321,19.8641,0
7322,11.9507,0
7323,11.3006,0
7324,9.9742,0
7325,14.6906,0
7326,11.7207,0
7327,12.9011,0
7328,20.4859,0
7329,11.2059,0
7330,11.3490,0
7331,10.3588,0
7332,15.2843,0
7333,13.0386,0
7334,13.6251,0
7335,26.6855,0
7336,16.9065,0
7337,15.1689,0
7338,11.3754,0
7339,12.1598,0
7340,13.5651,0
7341,12.9433,0
7342,13.2685,0
7343,10.2730,0
7344,10.9847,0
7345,12.7161,0
7346,11.2312,0
7347,11.2171,0
7348,11.0512,0
7349,12.7945,0
7350,10.9735,0
7351,22.2127,0
7352,15.9578,0
7353,19.5699,0
7354,14.1795,0
7355,20.5357,0
7356,14.3414,0
7357,9.9709,0
7358,13.2906,0
7359,11.8501,0
7360,12.3672,0
7361,22.0406,0
7362,12.6684,0
7363,11.4999,0
7364,18.5175,0
7365,17.2319,0
7366,19.2103,0
7367,8.6186,0
7368,9.0299,0
7369,10.3981,0
7370,10.1743,0
7371,10.8943,0
7372,10.4635,0
7373,14.5648,0
7374,11.5831,0
7375,15.7828,0
7376,9.0122,0
7377,17.9367,0
7378,16.6883,0
7379,14.7543,0
7380,12.9266,0
7381,13.7489,0
7382,16.0432,0
7383,11.1089,0
7384,13.0336,0
7385,9.3598,0
7386,13.2320,0
7387,10.0446,0
7388,12.2008,0
7389,14.9238,0
7390,20.0400,0
7391,19.1066,0
7392,12.8765,0
7393,13.7961,0
7394,10.5753,0
7395,12.2738,0
7396,13.7680,0
7397,13.1094,0
7398,14.3225,0
7399,11.4529,0
7400,11.9174,0
7401,14.0619,0
7402,11.7786,0
7403,18.2667,0
7404,16.1924,0
7405,21.2283,0
7406,18.1634,0
7407,16.0866,0
7408,8.6846,0
7409,12.8107,0
7410,11.8198,0
7411,12.4328,0
7412,9.8555,0
7413,10.5846,0
7414,15.0669,0
7415,15.1215,0
7416,10.7791,0
7417,19.3162,0
7418,17.5896,0
7419,15.5675,0
7420,12.5751,0
7421,14.4787,0
7422,13.1607,0
7423,17.6008,0
7424,9.4042,0
7425,16.6321,0
7426,13.2134,0
7427,10.4198,0
7428,15.8036,0
7429,20.5719,0
7430,15.9609,0
7431,17.1504,0
7432,22.5422,0
7433,12.7659,0
7434,16.7191,0
7435,12.0037,0
7436,15.3091,0
7437,10.6845,0
7438,12.2776,0
7439,7.8082,0
7440,14.6832,0
7441,13.3295,0
7442,18.5151,0
7443,21.0173,0
7444,10.8521,0
7445,15.3372,0
7446,13.1545,0
7447,12.5599,0
7448,16.8767,0
7449,66.8805,0
7450,12.2333,0
7451,9.3770,0
7452,11.5669,0
7453,12.4552,0
7454,12.1369,0
7455,14.5493,0
7456,17.4727,0
7457,16.9630,0
7458,10.5612,0
7459,10.6542,0
7460,13.6228,0
7461,12.8977,0
7462,9.0415,0
7463,11.5876,0
7464,11.1125,0
7465,13.5963,0
7466,7.7231,0
7467,8.9650,0
7468,22.1922,0
7469,19.8545,0
7470,10.5851,0
7471,10.5636,0
7472,16.7732,0
7473,14.1098,0
7474,10.3583,0
7475,12.0907,0
7476,12.5463,0
7477,14.7042,0
7478,9.2824,0
7479,11.7311,0
7480,9.8097,0
7481,18.1344,0
7482,16.8951,0
7483,13.2923,0
7484,26.1168,0
7485,19.7153,0
7486,14.5583,0
7487,12.2335,0
7488,10.2482,0
7489,13.1860,0
7490,11.6625,0
7491,13.9887,0
7492,8.3184,0
7493,20.0624,0
7494,13.5987,0
7495,21.6901,0
7496,15.9655,0
7497,9.8791,0
7498,11.9703,0
7499,17.0968,0
7500,14.1304,0
7501,18.2812,0
7502,14.8630,0
7503,12.3641,0
7504,13.4563,0
7505,11.0607,0
7506,10.7968,0
7507,8.7414,0
7508,13.5550,0
7509,27.9334,0
7510,15.4896,0
7511,9.7227,0
7512,12.3584,0
7513,15.8646,0
7514,20.3540,0
7515,16.5005,0
7516,11.5206,0
7517,7.8585,0
7518,9.8333,0
7519,12.6038,0
7520,10.9463,0
7521,15.2209,0
7522,10.2785,0
7523,17.8261,0
7524,14.0796,0
7525,10.4198,0
7526,14.7541,0
7527,13.4192,0
7528,14.4167,0
7529,9.5909,0
7530,13.8419,0
7531,11.7645,0
7532,13.3450,0
7533,10.9076,0
7534,10.6940,0
7535,9.9511,0
7536,8.7225,0
7537,18.9910,0
7538,15.5182,0
7539,14.3435,0
7540,10.4392,0
7541,21.0609,0
7542,13.8524,0
7543,16.5088,0
7544,11.4019,0
7545,12.5766,0
7546,14.3237,0
7547,11.1279,0
7548,16.1438,0
7549,33.0741,0
7550,16.0296,0
7551,12.4066,0
7552,12.2871,0
7553,14.0426,0
7554,12.0122,0
7555,11.9643,0
7556,19.0203,0
7557,13.7043,0
7558,13.8979,0
7559,14.2314,0
7560,10.5116,0
7561,22.4400,0
7562,13.5574,0
7563,13.0808,0
7564,12.9139,0
7565,13.5128,0
7566,15.8970,0
7567,14.6573,0
7568,10.5178,0
7569,13.8421,0
7570,11.9815,0
7571,10.8230,0
7572,13.6235,0
7573,29.9356,0
7574,12.7027,0
7575,10.3953,0
7576,19.8114,0
7577,17.8006,0
7578,8.2643,0
7579,13.3977,0
7580,16.9601,0
7581,15.1818,0
7582,8.5797,0
7583,9.2340,0
7584,12.5010,0
7585,11.0605,0
7586,13.3832,0
7587,23.5813,0
7588,14.5507,0
7589,15.9261,0
7590,13.6092,0
7591,11.7192,0
7592,12.9340,0
7593,16.6936,0
7594,18.1935,0
7595,16.3810,0
7596,10.1817,0
7597,13.0770,0
7598,15.8918,0
7599,16.9857,0
7600,18.5049,0
7601,10.8864,0
7602,10.4585,0
7603,23.1073,0
7604,10.1733,0
7605,12.3913,0
7606,11.1790,0
7607,11.9653,0
7608,10.6475,0
7609,12.8801,0
7610,13.6185,0
7611,19.5212,0
7612,19.0349,0
7613,11.4210,0
7614,14.5040,0
7615,13.0742,0
7616,9.8827,0
7617,12.4531,0
7618,12.0025,0
7619,13.2868,0
7620,13.9406,0
7621,12.6305,0
7622,13.6843,0
7623,12.0478,0
7624,13.7210,0
7625,17.2536,0
7626,15.2266,0
7627,9.6493,0
7628,17.5688,0
7629,17.3078,0
7630,14.8704,0
7631,12.7370,0
7632,15.3778,0
7633,15.6491,0
7634,10.2012,0
7635,11.4653,0
7636,24.2932,0
7637,20.6373,0
7638,13.3421,0
7639,11.5800,0
7640,13.7377,0
7641,11.9359,0
7642,13.3266,0
7643,13.7088,0
7644,8.8975,0
7645,11.1656,0
7646,15.1458,0
7647,10.7689,0
7648,14.5907,0
7649,15.9087,0
7650,12.1059,0
7651,10.1688,0
7652,14.3600,0
7653,9.3234,0
7654,14.1978,0
7655,14.6077,0
7656,11.5740,0
7657,7.6408,0
7658,10.0615,0
7659,12.0838,0
7660,11.8570,0
7661,13.5713,0
7662,26.5689,0
7663,13.5138,0
7664,14.9140,0
7665,14.1668,0
7666,12.0311,0
7667,14.0808,0
7668,14.0390,0
7669,11.3733,0
7670,16.8753,0
7671,12.5980,0
7672,11.4286,0
7673,8.9498,0
7674,12.4571,0
7675,16.5746,0
7676,13.3903,0
7677,20.9491,0
7678,12.9709,0
7679,11.9431,0
7680,12.0373,0
7681,9.8374,0
7682,8.7874,0
7683,8.9104,0
7684,8.4178,0
7685,12.2075,0
7686,11.8198,0
7687,12.5849,0
7688,10.8371,0
7689,11.8859,0
7690,21.9202,0
7691,12.2221,0
7692,13.5658,0
7693,12.3687,0
7694,13.2146,0
7695,10.8945,0
7696,12.9058,0
7697,15.0390,0
7698,19.8991,0
7699,10.7172,0
7700,11.8339,0
7701,12.0087,0
7702,9.3217,0
7703,12.4452,0
7704,14.5130,0
7705,8.8303,0
7706,8.9796,0
7707,13.8924,0
7708,12.2342,0
7709,14.5681,0
7710,13.8423,0
7711,13.4473,0
7712,13.3424,0
7713,11.9858,0
7714,12.0692,0
7715,10.5190,0
7716,13.2687,0
7717,15.6658,0
7718,11.3676,0
7719,20.5109,0
7720,12.8460,0
7721,15.7506,0
7722,18.8870,0
7723,15.4338,0
7724,19.6564,0
7725,14.9753,0
7726,19.7630,0
7727,13.9520,0
7728,11.7128,0
7729,10.6785,0
7730,12.8217,0
7731,13.0467,0
7732,13.5722,0
7733,23.2682,0
7734,13.7663,0
7735,13.6580,0
7736,10.5889,0
7737,14.3769,0
7738,15.0759,0
7739,17.7188,0
7740,12.1396,0
