id,t_pub_ms
1,2.2449
2,4.1499
3,5.0955
4,8.2457
5,10.0706
6,12.0580
7,13.7608
8,16.0866
9,16.2919
10,17.8561
11,20.3059
12,21.7097
13,23.5553
14,26.6454
15,27.5939
16,30.0553
17,32.2878
18,34.1554
19,36.9804
20,39.3231
21,41.2619
22,44.5278
23,44.8968
24,47.3213
25,49.8011
26,53.2172
27,54.8379
28,56.8142
29,60.9722
30,65.2742
31,68.0733
32,71.0974
33,74.6553
34,79.2432
35,84.2381
36,87.4090
37,90.2238
38,93.0479
39,96.8773
40,102.1137
41,107.7886
42,111.3932
43,116.1182
44,120.8463
45,123.7082
46,126.6763
47,130.1780
48,134.5294
49,137.6250
50,140.9044
51,143.8069
52,146.5669
53,149.3957
54,152.3523
55,154.9149
56,157.2471
57,161.6144
58,165.7829
59,169.1310
60,171.9248
61,177.3582
62,182.3905
63,186.7301
64,190.2971
65,194.6864
66,198.6885
67,201.7248
68,203.9502
69,206.7118
70,208.2262
71,210.1150
72,213.1088
73,216.5856
74,219.4598
75,221.5881
76,225.7433
77,227.8068
78,231.9171
79,235.3582
80,238.2040
81,241.1971
82,244.0634
83,249.0048
84,251.7519
85,254.6728
86,257.3526
87,259.7542
88,262.3487
89,265.6629
90,268.4157
91,270.7226
92,274.4079
93,277.3905
94,280.2811
95,283.1769
96,288.1629
97,292.7732
98,297.2205
99,298.8052
100,301.5249
101,305.5346
102,312.3114
103,319.4783
104,318.3467
105,320.3130
106,322.8667
107,324.9462
108,326.7376
109,328.4361
110,330.9405
111,332.8407
112,334.2192
113,335.6750
114,337.9154
115,339.6266
116,341.8033
117,346.7464
118,347.8959
119,351.8748
120,354.4171
121,357.4297
122,361.4366
123,364.0361
124,370.6443
125,371.4063
126,372.2005
127,375.9139
128,379.8995
129,381.7012
130,383.7287
131,387.5086
132,394.6598
133,395.9656
134,398.1616
135,402.8544
136,403.9769
137,405.9324
138,408.1533
139,410.3143
140,411.3755
141,412.9906
142,414.4862
143,416.3773
144,420.8343
145,423.2912
146,424.9246
147,427.3565
148,430.8054
149,431.6583
150,433.2252
151,434.5422
152,436.3163
153,441.2122
154,443.7249
155,445.8518
156,449.1985
157,452.3168
158,454.4423
159,456.7320
160,460.2542
161,464.1714
162,469.9106
163,472.6539
164,476.0025
165,479.0487
166,481.8203
167,484.4019
168,486.9964
169,491.6532
170,494.8971
171,500.7863
172,501.9531
173,505.1889
174,508.2018
175,511.1113
176,513.8600
177,516.8302
178,521.4169
179,525.8627
180,531.1203
181,535.0084
182,538.3723
183,541.5759
184,545.4745
185,548.4037
186,550.9083
187,554.6584
188,557.3654
189,560.2410
190,562.9125
191,565.0177
192,567.9283
193,570.3399
194,573.2303
195,575.8567
196,577.3935
197,582.2687
198,585.1786
199,587.7154
200,592.5338
201,596.9558
202,600.5995
203,603.2681
204,606.4200
205,609.9856
206,612.5743
207,624.8188
208,623.8141
209,622.8020
210,627.0349
211,630.0619
212,632.8502
213,633.9562
214,636.0028
215,637.1293
216,638.8841
217,640.2783
218,641.6306
219,643.1875
220,645.4446
221,646.5209
222,647.9666
223,649.3239
224,650.7988
225,651.9508
226,653.4033
227,654.7270
228,656.2109
229,657.6831
230,659.5201
231,661.0260
232,662.4789
233,663.7418
234,665.6227
235,667.3708
236,668.4542
237,669.8437
238,671.3495
239,675.0479
240,677.8522
241,681.2625
242,683.9113
243,686.0716
244,688.6580
245,690.1512
246,692.7178
247,694.5913
248,696.8398
249,698.9441
250,701.0660
251,702.8737
252,704.9298
253,707.1481
254,709.1041
255,710.5267
256,712.0502
257,714.2460
258,715.8372
259,718.0302
260,719.9516
261,721.8413
262,723.7258
263,725.3089
264,727.1309
265,728.7579
266,732.5978
267,735.2614
268,738.3778
269,740.8574
270,743.3209
271,746.7899
272,750.4876
273,753.6469
274,756.4902
275,760.5138
276,761.7133
277,767.0953
278,770.7946
279,773.7865
280,776.5548
281,779.4535
282,782.4872
283,785.6221
284,788.0220
285,789.2551
286,790.8950
287,792.5701
288,793.0341
289,792.6505
290,794.0428
291,795.5403
292,796.9303
293,798.4138
294,799.6342
295,801.2486
296,802.5386
297,803.6597
298,804.9252
299,806.3495
300,807.3108
301,808.6293
302,809.7517
303,810.9004
304,811.9552
305,813.2341
306,814.7335
307,816.3610
308,817.9238
309,819.6275
310,821.2361
311,823.1459
312,825.5861
313,829.1311
314,832.4463
315,835.5703
316,837.8367
317,839.4556
318,841.5239
319,843.5044
320,846.2040
321,848.1290
322,853.0738
323,853.3225
324,854.9788
325,857.0631
326,859.2675
327,861.6943
328,862.7567
329,864.1200
330,865.3135
331,866.2779
332,868.0143
333,868.6402
334,870.4445
335,872.8888
336,875.5357
337,877.6503
338,879.3077
339,881.7644
340,884.1236
341,885.9320
342,887.9385
343,890.5675
344,891.7665
345,892.9083
346,894.7268
347,898.6545
348,902.6847
349,905.4139
350,909.7130
351,912.3476
352,914.5832
353,915.9257
354,917.0315
355,918.0598
356,918.8244
357,919.7118
358,923.8033
359,926.6651
360,929.2886
361,930.6357
362,932.0822
363,933.5210
364,934.9430
365,936.7902
366,938.8201
367,940.1908
368,941.9916
369,943.4423
370,945.4799
371,946.7292
372,948.4744
373,949.9681
374,954.0749
375,956.0595
376,957.9442
377,962.1632
378,966.3582
379,973.0406
380,974.4797
381,977.0474
382,977.5789
383,977.0746
384,979.2912
385,980.1445
386,982.3563
387,983.7952
388,985.0364
389,986.7170
390,987.9234
391,990.2213
392,992.1272
393,994.2684
394,995.4841
395,997.5824
396,998.9202
397,1000.4685
398,1002.7897
399,1005.2943
400,1007.8003
401,1009.6989
402,1011.9517
403,1014.7655
404,1016.9749
405,1019.5203
406,1022.2785
407,1024.6923
408,1027.8490
409,1029.6223
410,1032.0315
411,1034.1921
412,1036.2279
413,1038.7454
414,1042.6724
415,1046.0329
416,1048.2435
417,1050.3848
418,1052.6142
419,1056.0145
420,1058.5492
421,1060.5834
422,1063.9534
423,1068.3031
424,1074.2545
425,1079.2556
426,1080.4513
427,1086.6842
428,1092.4158
429,1094.1463
430,1097.4879
431,1099.5388
432,1101.6257
433,1103.5314
434,1106.5187
435,1109.0925
436,1111.4774
437,1113.5809
438,1115.5629
439,1118.3467
440,1120.8978
441,1122.5505
442,1125.4175
443,1129.6928
444,1131.9518
445,1134.0914
446,1136.0965
447,1138.5911
448,1140.8033
449,1143.2014
450,1146.2338
451,1153.9950
452,1157.7537
453,1159.4048
454,1160.6481
455,1162.3948
456,1164.3627
457,1167.3083
458,1169.3356
459,1172.4024
460,1176.0018
461,1179.1987
462,1183.0294
463,1185.5283
464,1187.8908
465,1190.5534
466,1193.1200
467,1195.7622
468,1198.3438
469,1200.9039
470,1203.6211
471,1206.6104
472,1209.1324
473,1211.9706
474,1214.4530
475,1216.9533
476,1219.2736
477,1221.5955
478,1223.5575
479,1225.3819
480,1227.3304
481,1229.6171
482,1231.7820
483,1233.5629
484,1235.9207
485,1238.1334
486,1241.4596
487,1243.6056
488,1246.8729
489,1250.3500
490,1251.9450
491,1253.9582
492,1255.9562
493,1257.5865
494,1259.7437
495,1261.9364
496,1263.9737
497,1266.1204
498,1267.9374
499,1270.1728
500,1272.1901
501,1273.9213
502,1275.9120
503,1277.3943
504,1278.9705
505,1280.1023
506,1280.9298
507,1283.0794
508,1284.2975
509,1285.2325
510,1286.1702
511,1287.9994
512,1290.2834
513,1292.5177
514,1294.6248
515,1296.8135
516,1298.9981
517,1301.4600
518,1303.2432
519,1305.1410
520,1307.2002
521,1309.6507
522,1311.9383
523,1314.1837
524,1316.8716
525,1319.4647
526,1321.7320
527,1324.0328
528,1328.3746
529,1341.7947
530,1343.0243
531,1351.3019
532,1355.8748
533,1356.4982
534,1360.2190
535,1365.4149
536,1369.3144
537,1369.6508
538,1370.4956
539,1373.3747
540,1375.2587
541,1375.4308
542,1376.5845
543,1378.7661
544,1380.7147
545,1381.9075
546,1388.6299
547,1390.4760
548,1398.2215
549,1400.2266
550,1402.5970
551,1404.4988
552,1406.9889
553,1410.1365
554,1412.8351
555,1415.5669
556,1417.3520
557,1420.2101
558,1422.9686
559,1425.7295
560,1424.4592
561,1425.4136
562,1428.4258
563,1431.0772
564,1432.6878
565,1434.9227
566,1436.9967
567,1439.1644
568,1441.4310
569,1443.4562
570,1445.5328
571,1447.8941
572,1449.4445
573,1451.5920
574,1452.6272
575,1454.2241
576,1455.7557
577,1456.6672
578,1456.9726
579,1458.5490
580,1459.7039
581,1459.7728
582,1460.2473
583,1460.7790
584,1462.0473
585,1464.5069
586,1465.1694
587,1466.6402
588,1468.9243
589,1471.7085
590,1475.6386
591,1478.2090
592,1480.0384
593,1480.9382
594,1481.9262
595,1482.7662
596,1483.6688
597,1484.4656
598,1485.3880
599,1486.6095
600,1488.3952
601,1490.6886
602,1494.9162
603,1496.5298
604,1498.5163
605,1500.2778
606,1502.4028
607,1504.8332
608,1507.2207
609,1509.3825
610,1511.9853
611,1514.6821
612,1517.0968
613,1520.5388
614,1523.3920
615,1525.6453
616,1527.9188
617,1530.3330
618,1532.6357
619,1534.4656
620,1536.0942
621,1538.3210
622,1540.9379
623,1544.8956
624,1547.5402
625,1549.5017
626,1552.1567
627,1553.8673
628,1555.7997
629,1557.3971
630,1559.2828
631,1561.4851
632,1563.6091
633,1567.0378
634,1571.2583
635,1573.9110
636,1576.0634
637,1577.4269
638,1579.2041
639,1582.6266
640,1583.5600
641,1586.0782
642,1588.6798
643,1590.5211
644,1601.3167
645,1601.9018
646,1602.2189
647,1611.5670
648,1615.4706
649,1618.7851
650,1622.4449
651,1626.6668
652,1628.9327
653,1630.4605
654,1633.1167
655,1635.7527
656,1640.0247
657,1643.2896
658,1643.1756
659,1644.8514
660,1649.5302
661,1652.9579
662,1656.9200
663,1660.2275
664,1664.1009
665,1667.3255
666,1670.0516
667,1672.3843
668,1673.7134
669,1676.6188
670,1679.8058
671,1680.7132
672,1683.1770
673,1685.6754
674,1690.2370
675,1692.9014
676,1698.6148
677,1699.3432
678,1703.6471
679,1708.2505
680,1709.3718
681,1712.5292
682,1715.9903
683,1718.9195
684,1721.4534
685,1727.4883
686,1732.1069
687,1735.7180
688,1740.1602
689,1743.3240
690,1744.9248
691,1747.9792
692,1751.1592
693,1753.2935
694,1757.7767
695,1760.0105
696,1763.1924
697,1766.1405
698,1769.9513
699,1773.2060
700,1776.0360
701,1778.7168
702,1781.4598
703,1784.9145
704,1789.5017
705,1793.6516
706,1801.0166
707,1805.3293
708,1855.1199
709,1855.7241
710,1860.6443
711,1865.7200
712,1871.9664
713,1875.9604
714,1882.7534
715,1886.7502
716,1889.8029
717,1893.9826
718,1898.6056
719,1902.3976
720,1905.5274
721,1908.6075
722,1912.2376
723,1913.2721
724,1916.9369
725,1920.5561
726,1922.9364
727,1927.1483
728,1929.3988
729,1931.8666
730,1935.9508
731,1940.1362
732,1941.8039
733,1945.3025
734,1946.6677
735,1948.1390
736,1952.8122
737,1953.3799
738,1955.4026
739,1961.6625
740,1968.7579
741,1970.9268
742,1972.8186
743,1975.1892
744,1975.7740
745,1977.8779
746,1980.4330
747,1983.3126
748,1984.8328
749,1987.8345
750,1990.6073
751,1993.2976
752,1996.0747
753,1996.4862
754,2000.0269
755,2002.4798
756,2004.4630
757,2007.0691
758,2009.1441
759,2012.0580
760,2016.5210
761,2019.8345
762,2023.5121
763,2026.2735
764,2028.9845
765,2032.9554
766,2035.6524
767,2037.6461
768,2039.7403
769,2041.8069
770,2044.5533
771,2047.1737
772,2049.4604
773,2052.7754
774,2053.8750
775,2057.2894
776,2059.9940
777,2063.0252
778,2064.4245
779,2066.7939
780,2071.0039
781,2071.8732
782,2075.2735
783,2077.9972
784,2080.1811
785,2081.5327
786,2084.5311
787,2086.9646
788,2089.7725
789,2092.7012
790,2095.6240
791,2098.5749
792,2100.2734
793,2101.7928
794,2105.3536
795,2106.8652
796,2109.7863
797,2112.7818
798,2119.0875
799,2122.1912
800,2124.5642
801,2127.6143
802,2129.3075
803,2131.7649
804,2135.6540
805,2137.1155
806,2140.5418
807,2142.1707
808,2145.5374
809,2146.3416
810,2149.3723
811,2152.8506
812,2154.4201
813,2157.5758
814,2159.6954
815,2162.5822
816,2166.3051
817,2168.5867
818,2184.0715
819,2186.6195
820,2188.5405
821,2194.7312
822,2199.9822
823,2217.7079
824,2227.5524
825,2229.9404
826,2229.7707
827,2233.6085
828,2236.5174
829,2236.6712
830,2235.8205
831,2242.7895
832,2241.8690
833,2243.7737
834,2244.8299
835,2247.9372
836,2250.3195
837,2252.6474
838,2253.2449
839,2254.7753
840,2255.8074
841,2255.5366
842,2256.5384
843,2257.5688
844,2258.8985
845,2259.2409
846,2259.6440
847,2263.0591
848,2264.4391
849,2265.5146
850,2266.7463
851,2266.5277
852,2267.4816
853,2269.2158
854,2270.3934
855,2270.6740
856,2271.0690
857,2272.0518
858,2273.2842
859,2275.2199
860,2275.7678
861,2277.2954
862,2277.4951
863,2278.7423
864,2278.7795
865,2280.2908
866,2280.5531
867,2283.7594
868,2283.4351
869,2283.8969
870,2285.3274
871,2288.2073
872,2290.0181
873,2289.7866
874,2291.6758
875,2299.6774
876,2302.7759
877,2308.2981
878,2309.6411
879,2312.0601
880,2314.3353
881,2317.9092
882,2320.7042
883,2322.9551
884,2326.7763
885,2330.1413
886,2333.0090
887,2334.6577
888,2337.6467
889,2339.8063
890,2342.7176
891,2340.3318
892,2341.1877
893,2342.9017
894,2343.3411
895,2344.3618
896,2346.3647
897,2348.2621
898,2349.6666
899,2350.2703
900,2352.0615
901,2353.2782
902,2354.4014
903,2355.8335
904,2357.0170
905,2358.1977
906,2359.2618
907,2360.4257
908,2361.4333
909,2362.5219
910,2363.6372
911,2364.7268
912,2365.7351
913,2366.0340
914,2366.9360
915,2367.7375
916,2368.8200
917,2369.3802
918,2370.0974
919,2371.0153
920,2371.9842
921,2373.1370
922,2375.3266
923,2375.1855
924,2377.2068
925,2378.5899
926,2379.4522
927,2380.5008
928,2381.2277
929,2382.3383
930,2383.4820
931,2384.2497
932,2385.3526
933,2385.9680
934,2386.9543
935,2388.0184
936,2388.7010
937,2389.5955
938,2390.5995
939,2391.4018
940,2392.4305
941,2393.5342
942,2393.7719
943,2394.4700
944,2395.4067
945,2396.3647
946,2397.4280
947,2398.5078
948,2398.8545
949,2399.6692
950,2400.5122
951,2401.5279
952,2402.4477
953,2403.0933
954,2404.2087
955,2405.2353
956,2406.1246
957,2406.8940
958,2407.8658
959,2408.9592
960,2409.7610
961,2410.8727
962,2411.4544
963,2412.4091
964,2413.2650
965,2414.3112
966,2414.9592
967,2415.6930
968,2416.6884
969,2417.5746
970,2418.5712
971,2419.5158
972,2420.3813
973,2421.2773
974,2422.1900
975,2423.1131
976,2423.6550
977,2424.6645
978,2425.5364
979,2426.4438
980,2427.0287
981,2428.0686
982,2429.0285
983,2430.0201
984,2430.9237
985,2431.7038
986,2432.4894
987,2433.1727
988,2433.6305
989,2434.1695
990,2435.1254
991,2435.9410
992,2436.5141
993,2437.5257
994,2438.0944
995,2439.0533
996,2439.5883
997,2440.5055
998,2441.3271
999,2442.2882
1000,2442.8170
1001,2443.1446
1002,2444.2677
1003,2445.0219
1004,2445.9717
1005,2446.8391
1006,2447.5219
1007,2448.4797
1008,2449.4004
1009,2450.3641
1010,2451.4427
1011,2452.5988
1012,2453.5804
1013,2454.6900
1014,2455.7800
1015,2456.8300
1016,2457.8111
1017,2458.9324
1018,2460.1002
1019,2461.1309
1020,2462.1913
1021,2463.3396
1022,2464.5967
1023,2465.4303
1024,2466.4056
1025,2467.6571
1026,2469.9428
1027,2470.9897
1028,2472.1026
1029,2473.0279
1030,2474.0114
1031,2475.0271
1032,2476.0773
1033,2477.0932
1034,2482.3208
1035,2482.4045
1036,2484.5738
1037,2486.8503
1038,2489.4111
1039,2491.6625
1040,2494.3669
1041,2496.8321
1042,2499.7737
1043,2502.2154
1044,2504.4823
1045,2506.9947
1046,2515.4753
1047,2517.7424
1048,2520.1488
1049,2522.5024
1050,2524.6127
1051,2526.9220
1052,2529.0303
1053,2530.9274
1054,2533.2167
1055,2535.1806
1056,2537.4413
1057,2539.7580
1058,2542.0201
1059,2544.1012
1060,2545.8884
1061,2547.8201
1062,2549.7966
1063,2551.5687
1064,2553.7243
1065,2555.9134
1066,2557.9388
1067,2559.5107
1068,2561.5768
1069,2563.2904
1070,2565.2611
1071,2567.0710
1072,2569.0305
1073,2571.2712
1074,2572.7708
1075,2575.1050
1076,2577.4181
1077,2579.6309
1078,2581.8579
1079,2584.1901
1080,2586.3421
1081,2588.4912
1082,2590.4686
1083,2592.6933
1084,2594.9864
1085,2597.0666
1086,2599.4968
1087,2601.6507
1088,2603.1785
1089,2610.6186
1090,2609.4263
1091,2611.2955
1092,2613.9255
1093,2616.0564
1094,2622.1347
1095,2623.9221
1096,2626.1339
1097,2628.5374
1098,2630.9288
1099,2633.4848
1100,2635.6847
1101,2638.0765
1102,2640.1813
1103,2642.2074
1104,2644.4430
1105,2646.9343
1106,2649.1010
1107,2651.6781
1108,2653.9028
1109,2656.5475
1110,2658.4294
1111,2660.8953
1112,2662.7316
1113,2665.1545
1114,2667.5110
1115,2669.5883
1116,2671.8211
1117,2674.1159
1118,2676.5089
1119,2678.5533
1120,2680.9459
1121,2682.9450
1122,2684.8722
1123,2686.8639
1124,2689.5332
1125,2691.8499
1126,2694.4182
1127,2696.9640
1128,2699.6841
1129,2702.2691
1130,2704.6697
1131,2707.3066
1132,2709.4469
1133,2711.6725
1134,2714.0949
1135,2716.1524
1136,2718.2286
1137,2720.3040
1138,2722.6670
1139,2724.7610
1140,2726.9804
1141,2729.1698
1142,2731.8366
1143,2733.9561
1144,2736.2683
1145,2738.3473
1146,2740.5353
1147,2742.7540
1148,2743.8519
1149,2744.8924
1150,2745.8727
1151,2746.9180
1152,2747.9339
1153,2748.9340
1154,2749.8813
1155,2750.7992
1156,2751.6618
1157,2752.6164
1158,2753.6018
1159,2754.5443
1160,2755.6024
1161,2756.5217
1162,2757.5645
1163,2758.4159
1164,2759.2936
1165,2760.2968
1166,2761.4975
1167,2762.5213
1168,2763.5279
1169,2764.6229
1170,2765.7256
1171,2766.7649
1172,2767.7379
1173,2768.6765
1174,2769.6047
1175,2770.6180
1176,2771.5862
1177,2772.5096
1178,2773.4640
1179,2774.4901
1180,2775.4729
1181,2776.4926
1182,2777.4625
1183,2778.5318
1184,2779.5365
1185,2780.5033
1186,2781.4732
1187,2782.5596
1188,2783.5622
1189,2784.6472
1190,2785.7063
1191,2786.7761
1192,2787.8497
1193,2788.9626
1194,2790.0238
1195,2790.8933
1196,2791.9955
1197,2793.0319
1198,2794.2183
1199,2795.3959
1200,2797.9162
1201,2799.9203
1202,2802.4061
1203,2803.4060
1204,2804.5092
1205,2805.4855
1206,2806.5348
1207,2807.4958
1208,2808.8560
1209,2810.1745
1210,2812.0227
1211,2813.9186
1212,2816.3054
1213,2818.7578
1214,2825.1479
1215,2837.8196
1216,2836.8509
1217,2835.5398
1218,2835.7384
1219,2839.2966
1220,2841.9356
1221,2843.9052
1222,2846.4799
1223,2848.8162
1224,2850.8048
1225,2852.5231
1226,2854.6188
1227,2856.4181
1228,2858.6779
1229,2860.4841
1230,2865.1416
1231,2876.4634
1232,2877.9252
1233,2880.0280
1234,2881.4187
1235,2880.9018
1236,2880.3718
1237,2880.6129
1238,2881.8264
1239,2882.9048
1240,2883.9829
1241,2885.0567
1242,2886.0211
1243,2887.9981
1244,2890.9490
1245,2891.9754
1246,2893.0681
1247,2894.2771
1248,2895.1478
1249,2896.2815
1250,2897.4223
1251,2898.4442
1252,2899.9286
1253,2901.2582
1254,2902.6513
1255,2903.8808
1256,2905.4863
1257,2906.4353
1258,2907.4123
1259,2908.9320
1260,2910.2981
1261,2912.5717
1262,2913.6782
1263,2914.6957
1264,2915.7774
1265,2918.1535
1266,2919.5552
1267,2921.5593
1268,2923.5086
1269,2926.5537
1270,2928.2296
1271,2930.2468
1272,2932.2021
1273,2936.8277
1274,2936.9881
1275,2939.1043
1276,2942.0719
1277,2944.8829
1278,2946.9526
1279,2949.1260
1280,2951.3354
1281,2953.2979
1282,2955.2200
1283,2957.8850
1284,2960.1445
1285,2962.4295
1286,2964.4055
1287,2966.8851
1288,2970.8445
1289,2972.8806
1290,2975.6150
1291,2978.1530
1292,2980.0828
1293,2982.1415
1294,2984.4851
1295,2986.6860
1296,2988.9591
1297,2991.4062
1298,2993.2511
1299,2995.4350
1300,2997.4844
1301,2999.4133
1302,3001.0741
1303,3002.8980
1304,3004.8888
1305,3006.6891
1306,3008.7974
1307,3010.9684
1308,3013.0494
1309,3015.0635
1310,3017.5376
1311,3020.0460
1312,3022.1484
1313,3024.2608
1314,3026.3638
1315,3028.3628
1316,3030.5035
1317,3032.3863
1318,3034.3051
1319,3036.3200
1320,3038.8193
1321,3040.8123
1322,3042.0504
1323,3043.0303
1324,3044.3125
1325,3045.4180
1326,3046.5050
1327,3047.5972
1328,3048.9299
1329,3050.0870
1330,3051.2588
1331,3052.4201
1332,3053.3943
1333,3054.4338
1334,3055.4795
1335,3056.4632
1336,3057.4389
1337,3058.4621
1338,3059.4766
1339,3060.3869
1340,3061.2864
1341,3062.3128
1342,3063.4012
1343,3064.4627
1344,3064.5111
1345,3065.1972
1346,3063.2567
1347,3064.1563
1348,3065.0275
1349,3065.5293
1350,3066.7770
1351,3067.7884
1352,3068.9545
1353,3069.9866
1354,3071.6465
1355,3072.9823
1356,3074.1823
1357,3075.2323
1358,3076.3350
1359,3077.5578
1360,3078.4776
1361,3079.4935
1362,3080.3456
1363,3081.2786
1364,3082.1195
1365,3083.0672
1366,3084.2798
1367,3085.0973
1368,3086.1299
1369,3087.3983
1370,3088.4817
1371,3089.2699
1372,3090.1153
1373,3091.0947
1374,3092.2260
1375,3093.2212
1376,3094.4018
1377,3095.5386
1378,3096.4639
1379,3097.5242
1380,3098.4626
1381,3099.2055
1382,3100.1718
1383,3101.0485
1384,3102.1166
1385,3102.8936
1386,3103.8420
1387,3104.8236
1388,3106.1220
1389,3107.0259
1390,3107.8215
1391,3108.7897
1392,3109.5970
1393,3110.4310
1394,3111.1391
1395,3111.9838
1396,3113.1172
1397,3113.9729
1398,3115.1726
1399,3115.8714
1400,3116.7717
1401,3117.6932
1402,3118.4704
1403,3119.3793
1404,3120.2338
1405,3121.1364
1406,3122.2119
1407,3123.1685
1408,3124.1474
1409,3125.0851
1410,3125.8674
1411,3126.9090
1412,3127.5198
1413,3128.5667
1414,3129.4014
1415,3130.3971
1416,3131.3875
1417,3132.2536
1418,3133.5797
1419,3134.7868
1420,3136.0662
1421,3136.8957
1422,3138.2024
1423,3139.2972
1424,3140.1343
1425,3141.3620
1426,3142.3233
1427,3143.2760
1428,3144.2721
1429,3145.1168
1430,3145.9882
1431,3147.1002
1432,3147.9588
1433,3148.8600
1434,3149.8947
1435,3150.8534
1436,3151.8354
1437,3152.9343
1438,3153.9500
1439,3154.7551
1440,3155.9308
1441,3157.0249
1442,3158.0791
1443,3158.9181
1444,3159.9123
1445,3160.8953
1446,3161.9279
1447,3162.9312
1448,3163.8525
1449,3164.7971
1450,3165.8409
1451,3166.8274
1452,3167.7756
1453,3168.7975
1454,3169.7628
1455,3170.7969
1456,3171.7813
1457,3172.9176
1458,3173.9392
1459,3175.1077
1460,3176.3349
1461,3177.3674
1462,3178.3452
1463,3179.4031
1464,3180.4843
1465,3181.4747
1466,3182.4896
1467,3187.9919
1468,3189.0430
1469,3189.7471
1470,3191.1685
1471,3192.2228
1472,3193.3827
1473,3194.4547
1474,3195.4377
1475,3196.6050
1476,3197.6337
1477,3198.7457
1478,3199.7750
1479,3200.9802
1480,3202.0190
1481,3202.9452
1482,3203.7826
1483,3204.7601
1484,3205.1373
1485,3206.1965
1486,3207.1741
1487,3208.1409
1488,3209.1506
1489,3210.1910
1490,3212.3635
1491,3213.2227
1492,3214.2828
1493,3215.3151
1494,3216.3901
1495,3217.4985
1496,3218.6036
1497,3219.8944
1498,3220.9723
1499,3221.8428
1500,3222.8861
1501,3223.9933
1502,3225.5797
1503,3226.6188
1504,3227.8101
1505,3228.8618
1506,3229.9552
1507,3230.9902
1508,3232.1329
1509,3233.4571
1510,3234.5500
1511,3236.0272
1512,3237.3979
1513,3238.6813
1514,3240.1757
1515,3241.4358
1516,3242.6856
1517,3243.8884
1518,3245.1546
1519,3246.3832
1520,3247.7717
1521,3249.3060
1522,3250.6878
1523,3252.0456
1524,3253.3720
1525,3254.6508
1526,3256.0911
1527,3257.3760
1528,3258.7259
1529,3260.3006
1530,3261.6041
1531,3263.0439
1532,3264.5855
1533,3265.9051
1534,3267.3857
1535,3268.6784
1536,3269.9420
1537,3271.3661
1538,3272.5770
1539,3273.9043
1540,3275.3489
1541,3275.5606
1542,3274.8349
1543,3273.8647
1544,3271.1112
1545,3269.4201
1546,3266.2582
1547,3266.4199
1548,3265.4679
1549,3264.5743
1550,3263.8187
1551,3263.9987
1552,3262.1806
1553,3261.4110
1554,3260.6900
1555,3260.8168
1556,3259.8982
1557,3259.0637
1558,3258.3590
1559,3258.2972
1560,3257.4086
1561,3256.4650
1562,3256.8164
1563,3257.0434
1564,3257.0598
1565,3256.0518
1566,3256.1109
1567,3257.3347
1568,3257.4081
1569,3256.4378
1570,3254.3375
1571,3253.4127
1572,3252.5904
1573,3251.7524
1574,3250.8662
1575,3249.8820
1576,3249.9430
1577,3249.1782
1578,3248.0969
1579,3246.1326
1580,3245.3673
1581,3244.6690
1582,3243.7916
1583,3241.9333
1584,3241.0486
1585,3238.0137
1586,3235.1882
1587,3234.2432
1588,3233.3021
1589,3232.2719
1590,3230.2113
1591,3229.6906
1592,3222.8761
1593,3219.4273
1594,3218.4196
1595,3215.1594
1596,3207.3162
1597,3207.2673
1598,3208.4441
1599,3206.9931
1600,3206.9831
1601,3206.0113
1602,3205.1008
1603,3204.1304
1604,3205.2357
1605,3205.3623
1606,3204.5658
1607,3204.8991
1608,3204.5112
1609,3204.6051
1610,3204.4673
1611,3200.9850
1612,3198.7979
1613,3198.8819
1614,3196.4469
1615,3192.8723
1616,3191.2339
1617,3189.8551
1618,3189.6222
1619,3186.3191
1620,3186.2826
1621,3185.2551
1622,3183.1713
1623,3182.9822
1624,3181.2491
1625,3179.2448
1626,3176.9242
1627,3175.7588
1628,3174.4750
1629,3173.4138
1630,3172.3251
1631,3170.5649
1632,3168.8025
1633,3168.8976
1634,3167.8255
1635,3167.9294
1636,3168.3717
1637,3168.2501
1638,3167.1028
1639,3167.2242
1640,3168.3164
1641,3168.2746
1642,3169.3203
1643,3168.1330
1644,3165.9083
1645,3164.8073
1646,3163.6212
1647,3161.1993
1648,3158.7906
1649,3157.4905
1650,3157.3925
1651,3158.4561
1652,3158.3717
1653,3158.1721
1654,3158.0219
1655,3159.0283
1656,3157.9189
1657,3156.7256
1658,3155.6902
1659,3155.4689
1660,3153.3022
1661,3152.1912
1662,3152.1783
1663,3149.7574
1664,3148.4706
1665,3147.1763
1666,3146.0233
1667,3144.7198
1668,3143.4996
1669,3142.5912
1670,3140.5873
1671,3138.4695
1672,3137.4464
1673,3135.2890
1674,3134.3148
1675,3133.1322
1676,3133.1751
1677,3132.1769
1678,3130.9950
1679,3129.9162
1680,3127.6338
1681,3125.0539
1682,3125.1707
1683,3122.7512
1684,3125.3660
1685,3125.4749
1686,3124.4769
1687,3123.4236
1688,3122.3831
1689,3121.9637
1690,3119.9980
1691,3117.7425
1692,3115.2909
1693,3114.0914
1694,3112.5271
1695,3112.5238
1696,3111.5992
1697,3110.0011
1698,3109.9875
1699,3109.0114
1700,3107.8196
1701,3107.8582
1702,3109.0767
1703,3108.9380
1704,3101.3412
1705,3102.5043
1706,3102.5424
1707,3099.2916
1708,3097.1138
1709,3093.7152
1710,3089.1125
1711,3085.9516
1712,3084.8546
1713,3081.0490
1714,3079.3097
1715,3077.7233
1716,3075.3794
1717,3074.2307
1718,3071.2605
1719,3069.0026
1720,3066.2198
1721,3064.5022
1722,3062.0725
1723,3057.6308
1724,3055.2776
1725,3054.1048
1726,3052.6648
1727,3050.0295
1728,3048.6596
1729,3047.2543
1730,3047.1103
1731,3044.7025
1732,3045.8155
1733,3044.6045
1734,3041.8918
1735,3040.5691
1736,3036.4037
1737,3034.1282
1738,3032.8400
1739,3030.3674
1740,3027.7250
1741,3024.9376
1742,3023.7558
1743,3020.4830
1744,3017.1337
1745,3012.6500
1746,3009.4459
1747,3007.1037
1748,3004.5161
1749,3002.1708
1750,2999.8624
1751,2998.8108
1752,2995.5719
1753,2992.9154
1754,2990.6328
1755,2988.3792
1756,2986.1119
1757,2984.8003
1758,2982.4929
1759,2980.2575
1760,2979.5110
1761,2978.3764
1762,2972.7316
1763,2969.8980
1764,2963.6300
1765,2960.4461
1766,2961.4799
1767,2959.2986
1768,2959.2507
1769,2958.0133
1770,2955.8659
1771,2953.6338
1772,2952.9040
1773,2951.2622
1774,2949.2874
1775,2947.9077
1776,2945.4007
1777,2934.0327
1778,2930.6865
1779,2927.3789
1780,2928.3893
1781,2924.3474
1782,2924.4390
1783,2920.9166
1784,2916.5008
1785,2915.0548
1786,2911.7355
1787,2910.7571
1788,2909.5597
1789,2907.7635
1790,2906.5263
1791,2903.1827
1792,2901.0711
1793,2898.8137
1794,2894.3505
1795,2891.2048
1796,2889.6148
1797,2887.3708
1798,2883.9440
1799,2881.7420
1800,2880.5261
1801,2877.9967
1802,2876.6570
1803,2875.8101
1804,2873.3332
1805,2871.2337
1806,2865.8369
1807,2861.5060
1808,2859.3385
1809,2858.6090
1810,2856.6899
1811,2855.4385
1812,2854.3670
1813,2853.0486
1814,2850.7171
1815,2848.5169
1816,2846.8921
1817,2844.7917
1818,2843.4246
1819,2840.0621
1820,2837.7206
1821,2835.4561
1822,2832.2754
1823,2830.1320
1824,2827.0476
1825,2824.0521
1826,2821.8372
1827,2818.1462
1828,2815.5260
1829,2814.2419
1830,2811.9242
1831,2811.3902
1832,2809.3395
1833,2808.3436
1834,2806.1719
1835,2804.6536
1836,2802.5029
1837,2800.1759
1838,2798.5752
1839,2796.2935
1840,2794.0359
1841,2792.0544
1842,2789.4518
1843,2787.0221
1844,2783.9200
1845,2781.8038
1846,2780.7963
1847,2778.1661
1848,2775.8498
1849,2774.3993
1850,2772.3000
1851,2770.7496
1852,2768.6570
1853,2766.3336
1854,2765.1851
1855,2762.9144
1856,2762.8436
1857,2761.9045
1858,2757.5254
1859,2755.5859
1860,2754.3495
1861,2751.1237
1862,2749.9382
1863,2746.2907
1864,2745.0445
1865,2742.9156
1866,2741.9510
1867,2739.2306
1868,2736.8956
1869,2735.7597
1870,2733.4025
1871,2732.4357
1872,2730.4766
1873,2729.6820
1874,2726.9013
1875,2726.0001
1876,2727.0689
1877,2727.4745
1878,2728.2941
1879,2729.2449
1880,2722.4746
1881,2719.2321
1882,2713.3479
1883,2711.3585
1884,2712.6067
1885,2712.8654
1886,2712.8263
1887,2712.9798
1888,2712.8241
1889,2710.9733
1890,2708.6058
1891,2709.3823
1892,2711.6582
1893,2711.7975
1894,2717.9120
1895,2717.8335
1896,2710.5112
1897,2713.2289
1898,2716.9769
1899,2723.8591
1900,2720.5112
1901,2715.7712
1902,2711.4379
1903,2708.1647
1904,2705.2462
1905,2703.6350
1906,2704.0269
1907,2705.2000
1908,2706.2356
1909,2707.2380
1910,2708.8904
1911,2709.1269
1912,2708.6103
1913,2708.3488
1914,2708.3917
1915,2707.2353
1916,2706.8241
1917,2706.7850
1918,2705.9968
1919,2706.9647
1920,2706.4235
1921,2704.2055
1922,2704.8650
1923,2705.3955
1924,2705.8153
1925,2705.6828
1926,2706.7261
1927,2706.8312
1928,2706.8112
1929,2706.8696
1930,2705.1494
1931,2703.7826
1932,2698.7271
1933,2695.2996
1934,2690.7046
1935,2689.5380
1936,2687.4990
1937,2686.1765
1938,2685.2500
1939,2685.2870
1940,2684.2868
1941,2682.2186
1942,2678.8723
1943,2677.9861
1944,2676.3837
1945,2675.6349
1946,2674.9120
1947,2674.6039
1948,2672.9667
1949,2673.1157
1950,2672.2572
1951,2672.2219
1952,2672.1148
1953,2672.1578
1954,2671.0572
1955,2670.2886
1956,2670.0575
1957,2670.4609
1958,2670.2578
1959,2669.3697
1960,2668.3185
1961,2668.1597
1962,2667.9435
1963,2667.7697
1964,2667.7001
1965,2667.3059
1966,2666.9939
1967,2667.0828
1968,2666.9586
1969,2666.5914
1970,2666.4903
1971,2666.1432
1972,2665.7491
1973,2665.4103
1974,2665.3380
1975,2666.2602
1976,2664.9556
1977,2664.8519
1978,2664.7997
1979,2664.5508
1980,2665.6234
1981,2664.2992
1982,2664.0980
1983,2662.5504
1984,2662.4591
1985,2662.2603
1986,2661.8390
1987,2661.3517
1988,2662.3509
1989,2662.1192
1990,2662.8637
1991,2662.8082
1992,2663.4893
1993,2663.0244
1994,2665.1301
1995,2666.0330
1996,2667.1309
1997,2668.0381
1998,2668.4546
1999,2669.3115
2000,2670.4855
2001,2670.2719
2002,2670.1648
2003,2669.9545
2004,2670.8946
2005,2670.7423
2006,2669.6374
2007,2669.5433
2008,2670.7835
2009,2670.9702
2010,2670.7981
2011,2670.6684
2012,2670.6345
2013,2670.5878
2014,2670.6958
2015,2670.8076
2016,2670.6634
2017,2670.4702
2018,2670.2824
2019,2670.1627
2020,2670.0389
2021,2669.9095
2022,2669.8182
2023,2669.6355
2024,2670.5654
2025,2670.3107
2026,2670.1694
2027,2670.0597
2028,2670.0015
2029,2670.2271
2030,2670.4049
2031,2670.6700
2032,2670.6207
2033,2670.5191
2034,2670.4392
2035,2671.4272
2036,2671.1884
2037,2671.1156
2038,2671.0832
2039,2670.8946
2040,2670.8066
2041,2670.5134
2042,2670.0873
2043,2671.0522
2044,2670.8772
2045,2670.7420
2046,2670.6181
2047,2670.1427
2048,2671.1757
2049,2670.9466
2050,2671.0849
2051,2670.9983
2052,2670.7404
2053,2670.6116
2054,2670.5413
2055,2670.5246
2056,2671.2258
2057,2671.1509
2058,2671.0029
2059,2670.9423
2060,2670.7230
2061,2670.6054
2062,2671.5343
2063,2671.3009
2064,2671.2239
2065,2670.9559
2066,2670.8584
2067,2670.8002
2068,2670.7067
2069,2670.6142
2070,2670.4826
2071,2670.4342
2072,2670.3701
2073,2670.3506
2074,2670.1076
2075,2669.9581
2076,2669.8146
2077,2669.6079
2078,2669.4028
2079,2669.3547
2080,2669.2560
2081,2669.1833
2082,2669.0280
2083,2667.7833
2084,2667.5522
2085,2667.1677
2086,2667.1519
2087,2666.9874
2088,2666.7340
2089,2666.4310
2090,2666.3857
2091,2667.2180
2092,2667.6774
2093,2663.1694
2094,2660.1450
2095,2659.3299
2096,2657.9170
2097,2655.6809
2098,2654.8855
2099,2653.3451
2100,2650.9809
2101,2651.0684
2102,2649.1241
2103,2641.0007
2104,2639.8106
2105,2637.2120
2106,2635.7427
2107,2634.5735
2108,2634.4643
2109,2632.1678
2110,2632.2041
2111,2631.0699
2112,2629.1742
2113,2629.3757
2114,2626.6277
2115,2625.7007
2116,2624.0690
2117,2623.7400
2118,2623.1616
2119,2622.2239
2120,2620.9180
2121,2619.4928
2122,2617.9197
2123,2617.3348
2124,2616.9815
2125,2615.3598
2126,2615.0072
2127,2613.0135
2128,2612.8526
2129,2612.0021
2130,2611.3088
2131,2609.5233
2132,2607.7538
2133,2607.6653
2134,2605.7117
2135,2604.6433
2136,2603.4870
2137,2602.9851
2138,2602.2143
2139,2599.1790
2140,2600.0032
2141,2598.8657
2142,2596.8461
2143,2595.8374
2144,2594.6195
2145,2593.5841
2146,2591.8932
2147,2590.5659
2148,2589.9150
2149,2589.6020
2150,2589.1709
2151,2584.8327
2152,2584.7750
2153,2584.1577
2154,2582.1033
2155,2581.5547
2156,2580.8578
2157,2580.6472
2158,2579.8869
2159,2580.3955
2160,2580.0242
2161,2579.8028
2162,2578.6202
2163,2577.2491
2164,2575.4287
2165,2576.4070
2166,2575.6187
2167,2576.3493
2168,2575.0911
2169,2575.5892
2170,2574.4014
2171,2575.6390
2172,2575.6145
2173,2576.3774
2174,2575.7029
2175,2575.6423
2176,2577.3556
2177,2577.4586
2178,2577.6725
2179,2578.2104
2180,2578.9297
2181,2581.0013
2182,2582.0222
2183,2582.0596
2184,2581.1644
2185,2581.6715
2186,2580.8368
2187,2580.6146
2188,2580.7502
2189,2580.3854
2190,2579.1469
2191,2580.2155
2192,2579.8645
2193,2579.6402
2194,2579.6258
2195,2580.2376
2196,2579.3824
2197,2580.2605
2198,2580.2455
2199,2579.4151
2200,2579.1197
2201,2579.4969
2202,2579.9875
2203,2579.8495
2204,2579.2117
2205,2580.3447
2206,2581.0578
2207,2582.1095
2208,2583.1478
2209,2584.2593
2210,2585.6202
2211,2587.1537
2212,2588.0480
2213,2590.3041
2214,2591.2125
2215,2592.0284
2216,2593.1926
2217,2593.8900
2218,2595.0079
2219,2596.2610
2220,2597.2512
2221,2599.3850
2222,2600.6985
2223,2602.3116
2224,2603.8542
2225,2604.8551
2226,2606.1854
2227,2606.9658
2228,2607.7065
2229,2608.5408
2230,2609.8084
2231,2611.0711
2232,2612.0479
2233,2612.8891
2234,2615.2554
2235,2616.2231
2236,2616.9338
2237,2618.3050
2238,2619.4332
2239,2620.4109
2240,2621.0198
2241,2622.8251
2242,2623.6255
2243,2624.6080
2244,2625.6845
2245,2626.9701
2246,2628.2072
2247,2629.3478
2248,2630.4433
2249,2632.1156
2250,2633.0597
2251,2634.5611
2252,2636.3397
2253,2638.9143
2254,2641.8772
2255,2644.8436
2256,2646.9941
2257,2648.2863
2258,2647.3491
2259,2646.3027
2260,2646.7083
2261,2647.4164
2262,2648.1378
2263,2649.0536
2264,2649.3180
2265,2650.0759
2266,2650.9070
2267,2651.5787
2268,2651.3205
2269,2651.8245
2270,2652.3046
2271,2654.4693
2272,2651.1621
2273,2650.4145
2274,2650.1129
2275,2648.1290
2276,2643.7159
2277,2642.5807
2278,2641.9885
2279,2640.9013
2280,2642.9555
2281,2644.6290
2282,2644.8805
2283,2646.4419
2284,2646.6010
2285,2648.7956
2286,2650.2345
2287,2651.7470
2288,2653.8525
2289,2653.2402
2290,2655.4115
2291,2655.8430
2292,2657.1372
2293,2655.3645
2294,2656.4941
2295,2655.6008
2296,2656.8184
2297,2658.2689
2298,2659.5652
2299,2660.7828
2300,2662.1509
2301,2660.9869
2302,2662.0331
2303,2662.9341
2304,2662.9975
2305,2662.6174
2306,2663.7311
2307,2662.6961
2308,2662.2961
2309,2662.0977
2310,2661.9918
2311,2660.7764
2312,2660.6989
2313,2660.7738
2314,2660.3754
2315,2663.1227
2316,2664.4130
2317,2665.7107
2318,2666.0502
2319,2666.5668
2320,2667.6433
2321,2668.9177
2322,2669.6072
2323,2672.0536
2324,2672.6046
2325,2673.5630
2326,2672.7176
2327,2674.1261
2328,2674.2215
2329,2673.6622
2330,2675.0352
2331,2674.6361
2332,2673.9111
2333,2674.5975
2334,2672.7717
2335,2672.0865
2336,2671.9484
2337,2672.3485
2338,2672.5018
2339,2674.5439
2340,2674.3741
2341,2673.8183
2342,2673.4371
2343,2674.3844
2344,2674.5319
2345,2670.7129
2346,2672.4296
2347,2671.7873
2348,2671.1671
2349,2671.1996
2350,2671.2015
2351,2669.8558
2352,2669.6627
2353,2671.1173
2354,2670.7907
2355,2670.9886
2356,2671.5069
2357,2670.9323
2358,2671.0093
2359,2671.9568
2360,2671.4792
2361,2672.5199
2362,2672.1892
2363,2671.8519
2364,2671.7684
2365,2671.7560
2366,2673.4481
2367,2672.0393
2368,2674.0181
2369,2674.6733
2370,2674.1774
2371,2673.8324
2372,2674.5777
2373,2674.5579
2374,2674.4981
2375,2675.4053
2376,2675.1144
2377,2674.7012
2378,2676.2111
2379,2676.1699
2380,2677.5815
2381,2679.1606
2382,2680.6061
2383,2681.0415
2384,2683.1641
2385,2684.3865
2386,2685.2760
2387,2685.8330
2388,2687.2721
2389,2688.4437
2390,2689.3816
2391,2690.5689
2392,2691.6780
2393,2692.8289
2394,2693.8684
2395,2694.9043
2396,2696.9569
2397,2698.3435
2398,2705.8182
2399,2708.7061
2400,2709.3551
2401,2712.0342
2402,2712.8329
2403,2713.5549
2404,2715.3342
2405,2717.0022
2406,2717.7794
2407,2721.4079
2408,2730.9709
2409,2729.0034
2410,2729.7685
2411,2727.7925
2412,2727.0353
2413,2730.2203
2414,2731.1382
2415,2731.7019
2416,2731.5853
2417,2735.5113
2418,2741.6112
2419,2742.3093
2420,2742.0444
2421,2742.9395
2422,2741.3325
2423,2743.4893
2424,2742.7976
2425,2747.0779
2426,2750.7002
2427,2751.4095
2428,2750.8593
2429,2751.7104
2430,2754.8819
2431,2755.8360
2432,2757.0403
2433,2758.0061
2434,2758.2791
2435,2759.0108
2436,2760.2391
2437,2761.5168
2438,2763.1114
2439,2764.8654
2440,2765.7008
2441,2766.2139
2442,2767.4708
2443,2767.8187
2444,2769.4736
2445,2770.2732
2446,2771.6665
2447,2772.7556
2448,2772.3958
2449,2774.6127
2450,2775.2542
2451,2775.9418
2452,2775.8017
2453,2777.7143
2454,2777.9090
2455,2778.8153
2456,2779.6967
2457,2779.5932
2458,2781.4193
2459,2783.2806
2460,2784.5204
2461,2785.9259
2462,2786.9518
2463,2787.9205
2464,2789.6204
2465,2789.8357
2466,2791.5022
2467,2792.1679
2468,2792.9409
2469,2793.6475
2470,2794.9662
2471,2795.8181
2472,2796.8135
2473,2798.7387
2474,2799.5217
2475,2801.5552
2476,2802.7387
2477,2803.8027
2478,2804.8954
2479,2805.8665
2480,2806.7303
2481,2807.6830
2482,2808.6419
2483,2809.6237
2484,2810.9314
2485,2811.9156
2486,2813.3175
2487,2815.3341
2488,2816.1571
2489,2816.9768
2490,2818.2836
2491,2820.0378
2492,2821.0547
2493,2822.0460
2494,2837.8379
2495,2840.6169
2496,2845.0861
2497,2848.6624
2498,2851.6948
2499,2850.3547
2500,2849.3202
2501,2849.5491
2502,2848.4948
2503,2849.0236
2504,2850.5332
2505,2850.7125
2506,2853.2443
2507,2854.0304
2508,2855.2089
2509,2854.1453
2510,2855.8495
2511,2858.8626
2512,2860.3103
2513,2862.3557
2514,2864.5096
2515,2865.7777
2516,2868.2003
2517,2870.0149
2518,2872.5290
2519,2876.3175
2520,2875.9882
2521,2877.9726
2522,2881.1738
2523,2881.4292
2524,2879.4224
2525,2884.0678
2526,2887.9073
2527,2891.2227
2528,2895.1828
2529,2898.2987
2530,2901.5284
2531,2904.5002
2532,2906.4596
2533,2910.3470
2534,2911.0243
2535,2910.9373
2536,2909.9932
2537,2910.2445
2538,2912.3585
2539,2914.2749
2540,2915.0639
2541,2914.7441
2542,2914.9058
2543,2916.1794
2544,2916.7099
2545,2917.1226
2546,2918.2074
2547,2921.4058
2548,2922.1640
2549,2922.8833
2550,2924.0932
2551,2925.2918
2552,2925.7488
2553,2929.2252
2554,2930.9258
2555,2932.6746
2556,2933.7370
2557,2946.2862
2558,2958.0188
2559,2958.7829
2560,2959.4767
2561,2961.0462
2562,2965.1461
2563,2963.9964
2564,2962.8592
2565,2963.3887
2566,2963.8355
2567,2964.9661
2568,2964.9124
2569,2965.2617
2570,2965.7509
2571,2967.4776
2572,2968.2937
2573,2968.5190
2574,2970.0665
2575,2970.9809
2576,2972.0612
2577,2972.9083
2578,2976.9540
2579,2978.6885
2580,2978.3001
2581,2977.4814
2582,2978.6623
2583,2979.4598
2584,2981.3666
2585,2983.3124
2586,2985.1687
2587,2986.9642
2588,2988.6613
2589,2988.0171
2590,2988.2393
2591,2989.9068
2592,2991.4424
2593,2992.2683
2594,2993.5069
2595,2994.1626
2596,2994.6806
2597,2994.3943
2598,2997.9138
2599,2998.1894
2600,2997.9374
2601,3001.2445
2602,3015.5995
2603,3015.8753
2604,3016.6793
2605,3015.1932
2606,3017.4501
2607,3018.6973
2608,3019.5501
2609,3019.0680
2610,3020.8585
2611,3021.4391
2612,3021.2839
2613,3023.4571
2614,3024.6639
2615,3024.7848
2616,3022.6891
2617,3023.5655
2618,3025.5752
2619,3026.7210
2620,3026.6521
2621,3027.9787
2622,3028.8324
2623,3029.6609
2624,3031.7607
2625,3032.3913
2626,3033.6573
2627,3035.1589
2628,3037.3347
2629,3038.1739
2630,3039.3658
2631,3039.6707
2632,3041.5914
2633,3043.0608
2634,3044.8620
2635,3045.1915
2636,3046.2406
2637,3048.2626
2638,3053.4873
2639,3053.7007
2640,3053.0295
2641,3053.5400
2642,3053.0972
2643,3055.4051
2644,3055.5716
2645,3055.5518
2646,3056.7920
2647,3058.1691
2648,3059.9158
2649,3060.2796
2650,3062.9497
2651,3062.1574
2652,3061.2497
2653,3061.5788
2654,3064.0390
2655,3063.5808
2656,3064.1043
2657,3066.4184
2658,3067.9457
2659,3069.7589
2660,3070.5469
2661,3073.4801
2662,3072.9315
2663,3076.4108
2664,3077.4467
2665,3079.6852
2666,3084.7924
2667,3087.5592
2668,3089.6480
2669,3090.5948
2670,3088.4266
2671,3086.7965
2672,3091.7122
2673,3119.5228
2674,3123.5726
2675,3126.8239
2676,3126.8950
2677,3130.3072
2678,3130.2264
2679,3130.0318
2680,3129.4580
2681,3129.2250
2682,3128.5355
2683,3139.9794
2684,3141.6814
2685,3140.3553
2686,3147.0764
2687,3146.9610
2688,3147.1210
2689,3146.2922
2690,3145.8664
2691,3151.8984
2692,3152.5466
2693,3151.7556
2694,3150.2726
2695,3148.8869
2696,3148.2210
2697,3150.0881
2698,3150.0349
2699,3152.3495
2700,3154.4356
2701,3156.2262
2702,3158.0195
2703,3161.0892
2704,3160.9576
2705,3161.5455
2706,3163.4903
2707,3166.3563
2708,3167.3229
2709,3168.0222
2710,3168.9785
2711,3172.5147
2712,3172.4813
2713,3174.3133
2714,3174.2954
2715,3176.6357
2716,3177.6552
2717,3180.4740
2718,3181.8678
2719,3183.9943
2720,3185.2837
2721,3186.8746
2722,3188.7841
2723,3190.8443
2724,3191.4992
2725,3193.7795
2726,3195.1354
2727,3195.6391
2728,3196.7511
2729,3198.0729
2730,3198.2245
2731,3200.0921
2732,3200.4805
2733,3202.2235
2734,3202.4179
2735,3203.5611
2736,3204.6452
2737,3204.8419
2738,3205.7631
2739,3208.5609
2740,3209.2829
2741,3209.5170
2742,3209.7957
2743,3211.5805
2744,3214.3021
2745,3212.4245
2746,3208.9376
2747,3211.9255
2748,3213.4564
2749,3215.0273
2750,3216.5480
2751,3221.2539
2752,3222.4975
2753,3224.9742
2754,3226.4435
2755,3228.7204
2756,3230.0847
2757,3231.2720
2758,3232.6462
2759,3233.7477
2760,3235.1825
2761,3236.6107
2762,3238.1828
2763,3239.3928
2764,3242.2411
2765,3243.8076
2766,3245.0402
2767,3246.7542
2768,3258.5409
2769,3257.4937
2770,3256.1598
2771,3254.6768
2772,3256.5176
2773,3258.1275
2774,3259.1505
2775,3260.6707
2776,3261.1458
2777,3264.0452
2778,3265.2683
2779,3266.5572
2780,3268.3296
2781,3270.1476
2782,3297.8516
2783,3295.7842
2784,3295.9979
2785,3293.5071
2786,3294.3089
2787,3294.2381
2788,3297.1454
2789,3298.4893
2790,3307.0190
2791,3307.0459
2792,3306.7939
2793,3307.4176
2794,3309.6566
2795,3314.6086
2796,3317.0044
2797,3318.1500
2798,3318.2874
2799,3318.8007
2800,3321.1834
2801,3323.2729
2802,3324.6124
2803,3326.1340
2804,3326.0570
2805,3331.5291
2806,3331.7764
2807,3333.3964
2808,3334.4979
2809,3335.2599
2810,3337.6980
2811,3338.7508
2812,3341.3038
2813,3342.0694
2814,3343.4856
2815,3344.6031
2816,3346.4448
2817,3350.0049
2818,3351.1889
2819,3353.3573
2820,3356.3309
2821,3357.3620
2822,3359.8101
2823,3360.7714
2824,3361.8791
2825,3363.0061
2826,3365.0610
2827,3368.5532
2828,3370.4882
2829,3372.3333
2830,3374.1679
2831,3375.3631
2832,3376.7414
2833,3378.5081
2834,3380.0104
2835,3380.9097
2836,3382.5688
2837,3384.3634
2838,3385.7021
2839,3387.3086
2840,3387.6853
2841,3387.8491
2842,3388.1946
2843,3388.3882
2844,3388.5207
2845,3389.6334
2846,3390.7669
2847,3392.4806
2848,3395.7241
2849,3402.6794
2850,3401.5362
2851,3400.1384
2852,3401.0627
2853,3405.7455
2854,3405.8173
2855,3405.8311
2856,3406.2092
2857,3406.1494
2858,3406.4910
2859,3406.3230
2860,3407.3651
2861,3407.5489
2862,3407.4254
2863,3407.1455
2864,3405.3695
2865,3406.4729
2866,3406.4493
2867,3406.4527
2868,3406.6603
2869,3407.1898
2870,3407.2154
2871,3407.5105
2872,3407.5289
2873,3406.9657
2874,3408.0923
2875,3408.1888
2876,3408.2232
2877,3408.0186
2878,3407.7458
2879,3407.4922
2880,3407.7320
2881,3407.5348
2882,3407.5017
2883,3407.3677
2884,3406.6563
2885,3407.5408
2886,3406.2910
2887,3406.7898
2888,3406.5523
2889,3406.2755
2890,3407.3853
2891,3406.9772
2892,3406.7168
2893,3407.1846
2894,3406.8940
2895,3408.0479
2896,3408.2901
2897,3408.1388
2898,3407.5375
2899,3408.6697
2900,3408.0830
2901,3408.4189
2902,3408.4384
2903,3408.5345
2904,3408.3605
2905,3408.3586
2906,3408.3824
2907,3407.8782
2908,3407.9182
2909,3408.0188
2910,3407.9590
2911,3408.1054
2912,3407.9452
2913,3407.8956
2914,3408.0284
2915,3407.6068
2916,3407.6152
2917,3407.6660
2918,3407.7594
2919,3407.7713
2920,3407.7523
2921,3407.6855
2922,3407.4776
2923,3409.5759
2924,3409.4827
2925,3409.4839
2926,3409.2925
2927,3409.5449
2928,3408.1318
2929,3407.8982
2930,3407.7709
2931,3407.6707
2932,3407.3594
2933,3406.1828
2934,3405.1366
2935,3405.0491
2936,3405.0581
2937,3405.0150
2938,3404.9532
2939,3404.9304
2940,3405.0226
2941,3405.0264
2942,3404.9301
2943,3405.1015
2944,3404.9764
2945,3404.6888
2946,3404.7177
2947,3406.0190
2948,3404.6850
2949,3403.3945
2950,3402.0352
2951,3400.6150
2952,3398.3281
2953,3394.5384
2954,3395.6332
2955,3395.4499
2956,3395.3438
2957,3395.2935
2958,3395.5009
2959,3395.7174
2960,3395.6833
2961,3392.1740
2962,3390.6503
2963,3389.2372
2964,12.8026
2965,9.4707
2966,8.4615
2967,14.4434
2968,8.6596
2969,10.9050
2970,12.1286
2971,10.9763
2972,12.1624
2973,10.6754
2974,15.9674
2975,17.0708
2976,12.6462
2977,14.4901
2978,13.7768
2979,11.8060
2980,12.0494
2981,12.3775
2982,13.3119
2983,11.5547
2984,17.9877
2985,11.8871
2986,11.3745
2987,10.3447
2988,13.3884
2989,21.6005
2990,16.6316
2991,18.9328
2992,10.9317
2993,12.3301
2994,11.9393
2995,12.0749
2996,10.1879
2997,14.6532
2998,19.1309
2999,16.6316
3000,8.3191
3001,14.1697
3002,10.2837
3003,20.3891
3004,12.8868
3005,13.7463
3006,13.7136
3007,17.9913
3008,13.7990
3009,14.8354
3010,13.8042
3011,11.6975
3012,16.3603
3013,16.4936
3014,14.5416
3015,17.5152
3016,12.4784
3017,11.6870
3018,11.6189
3019,12.6765
3020,11.1437
3021,12.0161
3022,12.1577
3023,11.8372
3024,17.2234
3025,12.6910
3026,11.2994
3027,10.7832
3028,13.3860
3029,11.0803
3030,11.4739
3031,14.5237
3032,13.4265
3033,9.7234
3034,9.3040
3035,9.5310
3036,10.3693
3037,13.8047
3038,11.2901
3039,10.3948
3040,10.6003
3041,15.0411
3042,11.6639
3043,14.2107
3044,14.7481
3045,14.2367
3046,15.0630
3047,15.5690
3048,14.1821
3049,30.3950
3050,22.0149
3051,17.6196
3052,15.6431
3053,17.5018
3054,9.0282
3055,9.2359
3056,12.9626
3057,9.6958
3058,10.5565
3059,14.7178
3060,12.8055
3061,11.4133
3062,17.1280
3063,16.4351
3064,14.0686
3065,8.9905
3066,16.2070
3067,13.7079
3068,10.5951
3069,9.5973
3070,10.1554
3071,11.7259
3072,12.7850
3073,9.7723
3074,10.3669
3075,14.9705
3076,10.9124
3077,9.7308
3078,11.4622
3079,15.1403
3080,16.6202
3081,15.5990
3082,15.3348
3083,10.6385
3084,10.4301
3085,11.0216
3086,11.0939
3087,11.6506
3088,11.1952
3089,8.6205
3090,8.2681
3091,8.3075
3092,15.0721
3093,13.2942
3094,13.5267
3095,12.3959
3096,13.9706
3097,17.5827
3098,13.3283
3099,11.6937
3100,12.1019
3101,16.9048
3102,17.3924
3103,13.8030
3104,12.4345
3105,14.7479
3106,17.4935
3107,13.9174
3108,13.7973
3109,12.9020
3110,11.1408
3111,13.9227
3112,8.1887
3113,9.7728
3114,8.0655
3115,11.2963
3116,11.1289
3117,16.5908
3118,14.9381
3119,10.0658
3120,17.4131
3121,10.1669
3122,10.6771
3123,16.1805
3124,19.3129
3125,14.6511
3126,14.4312
3127,15.9342
3128,19.6261
3129,13.0253
3130,16.2385
3131,17.2575
3132,21.7247
3133,10.6430
3134,11.0257
3135,12.6276
3136,12.1555
3137,12.1083
3138,11.9560
3139,12.9988
3140,12.6987
3141,12.6700
3142,12.5098
3143,10.3161
3144,10.7965
3145,10.2305
3146,12.6824
3147,11.7967
3148,10.1895
3149,14.4911
3150,9.8279
3151,9.1212
3152,9.0580
3153,11.5867
3154,16.8505
3155,12.8973
3156,11.6961
3157,12.7039
3158,15.2221
3159,10.3500
3160,11.7705
3161,11.9417
3162,14.6651
3163,15.2473
3164,13.8881
3165,16.2141
3166,15.8896
3167,15.4371
3168,7.8480
3169,8.3778
3170,10.1604
3171,12.5782
3172,17.8778
3173,15.5871
3174,9.9161
3175,10.7288
3176,9.9745
3177,12.0447
3178,14.8411
3179,11.5170
3180,11.9872
3181,8.4534
3182,11.9436
3183,16.0677
3184,14.7243
3185,7.2038
3186,6.9759
3187,9.3253
3188,8.9223
3189,8.6808
3190,17.5662
3191,9.6049
3192,13.3808
3193,13.8884
3194,14.3435
3195,13.8755
3196,16.1858
3197,12.1055
3198,10.8345
3199,12.1911
3200,9.3014
3201,8.8747
3202,13.7796
3203,12.7852
3204,12.2912
3205,12.4359
3206,15.7542
3207,15.7030
3208,15.5857
3209,10.3464
3210,12.8739
3211,12.0995
3212,14.4510
3213,12.2879
3214,12.1493
3215,19.6061
3216,17.0667
3217,19.7589
3218,14.2884
3219,17.2870
3220,11.1175
3221,11.4086
3222,10.7462
3223,12.3966
3224,10.4928
3225,11.5099
3226,15.9576
3227,10.7725
3228,12.1188
3229,12.9089
3230,11.9977
3231,17.5347
3232,14.1385
3233,14.1654
3234,14.2870
3235,18.2307
3236,15.4650
3237,10.9000
3238,13.5512
3239,17.8666
3240,19.1934
3241,16.2406
3242,14.1158
3243,12.6295
3244,14.1182
3245,18.0931
3246,15.1753
3247,10.4330
3248,12.7726
3249,13.0723
3250,12.8400
3251,11.2865
3252,14.5874
3253,10.7005
3254,12.8181
3255,10.4592
3256,11.7071
3257,12.6975
3258,10.9692
3259,10.3238
3260,11.1239
3261,11.5664
3262,12.6877
3263,10.1988
3264,13.5293
3265,10.7656
3266,15.9054
3267,14.0920
3268,12.1887
3269,13.3603
3270,13.9666
3271,17.2675
3272,11.3637
3273,12.0053
3274,11.7891
3275,13.8571
3276,15.7070
3277,15.3894
3278,8.5189
3279,12.3730
3280,15.0881
3281,10.9568
3282,11.4894
3283,13.5398
3284,14.5903
3285,16.2067
3286,15.8596
3287,14.2708
3288,13.7546
3289,20.2692
3290,7.7887
3291,19.0065
3292,13.9656
3293,9.0437
3294,9.1655
3295,8.9669
3296,10.4117
3297,10.4399
3298,9.0411
3299,6.8736
3300,14.0588
3301,11.6472
3302,9.4674
3303,7.4553
3304,9.4857
3305,8.4009
3306,10.9110
3307,11.3025
3308,13.8097
3309,12.8250
3310,12.9173
3311,14.5478
3312,11.2369
3313,18.0726
3314,9.5150
3315,15.7211
3316,12.2747
3317,12.9516
3318,14.9181
3319,10.9715
3320,16.3300
3321,16.1872
3322,16.2032
3323,12.4173
3324,22.1653
3325,9.3410
3326,12.3031
3327,11.1959
3328,10.2444
3329,10.8423
3330,8.1296
3331,10.0231
3332,10.2236
3333,13.2105
3334,11.3268
3335,10.8769
3336,11.5488
3337,10.5786
3338,14.9734
3339,18.9455
3340,12.0571
3341,13.2232
3342,12.0196
3343,13.2215
3344,12.1603
3345,10.2837
3346,11.3063
3347,21.4667
3348,11.3258
3349,12.3496
3350,14.8184
3351,11.6279
3352,12.8052
3353,12.0637
3354,11.9197
3355,10.8149
3356,8.0578
3357,8.2383
3358,7.9083
3359,12.7792
3360,13.9546
3361,12.1465
3362,12.8961
3363,11.3904
3364,11.6806
3365,18.0619
3366,13.3753
3367,14.7274
3368,13.2782
3369,11.0147
3370,11.5740
3371,10.0622
3372,12.3739
3373,7.6888
3374,8.4727
3375,13.1750
3376,37.1723
3377,17.8237
3378,12.6595
3379,12.0637
3380,17.8421
3381,16.9983
3382,14.5164
3383,16.2592
3384,18.4755
3385,28.5728
3386,24.9367
3387,11.1310
3388,11.5409
3389,15.3277
3390,16.9754
3391,18.7941
3392,12.7466
3393,13.0496
3394,14.4513
3395,13.3636
3396,9.3672
3397,30.4880
3398,8.8534
3399,15.0423
3400,7.8633
3401,10.6716
3402,11.3914
3403,6.8760
3404,6.3534
3405,7.0801
3406,6.6769
3407,8.8789
3408,9.5825
3409,9.8271
3410,9.3362
3411,8.8277
3412,9.5668
3413,11.1909
3414,10.3900
3415,10.8497
3416,9.1374
3417,16.8552
3418,13.6309
3419,10.1688
3420,10.2446
3421,14.4422
3422,14.8177
3423,15.6808
3424,11.7023
3425,12.2404
3426,22.4812
3427,22.0356
3428,11.2326
3429,13.9616
3430,11.8411
3431,14.6630
3432,12.0664
3433,16.8984
3434,9.3019
3435,18.1794
3436,11.9357
3437,14.4188
3438,13.8965
3439,8.7564
3440,9.3021
3441,13.6089
3442,12.1391
3443,17.9541
3444,14.9677
3445,11.8196
3446,11.7011
3447,12.9638
3448,14.2515
3449,9.8486
3450,13.3979
3451,9.0625
3452,9.7282
3453,11.2271
3454,14.8458
3455,15.0113
3456,11.1325
3457,11.8659
3458,16.4933
3459,16.3739
3460,13.3524
3461,19.4569
3462,13.8035
3463,11.5435
3464,10.9391
3465,12.9595
3466,7.2100
3467,10.4740
3468,10.9270
3469,13.3793
3470,11.7943
3471,12.0602
3472,12.5897
3473,11.5552
3474,9.6841
3475,9.0399
3476,10.5445
3477,11.0075
3478,13.1969
3479,10.4034
3480,10.2894
3481,12.0218
3482,10.5951
3483,17.4499
3484,14.3454
3485,15.4190
3486,10.4935
3487,20.5219
3488,13.6282
3489,8.0643
3490,6.6779
3491,7.4205
3492,10.8876
3493,6.7616
3494,14.0369
3495,8.7116
3496,9.8724
3497,13.9635
3498,8.6594
3499,7.0710
3500,8.4472
3501,11.7481
3502,17.0076
3503,10.2603
3504,10.7436
3505,14.1330
3506,12.4638
3507,10.5069
3508,15.5742
3509,15.8923
3510,8.2519
3511,16.4936
3512,10.5672
3513,11.9531
3514,13.3486
3515,11.8999
3516,12.9945
3517,9.0475
3518,10.8914
3519,11.9960
3520,10.3865
3521,11.2758
3522,10.9110
3523,9.2113
3524,9.2418
3525,10.7632
3526,10.4918
3527,11.2324
3528,10.1688
3529,11.4589
3530,9.7415
3531,12.8238
3532,10.8144
3533,11.3029
3534,11.9967
3535,12.7544
3536,8.0237
3537,12.8222
3538,12.9480
3539,9.2900
3540,17.2851
3541,10.7598
3542,12.4617
3543,9.3141
3544,13.7346
3545,12.5542
3546,13.2384
3547,14.0719
3548,12.2969
3549,14.1735
3550,17.6582
3551,16.3102
3552,9.4013
3553,10.4108
3554,12.9452
3555,10.3493
3556,9.0768
3557,10.7505
3558,9.5477
3559,9.8536
3560,8.9386
3561,9.8779
3562,16.5670
3563,11.0679
3564,10.7319
3565,8.3280
3566,12.4323
3567,11.7054
3568,11.3328
3569,10.4690
3570,13.3555
3571,11.9722
3572,15.4760
3573,30.4925
3574,14.1258
3575,12.4812
3576,13.4172
3577,14.5066
3578,12.4135
3579,10.1628
3580,8.4167
3581,8.2850
3582,13.7012
3583,12.2018
3584,13.5734
3585,16.4022
3586,12.3761
3587,12.4474
3588,10.9999
3589,15.2802
3590,9.2664
3591,10.5946
3592,23.2663
3593,9.2514
3594,18.1456
3595,18.7280
3596,13.1109
3597,10.9062
3598,10.4525
3599,6.7763
3600,34.4222
3601,13.4039
3602,12.9032
3603,14.0381
3604,18.3351
3605,14.2908
3606,9.9583
3607,6.9783
3608,11.6303
3609,14.7069
3610,8.5800
3611,12.0292
3612,10.8776
3613,13.5477
3614,14.9381
3615,9.6493
3616,14.8740
3617,14.4308
3618,11.3077
3619,9.9611
3620,10.7040
3621,7.6239
3622,7.5028
3623,14.0431
3624,11.7853
3625,10.3095
3626,12.2030
3627,14.1847
3628,9.7418
3629,11.4872
3630,21.9376
3631,8.7125
3632,13.7110
3633,18.3814
3634,11.2126
3635,14.3149
3636,8.0211
3637,20.4153
3638,13.8862
3639,13.6836
3640,13.3455
3641,10.1323
3642,12.9154
3643,11.6227
3644,8.9183
3645,14.8592
3646,7.8108
3647,6.8996
3648,12.3932
3649,12.1047
3650,9.0792
3651,10.7257
3652,10.5612
3653,12.8429
3654,10.2100
3655,13.1443
3656,13.4029
3657,9.0737
3658,10.9127
3659,23.1316
3660,16.7599
3661,11.0073
3662,11.3108
3663,10.0977
3664,9.6939
3665,18.6312
3666,12.5947
3667,8.8551
3668,13.2592
3669,14.5206
3670,12.0568
3671,14.4970
3672,11.5154
3673,11.1592
3674,13.0806
3675,10.1478
3676,14.8897
3677,13.5491
3678,11.8020
3679,13.3569
3680,12.2721
3681,14.4587
3682,19.2685
3683,19.1882
3684,14.1490
3685,12.5463
3686,19.1441
3687,12.6486
3688,13.6280
3689,19.8357
3690,15.0337
3691,11.9636
3692,13.7126
3693,13.3665
3694,13.1972
3695,18.7533
3696,10.0462
3697,7.1001
3698,12.0177
3699,10.3414
3700,11.5383
3701,8.6367
3702,9.6767
3703,15.0683
3704,8.3914
3705,6.8910
3706,6.9125
3707,13.6518
3708,12.8524
3709,16.3217
3710,10.0260
3711,13.5500
3712,9.4054
3713,8.4705
3714,21.3511
3715,21.5492
3716,16.4218
3717,21.0674
3718,11.4889
3719,14.4269
3720,8.8167
3721,7.5755
3722,14.3058
3723,6.8157
3724,13.5355
3725,15.1896
3726,7.6435
3727,11.4155
3728,12.7959
3729,13.5438
3730,14.1537
3731,9.8014
3732,20.6757
3733,13.7203
3734,10.6990
3735,13.0737
3736,14.0772
3737,11.8878
3738,16.9153
3739,18.2040
3740,22.6641
3741,13.3042
3742,17.2353
3743,13.5067
3744,12.7070
3745,16.3262
3746,16.5391
3747,14.4944
3748,11.1339
3749,19.3231
3750,11.1606
3751,18.6067
3752,18.5306
3753,10.2038
3754,12.7363
3755,10.7093
3756,19.1784
3757,7.9904
3758,11.1806
3759,11.0412
3760,19.8216
3761,14.4639
3762,14.5998
3763,15.9819
3764,15.8713
3765,12.1481
3766,18.9419
3767,11.7831
3768,11.4512
3769,12.3901
3770,7.8590
3771,13.1741
3772,11.7500
3773,9.9330
3774,8.0261
3775,8.6763
3776,12.0881
3777,12.6398
3778,12.8758
3779,13.0374
3780,14.9946
3781,17.9865
3782,13.0248
3783,11.2574
3784,18.5895
3785,12.3680
3786,10.8626
3787,7.7944
3788,14.0364
3789,9.6917
3790,9.5010
3791,15.3894
3792,13.4506
3793,10.1016
3794,10.8030
3795,14.2484
3796,30.9699
3797,15.7661
3798,13.0997
3799,9.7065
3800,12.3041
3801,11.4291
3802,10.4299
3803,10.5932
3804,9.2456
3805,9.1879
3806,11.2646
3807,11.9457
3808,8.9688
3809,10.3519
3810,9.5236
3811,10.8867
3812,11.6825
3813,10.8659
3814,13.7579
3815,11.6484
3816,16.2210
3817,10.2706
3818,11.0497
3819,9.1197
3820,8.7643
3821,8.9343
3822,9.1646
3823,9.6128
3824,9.0785
3825,9.6078
3826,6.7391
3827,9.8598
3828,11.4303
3829,14.5943
3830,12.7215
3831,12.8741
3832,11.3609
3833,11.7917
3834,11.1055
3835,15.2993
3836,11.5337
3837,13.0334
3838,14.3692
3839,12.4433
3840,10.9446
3841,9.9399
3842,11.4179
3843,12.9657
3844,12.7153
3845,12.9180
3846,11.8508
3847,10.6480
3848,13.5820
3849,11.7993
3850,13.4265
3851,9.5294
3852,19.9783
3853,17.9861
3854,19.1638
3855,13.8881
3856,7.1833
3857,16.2287
3858,13.0732
3859,9.0415
3860,10.5324
3861,9.1999
3862,11.4083
3863,15.1849
3864,16.4464
3865,9.1956
3866,11.9026
3867,13.3343
3868,12.9633
3869,12.3394
3870,15.0726
3871,18.4953
3872,15.7399
3873,18.4166
3874,18.6195
3875,11.8632
3876,13.7358
3877,12.3551
3878,12.4757
3879,18.5747
3880,11.2343
3881,24.5581
3882,14.2908
3883,9.7358
3884,15.0712
3885,8.6427
3886,16.1288
3887,10.3872
3888,14.9806
3889,11.0402
3890,10.9208
3891,11.6444
3892,10.8647
3893,10.1981
3894,8.8804
3895,10.0513
3896,13.0093
3897,12.7220
3898,9.2316
3899,13.6106
3900,13.0706
3901,15.4521
3902,11.7788
3903,10.7491
3904,10.6730
3905,11.5156
3906,16.3569
3907,11.8139
3908,16.2513
3909,11.0343
3910,15.6295
3911,11.4968
3912,11.8361
3913,11.6353
3914,11.3158
3915,27.2174
3916,10.4949
3917,11.0753
3918,9.3451
3919,9.9480
3920,10.6475
3921,8.4658
3922,12.9557
3923,11.5321
3924,7.5579
3925,10.5131
3926,9.2180
3927,8.9550
3928,17.1363
3929,13.3677
3930,15.7011
3931,8.1847
3932,11.4994
3933,14.7576
3934,10.6170
3935,11.1070
3936,13.1338
3937,11.9061
3938,14.5044
3939,21.7485
3940,11.8804
3941,18.8715
3942,12.7599
3943,19.5816
3944,8.4150
3945,15.9087
3946,13.3865
3947,8.5714
3948,10.7749
3949,11.8306
3950,11.8392
3951,11.7054
3952,11.3389
3953,12.4919
3954,11.6186
3955,12.1677
3956,12.2838
3957,10.1926
3958,12.3162
3959,9.4223
3960,10.6180
3961,8.3926
3962,12.0366
3963,7.5703
3964,12.7728
3965,11.5786
3966,17.2846
3967,9.6533
3968,12.3222
3969,10.5789
3970,13.6600
3971,10.1407
3972,12.2759
3973,19.2318
3974,12.9294
3975,15.1815
3976,10.4043
3977,9.1558
3978,11.5747
3979,11.4763
3980,12.5515
3981,14.3900
3982,14.7901
3983,9.6123
3984,19.5465
3985,10.0207
3986,11.4775
3987,9.7761
3988,17.2999
3989,19.0294
3990,8.4033
3991,10.7965
3992,13.6199
3993,12.5732
3994,12.9228
3995,20.7043
3996,15.3410
3997,14.3354
3998,17.2448
3999,18.0318
4000,12.2395
4001,13.2194
4002,9.5806
4003,9.5391
4004,7.5481
4005,11.1170
4006,10.6833
4007,7.3013
4008,10.2549
4009,12.2721
4010,12.4557
4011,7.8979
4012,9.6459
4013,8.0507
4014,12.0585
4015,8.1410
4016,12.9509
4017,8.4198
4018,11.4405
4019,8.0929
4020,13.3128
4021,10.4947
4022,11.2190
4023,10.0100
4024,10.5448
4025,20.9446
4026,9.9456
4027,13.7389
4028,11.2894
4029,12.8894
4030,12.0811
4031,10.7231
4032,13.8891
4033,12.0492
4034,9.9776
4035,14.2975
4036,11.5695
4037,11.3580
4038,11.0998
4039,7.6177
4040,10.4167
4041,16.0549
4042,9.1667
4043,11.4200
4044,7.8831
4045,12.6834
4046,11.2712
4047,14.2066
4048,12.9347
4049,15.3873
4050,7.6060
4051,11.0540
4052,11.2102
4053,11.1914
4054,16.0518
4055,16.6070
4056,12.1653
4057,10.0644
4058,8.1792
4059,11.3256
4060,8.5111
4061,16.8476
4062,14.0333
4063,8.3787
4064,13.8459
4065,10.4203
4066,14.2937
4067,8.4767
4068,10.0892
4069,9.4244
4070,14.8652
4071,7.6842
4072,16.7551
4073,9.1126
4074,9.7027
4075,10.1948
4076,10.2897
4077,9.3522
4078,8.9796
4079,14.1358
4080,10.7558
4081,11.6773
4082,9.6419
4083,12.7430
4084,14.1885
4085,12.7180
4086,10.1624
4087,15.9156
4088,12.9683
4089,16.6798
4090,10.8991
4091,10.8511
4092,10.3493
4093,10.6180
4094,12.1944
4095,8.8575
4096,10.7934
4097,19.6078
4098,14.2677
4099,13.5570
4100,11.6615
4101,18.0521
4102,12.2657
4103,15.5551
4104,9.9041
4105,13.7396
4106,12.0080
4107,16.7263
4108,18.0607
4109,16.2747
4110,10.6726
4111,18.5680
4112,20.2088
4113,17.9434
4114,9.5832
4115,9.4049
4116,9.5284
4117,14.4598
4118,9.1798
4119,9.4512
4120,13.6712
4121,12.4202
4122,10.8311
4123,12.6143
4124,12.4886
4125,15.8086
4126,12.2266
4127,12.1956
4128,11.4312
4129,12.8398
4130,9.9647
4131,18.2979
4132,12.1646
4133,9.6803
4134,9.0151
4135,11.5228
4136,11.0011
4137,11.1296
4138,9.9931
4139,14.8902
4140,15.1098
4141,14.0073
4142,16.9306
4143,7.7305
4144,14.1606
4145,11.7855
4146,15.3449
4147,13.0637
4148,9.9154
4149,20.8149
4150,10.5762
4151,10.2589
4152,10.6790
4153,16.7997
4154,11.1871
4155,17.4477
4156,8.9180
4157,11.5955
4158,15.2049
4159,12.1973
4160,9.8064
4161,12.3641
4162,12.1517
4163,10.9866
4164,14.6403
4165,11.7390
4166,10.8361
4167,17.6635
4168,8.8725
4169,16.3200
4170,12.2862
4171,13.6619
4172,16.8808
4173,13.2632
4174,12.5082
4175,9.8417
4176,11.5449
4177,15.1660
4178,9.7616
4179,11.0891
4180,10.7820
4181,8.9369
4182,14.8478
4183,9.3250
4184,10.8976
4185,11.1103
4186,10.1933
4187,11.0130
4188,10.1252
4189,10.3924
4190,9.2802
4191,9.6653
4192,8.7633
4193,9.2440
4194,10.0203
4195,13.1261
4196,11.2026
4197,15.0771
4198,12.0349
4199,18.8785
4200,7.2715
4201,10.9670
4202,12.5847
4203,9.9301
4204,11.1492
4205,13.8319
4206,12.5935
4207,14.1406
4208,10.4964
4209,12.2087
4210,11.0435
4211,9.1691
4212,8.5285
4213,12.5301
4214,14.5595
4215,16.6144
4216,10.5705
4217,8.9819
4218,15.7716
4219,9.4056
4220,9.8338
4221,15.4512
4222,12.2175
4223,9.7861
4224,12.4445
4225,15.6219
4226,11.7073
4227,17.2625
4228,14.3502
4229,9.0530
4230,16.0584
4231,18.8813
4232,11.6947
4233,7.1721
4234,10.3817
4235,11.0755
4236,32.3858
4237,11.5094
4238,8.1105
4239,11.5907
4240,8.3861
4241,12.0666
4242,8.9262
4243,14.6673
4244,10.6969
4245,9.8302
4246,8.9469
4247,9.4573
4248,11.1222
4249,7.3621
4250,12.8329
4251,14.0622
4252,14.3845
4253,12.8250
4254,15.4569
4255,15.3785
4256,17.2548
4257,11.9178
4258,10.3540
4259,9.5747
4260,22.7220
4261,15.2862
4262,11.1754
4263,8.2250
4264,13.8071
4265,17.3779
4266,9.5801
4267,12.5954
4268,15.4867
4269,11.1625
4270,11.1103
4271,11.3826
4272,14.0851
4273,9.0897
4274,8.6000
4275,8.7204
4276,14.1273
4277,13.1390
4278,8.3847
4279,13.6163
4280,9.6638
4281,12.3222
4282,9.5518
4283,11.9195
4284,13.8860
4285,13.3312
4286,13.7689
4287,19.1491
4288,13.4087
4289,18.4639
4290,9.6033
4291,13.3181
4292,9.2781
4293,10.6914
4294,8.7268
4295,11.6050
4296,11.2822
4297,11.4555
4298,10.2410
4299,11.7424
4300,11.0145
4301,15.7437
4302,12.6226
4303,8.6129
4304,11.0943
4305,12.8055
4306,14.4536
4307,12.1362
4308,16.2618
4309,14.3008
4310,13.6125
4311,15.7852
4312,20.1352
4313,12.3153
4314,13.8664
4315,13.9158
4316,10.4160
4317,12.8827
4318,10.0431
4319,12.4984
4320,10.0801
4321,14.6163
4322,10.5183
4323,15.8324
4324,12.1040
4325,10.6952
4326,12.6486
4327,13.6275
4328,14.1375
4329,8.4484
4330,13.5612
4331,10.9847
4332,9.8033
4333,11.1961
4334,15.1265
4335,10.4334
4336,10.3304
4337,13.4189
4338,15.0666
4339,9.7892
4340,11.1520
4341,11.1384
4342,17.3414
4343,15.7835
4344,24.6823
4345,18.3225
4346,14.0824
4347,13.4339
4348,11.1768
4349,15.0249
4350,11.4648
4351,9.9523
4352,12.2769
4353,12.5580
4354,10.7749
4355,12.9139
4356,10.2632
4357,10.9425
4358,13.1147
4359,11.3382
4360,12.3115
4361,14.0188
4362,12.8453
4363,18.4758
4364,11.5790
4365,12.2089
4366,23.0064
4367,19.3346
4368,10.4065
4369,10.1559
4370,9.9645
4371,10.5298
4372,15.2807
4373,14.0023
4374,9.2850
4375,8.8203
4376,8.6951
4377,14.3125
4378,12.6333
4379,11.1902
4380,9.3541
4381,10.5903
4382,11.7803
4383,16.3348
4384,9.1107
4385,11.6220
4386,9.9933
4387,13.0851
4388,13.4914
4389,11.0090
4390,12.9280
4391,10.5834
4392,10.7884
4393,8.7755
4394,12.1338
4395,11.2412
4396,15.3577
4397,11.9958
4398,11.7292
4399,12.4605
4400,16.9299
4401,17.5772
4402,9.1097
4403,10.5362
4404,13.4318
4405,11.8175
4406,10.8683
4407,10.2510
4408,11.8821
4409,8.9359
4410,11.4286
4411,9.6257
4412,9.7389
4413,10.8349
4414,10.5712
4415,10.8624
4416,13.2501
4417,12.5911
4418,13.4478
4419,10.2749
4420,16.7778
4421,10.2878
4422,12.0273
4423,16.5493
4424,14.7007
4425,16.1266
4426,13.4606
4427,11.6937
4428,9.5224
4429,11.8289
4430,14.4544
4431,11.9750
4432,12.7816
4433,12.5704
4434,11.0397
4435,12.5253
4436,22.1944
4437,11.4803
4438,12.9569
4439,12.5508
4440,16.0754
4441,19.8305
4442,15.1696
4443,19.2840
4444,15.8322
4445,18.5046
4446,17.7913
4447,11.9424
4448,8.6775
4449,10.6666
4450,14.1909
4451,14.3647
4452,18.3177
4453,13.7739
4454,17.3392
4455,13.0715
4456,13.0324
4457,12.3503
4458,11.9839
4459,10.2599
4460,12.4135
4461,9.3420
4462,7.8249
4463,11.6572
4464,7.2033
4465,7.9703
4466,9.3148
4467,7.2303
4468,6.9427
4469,9.5358
4470,7.8437
4471,7.0989
4472,6.9993
4473,13.2089
4474,7.6048
4475,9.0706
4476,9.4101
4477,11.9536
4478,8.2378
4479,10.1326
4480,11.9295
4481,10.6633
4482,10.7169
4483,20.0231
4484,12.8727
4485,11.2197
4486,14.7820
4487,10.1025
4488,12.1777
4489,9.5978
4490,13.9959
4491,12.5616
4492,10.0560
4493,20.8988
4494,14.3738
4495,14.6129
4496,10.6618
4497,10.5228
4498,17.0512
4499,8.9617
4500,13.8886
4501,9.6383
4502,11.4400
4503,11.8997
4504,7.6554
4505,8.4779
4506,7.3664
4507,9.0034
4508,10.2062
4509,10.5188
4510,11.4107
4511,10.9730
4512,15.5702
4513,11.2073
4514,18.9626
4515,14.5981
4516,12.8927
4517,14.8830
4518,14.6167
4519,8.1515
4520,14.1881
4521,12.1675
4522,13.9282
4523,10.4895
4524,13.0706
4525,14.1499
4526,13.3455
4527,10.3729
4528,11.2569
4529,11.4481
4530,11.3862
4531,9.8610
4532,9.5215
4533,11.4758
4534,14.2787
4535,12.0981
4536,9.1369
4537,9.8917
4538,10.9029
4539,10.4663
4540,10.6599
4541,12.7912
4542,14.4379
4543,17.9255
4544,13.5157
4545,9.5966
4546,10.3300
4547,6.8936
4548,13.0222
4549,12.0642
4550,10.7224
4551,10.7143
4552,9.5050
4553,15.7259
4554,10.8693
4555,11.5783
4556,11.2467
4557,11.4620
4558,9.7382
4559,14.6830
4560,12.6259
4561,17.1583
4562,10.8356
4563,11.5671
4564,10.4072
4565,10.1502
4566,12.2979
4567,12.4855
4568,9.6180
4569,10.8805
4570,15.4283
4571,17.1394
4572,11.7242
4573,10.7305
4574,10.7207
4575,12.3491
4576,12.8443
4577,14.1490
4578,11.8296
4579,13.4676
4580,15.3024
4581,13.1361
4582,7.7274
4583,15.0504
4584,14.0760
4585,13.2406
4586,10.9365
4587,10.0882
4588,10.0579
4589,20.4396
4590,15.6276
4591,12.3444
4592,13.6163
4593,13.2191
4594,11.3766
4595,11.0908
4596,11.2607
4597,9.5277
4598,7.2935
4599,15.0473
4600,8.7783
4601,9.9204
4602,13.0343
4603,10.2420
4604,13.9611
4605,14.1332
4606,15.1076
4607,10.2184
4608,10.1929
4609,13.8965
4610,12.0592
4611,13.5288
4612,12.3346
4613,9.8598
4614,9.5472
4615,9.9835
4616,7.2341
4617,12.2335
4618,13.4261
4619,10.0303
4620,11.4481
4621,10.9444
4622,9.9542
4623,7.2260
4624,13.8066
4625,9.5062
4626,16.2024
4627,11.1976
4628,10.7384
4629,14.0400
4630,14.1277
4631,11.0261
4632,9.3083
4633,11.8043
4634,8.3365
4635,9.9909
4636,11.4613
4637,11.2517
4638,10.0257
4639,10.3738
4640,9.6700
4641,10.5462
4642,11.1740
4643,13.6793
4644,12.1841
4645,15.7857
4646,8.0857
4647,11.4424
4648,11.2352
4649,12.0950
4650,14.7724
4651,18.6284
4652,14.0355
4653,17.3385
4654,11.7760
4655,13.1817
4656,12.4891
4657,12.9542
4658,12.3134
4659,10.3848
4660,10.6325
4661,8.2719
4662,13.8662
4663,15.1565
4664,10.0038
4665,13.0546
4666,14.3142
4667,12.7091
4668,12.1851
4669,11.6873
4670,12.1830
4671,19.7191
4672,11.3654
4673,12.7645
4674,9.4826
4675,9.9990
4676,13.4811
4677,11.2309
4678,11.3409
4679,13.5963
4680,21.0526
4681,13.7815
4682,11.8704
4683,14.9441
4684,12.2366
4685,13.6099
4686,11.5814
4687,15.5127
4688,14.0431
4689,10.5796
4690,11.0500
4691,12.2635
4692,17.8292
4693,10.4618
4694,15.0797
4695,13.9136
4696,14.1947
4697,18.1472
4698,11.1313
4699,11.3971
4700,12.3031
4701,12.1343
4702,20.6504
4703,12.8655
4704,19.0494
4705,8.1229
4706,14.5450
4707,9.4528
4708,18.0304
4709,10.7725
4710,15.3091
4711,14.7448
4712,11.5135
4713,12.6512
4714,15.0933
4715,12.9461
4716,14.7443
4717,10.6008
4718,9.4936
4719,10.0856
4720,15.7125
4721,14.8833
4722,10.2196
4723,10.3140
4724,11.4627
4725,11.4944
4726,11.6684
4727,13.4444
4728,14.6346
4729,9.2683
4730,12.6746
4731,11.7898
4732,10.8001
4733,16.1438
4734,18.9290
4735,12.2535
4736,9.8422
4737,12.3739
4738,10.3409
4739,12.5635
4740,12.2030
4741,15.7063
4742,8.6489
4743,6.4459
4744,11.2312
4745,9.1586
4746,6.9890
4747,14.6084
4748,13.6340
4749,10.2212
4750,12.8617
4751,13.4010
4752,11.1845
4753,13.1080
4754,12.6219
4755,10.9873
4756,14.2474
4757,9.8765
4758,7.8726
4759,10.2615
4760,10.5624
4761,10.4439
4762,10.8747
4763,12.7771
4764,14.9534
4765,21.4536
4766,14.2336
4767,14.8463
4768,16.2079
4769,12.0308
4770,11.7204
4771,12.6121
4772,10.2088
4773,10.9825
4774,8.5242
4775,13.8810
4776,15.9900
4777,11.3981
4778,10.9327
4779,15.2051
4780,7.4885
4781,7.0457
4782,18.2002
4783,10.0093
4784,11.9410
4785,13.3669
4786,13.3014
4787,11.4999
4788,11.5395
4789,13.9210
4790,10.2291
4791,10.6933
4792,18.0767
4793,11.8878
4794,23.3877
4795,12.4600
4796,15.6500
4797,7.5772
4798,18.5578
4799,15.0266
4800,11.5483
4801,17.4253
4802,12.2247
4803,12.4846
4804,9.4869
4805,12.6481
4806,13.8717
4807,14.5845
4808,13.6302
4809,11.4319
4810,13.3243
4811,17.3867
4812,10.8099
4813,11.6949
4814,9.5084
4815,12.2666
4816,11.1349
4817,10.1936
4818,15.2874
4819,14.7090
4820,16.2892
4821,17.4787
4822,15.4772
4823,14.0185
4824,9.4686
4825,14.2453
4826,16.5226
4827,8.2104
4828,10.6556
4829,25.3537
4830,11.7681
4831,17.2842
4832,13.8001
4833,10.7763
4834,12.6956
4835,11.8432
4836,12.7747
4837,15.4691
4838,8.7991
4839,11.2603
4840,13.6144
4841,9.6388
4842,14.2004
4843,12.1500
4844,10.7169
4845,15.0311
4846,9.4948
4847,8.5268
4848,12.3565
4849,22.2628
4850,11.7035
4851,10.5689
4852,15.5027
4853,14.5130
4854,15.1448
4855,12.2309
4856,10.7553
4857,14.9417
4858,9.3665
4859,9.7992
4860,11.6572
4861,10.5519
4862,17.2284
4863,10.7517
4864,12.5732
4865,11.7195
4866,14.2088
4867,14.7345
4868,11.0207
4869,7.4737
4870,18.1966
4871,12.8818
4872,7.2234
4873,9.4223
4874,12.4791
4875,14.0102
4876,17.7639
4877,17.9365
4878,27.6456
4879,16.8905
4880,18.4708
4881,14.5555
4882,8.6439
4883,12.3658
4884,9.7299
4885,13.9894
4886,11.4799
4887,11.5004
4888,9.3555
4889,8.5516
4890,8.9326
4891,8.9431
4892,11.2560
4893,14.8280
4894,12.2540
4895,13.6294
4896,16.5803
4897,11.0478
4898,14.7870
4899,12.5165
4900,16.0546
4901,9.6259
4902,12.0590
4903,13.7570
4904,12.2275
4905,12.6169
4906,13.2883
4907,19.1095
4908,22.8016
4909,16.8195
4910,14.9088
4911,14.6940
4912,9.3420
4913,11.1537
4914,10.8056
4915,9.3176
4916,10.0598
4917,8.9283
4918,8.8224
4919,9.5661
4920,10.1330
4921,10.0813
4922,9.5892
4923,9.4359
4924,10.1273
4925,9.8553
4926,10.0415
4927,9.7499
4928,10.3428
4929,10.0205
4930,10.4918
4931,10.2003
4932,9.8858
4933,12.6183
4934,12.9366
4935,13.7622
4936,14.8296
4937,11.3425
4938,20.9167
4939,15.1186
4940,25.0742
4941,9.5029
4942,12.3301
4943,18.2531
4944,8.9750
4945,10.9987
4946,13.7217
4947,11.2820
4948,8.8863
4949,9.7973
4950,9.0244
4951,16.2542
4952,18.0867
4953,11.8864
4954,10.4692
4955,15.2361
4956,14.6015
4957,12.5067
4958,15.4960
4959,15.6157
4960,14.0700
4961,10.2680
4962,13.2625
4963,16.0208
4964,10.7780
4965,11.1508
4966,19.4724
4967,13.8984
4968,11.9185
4969,12.3703
4970,12.2092
4971,9.2688
4972,11.8239
4973,11.4298
4974,9.5367
4975,9.8367
4976,13.3832
4977,15.3494
4978,12.3320
4979,14.0276
4980,12.7332
4981,22.4326
4982,11.4818
4983,10.7944
4984,13.2132
4985,9.9254
4986,9.7077
4987,10.7071
4988,15.3832
4989,12.6321
4990,15.6481
4991,11.1048
4992,9.0570
4993,10.7534
4994,16.2194
4995,11.7440
4996,10.2332
4997,15.3184
4998,12.0101
4999,12.4390
5000,7.6580
5001,9.6912
5002,11.7233
5003,11.9305
5004,11.6217
5005,9.5861
5006,8.6393
5007,12.4872
5008,10.3858
5009,8.1410
5010,12.9743
5011,13.1588
5012,8.3354
5013,8.4078
5014,10.8500
5015,12.4207
5016,15.9042
5017,11.4462
5018,11.6162
5019,12.1131
5020,14.6184
5021,13.1233
5022,13.0539
5023,25.5148
5024,11.4951
5025,17.7715
5026,13.4091
5027,9.1221
5028,9.9294
5029,11.1628
5030,9.8915
5031,9.8493
5032,11.4391
5033,17.7221
5034,14.6232
5035,14.5433
5036,14.8349
5037,12.8851
5038,12.1868
5039,10.1421
5040,12.7997
5041,12.1179
5042,7.4444
5043,8.4374
5044,10.0930
5045,10.3679
5046,9.9561
5047,9.5868
5048,13.7486
5049,11.7869
5050,13.9875
5051,14.0111
5052,24.2038
5053,12.5358
5054,12.6421
5055,9.5696
5056,9.6602
5057,6.4955
5058,16.5765
5059,8.2681
5060,9.0237
5061,9.7628
5062,11.7404
5063,8.8172
5064,7.1840
5065,8.4515
5066,13.3536
5067,10.7586
5068,11.6701
5069,14.6341
5070,11.4062
5071,9.4507
5072,12.3339
5073,13.1876
5074,14.3106
5075,12.8510
5076,12.9225
5077,13.0961
5078,8.8971
5079,21.3811
5080,27.9655
5081,11.7307
5082,11.4522
5083,11.7576
5084,11.9612
5085,12.6722
5086,10.1380
5087,14.8835
5088,9.0194
5089,11.0972
5090,16.0563
5091,12.5387
5092,11.9500
5093,10.2587
5094,11.6251
5095,16.7985
5096,17.1771
5097,17.1845
5098,13.4213
5099,16.9494
5100,10.4706
5101,12.3255
5102,12.8047
5103,12.0702
5104,10.8554
5105,15.8806
5106,10.6361
5107,13.0100
5108,7.1328
5109,11.5294
5110,14.9574
5111,9.6333
5112,13.6011
5113,9.9578
5114,7.3283
5115,18.1320
5116,16.4475
5117,20.2198
5118,9.2940
5119,11.4188
5120,14.1833
5121,15.5320
5122,13.5787
5123,11.0188
5124,15.0690
5125,10.2894
5126,12.5427
5127,10.6578
5128,14.5783
5129,11.2073
5130,10.3240
5131,11.0087
5132,10.5245
5133,9.8019
5134,22.3515
5135,17.7200
5136,8.3098
5137,17.2174
5138,15.0037
5139,11.7731
5140,11.3876
5141,14.5786
5142,13.0844
5143,20.8898
5144,9.9835
5145,14.1733
5146,12.9380
5147,12.7065
5148,10.2367
5149,11.5111
5150,11.1189
5151,13.1605
5152,11.0073
5153,11.2195
5154,12.6917
5155,16.0961
5156,12.5134
5157,11.2612
5158,12.6762
5159,10.8883
5160,14.8790
5161,11.0478
5162,8.1933
5163,11.3208
5164,13.9494
5165,9.8331
5166,12.9194
5167,14.9398
5168,10.7601
5169,10.7751
5170,9.9416
5171,13.2554
5172,14.8561
5173,12.6283
5174,10.5903
5175,10.4513
5176,7.8611
5177,7.1259
5178,9.4132
5179,9.1963
5180,10.8051
5181,11.9259
5182,12.2507
5183,10.7555
5184,13.3693
5185,12.9573
5186,18.3110
5187,16.4006
5188,9.9444
5189,12.3100
5190,11.6153
5191,26.4812
5192,14.4482
5193,12.6569
5194,10.8054
5195,9.9576
5196,10.7079
5197,10.2441
5198,11.8570
5199,11.6470
5200,9.0187
5201,12.8036
5202,11.0559
5203,14.1718
5204,10.3157
5205,157.4640
5206,11.2059
5207,13.3338
5208,9.3217
5209,11.5101
5210,9.0458
5211,7.3688
5212,8.1263
5213,7.9639
5214,8.8754
5215,12.2287
5216,11.9133
5217,12.9557
5218,13.8891
5219,12.7785
5220,10.2496
5221,18.0125
5222,11.8120
5223,11.3213
5224,10.1166
5225,11.5659
5226,11.2567
5227,14.2491
5228,15.8045
5229,9.3763
5230,12.8374
5231,10.8032
5232,7.4399
5233,13.6132
5234,16.7685
5235,10.9653
5236,7.7510
5237,13.6151
5238,11.6193
5239,11.7235
5240,10.1414
5241,11.3065
5242,9.8901
5243,10.9727
5244,14.3909
5245,10.9820
5246,10.8137
5247,11.7240
5248,8.7934
5249,13.5217
5250,14.2438
5251,10.8593
5252,11.3337
5253,11.6994
5254,11.0211
5255,10.6044
5256,13.4010
5257,7.6644
5258,8.7001
5259,14.3282
5260,11.5945
5261,10.5948
5262,11.2872
5263,10.1268
5264,12.0518
5265,14.3270
5266,11.7285
5267,11.1396
5268,12.5825
5269,13.8569
5270,10.2820
5271,12.3572
5272,13.5276
5273,13.4630
5274,13.9005
5275,14.7793
5276,20.5047
5277,21.3819
5278,8.8031
5279,6.8097
5280,9.9452
5281,7.4179
5282,10.1829
5283,8.0395
5284,8.5208
5285,15.0895
5286,13.5684
5287,14.4029
5288,11.6229
5289,14.4262
5290,8.2803
5291,14.9736
5292,10.9296
5293,9.7957
5294,13.7985
5295,11.5750
5296,10.3419
5297,15.0006
5298,13.2468
5299,9.3048
5300,13.7181
5301,12.3825
5302,12.2213
5303,14.0076
5304,11.4605
5305,11.9433
5306,11.0512
5307,12.6212
5308,14.6825
5309,14.0941
5310,11.2731
5311,12.2857
5312,9.7237
5313,9.0005
5314,10.3192
5315,9.1152
5316,10.3457
5317,11.5244
5318,10.7555
5319,10.0529
5320,11.6258
5321,11.7052
5322,11.8108
5323,12.4145
5324,10.6971
5325,8.9281
5326,12.0821
5327,9.9983
5328,10.2799
5329,12.6760
5330,12.1200
5331,9.9373
5332,10.4959
5333,8.8077
5334,10.8578
5335,9.4125
5336,17.7517
5337,8.2145
5338,19.6543
5339,8.4438
5340,11.5988
5341,9.0716
5342,9.4323
5343,11.3702
5344,10.7687
5345,9.6159
5346,13.5269
5347,14.4720
5348,10.6204
5349,9.7756
5350,8.1642
5351,12.4261
5352,14.5917
5353,10.7801
5354,11.9913
5355,9.9421
5356,10.8099
5357,14.6077
5358,9.4905
5359,8.5027
5360,9.7463
5361,9.6605
5362,13.3104
5363,14.6606
5364,8.4128
5365,10.5865
5366,19.6505
5367,16.3143
5368,19.7213
5369,13.0889
5370,12.0997
5371,12.4326
5372,11.3966
5373,19.6152
5374,10.9031
5375,11.2696
5376,12.4927
5377,12.8536
5378,7.4494
5379,8.4753
5380,12.9941
5381,13.7088
5382,12.5110
5383,10.1304
5384,17.3366
5385,12.5299
5386,10.3238
5387,13.2701
5388,10.5271
5389,14.0097
5390,11.9114
5391,10.3281
5392,10.0310
5393,11.2722
5394,21.2693
5395,11.5852
5396,10.0415
5397,10.8092
5398,10.0603
5399,9.8991
5400,12.5568
5401,11.6687
5402,10.4871
5403,12.1074
5404,10.2997
5405,10.5519
5406,12.0811
5407,15.7485
5408,9.8720
5409,12.2790
5410,11.9052
5411,14.3127
5412,13.4888
5413,15.4359
5414,11.3564
5415,12.7034
5416,15.4736
5417,13.8724
5418,15.2023
5419,12.4962
5420,13.4881
5421,17.9362
5422,13.2997
5423,11.9109
5424,14.2553
5425,13.5036
5426,12.2650
5427,13.2504
5428,12.9120
5429,11.5850
5430,14.8222
5431,12.8341
5432,14.6384
5433,9.9998
5434,11.7269
5435,13.8941
5436,10.7844
5437,12.1427
5438,12.2445
5439,11.9133
5440,11.0805
5441,12.9075
5442,13.5822
5443,11.7211
5444,17.3883
5445,13.9279
5446,11.1895
5447,11.3111
5448,11.6127
5449,12.7389
5450,11.5263
5451,9.8193
5452,10.4883
5453,12.3186
5454,9.0697
5455,9.8927
5456,12.3816
5457,8.6534
5458,21.8651
5459,15.6953
5460,8.8422
5461,14.1745
5462,10.4816
5463,12.1481
5464,12.6164
5465,13.6933
5466,11.4572
5467,15.8632
5468,18.8391
5469,15.3399
5470,18.9106
5471,13.4714
5472,19.3198
5473,11.0273
5474,10.2458
5475,17.8621
5476,10.6354
5477,17.4074
5478,8.8127
5479,11.2162
5480,10.2279
5481,9.9900
5482,16.0587
5483,10.8948
5484,13.8698
5485,7.6220
5486,15.5060
5487,11.3513
5488,10.2775
5489,11.6768
5490,15.6324
5491,11.2967
5492,11.5759
5493,10.6947
5494,10.5333
5495,10.8178
5496,11.4536
5497,14.0431
5498,16.1030
5499,10.3321
5500,19.7840
5501,10.2193
5502,22.9063
5503,11.4763
5504,12.5546
5505,13.8664
5506,16.6557
5507,12.6481
5508,16.6841
5509,11.0688
5510,12.1217
5511,14.7557
5512,12.5105
5513,11.0660
5514,11.0600
5515,13.3743
5516,11.0614
5517,9.9537
5518,11.6022
5519,10.5529
5520,8.0700
5521,7.9825
5522,11.5409
5523,14.5264
5524,7.5955
5525,9.9981
5526,11.1041
5527,13.7672
5528,14.9500
5529,29.2306
5530,10.1662
5531,17.9808
5532,13.4153
5533,10.7265
5534,7.0610
5535,10.8571
5536,10.2844
5537,10.0892
5538,9.1236
5539,8.5618
5540,8.2016
5541,8.6699
5542,10.4978
5543,11.3373
5544,12.5926
5545,9.0125
5546,14.2255
5547,10.4706
5548,18.2366
5549,6.9356
5550,11.3792
5551,12.0561
5552,9.0039
5553,9.9037
5554,9.8984
5555,11.0116
5556,12.5427
5557,9.8798
5558,16.3536
5559,18.0428
5560,16.8762
5561,16.7484
5562,13.7992
5563,13.6285
5564,9.5172
5565,10.1986
5566,9.0551
5567,9.5003
5568,8.9076
5569,7.0899
5570,8.4634
5571,11.0683
5572,13.8662
5573,15.5180
5574,13.0105
5575,10.3202
5576,10.8414
5577,10.4074
5578,11.2259
5579,9.5024
5580,14.7216
5581,8.8196
5582,10.2701
5583,11.5705
5584,10.5114
5585,16.3898
5586,16.7301
5587,9.6717
5588,29.8870
5589,11.0707
5590,13.6411
5591,14.8036
5592,17.0813
5593,10.8616
5594,16.2218
5595,9.1321
5596,9.9127
5597,10.5290
5598,10.3774
5599,11.3387
5600,10.5712
5601,13.4382
5602,16.8602
5603,17.0617
5604,12.0540
5605,14.3929
5606,13.6907
5607,13.7587
5608,10.8986
5609,10.2367
5610,11.4663
5611,11.8876
5612,17.7138
5613,13.4854
5614,17.3340
5615,12.4917
5616,14.1859
5617,13.2177
5618,15.6574
5619,21.9638
5620,10.6270
5621,15.2857
5622,17.0405
5623,9.0983
5624,11.0068
5625,10.0975
5626,10.0670
5627,10.7329
5628,8.6257
5629,14.2639
5630,11.2908
5631,12.4915
5632,13.0274
5633,11.7488
5634,10.4830
5635,9.5479
5636,10.4113
5637,11.4472
5638,12.0609
5639,10.7174
5640,11.6217
5641,14.5719
5642,12.8465
5643,11.6816
5644,12.9440
5645,12.7165
5646,11.7116
5647,11.5476
5648,12.1787
5649,10.8881
5650,10.9448
5651,11.8017
5652,11.5514
5653,11.9085
5654,10.8407
5655,10.9282
5656,11.5862
5657,9.0642
5658,10.1140
5659,10.9534
5660,8.6904
5661,9.3825
5662,11.2393
5663,12.2688
5664,13.4289
5665,11.0698
5666,9.7828
5667,12.6512
5668,11.5712
5669,15.5659
5670,10.4799
5671,12.9941
5672,10.0286
5673,12.5582
5674,12.7733
5675,9.5351
5676,11.3356
5677,13.6008
5678,10.7796
5679,12.0366
5680,13.1819
5681,17.3457
5682,16.3455
5683,14.1599
5684,13.8407
5685,10.0343
5686,9.0795
5687,7.2882
5688,10.3233
5689,8.0521
5690,10.8602
5691,11.4465
5692,11.9758
5693,11.6386
5694,8.9784
5695,12.1307
5696,15.0661
5697,7.5183
5698,11.4462
5699,7.4723
5700,10.6285
5701,11.9045
5702,13.8130
5703,11.4913
5704,11.9438
5705,20.1719
5706,10.6978
5707,12.1388
5708,10.1721
5709,11.2278
5710,11.1501
5711,9.7589
5712,10.5813
5713,10.5116
5714,13.2847
5715,12.3746
5716,13.2291
5717,14.4565
5718,15.7232
5719,9.6276
5720,10.6399
5721,10.7810
5722,12.6865
5723,10.7384
5724,9.9134
5725,12.3246
5726,15.7082
5727,11.5967
5728,10.9270
5729,12.1152
5730,10.7169
5731,10.0772
5732,10.1495
5733,15.6384
5734,11.3027
5735,9.5072
5736,11.8427
5737,13.7565
5738,10.7667
5739,13.2015
5740,11.1976
5741,12.6145
5742,10.4959
5743,11.3914
5744,10.6304
5745,10.6332
5746,9.9974
5747,10.6759
5748,10.7806
5749,10.5498
5750,11.7002
5751,12.1701
5752,9.6982
5753,11.2696
5754,9.7063
5755,11.6169
5756,11.2445
5757,11.9205
5758,14.0400
5759,16.2511
5760,13.6833
5761,14.7095
5762,21.0042
5763,25.4343
5764,14.0986
5765,11.3018
5766,10.0987
5767,10.6354
5768,12.0649
5769,11.7364
5770,13.0751
5771,11.6227
5772,10.9050
5773,10.9770
5774,12.4369
5775,7.7467
5776,11.4579
5777,15.5838
5778,10.7105
5779,11.5049
5780,15.5008
5781,14.1349
5782,11.0180
5783,12.2941
5784,13.3033
5785,8.5847
5786,18.1253
5787,13.2914
5788,13.6921
5789,9.8057
5790,19.9654
5791,11.7202
5792,10.5429
5793,20.2827
5794,12.6009
5795,11.9262
5796,13.6373
5797,22.4593
5798,10.2360
5799,13.8535
5800,11.3080
5801,11.4999
5802,10.9358
5803,13.5362
5804,10.9131
5805,12.7940
5806,9.5687
5807,8.6181
5808,10.9539
5809,12.9504
5810,8.8489
5811,10.7806
5812,13.2656
5813,17.3147
5814,11.7538
5815,10.2391
5816,14.0345
5817,12.4223
5818,12.2190
5819,16.4697
5820,25.7428
5821,13.5431
5822,14.2446
5823,10.9270
5824,14.7624
5825,13.9065
5826,13.5958
5827,12.1274
5828,13.5567
5829,17.7250
5830,14.8871
5831,17.0257
5832,14.6329
5833,9.7823
5834,12.4927
5835,12.3267
5836,10.8037
5837,11.5843
5838,14.0662
5839,88.6071
5840,11.1556
5841,10.4635
5842,14.6496
5843,16.8228
5844,14.3261
5845,9.9645
5846,11.9932
5847,8.6310
5848,9.8643
5849,9.7013
5850,7.1828
5851,10.8731
5852,11.9283
5853,10.8585
5854,11.0459
5855,9.9788
5856,7.6089
5857,10.7560
5858,9.1603
5859,9.8159
5860,17.5054
5861,13.7200
5862,16.7272
5863,11.7602
5864,12.2929
5865,18.9879
5866,9.4576
5867,11.6069
5868,13.7682
5869,17.2257
5870,10.1516
5871,11.5247
5872,11.9162
5873,15.1529
5874,18.4546
5875,12.7947
5876,15.1744
5877,12.6307
5878,11.7936
5879,13.6592
5880,11.5509
5881,10.7238
5882,11.5130
5883,14.2908
5884,12.0673
5885,9.2046
5886,10.6406
5887,10.6063
5888,10.3836
5889,14.0035
5890,11.1647
5891,10.2601
5892,13.8237
5893,12.2738
5894,13.3109
5895,8.5757
5896,7.2739
5897,13.6089
5898,8.6203
5899,11.9371
5900,11.0519
5901,14.2517
5902,10.4721
5903,10.0367
5904,11.8253
5905,16.0060
5906,9.2971
5907,11.1680
5908,14.7679
5909,14.6346
5910,11.5118
5911,10.1593
5912,8.0910
5913,9.8963
5914,8.5227
5915,8.4631
5916,8.9266
5917,12.0082
5918,10.3188
5919,11.3745
5920,7.5338
5921,8.9991
5922,11.4143
5923,11.3776
5924,18.0955
5925,9.1867
5926,10.6657
5927,10.8376
5928,13.5777
5929,12.4755
5930,11.5900
5931,13.6836
5932,15.0855
5933,15.0490
5934,11.6918
5935,25.3291
5936,18.6272
5937,16.2785
5938,15.1360
5939,16.0353
5940,12.6610
5941,10.0989
5942,12.3019
5943,10.9861
5944,9.7272
5945,13.0694
5946,11.8988
5947,11.5292
5948,12.8872
5949,14.0650
5950,14.3225
5951,13.8032
5952,15.1691
5953,11.7412
5954,8.8830
5955,11.0357
5956,7.5693
5957,8.4145
5958,6.8538
5959,6.6459
5960,10.7403
5961,9.9776
5962,14.3132
5963,19.3326
5964,14.1559
5965,15.5323
5966,14.0882
5967,10.7131
5968,15.6112
5969,15.9283
5970,14.6694
5971,11.6477
5972,11.7393
5973,9.7077
5974,36.6650
5975,9.9928
5976,14.2481
5977,7.6182
5978,10.6077
5979,14.2779
5980,10.0811
5981,11.2846
5982,11.2143
5983,21.5976
5984,6.8705
5985,12.3520
5986,10.8409
5987,13.5357
5988,14.3769
5989,12.8632
5990,10.6552
5991,22.1729
5992,20.3168
5993,14.7791
5994,15.3458
5995,12.4207
5996,12.0354
5997,10.5679
5998,13.0179
5999,17.9379
6000,10.6053
6001,12.2299
6002,9.4583
6003,12.1176
6004,12.9952
6005,11.6119
6006,9.9511
6007,9.4926
6008,9.5439
6009,9.5508
6010,9.7625
6011,9.2704
6012,11.2846
6013,10.2944
6014,10.9823
6015,10.6332
6016,10.4125
6017,10.3779
6018,9.4664
6019,14.1249
6020,9.8064
6021,12.6400
6022,16.2663
6023,16.1836
6024,13.9778
6025,14.2088
6026,12.1903
6027,11.7719
6028,14.2276
6029,17.7195
6030,14.9152
6031,16.7105
6032,11.0469
6033,10.7200
6034,11.9290
6035,10.1023
6036,11.1020
6037,10.5340
6038,13.1803
6039,9.4829
6040,13.6354
6041,9.8975
6042,11.9312
6043,11.6596
6044,13.5977
6045,10.4504
6046,12.6023
6047,16.5331
6048,16.8288
6049,15.2967
6050,11.7064
6051,9.6941
6052,8.2598
6053,11.5001
6054,11.1225
6055,10.7307
6056,13.1781
6057,16.5551
6058,11.8990
6059,13.9058
6060,13.5033
6061,13.6838
6062,7.6175
6063,7.5724
6064,10.5212
6065,9.4609
6066,12.5875
6067,13.7134
6068,11.7135
6069,11.1010
6070,12.4869
6071,15.5344
6072,14.5729
6073,10.9272
6074,10.4516
6075,10.3850
6076,7.0858
6077,7.2565
6078,13.7799
6079,18.4405
6080,15.6748
6081,13.8509
6082,15.8386
6083,11.3692
6084,12.2924
6085,12.5167
6086,14.2012
6087,11.5445
6088,8.3938
6089,14.6868
6090,11.5790
6091,12.2442
6092,6.9156
6093,11.6265
6094,10.7961
6095,11.0562
6096,11.5950
6097,9.6641
6098,13.2980
6099,12.2812
6100,14.7963
6101,8.5664
6102,20.6826
6103,9.6097
6104,17.5409
6105,11.7064
6106,18.4062
6107,15.4951
6108,11.0936
6109,12.1150
6110,9.3701
6111,15.4445
6112,10.3881
6113,12.6109
6114,10.3762
6115,12.4950
6116,9.4852
6117,18.2183
6118,13.0372
6119,7.6799
6120,13.2952
6121,14.7870
6122,10.5090
6123,10.5228
6124,7.3581
6125,10.7582
6126,7.2994
6127,6.8612
6128,9.9533
6129,12.6336
6130,9.9723
6131,14.4262
6132,12.8064
6133,10.7532
6134,19.3663
6135,13.2368
6136,24.1113
6137,20.2587
6138,22.2344
6139,16.4893
6140,12.3770
6141,18.5549
6142,12.8770
6143,16.4363
6144,15.3484
6145,11.6990
6146,14.5645
6147,16.7797
6148,9.2764
6149,12.6638
6150,12.6321
6151,14.8630
6152,11.3199
6153,11.9565
6154,14.2205
6155,14.6940
6156,17.0121
6157,8.9767
6158,10.3285
6159,9.4299
6160,9.3555
6161,6.6407
6162,15.5582
6163,12.9497
6164,22.0091
6165,18.4534
6166,12.6054
6167,19.9335
6168,11.7571
6169,13.5450
6170,15.9459
6171,7.1151
6172,12.7447
6173,10.6704
6174,10.4315
6175,10.3929
6176,10.7996
6177,9.3186
6178,13.5140
6179,11.1353
6180,11.4012
6181,9.8338
6182,12.3153
6183,9.5310
6184,6.5944
6185,8.8322
6186,7.0131
6187,8.0466
6188,9.7651
6189,10.3419
6190,12.2697
6191,10.9954
6192,26.7832
6193,15.5265
6194,22.7611
6195,8.9128
6196,11.4024
6197,9.6734
6198,10.8719
6199,12.2960
6200,10.1683
6201,7.6704
6202,14.8051
6203,15.0130
6204,14.7386
6205,14.7550
6206,11.4143
6207,11.3821
6208,12.7194
6209,10.4296
6210,13.4974
6211,8.5659
6212,10.5233
6213,11.7702
6214,18.9548
6215,9.8643
6216,17.5543
6217,8.4994
6218,14.2486
6219,17.4255
6220,7.6675
6221,17.3724
6222,15.9581
6223,16.9010
6224,14.1423
6225,17.1061
6226,16.3116
6227,14.2348
6228,11.7984
6229,8.1148
6230,7.3476
6231,12.8665
6232,11.8430
6233,10.4091
6234,9.9649
6235,10.2482
6236,11.7054
6237,9.0125
6238,15.8088
6239,9.6679
6240,11.5945
6241,10.0472
6242,11.9412
6243,9.9747
6244,11.8611
6245,11.2901
6246,17.2670
6247,13.4833
6248,10.6375
6249,16.7403
6250,12.1830
6251,13.1979
6252,12.7664
6253,11.4279
6254,10.1361
6255,11.8580
6256,13.8886
6257,9.6583
6258,10.0117
6259,10.7348
6260,7.1681
6261,7.4720
6262,13.2692
6263,11.1921
6264,11.7686
6265,9.3179
6266,9.3794
6267,12.7914
6268,18.9312
6269,16.3090
6270,10.9847
6271,9.3765
6272,13.0301
6273,14.9913
6274,10.8747
6275,12.1653
6276,11.4324
6277,10.1302
6278,9.0840
6279,11.8880
6280,22.5825
6281,12.1500
6282,9.0425
6283,9.3853
6284,10.9918
6285,13.6225
6286,12.8841
6287,14.0026
6288,13.9787
6289,18.5258
6290,9.1612
6291,12.9929
6292,14.8938
6293,7.0803
6294,13.8187
6295,9.7911
6296,7.9002
6297,15.3761
6298,18.9757
6299,15.1386
6300,11.8904
6301,17.7274
6302,8.6536
6303,9.6080
6304,23.6931
6305,13.6151
6306,11.9765
6307,10.8202
6308,12.9492
6309,14.2701
6310,13.2315
6311,11.1716
6312,10.3555
6313,13.9067
6314,8.5955
6315,12.5303
6316,9.9847
6317,9.0535
6318,14.6105
6319,10.2623
6320,10.8285
6321,10.5767
6322,11.6096
6323,11.5747
6324,11.5435
6325,6.7308
6326,14.8294
6327,15.0566
6328,10.1099
6329,11.6580
6330,12.9881
6331,10.2186
6332,9.4833
6333,19.3608
6334,8.1921
6335,15.1207
6336,10.2484
6337,20.3879
6338,12.3494
6339,10.3498
6340,12.1250
6341,16.8571
6342,12.9426
6343,8.2803
6344,14.1790
6345,12.0327
6346,10.4465
6347,9.9216
6348,10.6039
6349,9.8691
6350,15.5003
6351,10.9704
6352,14.9634
6353,13.7055
6354,13.0534
6355,12.2476
6356,14.4765
6357,13.3889
6358,11.2793
6359,14.9701
6360,10.0915
6361,12.0013
6362,18.3034
6363,16.3949
6364,18.4216
6365,19.9633
6366,18.2543
6367,20.2508
6368,19.3033
6369,13.3748
6370,23.1340
6371,12.2058
6372,11.1437
6373,9.9125
6374,12.1744
6375,19.3186
6376,8.7857
6377,14.4980
6378,12.2230
6379,18.4174
6380,8.5528
6381,15.0001
6382,9.6233
6383,12.4917
6384,10.9434
6385,9.8166
6386,10.0796
6387,13.2399
6388,8.9443
6389,15.2421
6390,13.1557
6391,16.4456
6392,23.5646
6393,13.3669
6394,17.3793
6395,9.6259
6396,7.9257
6397,12.6390
6398,11.1783
6399,11.3881
6400,13.5007
6401,16.1746
6402,19.1922
6403,12.8975
6404,15.2955
6405,11.8241
6406,15.2330
6407,10.7956
6408,14.3871
6409,9.4504
6410,9.3293
6411,11.5616
6412,12.3887
6413,15.1272
6414,11.9789
6415,9.0580
6416,8.7297
6417,10.8414
6418,13.6003
6419,15.5210
6420,13.9031
6421,15.2602
6422,12.7850
6423,11.5657
6424,11.0869
6425,10.9370
6426,11.8668
6427,12.5816
6428,11.6189
6429,12.5048
6430,12.0213
6431,12.0852
6432,11.1854
6433,14.3921
6434,12.4977
6435,9.7349
6436,11.9534
6437,9.1522
6438,7.9861
6439,7.3917
6440,7.7908
6441,7.3097
6442,10.3686
6443,10.4361
6444,12.4836
6445,13.7074
6446,15.9328
6447,19.9912
6448,7.0677
6449,8.8494
6450,14.5106
6451,14.1547
6452,11.6382
6453,20.5297
6454,15.2802
6455,15.6546
6456,8.8232
6457,14.3571
6458,12.0459
6459,15.3241
6460,13.9382
6461,16.2270
6462,14.5488
6463,14.4453
6464,12.0461
6465,15.7828
6466,11.2231
6467,10.4079
6468,15.7967
6469,11.6143
6470,14.7884
6471,13.6893
6472,13.4144
6473,19.3193
6474,13.0849
6475,22.2490
6476,13.0014
6477,22.3062
6478,10.5245
6479,13.3736
6480,11.0307
6481,9.4588
6482,10.8581
6483,9.4914
6484,10.8311
6485,9.9518
6486,9.9263
6487,9.3966
6488,9.5186
6489,8.4395
6490,8.8971
6491,16.8083
6492,12.4393
6493,10.4594
6494,10.1206
6495,11.4443
6496,10.9446
6497,12.6231
6498,13.6790
6499,17.4518
6500,8.5497
6501,11.4665
6502,10.3476
6503,15.4932
6504,32.6705
6505,10.9041
6506,12.8129
6507,11.7590
6508,12.7687
6509,12.2893
6510,10.8237
6511,17.2503
6512,13.5703
6513,13.9761
6514,19.6342
6515,20.4568
6516,10.8325
6517,13.7382
6518,11.5101
6519,9.3603
6520,10.3092
6521,11.0717
6522,13.7413
6523,8.5618
6524,10.1669
6525,10.3068
6526,12.8284
6527,12.8722
6528,10.0150
6529,10.8538
6530,11.4124
6531,16.0625
6532,12.4431
6533,15.0206
6534,11.5631
6535,11.4858
6536,12.8577
6537,14.5395
6538,11.4760
6539,12.6131
6540,19.2778
6541,12.7687
6542,8.0945
6543,9.4821
6544,9.0213
6545,11.1318
6546,14.1258
6547,13.3877
6548,12.5532
6549,15.8901
6550,12.7983
6551,9.9008
6552,9.9585
6553,18.0566
6554,12.2550
6555,13.8862
6556,11.9936
6557,10.9103
6558,10.3886
6559,10.5598
6560,11.0214
6561,19.7499
6562,14.2217
6563,12.3785
6564,12.7983
6565,14.1792
6566,10.8926
6567,10.9234
6568,14.6780
6569,15.6167
6570,14.7538
6571,11.1639
6572,10.5646
6573,12.7525
6574,12.2142
6575,16.2106
6576,13.2279
6577,12.4955
6578,13.1021
6579,13.4130
6580,11.0416
6581,7.0128
6582,10.0346
6583,9.9020
6584,10.8366
6585,13.0064
6586,15.7948
6587,11.7238
6588,17.1227
6589,12.5535
6590,11.7095
6591,9.4559
6592,22.2852
6593,11.9550
6594,11.6367
6595,19.9776
6596,14.8945
6597,16.1550
6598,14.8418
6599,11.0731
6600,10.5958
6601,9.8913
6602,11.1313
6603,11.3251
6604,12.3980
6605,14.4010
6606,11.7242
6607,14.8778
6608,10.0362
6609,9.4755
6610,12.6424
6611,12.7373
6612,10.5903
6613,16.0415
6614,11.7278
6615,12.4559
6616,15.0526
6617,11.7476
6618,13.0079
6619,14.4312
6620,44.9204
6621,16.1493
6622,11.4434
6623,11.0867
6624,10.5612
6625,9.9809
6626,11.0769
6627,9.8147
6628,7.1199
6629,9.0244
6630,11.9452
6631,12.6846
6632,9.7167
6633,11.6298
6634,14.2198
6635,13.0892
6636,6.7606
6637,15.4159
6638,14.4773
6639,15.0697
6640,11.1015
6641,9.7599
6642,12.8274
6643,10.6647
6644,10.5095
6645,11.2302
6646,10.9918
6647,14.7624
6648,13.3245
6649,14.4973
6650,21.5371
6651,9.6531
6652,12.4753
6653,18.5735
6654,14.1613
6655,20.2742
6656,11.0738
6657,11.8725
6658,10.4585
6659,12.1024
6660,11.2517
6661,9.5794
6662,13.5839
6663,10.6838
6664,14.1265
6665,13.9163
6666,8.2078
6667,10.3605
6668,12.2647
6669,15.9655
6670,12.1632
6671,8.4431
6672,9.3229
6673,12.3024
6674,11.4012
6675,11.5459
6676,21.6103
6677,11.7397
6678,20.7493
6679,10.4587
6680,15.5740
6681,15.7537
6682,11.3041
6683,7.2153
6684,9.4051
6685,9.5577
6686,12.9111
6687,13.8230
6688,12.8615
6689,9.8488
6690,12.3017
6691,9.6216
6692,9.4092
6693,19.9416
6694,11.5910
6695,12.5589
6696,11.1504
6697,9.5501
6698,16.5598
6699,12.2473
6700,13.9351
6701,10.4809
6702,9.6846
6703,9.2142
6704,10.8187
6705,16.4778
6706,21.7943
6707,13.4852
6708,17.7772
6709,16.2237
6710,16.1283
6711,9.8751
6712,10.0014
6713,9.1698
6714,10.6103
6715,15.2516
6716,13.0057
6717,17.1030
6718,17.2486
6719,14.9329
6720,12.4903
6721,15.8980
6722,7.8225
6723,13.7453
6724,11.1239
6725,11.0106
6726,11.1656
6727,10.9887
6728,10.7613
6729,13.1173
6730,27.6570
6731,17.3159
6732,9.6695
6733,17.7495
6734,12.4075
6735,12.6994
6736,11.5600
6737,12.2774
6738,11.3068
6739,17.5979
6740,11.5259
6741,15.9912
6742,16.7074
6743,17.8976
6744,15.3584
6745,13.1178
6746,13.2415
6747,8.1403
6748,10.7236
6749,12.4872
6750,8.1651
6751,11.7166
6752,10.5839
6753,14.5345
6754,16.1550
6755,11.1067
6756,19.2938
6757,21.7960
6758,18.2731
6759,9.2950
6760,13.7970
6761,13.3357
6762,16.9821
6763,16.1040
6764,15.9099
6765,13.4175
6766,10.0563
6767,10.2916
6768,10.7498
6769,13.7472
6770,11.1833
6771,11.8415
6772,9.3935
6773,10.9763
6774,9.7129
6775,8.8398
6776,8.9424
6777,9.1367
6778,9.2626
6779,12.1474
6780,10.9363
6781,11.6682
6782,16.5715
6783,24.5824
6784,12.2800
6785,20.6747
6786,15.3883
6787,11.5104
6788,19.5315
6789,19.4280
6790,9.3112
6791,9.7299
6792,15.6713
6793,9.4805
6794,10.4492
6795,15.0685
6796,12.2688
6797,15.2886
6798,10.9904
6799,10.2627
6800,14.2646
6801,11.4689
6802,13.9966
6803,12.1961
6804,11.9522
6805,11.9514
6806,11.0369
6807,12.8121
6808,8.0168
6809,13.2041
6810,21.8279
6811,11.2257
6812,15.3971
6813,15.3198
6814,9.7396
6815,11.3223
6816,12.9952
6817,12.9156
6818,11.1341
6819,11.2684
6820,15.6171
6821,12.5408
6822,14.8554
6823,13.2256
6824,15.5241
6825,16.0120
6826,10.7794
6827,13.7606
6828,13.0451
6829,17.3724
6830,11.5194
6831,16.9797
6832,10.9172
6833,12.5480
6834,18.1911
6835,11.6997
6836,10.0360
6837,13.3488
6838,15.2433
6839,14.3175
6840,12.4764
6841,12.7599
6842,10.6165
6843,14.9367
6844,10.7229
6845,11.2770
6846,9.5031
6847,11.0116
6848,11.6556
6849,9.5229
6850,10.3559
6851,9.2208
6852,11.7173
6853,12.2280
6854,11.2565
6855,10.5901
6856,11.9905
6857,10.9730
6858,10.5665
6859,11.6730
6860,13.9441
6861,14.4939
6862,11.8144
6863,14.9915
6864,17.4096
6865,15.6357
6866,9.9847
6867,10.9770
6868,11.3068
6869,12.0132
6870,11.7507
6871,11.2851
6872,9.6681
6873,16.6898
6874,17.4069
6875,11.4248
6876,12.5036
6877,9.8264
6878,10.4048
6879,9.8062
6880,13.1943
6881,13.9685
6882,13.8912
6883,15.8768
6884,14.2705
6885,12.9621
6886,8.6820
6887,11.8906
6888,9.5842
6889,9.6869
6890,9.2101
6891,11.9503
6892,9.9132
6893,12.6259
6894,13.5632
6895,13.5267
6896,11.8814
6897,16.5119
6898,12.6181
6899,11.4117
6900,14.3754
6901,20.5956
6902,10.6921
6903,16.1483
6904,13.7427
6905,14.3225
6906,16.3913
6907,12.8951
6908,12.3212
6909,11.8887
6910,12.0914
6911,9.6734
6912,18.9531
6913,10.8829
6914,14.2539
6915,16.1238
6916,13.0472
6917,11.8005
6918,12.0006
6919,13.1695
6920,13.0563
6921,15.0421
6922,12.4784
6923,10.4449
6924,12.7285
6925,12.5284
6926,11.3237
6927,8.2839
6928,12.4371
6929,12.2190
6930,12.7280
6931,11.4176
6932,8.8944
6933,12.1844
6934,15.4788
6935,17.7598
6936,9.8922
6937,15.9044
6938,12.0282
6939,11.9455
6940,16.0193
6941,9.9893
6942,14.8332
6943,13.1574
6944,12.1422
6945,13.9158
6946,11.9565
6947,15.0559
6948,13.8645
6949,13.8104
6950,23.6282
6951,17.0200
6952,17.4608
6953,10.7033
6954,13.4816
6955,11.8976
6956,10.7856
6957,11.9045
6958,21.2200
6959,13.4699
6960,18.0023
6961,10.4487
6962,21.8394
6963,10.9732
6964,12.3169
6965,10.3645
6966,12.5833
6967,8.0395
6968,10.1843
6969,13.8249
6970,8.3420
6971,10.0565
6972,9.3348
6973,15.0397
6974,13.1700
6975,23.5491
6976,16.1777
6977,18.0395
6978,9.5210
6979,14.9591
6980,15.1050
6981,9.5847
6982,13.2713
6983,16.6667
6984,8.6124
6985,16.5021
6986,10.8714
6987,14.4577
6988,18.9238
6989,11.4775
6990,10.2797
6991,13.8464
6992,13.3736
6993,7.9343
6994,8.1651
6995,14.2097
6996,16.2523
6997,12.6748
6998,12.6410
6999,11.0259
7000,10.7915
7001,8.2741
7002,6.6988
7003,10.9639
7004,19.1624
7005,12.0478
7006,12.0437
7007,14.5636
7008,16.7706
7009,9.3312
7010,10.7045
7011,11.4467
7012,8.6038
7013,12.1517
7014,13.0510
7015,9.1720
7016,11.5070
7017,12.9249
7018,14.3242
7019,8.2986
7020,10.0410
7021,12.0962
7022,9.5291
7023,11.4646
7024,11.0526
7025,11.5888
7026,10.9286
7027,8.7457
7028,10.2885
7029,16.3803
7030,9.0268
7031,17.7717
7032,10.3903
7033,11.5125
7034,10.0303
7035,10.5884
7036,24.3964
7037,22.8047
7038,13.4499
7039,8.7144
7040,9.5403
7041,7.5951
7042,12.3723
7043,8.0802
7044,17.3166
7045,11.5566
7046,11.6973
7047,18.7023
7048,12.4326
7049,11.2588
7050,20.6168
7051,13.2947
7052,10.3033
7053,22.1870
7054,10.7031
7055,17.4937
7056,12.7034
7057,12.8043
7058,7.1812
7059,6.2444
7060,11.3153
7061,9.1524
7062,7.5660
7063,7.3304
7064,8.6513
7065,21.0745
7066,9.9068
7067,10.3359
7068,8.6467
7069,11.3289
7070,10.4303
7071,9.2940
7072,11.3692
7073,11.0083
7074,11.3840
7075,12.3346
7076,13.5128
7077,11.2095
7078,12.2502
7079,10.1182
7080,8.9417
7081,17.5910
7082,9.4666
7083,8.6353
7084,6.6633
7085,10.9372
7086,15.4119
7087,7.9556
7088,12.2607
7089,11.9908
7090,14.7731
7091,10.0300
7092,13.6280
7093,16.3352
7094,21.6045
7095,14.3752
7096,15.8560
7097,16.1679
7098,21.6999
7099,14.1771
7100,16.9082
7101,12.1071
7102,13.3655
7103,12.6834
7104,17.1556
7105,10.0341
7106,11.8492
7107,10.8268
7108,15.2578
7109,9.3129
7110,10.9127
7111,10.7894
7112,8.0073
7113,7.4685
7114,8.0111
7115,9.0592
7116,9.1918
7117,9.6436
7118,8.8081
7119,8.7972
7120,8.6429
7121,7.6246
7122,8.1825
7123,7.3655
7124,24.4775
7125,7.7724
7126,9.9375
7127,17.9074
7128,13.3634
7129,9.8152
7130,8.0411
7131,9.3770
7132,13.6597
7133,10.2251
7134,14.0343
7135,14.7448
7136,12.2175
7137,14.5998
7138,15.6429
7139,17.0467
7140,10.9096
7141,13.0174
7142,8.9991
7143,13.1185
7144,10.9484
7145,12.6953
7146,8.3349
7147,11.9977
7148,9.1465
7149,15.8112
7150,12.1965
7151,20.5719
7152,18.0402
7153,13.8843
7154,17.3104
7155,14.1301
7156,19.6345
7157,16.9830
7158,8.9366
7159,11.9452
7160,10.8159
7161,12.1796
7162,13.7424
7163,8.5838
7164,9.2030
7165,13.0203
7166,9.9757
7167,13.7632
7168,11.0493
7169,10.9386
7170,10.0884
7171,13.5770
7172,16.1853
7173,10.2587
7174,9.3420
7175,9.8720
7176,9.3317
7177,13.9620
7178,8.3895
7179,12.3012
7180,12.5763
7181,11.5514
7182,19.4039
7183,14.5035
7184,18.7073
7185,16.5169
7186,11.9720
7187,14.6904
7188,12.3894
7189,10.7374
7190,11.5049
7191,13.9225
7192,13.4461
7193,13.8409
7194,12.9075
7195,14.3135
7196,16.7058
7197,12.1837
7198,10.3979
7199,13.6807
7200,12.3992
7201,10.9403
7202,15.5685
7203,14.0452
7204,15.4579
7205,14.6890
7206,8.8019
7207,11.8811
7208,26.8788
7209,15.1076
7210,14.9658
7211,21.3280
7212,15.3620
7213,14.0667
7214,18.9030
7215,10.2413
7216,10.3409
7217,11.2369
7218,10.4978
7219,9.3827
7220,14.7700
7221,11.5016
7222,8.4126
7223,10.0541
7224,10.9637
7225,15.3508
7226,10.7384
7227,15.9614
7228,11.5297
7229,14.3986
7230,14.4200
7231,11.3099
7232,10.8259
7233,11.8651
7234,25.0981
7235,13.6209
7236,8.4670
7237,11.6029
7238,10.5016
7239,11.1685
7240,10.7315
7241,11.0085
7242,9.2840
7243,10.1130
7244,10.9618
7245,9.7003
7246,11.3645
7247,10.1142
7248,12.1629
7249,14.0731
7250,13.0734
7251,12.1670
7252,11.7826
7253,11.4191
7254,10.1840
7255,18.7311
7256,11.9853
7257,12.9659
7258,12.5978
7259,9.4762
7260,10.9754
7261,12.3177
7262,23.1128
7263,10.7448
7264,11.5325
7265,15.9619
7266,6.5219
7267,8.3642
7268,9.7742
7269,9.5041
7270,12.2333
7271,14.5805
7272,10.1500
7273,12.8748
7274,10.7977
7275,11.2023
7276,12.4960
7277,23.1593
7278,13.3994
7279,11.0605
7280,11.1313
7281,10.0365
7282,10.5619
7283,9.3014
7284,9.0263
7285,11.5216
7286,12.5158
7287,15.8622
7288,14.7319
7289,23.4084
7290,17.0422
7291,8.8956
7292,12.6956
7293,9.8178
7294,9.0044
7295,13.8028
7296,16.2511
7297,15.7413
7298,9.0356
7299,9.3784
7300,14.8435
7301,10.5050
7302,10.9675
7303,9.4190
7304,12.4509
7305,11.1573
7306,12.5372
7307,11.3347
7308,13.2024
7309,11.6074
7310,9.8846
7311,13.2444
7312,15.2676
7313,16.2349
7314,13.3293
7315,10.2909
7316,20.5762
7317,21.3068
7318,7.4492
7319,7.7152
7320,13.9570
7321,10.6938
7322,10.1810
7323,11.0302
7324,13.4678
7325,10.5278
7326,10.0589
7327,14.0254
7328,11.1046
7329,10.1733
7330,10.1202
7331,16.7923
7332,8.0390
7333,9.4388
7334,13.3057
7335,13.5493
7336,15.7063
7337,10.5991
7338,18.4169
7339,13.6352
7340,13.3152
7341,13.3832
7342,13.7076
7343,9.3200
7344,21.1205
7345,18.7316
7346,12.6331
7347,10.4842
7348,10.6821
7349,12.8343
7350,16.0880
7351,14.4014
7352,12.9235
7353,11.1182
7354,9.0914
7355,9.1772
7356,15.9159
7357,10.4573
7358,10.5035
7359,10.2634
7360,17.1115
7361,11.8337
7362,11.0157
7363,10.2618
7364,9.4321
7365,12.7151
7366,10.0157
7367,9.4025
7368,14.8997
7369,13.1156
7370,11.3490
7371,11.5802
7372,16.6209
7373,17.1649
7374,15.0907
7375,16.7956
7376,15.9237
7377,14.2837
7378,15.8656
7379,10.4704
7380,9.2869
7381,8.4589
7382,18.4302
7383,13.8919
7384,14.5171
7385,10.4208
7386,13.9675
7387,10.1912
7388,13.8400
7389,12.6135
7390,10.2425
7391,10.1273
7392,10.8187
7393,12.7764
7394,11.2238
7395,14.1301
7396,12.0933
7397,17.5495
7398,12.6665
7399,10.3405
7400,22.7697
7401,12.7218
7402,15.3456
7403,13.6213
7404,16.7451
7405,15.0402
7406,11.9069
7407,14.2872
7408,18.9574
7409,15.6796
7410,10.1960
7411,19.3098
7412,8.9629
7413,13.9887
7414,14.0011
7415,12.0211
7416,12.6684
7417,13.2771
7418,15.6519
7419,12.7680
7420,12.8224
7421,11.9939
7422,14.1671
7423,12.4722
7424,12.1543
7425,13.5763
7426,12.4621
7427,12.6908
7428,19.1402
7429,17.2961
7430,9.6748
7431,15.4042
7432,14.1814
7433,15.7986
7434,11.2882
7435,19.4068
7436,11.1120
7437,12.8238
7438,17.4236
7439,6.7356
7440,6.5670
7441,8.2655
7442,7.4186
7443,8.8241
7444,10.0398
7445,10.4134
7446,13.2759
7447,9.4879
7448,7.9606
7449,15.4552
7450,11.9734
7451,10.1209
7452,11.4007
7453,24.4610
7454,18.5840
7455,13.1431
7456,12.6534
7457,16.8817
7458,13.2072
7459,16.6929
7460,11.5273
7461,14.3204
7462,13.3710
7463,15.5511
7464,12.6266
7465,8.5771
7466,13.4308
7467,16.7015
7468,11.7855
7469,10.1540
7470,11.2319
7471,15.3141
7472,11.2636
7473,19.4044
7474,12.3794
7475,12.7568
7476,12.2178
7477,11.0421
7478,8.4603
7479,14.2665
7480,18.9333
7481,13.1981
7482,14.5566
7483,11.3089
7484,14.4103
7485,13.4442
7486,12.9962
7487,12.3703
7488,9.5186
7489,6.6569
7490,8.6236
7491,7.7775
7492,7.8592
7493,7.5257
7494,8.0287
7495,6.8552
7496,6.3140
7497,8.8637
7498,11.1363
7499,12.2547
7500,11.0736
7501,8.6653
7502,13.6380
7503,17.7140
7504,10.4470
7505,13.9446
7506,9.9173
7507,19.9208
7508,13.5942
7509,12.8624
7510,14.7152
7511,16.1548
7512,10.8168
7513,15.1155
7514,15.9347
7515,16.7801
7516,16.8328
7517,12.0564
7518,14.0934
7519,12.1922
7520,24.3795
7521,8.1370
7522,11.7524
7523,13.2270
7524,9.9115
7525,9.9399
7526,9.6855
7527,15.3546
7528,15.1055
7529,12.6374
7530,9.6800
7531,15.5120
7532,13.4890
7533,11.4341
7534,14.3290
7535,14.6637
7536,19.9146
7537,11.3955
7538,17.2470
7539,11.7912
7540,11.0140
7541,12.0692
7542,9.1190
7543,10.0958
7544,10.9882
7545,10.4339
7546,12.2535
7547,11.2395
7548,12.9786
7549,12.7029
7550,10.3815
7551,10.3068
7552,13.2797
7553,8.7092
7554,10.8151
7555,16.8405
7556,10.4771
7557,8.6966
7558,7.2980
7559,13.3364
7560,9.1162
7561,10.7317
7562,10.0760
7563,11.1415
7564,10.6485
7565,15.6620
7566,17.9272
7567,10.9830
7568,16.9108
7569,12.1930
7570,15.5640
7571,11.3935
7572,11.5550
7573,11.7688
7574,18.6045
7575,10.8774
7576,14.6368
7577,15.4028
7578,12.6195
7579,9.4240
7580,11.7121
7581,7.9203
7582,16.2764
7583,11.4944
7584,17.0281
7585,6.3324
7586,16.1974
7587,13.7377
7588,15.3127
7589,10.3054
7590,15.9690
7591,11.3270
7592,11.9641
7593,11.9526
7594,20.9606
7595,8.0059
7596,14.4033
7597,13.8192
7598,18.8136
7599,14.6632
7600,11.4655
7601,8.6727
7602,12.9361
7603,16.0108
7604,11.8203
7605,10.8421
7606,9.6135
7607,10.2072
7608,10.3779
7609,12.5225
7610,9.8307
7611,13.6445
7612,12.6526
7613,10.0944
7614,13.2072
7615,11.6293
7616,12.1663
7617,12.4636
7618,12.8665
7619,12.3158
7620,13.0177
7621,9.7604
7622,19.2399
7623,7.7391
7624,12.5859
7625,10.5605
7626,13.4242
7627,13.5384
7628,15.3582
7629,8.7838
7630,9.0482
7631,11.2123
7632,8.7593
7633,10.3948
7634,9.8786
7635,11.7307
7636,14.5802
7637,9.7668
7638,9.6784
7639,15.2256
7640,12.2724
7641,14.3366
7642,16.9992
7643,10.9329
7644,10.2816
7645,9.7661
7646,11.2350
7647,10.0539
7648,9.2394
7649,8.2095
7650,9.3312
7651,7.2560
7652,10.2077
7653,26.0100
7654,9.2759
7655,15.2848
7656,13.8190
7657,10.3428
7658,13.7362
7659,10.3483
7660,9.5022
7661,18.0647
7662,12.2533
7663,15.4078
7664,15.7351
7665,12.9981
7666,6.1235
7667,7.0817
7668,7.2167
7669,6.5122
7670,6.7337
7671,6.5668
7672,9.0735
7673,6.9277
7674,6.6864
7675,6.2125
7676,9.8395
7677,6.3472
7678,7.4799
7679,10.5693
7680,14.7190
7681,10.9544
7682,11.7164
7683,11.4238
7684,12.8272
7685,14.5385
7686,23.3688
7687,17.7677
7688,17.1254
7689,12.2652
7690,10.7944
7691,11.1094
7692,10.8542
7693,11.6897
7694,11.6339
7695,12.1710
7696,12.9664
7697,14.3151
7698,12.2416
7699,10.9010
7700,13.8834
7701,11.3900
7702,12.3785
7703,10.2091
7704,10.5042
7705,11.3945
7706,10.2227
7707,11.7970
7708,10.2119
7709,11.7490
7710,11.3502
7711,12.6851
7712,28.9044
7713,25.8794
7714,14.5123
7715,13.4416
7716,13.1462
7717,11.1108
7718,14.0421
7719,8.9006
7720,10.5174
7721,14.9794
7722,16.9976
7723,16.1135
7724,9.8605
7725,13.8977
7726,11.9190
7727,10.1359
7728,13.7672
7729,9.7704
7730,17.0288
7731,18.7192
7732,17.2391
7733,16.5708
7734,13.3286
7735,14.6577
7736,17.9386
7737,13.3455
7738,18.9235
7739,16.1343
7740,18.4536
7741,14.1618
7742,12.1574
7743,10.8092
7744,17.8196
7745,9.3868
7746,12.4056
7747,10.5829
7748,64.5201
7749,8.2388
7750,11.9026
7751,13.2372
7752,10.5977
7753,12.5778
7754,9.5334
7755,9.9695
7756,9.0635
7757,9.8848
7758,12.4195
7759,11.0414
7760,13.3679
7761,109.0291
7762,10.3986
7763,13.9139
7764,13.7742
7765,9.4252
7766,10.8151
7767,14.0879
7768,10.3931
7769,11.3027
7770,12.6135
7771,17.1182
7772,10.9339
7773,12.3887
7774,9.9220
7775,10.0296
7776,9.9440
7777,8.9033
7778,11.8473
7779,12.0780
7780,12.5866
7781,11.4605
7782,17.0546
7783,13.6111
7784,13.2611
7785,13.4978
7786,11.4217
7787,11.4660
7788,12.1262
7789,11.5523
7790,14.0874
7791,14.4138
7792,21.8406
7793,11.0183
7794,16.7024
7795,19.5646
7796,15.4994
7797,11.3029
7798,10.6075
7799,10.7985
7800,14.2505
7801,11.1446
7802,11.0631
7803,10.2735
7804,13.5665
7805,12.4466
7806,14.3661
7807,9.8169
7808,15.2831
7809,11.0748
7810,11.4870
7811,11.3587
7812,12.0561
7813,21.1887
7814,10.5617
7815,14.7493
7816,19.8805
7817,9.6114
7818,14.3592
7819,15.4331
7820,16.0525
7821,19.5818
7822,20.6053
7823,15.0738
7824,16.5844
7825,16.3438
7826,10.4091
7827,13.3128
7828,17.9257
7829,11.4052
7830,15.6538
7831,12.0699
7832,9.2170
7833,14.5090
7834,8.3923
7835,12.8858
7836,7.6559
7837,10.5419
7838,8.0063
7839,10.9239
7840,19.3276
7841,7.8280
7842,7.5238
7843,7.2427
7844,7.6766
7845,9.0086
7846,6.4223
7847,9.8374
7848,12.6684
7849,22.5041
7850,10.2656
7851,17.3566
7852,10.8483
7853,13.0734
7854,14.4968
7855,9.2831
7856,10.5689
7857,10.7663
7858,13.0885
7859,9.1863
7860,16.4139
7861,8.6541
7862,10.4694
7863,12.4059
7864,8.9126
7865,10.4942
7866,10.0393
7867,10.6285
7868,12.5904
7869,8.6477
7870,14.1475
7871,11.6303
7872,17.0133
7873,14.6065
7874,10.5591
7875,10.8800
7876,13.7656
7877,10.3495
7878,16.3221
7879,16.0067
7880,19.4864
7881,13.5009
7882,12.3351
7883,14.7657
7884,9.3851
7885,18.0402
7886,12.3837
7887,13.2942
7888,12.5313
7889,19.2161
7890,11.9743
7891,15.0445
7892,8.2715
7893,10.3612
7894,11.5979
7895,11.6029
7896,10.0813
7897,14.2019
7898,11.2154
7899,13.9637
7900,18.2991
7901,16.9330
7902,12.3594
7903,7.3988
7904,15.8565
7905,9.6722
7906,12.8391
7907,15.8980
7908,13.9537
7909,14.2751
7910,12.7592
7911,11.9684
7912,10.0098
7913,12.1973
7914,8.4646
7915,11.9896
7916,12.7430
7917,9.7263
7918,16.3467
7919,12.7697
7920,13.3023
7921,13.9489
7922,13.9112
7923,11.6732
7924,12.8143
7925,10.4895
7926,11.1797
7927,13.9320
7928,11.4598
7929,13.3162
7930,16.3698
7931,19.3081
7932,13.1128
7933,11.4295
7934,14.9977
7935,9.3775
7936,13.5882
7937,9.5961
7938,14.4088
7939,16.1991
7940,11.8294
7941,11.0672
7942,11.2312
7943,12.7735
7944,14.2269
7945,12.9132
7946,11.5535
7947,12.0928
7948,16.1293
7949,10.9341
7950,12.9392
7951,14.0057
7952,13.3889
7953,15.4252
7954,11.1296
7955,11.8649
7956,17.7233
7957,12.2478
7958,26.8459
7959,13.7732
7960,14.6189
7961,13.0529
7962,11.1024
7963,11.2183
