id,t_pub_ms
1,4.1821
2,5.0468
3,7.2534
4,9.9752
5,11.5025
6,13.1023
7,14.9863
8,14.9357
9,16.9940
10,19.0494
11,21.2626
12,22.3536
13,24.2229
14,26.5868
15,28.7805
16,30.7031
17,33.7782
18,35.9712
19,38.5680
20,40.1585
21,43.0024
22,45.8152
23,46.5841
24,49.2871
25,52.7687
26,53.8104
27,56.4215
28,58.8720
29,62.4723
30,66.9596
31,70.1113
32,73.1714
33,77.6420
34,82.4857
35,86.5152
36,89.2887
37,92.1745
38,95.7901
39,100.5573
40,105.4494
41,109.5405
42,114.1114
43,118.7127
44,122.8170
45,125.6318
46,129.1988
47,132.8032
48,136.6959
49,139.5426
50,143.0378
51,145.6976
52,148.4559
53,151.3395
54,154.1862
55,156.8086
56,160.0013
57,164.7844
58,168.8280
59,170.9476
60,175.1592
61,181.2606
62,185.4556
63,189.4405
64,193.4066
65,197.7863
66,201.2880
67,203.7075
68,205.9464
69,208.5021
70,210.1891
71,211.9896
72,215.2941
73,218.7276
74,221.5738
75,222.9018
76,224.7128
77,230.8643
78,234.3655
79,237.5770
80,240.3324
81,243.2294
82,247.0613
83,250.8943
84,253.7301
85,256.5041
86,259.0594
87,261.4477
88,264.2543
89,267.5400
90,270.2653
91,273.1063
92,276.4091
93,279.2845
94,282.1956
95,286.4566
96,291.8088
97,296.3903
98,298.4478
99,300.4560
100,304.2548
101,308.0750
102,311.1627
103,317.8101
104,319.1733
105,321.9225
106,325.2048
107,326.3736
108,328.1603
109,329.8819
110,332.5758
111,334.1610
112,335.4287
113,337.4965
114,339.3786
115,341.1136
116,343.6568
117,346.1235
118,348.6824
119,351.8960
120,355.6607
121,359.7155
122,363.0185
123,364.8734
124,367.4874
125,370.6284
126,375.3836
127,377.1932
128,382.0593
129,383.9488
130,388.0146
131,389.8416
132,394.1479
133,399.4763
134,400.4536
135,403.6586
136,405.4902
137,406.8944
138,409.1721
139,410.8496
140,413.0816
141,413.9929
142,415.1719
143,418.4771
144,421.7191
145,424.2077
146,425.9479
147,429.4624
148,431.6111
149,433.2325
150,434.7959
151,435.6196
152,438.6578
153,443.0912
154,445.7781
155,447.6671
156,451.2877
157,453.9180
158,455.7595
159,458.6091
160,468.3239
161,467.2563
162,471.7309
163,474.7951
164,478.0946
165,480.9165
166,483.6044
167,486.1891
168,489.9771
169,493.8567
170,498.8413
171,502.4521
172,503.9179
173,507.3483
174,510.2491
175,512.9068
176,516.0952
177,519.7535
178,523.9723
179,529.0458
180,533.1976
181,536.7782
182,540.2389
183,544.1513
184,547.2598
185,550.0753
186,552.8076
187,556.7410
188,559.6139
189,561.9924
190,564.6043
191,566.8197
192,569.6840
193,572.3665
194,575.5415
195,576.9861
196,579.5095
197,584.0309
198,587.2002
199,591.1748
200,594.8684
201,599.6637
202,602.6869
203,606.1311
204,609.2038
205,611.7196
206,615.0520
207,616.6828
208,617.7676
209,621.4759
210,628.8173
211,633.5130
212,637.0485
213,636.0195
214,637.3596
215,638.4609
216,639.9856
217,641.4001
218,643.0922
219,644.8557
220,646.4584
221,647.6064
222,649.0507
223,650.4462
224,651.8719
225,653.3194
226,654.4960
227,655.8845
228,657.4862
229,658.8626
230,660.7425
231,662.1895
232,663.5561
233,664.8731
234,667.0625
235,668.4880
236,669.5633
237,671.4876
238,672.7798
239,676.8165
240,680.0079
241,683.1350
242,685.6601
243,687.7930
244,689.8093
245,691.6735
246,694.1061
247,696.1253
248,698.3731
249,700.4859
250,702.5800
251,704.3536
252,706.4552
253,708.7002
254,710.2201
255,711.7927
256,713.4805
257,715.5938
258,717.2542
259,719.6226
260,721.4346
261,723.3300
262,725.2555
263,726.7520
264,728.5249
265,729.9118
266,734.0748
267,737.4165
268,739.5275
269,742.7711
270,745.0652
271,748.8046
272,752.4910
273,755.4770
274,759.1269
275,762.2547
276,767.0193
277,768.5509
278,772.8379
279,775.5456
280,778.2624
281,781.4932
282,784.2147
283,787.7178
284,789.2911
285,790.6101
286,793.7663
287,793.3304
288,794.2543
289,793.9889
290,795.2499
291,796.7892
292,798.2223
293,799.8133
294,801.1377
295,802.4709
296,803.9303
297,804.8601
298,806.2685
299,807.5802
300,808.4981
301,809.8247
302,811.1115
303,812.1843
304,813.4489
305,814.5268
306,816.1547
307,817.8246
308,819.4363
309,820.9705
310,823.0746
311,824.8610
312,827.5235
313,831.6410
314,834.8374
315,837.2543
316,839.3037
317,841.5742
318,842.1760
319,845.3846
320,848.5401
321,849.5448
322,852.0701
323,854.8484
324,856.2393
325,859.0486
326,861.3472
327,862.9596
328,863.6489
329,865.4947
330,866.8311
331,868.2206
332,869.5867
333,869.7801
334,872.7157
335,874.8658
336,877.0769
337,879.1242
338,881.5291
339,883.9607
340,886.6804
341,887.8994
342,889.5278
343,891.0968
344,893.2929
345,894.4588
346,897.3446
347,901.8581
348,904.9222
349,907.9714
350,912.1757
351,914.4220
352,915.8738
353,917.1436
354,917.7780
355,918.5526
356,920.8121
357,922.2929
358,925.7455
359,928.9734
360,930.3808
361,931.7007
362,933.4877
363,934.9110
364,936.3813
365,938.3278
366,940.2249
367,942.0400
368,943.4431
369,944.8805
370,946.9085
371,948.5896
372,949.9032
373,952.9426
374,955.5612
375,957.4177
376,961.1125
377,965.0636
378,970.9980
379,973.6674
380,973.2518
381,973.9480
382,974.5889
383,978.1058
384,978.5378
385,981.1337
386,983.2170
387,984.6568
388,985.7476
389,987.5927
390,989.5926
391,991.5702
392,993.6678
393,995.0097
394,996.8383
395,998.0457
396,999.5639
397,1001.9066
398,1004.4732
399,1006.7487
400,1009.4213
401,1010.9887
402,1014.0510
403,1016.4845
404,1018.3856
405,1021.0018
406,1023.8757
407,1026.8431
408,1029.5627
409,1030.9680
410,1033.8638
411,1035.9466
412,1037.7517
413,1041.1265
414,1044.6765
415,1047.4761
416,1049.8416
417,1051.8792
418,1054.2846
419,1057.9147
420,1059.9177
421,1062.3269
422,1066.2560
423,1071.2557
424,1074.3167
425,1078.1436
426,1083.8706
427,1088.4929
428,1093.9395
429,1096.8704
430,1098.9718
431,1101.2363
432,1103.2765
433,1105.0580
434,1108.4752
435,1110.7762
436,1113.1392
437,1115.2484
438,1118.9268
439,1120.5096
440,1122.0462
441,1124.1579
442,1127.4447
443,1131.3145
444,1133.3423
445,1135.2148
446,1137.4466
447,1139.6625
448,1142.1266
449,1144.7716
450,1149.7159
451,1152.6783
452,1155.6227
453,1160.3203
454,1161.8428
455,1163.6169
456,1166.8980
457,1168.6242
458,1170.7594
459,1173.8291
460,1178.9329
461,1182.2102
462,1184.8011
463,1187.2945
464,1189.6696
465,1192.4078
466,1194.8719
467,1197.4986
468,1200.0608
469,1202.7919
470,1205.3292
471,1208.3647
472,1210.9089
473,1213.6650
474,1216.2349
475,1218.6873
476,1221.0023
477,1222.8920
478,1225.1546
479,1226.9003
480,1228.8520
481,1231.2098
482,1233.2172
483,1235.0733
484,1237.5038
485,1240.1302
486,1243.4556
487,1246.0344
488,1249.2733
489,1251.6382
490,1253.4401
491,1255.4777
492,1257.3256
493,1259.0761
494,1261.3924
495,1263.5267
496,1265.6653
497,1267.6015
498,1269.5897
499,1271.6694
500,1273.7157
501,1275.3897
502,1277.3325
503,1278.6026
504,1280.3712
505,1281.0283
506,1282.3119
507,1284.5097
508,1285.2166
509,1286.1607
510,1287.4284
511,1289.6779
512,1292.0501
513,1294.3366
514,1296.2532
515,1298.4531
516,1300.7386
517,1302.7604
518,1304.6730
519,1306.4425
520,1308.7957
521,1311.4028
522,1313.4747
523,1316.0443
524,1318.4056
525,1320.8907
526,1323.4320
527,1326.7307
528,1332.7334
529,1341.8543
530,1341.0752
531,1343.4172
532,1348.4149
533,1350.2982
534,1352.8600
535,1357.2211
536,1363.0416
537,1366.4732
538,1372.7512
539,1373.8689
540,1375.4003
541,1376.0943
542,1377.4438
543,1380.2123
544,1381.7444
545,1383.4476
546,1385.7083
547,1387.3117
548,1388.4730
549,1390.5237
550,1391.1743
551,1391.1743
552,1392.3967
553,1396.9190
554,1399.5266
555,1401.8295
556,1404.6967
557,1408.3707
558,1411.5524
559,1413.2805
560,1415.7064
561,1418.9641
562,1421.0780
563,1422.3049
564,1424.8493
565,1427.0079
566,1429.5433
567,1432.0915
568,1435.2190
569,1437.7050
570,1440.1524
571,1442.2064
572,1444.4015
573,1446.8536
574,1449.1279
575,1450.8886
576,1452.6212
577,1453.7399
578,1456.6834
579,1456.8973
580,1458.5941
581,1459.5189
582,1459.9478
583,1460.4299
584,1462.5163
585,1463.8572
586,1466.1038
587,1468.0016
588,1470.7453
589,1473.9399
590,1477.4661
591,1479.7826
592,1480.6602
593,1481.5717
594,1482.4965
595,1483.4387
596,1484.2815
597,1485.0996
598,1486.3200
599,1488.2159
600,1489.9929
601,1491.7552
602,1494.7951
603,1497.7267
604,1499.0437
605,1501.5049
606,1503.9089
607,1506.3543
608,1508.8005
609,1510.9720
610,1513.5193
611,1516.3298
612,1519.6869
613,1522.4185
614,1524.9453
615,1527.3750
616,1529.4688
617,1531.7574
618,1533.6235
619,1535.8543
620,1537.7645
621,1540.1018
622,1543.0117
623,1546.8857
624,1548.9786
625,1550.9036
626,1553.1838
627,1555.1078
628,1556.8562
629,1558.7006
630,1560.8907
631,1563.3464
632,1565.1734
633,1569.5715
634,1573.2026
635,1575.3086
636,1577.3814
637,1578.4636
638,1580.7576
639,1583.6022
640,1584.9454
641,1587.8479
642,1589.8452
643,1590.9128
644,1591.6419
645,1597.9974
646,1597.0383
647,1603.4682
648,1605.0563
649,1608.4905
650,1612.0746
651,1616.2648
652,1621.5861
653,1624.1872
654,1626.2596
655,1631.3069
656,1632.9401
657,1637.1982
658,1641.3174
659,1642.8771
660,1645.7918
661,1649.9748
662,1654.2766
663,1657.8071
664,1661.2997
665,1665.8411
666,1669.2634
667,1671.9372
668,1675.0424
669,1678.0014
670,1680.5077
671,1682.3442
672,1684.8071
673,1687.1333
674,1689.3873
675,1690.4876
676,1693.6965
677,1695.1528
678,1700.2616
679,1704.0529
680,1707.0384
681,1710.7086
682,1714.2930
683,1717.3131
684,1720.2413
685,1724.8790
686,1729.6429
687,1734.6139
688,1739.3038
689,1742.9178
690,1746.1708
691,1749.5248
692,1752.4264
693,1755.5962
694,1759.0699
695,1762.1078
696,1765.0135
697,1768.4412
698,1772.1500
699,1774.9944
700,1777.8726
701,1780.6053
702,1783.2634
703,1786.5069
704,1792.3458
705,1796.3161
706,1803.6621
707,1808.3224
708,1812.3400
709,1817.4467
710,1822.4008
711,1826.5717
712,1830.4918
713,1833.0610
714,1832.8259
715,1836.1588
716,1837.7960
717,1841.0714
718,1840.7280
719,1849.1151
720,1855.1304
721,1858.5155
722,1860.8916
723,1863.1704
724,1866.0219
725,1868.7449
726,1876.2560
727,1876.3924
728,1882.4048
729,1885.4868
730,1889.3194
731,1893.5554
732,1895.2658
733,1900.5949
734,1903.8563
735,1907.5992
736,1911.8283
737,1915.6332
738,1918.1046
739,1922.5886
740,1927.2416
741,1930.3842
742,1932.2922
743,1934.7069
744,1937.2263
745,1940.0904
746,1942.7876
747,1945.2066
748,1952.2619
749,1958.1871
750,1960.8383
751,1963.5372
752,1966.8617
753,1969.2945
754,1971.8900
755,1974.2446
756,1976.9905
757,1979.7876
758,1982.7371
759,1985.7080
760,1988.6191
761,1992.4760
762,1996.6061
763,1999.1090
764,2002.9118
765,2006.4423
766,2010.8976
767,2014.5180
768,2017.9374
769,2022.0747
770,2026.8555
771,2029.7291
772,2032.5670
773,2035.3091
774,2038.6434
775,2041.2343
776,2044.4074
777,2046.9213
778,2050.8335
779,2053.6129
780,2056.6032
781,2060.0190
782,2062.8123
783,2066.0267
784,2069.7627
785,2073.7743
786,2077.3745
787,2080.6100
788,2083.4675
789,2087.1370
790,2090.0171
791,2093.0533
792,2095.8002
793,2098.6130
794,2102.0067
795,2104.9325
796,2107.7585
797,2111.2292
798,2113.4741
799,2115.6507
800,2119.5359
801,2122.5450
802,2125.8993
803,2128.9611
804,2131.9456
805,2134.9292
806,2137.9838
807,2141.3438
808,2143.9595
809,2147.6655
810,2150.6209
811,2153.5385
812,2156.2266
813,2158.8013
814,2161.4470
815,2164.4726
816,2167.5713
817,2171.0188
818,2175.8320
819,2176.7333
820,2181.2065
821,2180.1968
822,2182.9073
823,2187.6643
824,2193.8913
825,2198.0605
826,2198.8785
827,2200.2509
828,2203.6510
829,2209.9888
830,2212.2149
831,2211.2432
832,2212.8756
833,2213.5346
834,2216.3336
835,2217.5474
836,2219.4099
837,2231.7750
838,2234.6404
839,2234.0710
840,2233.5773
841,2232.8932
842,2233.1893
843,2235.9369
844,2239.6069
845,2241.7979
846,2245.2359
847,2246.8526
848,2248.2641
849,2249.2955
850,2250.8070
851,2252.0275
852,2253.4344
853,2255.7695
854,2258.0843
855,2259.7165
856,2261.1065
857,2262.9700
858,2264.5900
859,2265.7690
860,2267.3025
861,2268.5540
862,2270.0629
863,2272.5441
864,2273.3259
865,2274.0991
866,2274.6096
867,2276.6352
868,2277.6918
869,2279.2835
870,2280.6942
871,2282.3179
872,2285.3415
873,2287.9357
874,2294.8520
875,2299.2513
876,2304.4052
877,2308.1770
878,2310.6122
879,2312.9025
880,2315.3403
881,2317.7669
882,2320.7965
883,2323.6771
884,2328.0227
885,2330.5826
886,2332.9418
887,2335.8021
888,2337.9078
889,2340.2426
890,2342.3610
891,2341.0375
892,2342.2811
893,2343.4572
894,2343.9789
895,2345.5198
896,2347.9245
897,2349.4985
898,2350.3904
899,2350.9111
900,2352.9022
901,2354.3532
902,2355.5243
903,2356.4463
904,2357.6782
905,2358.8192
906,2359.9281
907,2361.1083
908,2362.1318
909,2363.2381
910,2364.3057
911,2365.4234
912,2366.3254
913,2366.6637
914,2367.5597
915,2368.3755
916,2369.4196
917,2370.3582
918,2371.0670
919,2371.9709
920,2372.9494
921,2374.0742
922,2375.0310
923,2376.5714
924,2378.3154
925,2379.5621
926,2380.4169
927,2381.4993
928,2382.3090
929,2383.3470
930,2384.4013
931,2385.1929
932,2386.3409
933,2387.1870
934,2387.9392
935,2389.0343
936,2389.7452
937,2390.7511
938,2391.5985
939,2392.3810
940,2393.4500
941,2394.4759
942,2394.7418
943,2395.5014
944,2396.3683
945,2397.3475
946,2398.4296
947,2399.5788
948,2399.8401
949,2400.6546
950,2401.4916
951,2402.5166
952,2403.3697
953,2404.0401
954,2405.0951
955,2406.1854
956,2407.0134
957,2407.7899
958,2408.8001
959,2409.9457
960,2410.6910
961,2411.7990
962,2412.3497
963,2413.2974
964,2414.1960
965,2415.2184
966,2415.8461
967,2416.5950
968,2417.5725
969,2418.5073
970,2419.4682
971,2420.4450
972,2421.2987
973,2422.2105
974,2423.1389
975,2424.1278
976,2424.5937
977,2425.5924
978,2426.4586
979,2427.3369
980,2428.0105
981,2428.9999
982,2429.9266
983,2430.9759
984,2431.8371
985,2432.5941
986,2433.3494
987,2434.1016
988,2434.5412
989,2435.0352
990,2435.9927
991,2436.8656
992,2437.4278
993,2438.4387
994,2439.0366
995,2439.9867
996,2440.5305
997,2441.4616
998,2442.2584
999,2443.2404
1000,2443.7099
1001,2444.1683
1002,2445.1616
1003,2445.9581
1004,2446.8613
1005,2447.7494
1006,2448.4506
1007,2449.4224
1008,2450.3384
1009,2451.2742
1010,2452.5025
1011,2453.5661
1012,2454.5557
1013,2455.6499
1014,2456.7113
1015,2457.7470
1016,2458.7748
1017,2459.9917
1018,2461.0541
1019,2462.0740
1020,2463.2111
1021,2464.3571
1022,2465.5097
1023,2466.3599
1024,2467.5424
1025,2469.8498
1026,2470.9857
1027,2471.9720
1028,2473.0785
1029,2473.9201
1030,2475.0035
1031,2475.9607
1032,2477.0157
1033,2477.9921
1034,2478.8277
1035,2483.8228
1036,2486.1722
1037,2488.4846
1038,2490.9952
1039,2493.4509
1040,2496.0194
1041,2498.5132
1042,2501.5545
1043,2503.7324
1044,2506.1784
1045,2515.1343
1046,2516.9182
1047,2519.3675
1048,2521.6830
1049,2524.0960
1050,2526.1877
1051,2528.2671
1052,2530.4139
1053,2532.4595
1054,2534.5438
1055,2536.5682
1056,2538.8043
1057,2541.3754
1058,2543.5252
1059,2545.5039
1060,2547.2283
1061,2549.1478
1062,2551.1425
1063,2553.0219
1064,2555.1219
1065,2557.1146
1066,2559.0816
1067,2560.9348
1068,2562.8192
1069,2564.7073
1070,2566.5486
1071,2568.3653
1072,2570.1296
1073,2572.0792
1074,2574.2960
1075,2576.5798
1076,2578.8543
1077,2581.1188
1078,2583.4394
1079,2585.6252
1080,2587.7736
1081,2589.8886
1082,2591.9170
1083,2594.2478
1084,2596.4327
1085,2598.7236
1086,2600.9004
1087,2603.2524
1088,2608.7399
1089,2610.5583
1090,2610.7516
1091,2613.1957
1092,2615.3390
1093,2621.3102
1094,2623.4632
1095,2625.4337
1096,2627.7559
1097,2630.0316
1098,2632.5254
1099,2634.9528
1100,2637.2135
1101,2639.5254
1102,2641.4833
1103,2643.7416
1104,2646.0593
1105,2648.5331
1106,2650.6693
1107,2653.1169
1108,2655.6377
1109,2657.7353
1110,2660.1245
1111,2662.5216
1112,2664.3188
1113,2666.7929
1114,2668.8702
1115,2671.0620
1116,2673.3580
1117,2675.6880
1118,2678.0455
1119,2680.1898
1120,2682.4675
1121,2684.3364
1122,2686.3327
1123,2688.4093
1124,2691.1361
1125,2693.4192
1126,2696.0878
1127,2698.7212
1128,2701.3311
1129,2703.8958
1130,2706.3503
1131,2708.8430
1132,2711.0450
1133,2713.5162
1134,2715.2531
1135,2717.9503
1136,2719.6834
1137,2721.7603
1138,2724.3199
1139,2726.3393
1140,2728.4040
1141,2730.9303
1142,2733.3007
1143,2735.2889
1144,2737.8979
1145,2739.7492
1146,2741.9405
1147,2743.7992
1148,2744.7832
1149,2745.7998
1150,2746.8302
1151,2747.8361
1152,2748.8694
1153,2749.8870
1154,2750.7830
1155,2751.6909
1156,2752.5849
1157,2753.5462
1158,2754.5285
1159,2755.4560
1160,2756.5391
1161,2757.4418
1162,2758.4589
1163,2759.3150
1164,2760.2122
1165,2761.2145
1166,2762.4154
1167,2763.4068
1168,2764.4162
1169,2765.6574
1170,2766.6934
1171,2767.6742
1172,2768.6675
1173,2769.5875
1174,2770.5004
1175,2771.5476
1176,2772.4857
1177,2773.4320
1178,2774.4415
1179,2775.4025
1180,2776.4466
1181,2777.4317
1182,2778.4417
1183,2779.4909
1184,2780.4267
1185,2781.3995
1186,2782.3963
1187,2783.4971
1188,2784.5089
1189,2785.5484
1190,2786.6533
1191,2787.7443
1192,2788.7979
1193,2789.9132
1194,2790.9780
1195,2791.8115
1196,2792.9358
1197,2793.9496
1198,2795.2135
1199,2797.0304
1200,2799.4118
1201,2801.5854
1202,2803.3330
1203,2804.3406
1204,2805.4531
1205,2806.4334
1206,2807.4677
1207,2808.7182
1208,2809.7689
1209,2811.9626
1210,2813.0348
1211,2815.4955
1212,2817.7760
1213,2825.7809
1214,2824.7890
1215,2826.6609
1216,2828.8398
1217,2835.6411
1218,2837.8482
1219,2841.1894
1220,2843.3006
1221,2845.8815
1222,2848.0823
1223,2850.0316
1224,2852.1087
1225,2853.9515
1226,2855.8619
1227,2857.9178
1228,2860.0743
1229,2862.0398
1230,2863.7342
1231,2866.9515
1232,2870.9488
1233,2871.6693
1234,2872.7341
1235,2876.9825
1236,2878.1462
1237,2881.3219
1238,2882.3929
1239,2883.5902
1240,2884.5890
1241,2885.6916
1242,2886.7898
1243,2890.3143
1244,2891.5439
1245,2892.6268
1246,2893.7318
1247,2894.8669
1248,2895.8154
1249,2897.0745
1250,2898.0491
1251,2899.5194
1252,2901.1521
1253,2902.4696
1254,2903.6090
1255,2905.0198
1256,2906.4925
1257,2907.4104
1258,2908.4644
1259,2909.9050
1260,2911.8295
1261,2913.5895
1262,2914.6266
1263,2915.6263
1264,2917.2349
1265,2919.4040
1266,2920.7587
1267,2922.8327
1268,2925.6818
1269,2927.8033
1270,2929.6491
1271,2931.6268
1272,2933.5439
1273,2935.9665
1274,2938.6120
1275,2940.4547
1276,2944.3340
1277,2946.2707
1278,2948.4365
1279,2950.4883
1280,2952.5948
1281,2954.5910
1282,2956.7416
1283,2959.3995
1284,2961.8568
1285,2963.7783
1286,2965.8799
1287,2970.1817
1288,2972.2660
1289,2974.7736
1290,2977.1225
1291,2979.4497
1292,2981.3895
1293,2983.7856
1294,2985.9288
1295,2988.3096
1296,2990.7720
1297,2992.7249
1298,2994.6721
1299,2996.9163
1300,2998.7459
1301,3000.5636
1302,3002.2564
1303,3004.3035
1304,3006.3109
1305,3008.1639
1306,3010.2849
1307,3012.4519
1308,3014.5867
1309,3016.8295
1310,3019.0165
1311,3021.3876
1312,3023.7014
1313,3025.6574
1314,3027.7555
1315,3029.8052
1316,3032.0048
1317,3033.8650
1318,3035.7141
1319,3038.0340
1320,3040.1378
1321,3041.9564
1322,3043.0019
1323,3043.9687
1324,3045.2921
1325,3046.3879
1326,3047.4565
1327,3048.7003
1328,3049.8939
1329,3051.0736
1330,3052.1970
1331,3053.3345
1332,3054.3206
1333,3055.4283
1334,3056.4005
1335,3057.3816
1336,3058.3878
1337,3059.4265
1338,3060.3828
1339,3061.3210
1340,3062.1972
1341,3063.2186
1342,3064.2972
1343,3065.4473
1344,3065.4523
1345,3066.1919
1346,3064.1782
1347,3065.0907
1348,3065.9719
1349,3066.5500
1350,3067.7326
1351,3068.7490
1352,3069.9208
1353,3071.1615
1354,3072.7253
1355,3074.0294
1356,3075.1052
1357,3076.1821
1358,3077.4002
1359,3078.5067
1360,3079.4249
1361,3080.4291
1362,3081.2624
1363,3082.1850
1364,3083.0705
1365,3083.9942
1366,3085.2611
1367,3086.0040
1368,3087.1413
1369,3088.3331
1370,3089.3729
1371,3090.1828
1372,3091.0141
1373,3092.0727
1374,3093.2081
1375,3094.2273
1376,3095.3703
1377,3096.4720
1378,3097.4023
1379,3098.4452
1380,3099.3845
1381,3100.1720
1382,3101.1360
1383,3102.0954
1384,3103.0550
1385,3103.8244
1386,3104.7676
1387,3105.7923
1388,3107.0297
1389,3107.9500
1390,3108.7267
1391,3109.7033
1392,3110.5216
1393,3111.3460
1394,3112.0877
1395,3112.9346
1396,3114.1784
1397,3115.0355
1398,3116.0464
1399,3116.7910
1400,3117.7316
1401,3118.5775
1402,3119.3683
1403,3120.3465
1404,3121.1812
1405,3122.0427
1406,3123.1060
1407,3124.1572
1408,3125.0827
1409,3126.0133
1410,3126.7717
1411,3127.8121
1412,3128.4356
1413,3129.4472
1414,3130.3847
1415,3131.3279
1416,3132.3178
1417,3133.2576
1418,3134.6109
1419,3135.7081
1420,3136.9617
1421,3137.9945
1422,3139.2171
1423,3140.2235
1424,3141.2446
1425,3142.3106
1426,3143.2540
1427,3144.2316
1428,3145.1974
1429,3146.0404
1430,3146.9493
1431,3148.1142
1432,3148.8605
1433,3149.8220
1434,3150.8958
1435,3151.8178
1436,3152.8218
1437,3153.8944
1438,3154.8641
1439,3155.7212
1440,3156.8587
1441,3157.9442
1442,3158.9801
1443,3159.8186
1444,3160.8205
1445,3161.8316
1446,3162.8318
1447,3163.8458
1448,3164.7966
1449,3165.7317
1450,3166.8072
1451,3167.7511
1452,3168.6947
1453,3169.7404
1454,3170.8982
1455,3171.8521
1456,3172.7653
1457,3173.8400
1458,3175.0298
1459,3176.2319
1460,3177.2768
1461,3178.3080
1462,3179.3113
1463,3180.3489
1464,3181.4625
1465,3182.3671
1466,3187.6166
1467,3188.9992
1468,3190.0573
1469,3190.8033
1470,3192.2433
1471,3193.3198
1472,3194.3741
1473,3195.3797
1474,3196.4841
1475,3197.6278
1476,3198.5583
1477,3199.6558
1478,3200.6695
1479,3201.8998
1480,3202.9698
1481,3203.8519
1482,3204.7672
1483,3205.7424
1484,3206.1379
1485,3207.1464
1486,3208.1439
1487,3209.0807
1488,3210.1204
1489,3212.5797
1490,3213.2618
1491,3214.2026
1492,3215.1866
1493,3216.2325
1494,3217.2914
1495,3218.5371
1496,3219.7700
1497,3220.9799
1498,3221.9369
1499,3222.7840
1500,3223.8548
1501,3225.2080
1502,3226.4771
1503,3227.6182
1504,3228.7331
1505,3229.8062
1506,3230.9103
1507,3232.0378
1508,3233.1176
1509,3234.4253
1510,3235.8234
1511,3237.2010
1512,3238.5061
1513,3239.9287
1514,3241.3363
1515,3242.5656
1516,3243.7856
1517,3245.0111
1518,3246.2389
1519,3247.6206
1520,3248.9138
1521,3250.5186
1522,3251.8926
1523,3253.2020
1524,3254.5474
1525,3255.8942
1526,3257.2312
1527,3258.5499
1528,3259.8574
1529,3261.4133
1530,3262.7511
1531,3264.4551
1532,3265.7320
1533,3267.1008
1534,3268.4715
1535,3269.7475
1536,3271.1513
1537,3272.4788
1538,3273.7265
1539,3275.1706
1540,3276.4759
1541,3276.9754
1542,3276.0077
1543,3275.1470
1544,3272.3196
1545,3270.5841
1546,3267.4313
1547,3267.5171
1548,3266.5639
1549,3265.6798
1550,3264.9362
1551,3265.1801
1552,3263.3407
1553,3262.5279
1554,3261.8272
1555,3261.9774
1556,3261.0826
1557,3260.2088
1558,3259.4612
1559,3259.4140
1560,3258.5449
1561,3257.6621
1562,3257.9966
1563,3258.3015
1564,3258.2436
1565,3257.1890
1566,3257.2906
1567,3258.4510
1568,3258.4631
1569,3257.5674
1570,3255.4660
1571,3254.5030
1572,3253.7785
1573,3252.8853
1574,3251.9529
1575,3250.9758
1576,3251.1160
1577,3250.2749
1578,3249.1605
1579,3247.2765
1580,3246.4724
1581,3245.8363
1582,3244.8764
1583,3243.0649
1584,3242.1553
1585,3239.1486
1586,3236.5689
1587,3235.3480
1588,3234.4186
1589,3233.3677
1590,3231.2546
1591,3230.8018
1592,3223.9087
1593,3220.5117
1594,3219.4519
1595,3216.2058
1596,3208.4355
1597,3208.2946
1598,3209.5401
1599,3208.0290
1600,3208.1320
1601,3207.1004
1602,3206.2359
1603,3205.2188
1604,3206.3305
1605,3206.8441
1606,3205.6894
1607,3205.9937
1608,3205.5688
1609,3205.6675
1610,3205.5340
1611,3202.0504
1612,3199.9683
1613,3199.9340
1614,3197.4535
1615,3193.9020
1616,3192.3132
1617,3190.8896
1618,3190.6848
1619,3187.3515
1620,3187.3188
1621,3186.2760
1622,3184.1671
1623,3184.0112
1624,3182.2944
1625,3180.2416
1626,3177.9861
1627,3176.7702
1628,3175.5390
1629,3174.4387
1630,3173.3577
1631,3171.6096
1632,3170.0032
1633,3169.9317
1634,3168.8492
1635,3169.2991
1636,3169.4300
1637,3169.2848
1638,3168.2243
1639,3168.2606
1640,3169.3223
1641,3169.2724
1642,3170.3498
1643,3169.1704
1644,3166.9633
1645,3165.8328
1646,3164.6647
1647,3162.1754
1648,3159.8146
1649,3158.4663
1650,3158.4044
1651,3159.4422
1652,3159.3733
1653,3159.1897
1654,3159.0524
1655,3160.0616
1656,3158.9208
1657,3157.7647
1658,3156.7678
1659,3156.5115
1660,3154.3844
1661,3153.2366
1662,3153.2176
1663,3150.7628
1664,3149.5264
1665,3148.1862
1666,3147.1369
1667,3145.8311
1668,3144.6760
1669,3143.6563
1670,3141.8023
1671,3139.5829
1672,3138.4838
1673,3136.3471
1674,3135.6666
1675,3134.2611
1676,3134.2318
1677,3133.2853
1678,3132.0784
1679,3131.0115
1680,3128.7038
1681,3126.0853
1682,3126.3120
1683,3123.8132
1684,3126.5495
1685,3126.5388
1686,3125.5195
1687,3124.4438
1688,3123.3845
1689,3123.0731
1690,3121.2029
1691,3118.8383
1692,3116.3270
1693,3115.1183
1694,3113.5898
1695,3113.5921
1696,3112.7114
1697,3111.0687
1698,3111.0525
1699,3110.0328
1700,3108.8634
1701,3108.9520
1702,3110.2083
1703,3110.0454
1704,3102.4978
1705,3103.5662
1706,3103.6615
1707,3100.3399
1708,3098.1507
1709,3094.7115
1710,3090.1690
1711,3086.9825
1712,3085.8827
1713,3082.1342
1714,3080.3490
1715,3078.7857
1716,3076.4408
1717,3075.2623
1718,3072.2914
1719,3070.0350
1720,3067.2336
1721,3065.5379
1722,3063.1034
1723,3058.6760
1724,3056.3242
1725,3055.1624
1726,3053.7152
1727,3051.0862
1728,3049.7386
1729,3048.3096
1730,3048.2211
1731,3045.7463
1732,3046.9303
1733,3045.6607
1734,3042.9597
1735,3041.6613
1736,3037.4629
1737,3035.2595
1738,3033.9372
1739,3031.4386
1740,3028.8196
1741,3026.1993
1742,3024.9307
1743,3021.6167
1744,3018.2002
1745,3013.7453
1746,3010.4904
1747,3008.2116
1748,3005.5907
1749,3003.2971
1750,3000.9677
1751,2999.8586
1752,2996.6969
1753,2994.0038
1754,2991.6439
1755,2989.4209
1756,2987.2215
1757,2985.8603
1758,2983.5942
1759,2981.3821
1760,2980.6676
1761,2979.5485
1762,2973.8307
1763,2971.0038
1764,2964.7474
1765,2961.5061
1766,2962.5530
1767,2960.3491
1768,2960.5496
1769,2959.2187
1770,2957.2709
1771,2954.9630
1772,2954.0761
1773,2952.3726
1774,2950.3586
1775,2948.9541
1776,2946.5201
1777,2935.2205
1778,2931.8154
1779,2928.4806
1780,2929.4548
1781,2925.4620
1782,2925.5173
1783,2921.9880
1784,2917.6006
1785,2916.5254
1786,2913.5988
1787,2912.4248
1788,2911.2182
1789,2909.5156
1790,2907.7051
1791,2904.3887
1792,2902.1811
1793,2899.8759
1794,2895.4184
1795,2892.3008
1796,2890.6929
1797,2888.4699
1798,2885.0718
1799,2882.9093
1800,2881.6848
1801,2879.1289
1802,2877.9423
1803,2876.8966
1804,2874.4714
1805,2872.3493
1806,2867.0003
1807,2862.6964
1808,2860.5626
1809,2859.7984
1810,2857.7938
1811,2856.6020
1812,2855.6752
1813,2854.1296
1814,2851.7869
1815,2849.5724
1816,2848.0024
1817,2845.8707
1818,2844.5852
1819,2841.1884
1820,2838.7907
1821,2836.5676
1822,2833.4870
1823,2831.2237
1824,2828.5418
1825,2825.2339
1826,2822.9220
1827,2819.2186
1828,2816.7670
1829,2815.4087
1830,2813.3256
1831,2812.5808
1832,2810.4913
1833,2809.6368
1834,2807.3390
1835,2805.7849
1836,2803.5591
1837,2801.3432
1838,2799.7148
1839,2797.3757
1840,2795.1267
1841,2793.1859
1842,2790.6048
1843,2788.1613
1844,2785.0528
1845,2782.9812
1846,2781.9197
1847,2779.2492
1848,2776.9165
1849,2775.5036
1850,2773.6967
1851,2771.9493
1852,2769.7358
1853,2767.4441
1854,2766.3064
1855,2764.0278
1856,2763.9689
1857,2763.0045
1858,2758.6854
1859,2756.6686
1860,2755.4331
1861,2752.3029
1862,2750.9902
1863,2747.4372
1864,2746.1476
1865,2744.0522
1866,2743.0618
1867,2740.3402
1868,2737.9980
1869,2736.8832
1870,2734.5066
1871,2733.5865
1872,2731.7612
1873,2730.9799
1874,2728.0741
1875,2727.1295
1876,2728.2455
1877,2728.9937
1878,2729.7685
1879,2731.0719
1880,2723.4986
1881,2720.2704
1882,2714.4103
1883,2712.4805
1884,2713.7873
1885,2713.9342
1886,2714.0789
1887,2714.0408
1888,2713.9115
1889,2712.0037
1890,2709.6698
1891,2708.9865
1892,2711.1516
1893,2708.8103
1894,2709.5258
1895,2710.4247
1896,2704.6382
1897,2706.4648
1898,2709.4073
1899,2712.1186
1900,2707.9411
1901,2705.1122
1902,2703.0606
1903,2701.2141
1904,2698.7474
1905,2699.1544
1906,2702.2402
1907,2706.2681
1908,2707.2649
1909,2708.1342
1910,2709.9118
1911,2710.2520
1912,2709.3642
1913,2709.0809
1914,2709.1327
1915,2707.9387
1916,2707.5577
1917,2707.5098
1918,2706.7339
1919,2707.6778
1920,2707.1571
1921,2704.9890
1922,2705.5929
1923,2706.0995
1924,2706.7280
1925,2707.3073
1926,2707.9630
1927,2708.0097
1928,2707.5503
1929,2707.6619
1930,2706.4440
1931,2704.5972
1932,2699.5893
1933,2696.2240
1934,2691.7350
1935,2690.2990
1936,2688.3166
1937,2687.5017
1938,2686.7440
1939,2686.6033
1940,2685.7047
1941,2683.3625
1942,2680.2187
1943,2679.2495
1944,2677.7341
1945,2676.8970
1946,2676.3172
1947,2675.9601
1948,2674.1478
1949,2674.4106
1950,2673.4629
1951,2673.2695
1952,2673.2671
1953,2673.2907
1954,2672.3764
1955,2671.2885
1956,2671.2487
1957,2671.6053
1958,2671.2809
1959,2670.4023
1960,2669.3327
1961,2669.2173
1962,2669.0044
1963,2668.8032
1964,2668.7574
1965,2668.3762
1966,2668.1051
1967,2668.1893
1968,2667.9335
1969,2667.5668
1970,2667.4795
1971,2667.1209
1972,2666.7593
1973,2666.4464
1974,2666.3110
1975,2667.2573
1976,2665.9310
1977,2665.8473
1978,2665.7712
1979,2665.5796
1980,2666.6932
1981,2665.3280
1982,2665.1561
1983,2663.5561
1984,2663.4905
1985,2663.2640
1986,2662.9410
1987,2662.3714
1988,2663.4915
1989,2663.2068
1990,2664.3827
1991,2664.3796
1992,2664.4707
1993,2664.6895
1994,2666.6903
1995,2667.7072
1996,2668.7682
1997,2669.3571
1998,2669.9152
1999,2671.0105
2000,2671.7563
2001,2671.2928
2002,2671.1898
2003,2670.9540
2004,2671.9599
2005,2671.7205
2006,2670.6901
2007,2670.6805
2008,2672.0095
2009,2671.9313
2010,2671.8581
2011,2671.7761
2012,2671.6635
2013,2671.8383
2014,2671.7756
2015,2671.8688
2016,2671.6940
2017,2671.4828
2018,2671.3111
2019,2671.1779
2020,2671.0353
2021,2670.9244
2022,2670.8179
2023,2670.6610
2024,2671.5705
2025,2671.3245
2026,2671.1764
2027,2671.1044
2028,2671.4308
2029,2671.2623
2030,2671.7494
2031,2671.7615
2032,2671.6485
2033,2671.5391
2034,2671.4640
2035,2672.4420
2036,2672.2696
2037,2672.1170
2038,2672.1113
2039,2671.9191
2040,2671.8237
2041,2671.4878
2042,2671.0823
2043,2672.0545
2044,2671.8905
2045,2671.7422
2046,2671.6022
2047,2671.1965
2048,2672.1790
2049,2672.0402
2050,2672.1332
2051,2672.0736
2052,2671.7544
2053,2671.6664
2054,2671.6082
2055,2671.5438
2056,2672.1959
2057,2672.1852
2058,2672.0119
2059,2671.9570
2060,2671.7455
2061,2671.5794
2062,2672.5533
2063,2672.3793
2064,2672.2393
2065,2671.9732
2066,2671.8783
2067,2671.8378
2068,2671.7410
2069,2671.6142
2070,2671.6433
2071,2671.4616
2072,2671.4082
2073,2671.3367
2074,2671.1228
2075,2670.9657
2076,2670.8531
2077,2670.6147
2078,2670.4237
2079,2670.3577
2080,2670.2988
2081,2670.2268
2082,2670.0220
2083,2668.7636
2084,2668.5729
2085,2668.1929
2086,2668.1757
2087,2667.9573
2088,2667.7134
2089,2667.4123
2090,2667.3992
2091,2668.2177
2092,2668.6578
2093,2664.2962
2094,2661.2208
2095,2660.3999
2096,2658.9155
2097,2656.7099
2098,2655.8950
2099,2654.4001
2100,2651.9973
2101,2652.0483
2102,2650.2116
2103,2642.0572
2104,2640.8143
2105,2638.2201
2106,2636.7104
2107,2635.5324
2108,2635.5250
2109,2633.1573
2110,2633.2295
2111,2632.0441
2112,2630.4798
2113,2630.3890
2114,2627.6317
2115,2626.6682
2116,2625.7720
2117,2624.7487
2118,2624.3191
2119,2623.2429
2120,2621.9699
2121,2620.4786
2122,2618.9096
2123,2618.3412
2124,2618.0232
2125,2616.3688
2126,2616.0092
2127,2614.0079
2128,2613.8704
2129,2613.0130
2130,2612.3970
2131,2610.4991
2132,2608.7451
2133,2608.6569
2134,2606.7328
2135,2605.6533
2136,2604.5134
2137,2604.2867
2138,2603.2641
2139,2600.2343
2140,2601.0344
2141,2599.9417
2142,2597.9548
2143,2596.8890
2144,2596.3132
2145,2594.8031
2146,2592.9642
2147,2591.7432
2148,2591.4133
2149,2591.0683
2150,2590.3423
2151,2586.0717
2152,2586.3097
2153,2585.1209
2154,2583.2253
2155,2583.3652
2156,2582.4924
2157,2581.8527
2158,2581.5053
2159,2581.8741
2160,2581.6047
2161,2580.9586
2162,2579.6428
2163,2578.2058
2164,2577.1911
2165,2578.2223
2166,2577.2665
2167,2578.0044
2168,2576.3752
2169,2577.2977
2170,2576.1259
2171,2577.1077
2172,2577.3189
2173,2577.9767
2174,2577.3375
2175,2578.9318
2176,2579.1688
2177,2579.1235
2178,2579.4518
2179,2580.5087
2180,2580.7054
2181,2583.7202
2182,2583.9446
2183,2584.2845
2184,2582.7875
2185,2583.2119
2186,2582.6871
2187,2582.1767
2188,2582.3219
2189,2582.1261
2190,2580.8744
2191,2581.6503
2192,2581.4819
2193,2581.3582
2194,2581.5144
2195,2581.8696
2196,2581.1307
2197,2581.7122
2198,2582.0985
2199,2580.8702
2200,2580.7383
2201,2581.1181
2202,2581.4147
2203,2581.4056
2204,2580.9085
2205,2581.7823
2206,2582.7270
2207,2583.5657
2208,2584.6543
2209,2586.0379
2210,2587.4214
2211,2588.7108
2212,2589.7257
2213,2591.7623
2214,2592.7827
2215,2593.6458
2216,2594.7642
2217,2595.6919
2218,2596.6783
2219,2597.8239
2220,2598.8407
2221,2601.4702
2222,2602.5441
2223,2603.9991
2224,2605.3059
2225,2606.5793
2226,2607.7640
2227,2608.5610
2228,2609.2570
2229,2610.3768
2230,2611.5861
2231,2612.6850
2232,2613.7688
2233,2614.5856
2234,2617.1987
2235,2617.7211
2236,2618.6886
2237,2620.0314
2238,2621.1970
2239,2621.6855
2240,2622.8228
2241,2624.2282
2242,2625.2475
2243,2626.1773
2244,2627.4250
2245,2628.7990
2246,2630.0659
2247,2631.0837
2248,2632.1771
2249,2633.8115
2250,2634.8941
2251,2637.1908
2252,2638.9203
2253,2641.6516
2254,2644.5687
2255,2647.4273
2256,2649.0908
2257,2649.5748
2258,2648.5593
2259,2647.3360
2260,2648.4878
2261,2648.8299
2262,2649.5042
2263,2650.4636
2264,2650.9256
2265,2651.7358
2266,2652.6303
2267,2653.2099
2268,2652.7705
2269,2653.4121
2270,2654.0787
2271,2655.9896
2272,2652.7569
2273,2651.9575
2274,2652.9458
2275,2652.5714
2276,2644.3291
2277,2643.8584
2278,2641.5355
2279,2643.9004
2280,2645.6659
2281,2646.4880
2282,2646.8883
2283,2648.5264
2284,2648.7033
2285,2651.0561
2286,2652.0591
2287,2653.7552
2288,2655.6652
2289,2655.0703
2290,2657.5034
2291,2658.2696
2292,2659.1589
2293,2656.7078
2294,2658.4747
2295,2657.2413
2296,2658.7100
2297,2659.9658
2298,2661.0751
2299,2662.6046
2300,2663.9476
2301,2662.5822
2302,2663.6446
2303,2664.0484
2304,2664.0537
2305,2663.7328
2306,2664.7487
2307,2663.6958
2308,2663.2564
2309,2663.0859
2310,2663.0089
2311,2661.8197
2312,2661.7975
2313,2661.9420
2314,2662.2636
2315,2665.0579
2316,2666.3108
2317,2667.5744
2318,2668.0255
2319,2668.1261
2320,2669.3919
2321,2670.4564
2322,2673.2535
2323,2674.0694
2324,2674.3410
2325,2675.2658
2326,2674.4442
2327,2675.7188
2328,2675.3654
2329,2675.5204
2330,2676.9402
2331,2676.3651
2332,2675.3600
2333,2675.9913
2334,2674.0561
2335,2673.8861
2336,2673.7430
2337,2674.0115
2338,2674.4297
2339,2676.1274
2340,2676.0013
2341,2675.5748
2342,2674.9969
2343,2676.2106
2344,2676.1115
2345,2672.1556
2346,2674.2036
2347,2673.3999
2348,2672.6973
2349,2672.9085
2350,2672.6930
2351,2671.3717
2352,2671.4242
2353,2672.7424
2354,2672.3394
2355,2672.3831
2356,2672.9879
2357,2672.6444
2358,2672.4012
2359,2673.4731
2360,2673.0151
2361,2674.0859
2362,2673.8265
2363,2673.4302
2364,2673.5768
2365,2674.0983
2366,2675.6294
2367,2673.9395
2368,2675.6935
2369,2676.2521
2370,2675.8268
2371,2675.2985
2372,2676.3096
2373,2676.1417
2374,2675.9880
2375,2676.9922
2376,2676.7857
2377,2676.5969
2378,2677.8018
2379,2677.9625
2380,2679.2731
2381,2681.0250
2382,2682.1258
2383,2682.5402
2384,2684.9043
2385,2685.9224
2386,2686.9805
2387,2687.8228
2388,2688.9067
2389,2689.9934
2390,2690.7928
2391,2692.0385
2392,2693.4438
2393,2694.4363
2394,2695.4198
2395,2696.2540
2396,2698.7145
2397,2700.2995
2398,2708.9386
2399,2710.2227
2400,2713.0892
2401,2713.3667
2402,2714.3958
2403,2715.2898
2404,2716.8844
2405,2718.4763
2406,2720.0794
2407,2721.1654
2408,2722.8184
2409,2721.5474
2410,2722.0082
2411,2723.3272
2412,2727.7429
2413,2728.3208
2414,2729.6574
2415,2731.1180
2416,2733.1436
2417,2734.5054
2418,2735.8747
2419,2737.8948
2420,2736.3305
2421,2736.4175
2422,2740.2802
2423,2741.9834
2424,2745.7449
2425,2745.9056
2426,2748.4057
2427,2751.1373
2428,2751.4627
2429,2753.3038
2430,2755.8279
2431,2756.8345
2432,2758.3370
2433,2759.0175
2434,2759.8875
2435,2760.6599
2436,2761.6048
2437,2762.5237
2438,2765.5940
2439,2765.5003
2440,2767.1490
2441,2767.9513
2442,2768.4333
2443,2769.3183
2444,2771.1451
2445,2771.7590
2446,2772.8584
2447,2773.5338
2448,2773.5691
2449,2775.5835
2450,2776.0608
2451,2776.7284
2452,2776.8950
2453,2778.5809
2454,2779.2444
2455,2779.7942
2456,2780.6840
2457,2781.1708
2458,2783.0813
2459,2784.3595
2460,2785.5635
2461,2787.5144
2462,2788.4746
2463,2789.4590
2464,2790.8156
2465,2791.1630
2466,2793.0708
2467,2793.6876
2468,2794.3726
2469,2794.8682
2470,2796.6294
2471,2797.2596
2472,2798.5525
2473,2800.5102
2474,2801.2373
2475,2803.3395
2476,2804.4326
2477,2805.5413
2478,2806.6688
2479,2807.4424
2480,2808.3129
2481,2809.1316
2482,2810.1830
2483,2811.3160
2484,2812.4135
2485,2813.7167
2486,2814.8785
2487,2816.9556
2488,2817.5423
2489,2818.7392
2490,2819.8504
2491,2821.7018
2492,2822.5400
2493,2827.5371
2494,2831.2936
2495,2832.7773
2496,2831.7428
2497,2833.7371
2498,2837.9588
2499,2840.4756
2500,2842.8204
2501,2841.3239
2502,2840.2352
2503,2839.2956
2504,2847.5404
2505,2849.1032
2506,2851.7678
2507,2852.9751
2508,2853.7898
2509,2855.2229
2510,2856.8578
2511,2860.1346
2512,2861.4838
2513,2863.2216
2514,2865.8900
2515,2867.7037
2516,2869.9744
2517,2871.8266
2518,2874.7489
2519,2876.9002
2520,2878.4418
2521,2880.7857
2522,2882.4048
2523,2883.0960
2524,2880.9235
2525,2887.1081
2526,2890.7158
2527,2894.0821
2528,2896.1229
2529,2900.3692
2530,2903.6665
2531,2906.1866
2532,2910.6386
2533,2911.6070
2534,2911.5977
2535,2911.5601
2536,2911.0639
2537,2911.2043
2538,2913.4057
2539,2915.0689
2540,2916.0335
2541,2915.3316
2542,2915.5054
2543,2917.2091
2544,2917.6831
2545,2918.7343
2546,2921.0358
2547,2922.8916
2548,2923.4130
2549,2924.6411
2550,2925.3356
2551,2927.6166
2552,2928.3104
2553,2931.6211
2554,2932.3635
2555,2934.5031
2556,2935.3805
2557,2942.3978
2558,2939.1015
2559,2938.0462
2560,2939.2657
2561,2942.2922
2562,2943.5427
2563,2943.4543
2564,2943.9683
2565,2951.4630
2566,2949.2793
2567,2949.9743
2568,2949.1596
2569,2947.4649
2570,2954.5343
2571,2955.6665
2572,2957.1414
2573,2958.0932
2574,2959.3561
2575,2960.6442
2576,2962.4836
2577,2963.1252
2578,2964.5078
2579,2965.5638
2580,2968.9212
2581,2972.6374
2582,2972.5599
2583,2971.5219
2584,2974.2498
2585,2976.0733
2586,2978.1396
2587,2981.3373
2588,2982.9829
2589,2983.3353
2590,2985.1289
2591,2986.9404
2592,2988.4801
2593,2989.8324
2594,2991.4505
2595,2992.6686
2596,2993.9151
2597,2996.9869
2598,2998.9958
2599,2999.3448
2600,2999.7015
2601,3002.4686
2602,3005.9664
2603,3003.2589
2604,3008.5711
2605,3008.6198
2606,3010.3941
2607,3013.8924
2608,3010.6525
2609,3011.5120
2610,3013.3836
2611,3015.4173
2612,3015.6598
2613,3018.7922
2614,3019.7430
2615,3021.0776
2616,3021.1823
2617,3021.4798
2618,3024.1046
2619,3025.6803
2620,3027.9539
2621,3029.1026
2622,3030.2351
2623,3031.9605
2624,3033.2339
2625,3034.4369
2626,3035.4569
2627,3036.4604
2628,3038.5709
2629,3040.1356
2630,3040.8864
2631,3041.4481
2632,3042.7496
2633,3044.8482
2634,3046.1380
2635,3046.9029
2636,3048.0690
2637,3049.8958
2638,3050.2977
2639,3049.8106
2640,3053.7806
2641,3052.3956
2642,3053.7863
2643,3056.5579
2644,3056.8326
2645,3057.3626
2646,3058.3522
2647,3059.3660
2648,3061.5408
2649,3062.0062
2650,3063.5812
2651,3062.6721
2652,3061.9502
2653,3062.7108
2654,3065.2080
2655,3064.8129
2656,3066.0317
2657,3068.2931
2658,3069.7503
2659,3071.0902
2660,3072.4196
2661,3074.8377
2662,3075.2482
2663,3078.3834
2664,3079.7434
2665,3081.0721
2666,3083.4053
2667,3083.8435
2668,3084.3968
2669,3084.8970
2670,3094.6221
2671,3093.6184
2672,3092.2718
2673,3091.5086
2674,3090.3506
2675,3091.4984
2676,3096.6792
2677,3100.6196
2678,3101.5089
2679,3100.3070
2680,3101.9549
2681,3105.9177
2682,3109.8239
2683,3114.5055
2684,3115.8843
2685,3116.0376
2686,3116.0223
2687,3116.5111
2688,3117.9864
2689,3122.5872
2690,3127.3515
2691,3128.6244
2692,3129.0748
2693,3128.0627
2694,3129.2031
2695,3129.2429
2696,3130.0898
2697,3130.7874
2698,3136.0261
2699,3137.7931
2700,3141.9127
2701,3145.2620
2702,3147.2197
2703,3151.3097
2704,3152.0936
2705,3154.5131
2706,3155.9391
2707,3159.9934
2708,3161.8719
2709,3163.6651
2710,3164.8493
2711,3166.1975
2712,3169.0483
2713,3172.9145
2714,3176.2917
2715,3177.7864
2716,3180.2027
2717,3182.1113
2718,3183.8324
2719,3185.2674
2720,3187.7229
2721,3188.6721
2722,3190.3014
2723,3192.0323
2724,3193.0621
2725,3195.4288
2726,3196.4386
2727,3197.1188
2728,3198.2365
2729,3199.0790
2730,3200.1758
2731,3201.0179
2732,3202.1506
2733,3203.1698
2734,3204.0215
2735,3205.3099
2736,3206.1710
2737,3206.1057
2738,3207.7432
2739,3210.5644
2740,3211.1886
2741,3211.2792
2742,3211.2372
2743,3213.6278
2744,3216.1098
2745,3214.2234
2746,3210.9294
2747,3213.7818
2748,3215.3568
2749,3217.2689
2750,3219.6250
2751,3223.4309
2752,3224.7636
2753,3226.7325
2754,3228.9362
2755,3230.2699
2756,3232.1994
2757,3232.9028
2758,3234.5612
2759,3235.4586
2760,3236.9578
2761,3238.4713
2762,3239.7547
2763,3241.3874
2764,3244.2601
2765,3245.5292
2766,3246.9888
2767,3248.9274
2768,3251.5974
2769,3253.4008
2770,3253.1962
2771,3256.7101
2772,3258.6167
2773,3259.6009
2774,3260.7658
2775,3262.3167
2776,3262.9395
2777,3266.0837
2778,3266.9885
2779,3268.4994
2780,3270.6029
2781,3271.6129
2782,3274.7290
2783,3278.3754
2784,3283.0877
2785,3282.6328
2786,3283.8757
2787,3291.1284
2788,3289.7484
2789,3293.5712
2790,3296.0551
2791,3296.8571
2792,3298.4364
2793,3300.4990
2794,3300.2551
2795,3309.6540
2796,3308.8763
2797,3311.0161
2798,3314.1093
2799,3316.4361
2800,3318.2511
2801,3320.9434
2802,3323.4675
2803,3324.5609
2804,3327.0707
2805,3331.2790
2806,3332.9818
2807,3334.7583
2808,3335.5572
2809,3337.1599
2810,3338.8286
2811,3339.9131
2812,3342.5333
2813,3343.9827
2814,3345.2666
2815,3346.3666
2816,3347.8069
2817,3351.0227
2818,3352.6435
2819,3354.4779
2820,3357.1415
2821,3358.9799
2822,3361.7437
2823,3362.6046
2824,3363.3506
2825,3364.6717
2826,3367.3809
2827,3370.4076
2828,3372.4201
2829,3373.9731
2830,3375.4697
2831,3376.7459
2832,3378.9194
2833,3380.3456
2834,3381.6674
2835,3382.8573
2836,3384.4142
2837,3386.0872
2838,3387.6173
2839,3389.0097
2840,3389.4732
2841,3389.7836
2842,3390.1608
2843,3389.8227
2844,3390.0216
2845,3391.5610
2846,3392.6394
2847,3394.0251
2848,3398.1276
2849,3399.0521
2850,3397.8651
2851,3401.3832
2852,3403.8541
2853,3407.5947
2854,3406.8248
2855,3406.9104
2856,3407.2678
2857,3407.1791
2858,3407.5344
2859,3407.3372
2860,3408.3948
2861,3408.5424
2862,3408.4446
2863,3408.1416
2864,3406.3647
2865,3407.4838
2866,3407.5677
2867,3407.6006
2868,3408.0958
2869,3408.3922
2870,3408.4249
2871,3408.5634
2872,3408.5741
2873,3407.9392
2874,3409.1291
2875,3409.2023
2876,3409.2188
2877,3409.0555
2878,3408.6874
2879,3408.6421
2880,3408.7369
2881,3408.5732
2882,3408.5250
2883,3408.3748
2884,3407.6972
2885,3408.5474
2886,3407.3811
2887,3407.8286
2888,3407.5625
2889,3407.3133
2890,3408.4058
2891,3407.9785
2892,3408.0231
2893,3408.4787
2894,3407.9118
2895,3409.3273
2896,3409.3535
2897,3409.1711
2898,3408.8137
2899,3409.6794
2900,3409.0917
2901,3409.4734
2902,3409.5142
2903,3409.5509
2904,3409.3735
2905,3409.3647
2906,3409.3740
2907,3408.9057
2908,3408.9394
2909,3409.0500
2910,3409.0011
2911,3409.1144
2912,3408.9761
2913,3408.9820
2914,3409.0300
2915,3408.5722
2916,3408.5925
2917,3408.7696
2918,3408.8581
2919,3408.8242
2920,3408.7503
2921,3408.6850
2922,3409.2932
2923,3410.5732
2924,3410.5012
2925,3410.4774
2926,3410.3196
2927,3410.5129
2928,3409.1053
2929,3408.9134
2930,3408.7441
2931,3408.8509
2932,3408.4425
2933,3407.1858
2934,3406.1172
2935,3406.0216
2936,3406.0211
2937,3406.0297
2938,3406.0152
2939,3406.1582
2940,3405.9894
2941,3406.0009
2942,3405.8285
2943,3406.0459
2944,3405.9651
2945,3406.0936
2946,3405.8268
2947,3407.0528
2948,3405.7412
2949,3404.3581
2950,3403.0094
2951,3401.5832
2952,3399.3487
2953,3395.5150
2954,3396.6508
2955,3396.4131
2956,3396.3311
2957,3396.4019
2958,3396.6074
2959,3396.6854
2960,3396.7237
2961,3393.1551
2962,3391.6607
2963,3390.2197
2964,12.6543
2965,10.0069
2966,9.9833
2967,16.0151
2968,10.4580
2969,12.3248
2970,12.4888
2971,11.4551
2972,12.9313
2973,12.5978
2974,18.2896
2975,18.9438
2976,16.3600
2977,16.5899
2978,16.6957
2979,13.8705
2980,14.0097
2981,14.4670
2982,15.1696
2983,12.2683
2984,20.0591
2985,13.9201
2986,13.0618
2987,13.0479
2988,13.9675
2989,17.5941
2990,18.6551
2991,13.6509
2992,13.2906
2993,14.3273
2994,14.2217
2995,13.7646
2996,11.8098
2997,16.3691
2998,22.1722
2999,19.1574
3000,12.5442
3001,14.7150
3002,11.0295
3003,20.6425
3004,14.9093
3005,16.9933
3006,17.1046
3007,20.8330
3008,16.4704
3009,17.1695
3010,15.9068
3011,14.0743
3012,17.4921
3013,18.2626
3014,16.7871
3015,19.5153
3016,17.7276
3017,13.8700
3018,13.7811
3019,14.4455
3020,13.0606
3021,14.0619
3022,14.2202
3023,14.3895
3024,20.7024
3025,14.3015
3026,13.6507
3027,13.3734
3028,15.5656
3029,13.1843
3030,13.3796
3031,17.1518
3032,15.4891
3033,10.3791
3034,10.6997
3035,11.5631
3036,12.0962
3037,15.8939
3038,13.3443
3039,10.8223
3040,11.9259
3041,16.9873
3042,14.3425
3043,17.0813
3044,17.0064
3045,16.4580
3046,16.9137
3047,17.6291
3048,15.9776
3049,28.6844
3050,10.7887
3051,18.8599
3052,17.8480
3053,18.2545
3054,10.0601
3055,9.3572
3056,13.6983
3057,12.6059
3058,12.4443
3059,15.9404
3060,12.7461
3061,12.5678
3062,18.5506
3063,15.5301
3064,16.3410
3065,10.0985
3066,19.5382
3067,15.6782
3068,12.8376
3069,11.4484
3070,12.2948
3071,13.5031
3072,13.1035
3073,11.8012
3074,12.8806
3075,15.1396
3076,12.5239
3077,10.6001
3078,12.6629
3079,17.5500
3080,16.2024
3081,17.7174
3082,18.1799
3083,13.8290
3084,10.2186
3085,11.9536
3086,10.8652
3087,13.1335
3088,12.5437
3089,10.5090
3090,10.3233
3091,10.5960
3092,14.9169
3093,13.2623
3094,13.0658
3095,14.0321
3096,11.2081
3097,12.9278
3098,14.5648
3099,12.7659
3100,14.6930
3101,19.2711
3102,17.6597
3103,15.3861
3104,13.1292
3105,12.8124
3106,18.9583
3107,15.9888
3108,14.8253
3109,18.8069
3110,12.8310
3111,14.6008
3112,9.4905
3113,11.5881
3114,9.1789
3115,13.8371
3116,12.8376
3117,17.9493
3118,15.8143
3119,10.9050
3120,17.4499
3121,11.7981
3122,12.4588
3123,17.3941
3124,20.3762
3125,17.5011
3126,17.0345
3127,17.9963
3128,19.2726
3129,16.2709
3130,15.8014
3131,18.3165
3132,22.6395
3133,12.8641
3134,12.9402
3135,15.5520
3136,13.4020
3137,13.8259
3138,13.1114
3139,14.3235
3140,14.5433
3141,14.4949
3142,14.8010
3143,12.1815
3144,12.6977
3145,12.0885
3146,14.3414
3147,13.2968
3148,12.4948
3149,16.7062
3150,11.2684
3151,10.7665
3152,10.5355
3153,12.8608
3154,14.6012
3155,14.6284
3156,12.1787
3157,11.7893
3158,15.5427
3159,11.0576
3160,15.1932
3161,13.7930
3162,16.0582
3163,17.8249
3164,13.3040
3165,16.1324
3166,17.8268
3167,15.1439
3168,9.3536
3169,10.2007
3170,12.7411
3171,14.9968
3172,19.7837
3173,19.8576
3174,12.3322
3175,12.9988
3176,12.1770
3177,14.0557
3178,16.8376
3179,11.4808
3180,9.1865
3181,15.6014
3182,14.2944
3183,17.5803
3184,16.3550
3185,8.1737
3186,7.8764
3187,11.0979
3188,10.3908
3189,10.0574
3190,20.2136
3191,11.3823
3192,16.1285
3193,15.9512
3194,16.0394
3195,15.8389
3196,17.4122
3197,13.4819
3198,12.9211
3199,14.1141
3200,17.9682
3201,9.7537
3202,11.9197
3203,12.0158
3204,13.6740
3205,13.3379
3206,17.6189
3207,17.6919
3208,18.4073
3209,11.3478
3210,14.2586
3211,11.8546
3212,18.6176
3213,14.2565
3214,12.9261
3215,18.7156
3216,18.4031
3217,19.0747
3218,16.5777
3219,18.4951
3220,11.6436
3221,12.8813
3222,12.8179
3223,13.4859
3224,12.4011
3225,13.2935
3226,18.4731
3227,12.4426
3228,13.8414
3229,14.8966
3230,14.0080
3231,19.9468
3232,15.9497
3233,16.7491
3234,15.4641
3235,22.0513
3236,17.4208
3237,10.9997
3238,12.9390
3239,15.3828
3240,21.2457
3241,20.0629
3242,14.2744
3243,13.7842
3244,16.2537
3245,18.3651
3246,16.7902
3247,12.0900
3248,14.3948
3249,15.7077
3250,14.5750
3251,11.9240
3252,16.4409
3253,12.6836
3254,15.2159
3255,12.4135
3256,13.7899
3257,14.8127
3258,12.5647
3259,12.1064
3260,13.3538
3261,13.4382
3262,14.4401
3263,11.9712
3264,15.5623
3265,12.9323
3266,17.2892
3267,17.1654
3268,15.2671
3269,15.1434
3270,15.7776
3271,18.5294
3272,14.1082
3273,14.1554
3274,15.0099
3275,16.7840
3276,17.5798
3277,17.0422
3278,10.2668
3279,13.2461
3280,16.8452
3281,13.6483
3282,13.4370
3283,15.5594
3284,15.2302
3285,20.4389
3286,17.1208
3287,16.3436
3288,16.0420
3289,17.6661
3290,9.2504
3291,19.2740
3292,16.0244
3293,11.4348
3294,10.8039
3295,10.6857
3296,12.3873
3297,11.6687
3298,10.2954
3299,7.8323
3300,15.0881
3301,13.1710
3302,10.9293
3303,8.4765
3304,10.4985
3305,9.8929
3306,12.3608
3307,12.8670
3308,15.7790
3309,11.3225
3310,17.0634
3311,16.8533
3312,13.6166
3313,15.1460
3314,12.0983
3315,15.4955
3316,13.0117
3317,12.6972
3318,17.9000
3319,14.6513
3320,18.0402
3321,18.3480
3322,18.3604
3323,13.4890
3324,20.0546
3325,9.4476
3326,12.8841
3327,13.0718
3328,12.2230
3329,12.7826
3330,10.2963
3331,11.7426
3332,11.9720
3333,14.6205
3334,8.7824
3335,12.6030
3336,12.0063
3337,10.4263
3338,16.6240
3339,19.3908
3340,14.3111
3341,15.2178
3342,14.4002
3343,15.7700
3344,15.2473
3345,13.0856
3346,13.9821
3347,20.9591
3348,12.9395
3349,12.7831
3350,16.0017
3351,14.1056
3352,14.6916
3353,14.1215
3354,13.6251
3355,13.1614
3356,9.6872
3357,9.0606
3358,9.3884
3359,14.2050
3360,16.2668
3361,15.0106
3362,15.3267
3363,13.7784
3364,13.8617
3365,19.8455
3366,15.8069
3367,16.8295
3368,15.2299
3369,13.2375
3370,13.7022
3371,12.1565
3372,14.2732
3373,8.8236
3374,9.8603
3375,15.7111
3376,38.9054
3377,26.4904
3378,15.3129
3379,13.9689
3380,21.2262
3381,18.9645
3382,18.5051
3383,16.2530
3384,20.9064
3385,27.0402
3386,24.6868
3387,11.9262
3388,14.3712
3389,14.8499
3390,20.7298
3391,20.7505
3392,11.4794
3393,16.3586
3394,16.5656
3395,16.2292
3396,12.0444
3397,33.3238
3398,9.4533
3399,15.7089
3400,10.3133
3401,12.7082
3402,12.9509
3403,8.2779
3404,7.6165
3405,8.1873
3406,8.2254
3407,10.7827
3408,11.2002
3409,11.6265
3410,11.0836
3411,10.8371
3412,11.3180
3413,13.8900
3414,11.8406
3415,11.3995
3416,10.9656
3417,19.3603
3418,17.3094
3419,12.2416
3420,11.2607
3421,16.7327
3422,16.7744
3423,18.9412
3424,22.0828
3425,14.3363
3426,23.2053
3427,24.9128
3428,12.2848
3429,17.7932
3430,14.8461
3431,17.3705
3432,14.1442
3433,17.6458
3434,11.5891
3435,19.9504
3436,13.9489
3437,16.8748
3438,15.6684
3439,10.0234
3440,10.5205
3441,15.3165
3442,14.4267
3443,18.2462
3444,14.7934
3445,11.8666
3446,10.0446
3447,16.6934
3448,14.8957
3449,10.6699
3450,14.4839
3451,10.1612
3452,11.6231
3453,13.1419
3454,16.5308
3455,17.2837
3456,13.1173
3457,13.9534
3458,17.5865
3459,20.3736
3460,14.1630
3461,22.0885
3462,16.5765
3463,14.1740
3464,13.6225
3465,14.0080
3466,8.3466
3467,11.7090
3468,13.5982
3469,15.0142
3470,13.4473
3471,13.8803
3472,14.2949
3473,13.2492
3474,11.4059
3475,10.5348
3476,11.7733
3477,12.8698
3478,14.9183
3479,12.3432
3480,11.7409
3481,13.3610
3482,9.9831
3483,19.3753
3484,16.0520
3485,14.9012
3486,13.1869
3487,21.6644
3488,14.9829
3489,8.5824
3490,7.7238
3491,9.3360
3492,12.0428
3493,8.3270
3494,15.4245
3495,9.6774
3496,11.6627
3497,15.2466
3498,9.7065
3499,8.0307
3500,9.4538
3501,14.2093
3502,19.2535
3503,10.5376
3504,12.2068
3505,16.2542
3506,12.4238
3507,12.7969
3508,18.9841
3509,16.9866
3510,8.8050
3511,19.8417
3512,11.9197
3513,14.5810
3514,15.8067
3515,14.7262
3516,14.8268
3517,11.4758
3518,12.4500
3519,13.6278
3520,10.9799
3521,13.2523
3522,12.7041
3523,10.9644
3524,11.0605
3525,12.2933
3526,12.0316
3527,13.0348
3528,12.2504
3529,13.3791
3530,11.2052
3531,10.4959
3532,11.8904
3533,12.6276
3534,13.6044
3535,12.0542
3536,9.6638
3537,11.8530
3538,17.1833
3539,10.8137
3540,18.4379
3541,12.9550
3542,13.4866
3543,10.7596
3544,15.6364
3545,13.6516
3546,10.4532
3547,16.9079
3548,12.5070
3549,15.5501
3550,19.8188
3551,16.0475
3552,8.9705
3553,11.6975
3554,14.8864
3555,11.8618
3556,10.8862
3557,12.3706
3558,11.0846
3559,11.5125
3560,10.6850
3561,11.6382
3562,18.1146
3563,12.1291
3564,11.2653
3565,8.5633
3566,11.3983
3567,12.6595
3568,12.5439
3569,10.8986
3570,16.2697
3571,11.5314
3572,17.3435
3573,28.6150
3574,11.5688
3575,10.8576
3576,14.5342
3577,13.1447
3578,11.4322
3579,10.9932
3580,8.7588
3581,9.8400
3582,14.9581
3583,12.2788
3584,13.9508
3585,16.6676
3586,13.7820
3587,14.2121
3588,11.8947
3589,17.2694
3590,10.7367
3591,8.5192
3592,22.4600
3593,9.8593
3594,17.9570
3595,22.5899
3596,13.7372
3597,13.8216
3598,11.7047
3599,8.1646
3600,35.2414
3601,17.4344
3602,13.6118
3603,14.8242
3604,19.0976
3605,12.8779
3606,10.2658
3607,7.9546
3608,13.8488
3609,16.2630
3610,9.0313
3611,11.5452
3612,10.6108
3613,14.8287
3614,16.6612
3615,11.2512
3616,17.0426
3617,15.2283
3618,9.5403
3619,9.6104
3620,12.6147
3621,9.5434
3622,9.0499
3623,15.6603
3624,12.5055
3625,11.0574
3626,13.0615
3627,15.3131
3628,12.1963
3629,14.1473
3630,24.3027
3631,10.9134
3632,15.8858
3633,18.4247
3634,8.5821
3635,16.0606
3636,9.1963
3637,20.5078
3638,15.6519
3639,15.3761
3640,15.0621
3641,11.4894
3642,16.0942
3643,11.3120
3644,10.4177
3645,15.2137
3646,9.0241
3647,9.2680
3648,14.6313
3649,14.0624
3650,10.5832
3651,13.0997
3652,12.7819
3653,14.6580
3654,10.2100
3655,12.2921
3656,15.4247
3657,11.0722
3658,13.5930
3659,25.7614
3660,18.0385
3661,12.7294
3662,13.5038
3663,10.5217
3664,12.8329
3665,21.1418
3666,13.5140
3667,9.4075
3668,14.9207
3669,15.6422
3670,13.9270
3671,17.0991
3672,13.8488
3673,13.7830
3674,13.8528
3675,11.9655
3676,20.2744
3677,14.8904
3678,13.7825
3679,15.7659
3680,15.1732
3681,17.6835
3682,22.4500
3683,22.6946
3684,12.2004
3685,14.3659
3686,22.3739
3687,12.7237
3688,15.6107
3689,21.0037
3690,13.6747
3691,10.5939
3692,12.7068
3693,13.1450
3694,11.2538
3695,18.7211
3696,10.9267
3697,7.8835
3698,13.6807
3699,14.0109
3700,12.4707
3701,9.5105
3702,11.5912
3703,14.7154
3704,8.6689
3705,8.4000
3706,7.7875
3707,12.9137
3708,13.1359
3709,17.8626
3710,11.7407
3711,14.5068
3712,13.4473
3713,10.0634
3714,15.2621
3715,21.5724
3716,17.2877
3717,21.9264
3718,12.0783
3719,14.0417
3720,9.3486
3721,8.8198
3722,15.8536
3723,8.2421
3724,14.9794
3725,17.6561
3726,8.4751
3727,15.6081
3728,12.0034
3729,15.4071
3730,16.3176
3731,11.3840
3732,20.6223
3733,13.7389
3734,12.5144
3735,15.3491
3736,16.2590
3737,14.5597
3738,15.8076
3739,19.8307
3740,23.5424
3741,14.9171
3742,19.2883
3743,15.5272
3744,17.7824
3745,19.1638
3746,18.8584
3747,15.7008
3748,17.7207
3749,24.5700
3750,13.6352
3751,19.5339
3752,21.4751
3753,13.3090
3754,13.2222
3755,10.6313
3756,18.3887
3757,9.9983
3758,13.3789
3759,12.6507
3760,21.7195
3761,16.3264
3762,16.4626
3763,14.0116
3764,16.6545
3765,10.0210
3766,20.0062
3767,14.3182
3768,13.8936
3769,13.3691
3770,9.9928
3771,13.7613
3772,11.1141
3773,11.4243
3774,9.0935
3775,10.8490
3776,13.7448
3777,14.5183
3778,14.9903
3779,14.2691
3780,14.0040
3781,17.4255
3782,12.6965
3783,15.0313
3784,14.3437
3785,13.4413
3786,11.5948
3787,9.1150
3788,14.2751
3789,9.6486
3790,8.3916
3791,13.5386
3792,14.5767
3793,12.0783
3794,12.9232
3795,15.8846
3796,15.3761
3797,16.2191
3798,13.8733
3799,10.6637
3800,11.3561
3801,13.7944
3802,11.9777
3803,12.5599
3804,10.7322
3805,10.9155
3806,14.0123
3807,15.2113
3808,10.8480
3809,11.6029
3810,10.5956
3811,11.2536
3812,13.4740
3813,12.8188
3814,15.8694
3815,12.7559
3816,18.7860
3817,11.6339
3818,12.8777
3819,10.8094
3820,10.0317
3821,10.4692
3822,10.7765
3823,11.1659
3824,10.7443
3825,11.3580
3826,8.0757
3827,11.5447
3828,13.0777
3829,14.6923
3830,14.1876
3831,14.6413
3832,13.9518
3833,11.7481
3834,10.7896
3835,16.2432
3836,12.0170
3837,18.0104
3838,17.0126
3839,14.3189
3840,12.9035
3841,11.9684
3842,13.5708
3843,14.8997
3844,14.7293
3845,15.4400
3846,14.1723
3847,13.2129
3848,15.7013
3849,13.5813
3850,15.5883
3851,11.9505
3852,21.3432
3853,18.5792
3854,24.1735
3855,13.4046
3856,8.4181
3857,17.1802
3858,14.1997
3859,10.5004
3860,12.9731
3861,11.3206
3862,13.2453
3863,17.2410
3864,16.6879
3865,8.4181
3866,10.3197
3867,12.5990
3868,13.9487
3869,14.0204
3870,17.2725
3871,21.4176
3872,19.5916
3873,20.1468
3874,19.2063
3875,13.3815
3876,12.0931
3877,13.4869
3878,13.5360
3879,19.6095
3880,12.7201
3881,26.9206
3882,14.5700
3883,11.6310
3884,16.8314
3885,10.8383
3886,17.3328
3887,11.3468
3888,16.2423
3889,12.6867
3890,13.1965
3891,13.4091
3892,12.9163
3893,11.3828
3894,10.4969
3895,11.8401
3896,14.5323
3897,12.8038
3898,10.8256
3899,15.0108
3900,15.5687
3901,18.0101
3902,13.4921
3903,12.5592
3904,12.5995
3905,13.1257
3906,18.8236
3907,13.9999
3908,18.2106
3909,18.4069
3910,17.8971
3911,14.1397
3912,14.1604
3913,13.5691
3914,12.8207
3915,27.3399
3916,10.9513
3917,12.1014
3918,10.4325
3919,11.1115
3920,10.5484
3921,10.0138
3922,11.6236
3923,12.6548
3924,8.6608
3925,12.2440
3926,11.8237
3927,11.4336
3928,17.7758
3929,13.6659
3930,15.0895
3931,9.4097
3932,12.3739
3933,16.4607
3934,10.4127
3935,10.2901
3936,13.9987
3937,11.7116
3938,15.6090
3939,21.6727
3940,13.7601
3941,20.1957
3942,15.5597
3943,22.6700
3944,9.9359
3945,18.3957
3946,15.0480
3947,10.0129
3948,13.5694
3949,13.7951
3950,13.6032
3951,13.9556
3952,13.1609
3953,14.1549
3954,13.8059
3955,14.4210
3956,13.6597
3957,13.1609
3958,12.9933
3959,10.3922
3960,12.2869
3961,9.3601
3962,13.7520
3963,13.0746
3964,15.4247
3965,13.0558
3966,17.6337
3967,10.9403
3968,14.0731
3969,12.3358
3970,15.5075
3971,11.8697
3972,14.0343
3973,21.4696
3974,13.0367
3975,15.1079
3976,10.6685
3977,9.6717
3978,12.9890
3979,13.2692
3980,14.8830
3981,16.4454
3982,16.2618
3983,12.3253
3984,20.0875
3985,12.2094
3986,12.6328
3987,12.2216
3988,19.3095
3989,21.1980
3990,9.2320
3991,12.5048
3992,11.9798
3993,11.2267
3994,17.4804
3995,18.7171
3996,17.3850
3997,16.5985
3998,20.3180
3999,17.8821
4000,15.2488
4001,14.6227
4002,11.4381
4003,11.2362
4004,8.7557
4005,12.7556
4006,11.8973
4007,8.8577
4008,11.9610
4009,13.2599
4010,12.3453
4011,8.6710
4012,11.3213
4013,9.2025
4014,13.1376
4015,9.5687
4016,14.2665
4017,9.0232
4018,12.3990
4019,10.3872
4020,16.9995
4021,12.8329
4022,13.3543
4023,11.9433
4024,10.6456
4025,21.1527
4026,10.6986
4027,15.1582
4028,13.4315
4029,14.8370
4030,14.3237
4031,12.5041
4032,15.7337
4033,10.9892
4034,10.2749
4035,15.7592
4036,13.3269
4037,11.8754
4038,12.7239
4039,9.2146
4040,11.7390
4041,19.0778
4042,10.9529
4043,13.6170
4044,9.2204
4045,13.3219
4046,14.6415
4047,15.6360
4048,14.4622
4049,15.1348
4050,9.0609
4051,12.9516
4052,13.5245
4053,13.6032
4054,18.2319
4055,26.4556
4056,12.9192
4057,11.3409
4058,10.2153
4059,12.2352
4060,9.0551
4061,15.9385
4062,15.7449
4063,9.3639
4064,13.5071
4065,11.3406
4066,13.7129
4067,10.4551
4068,12.4769
4069,10.1359
4070,16.5572
4071,8.7221
4072,18.6098
4073,10.3500
4074,11.2679
4075,12.1038
4076,12.3358
4077,11.0855
4078,10.4799
4079,16.6898
4080,12.3999
4081,13.2115
4082,10.9303
4083,15.1091
4084,15.8103
4085,14.5404
4086,19.1700
4087,15.9557
4088,13.3181
4089,16.3913
4090,12.1119
4091,12.5868
4092,12.5139
4093,12.7192
4094,13.6683
4095,9.1774
4096,12.0711
4097,19.4042
4098,16.1495
4099,14.7655
4100,13.0084
4101,19.2885
4102,12.2557
4103,16.3412
4104,10.2487
4105,15.8122
4106,13.7722
4107,18.3499
4108,18.7616
4109,15.4128
4110,11.1535
4111,20.8423
4112,22.1329
4113,21.1883
4114,10.9489
4115,11.0731
4116,9.7365
4117,15.2018
4118,10.1929
4119,13.2041
4120,15.2886
4121,13.9716
4122,12.3839
4123,15.0766
4124,13.9108
4125,17.5352
4126,13.9956
4127,13.5825
4128,12.6672
4129,14.8623
4130,11.8976
4131,15.2223
4132,12.5449
4133,11.7958
4134,10.6530
4135,13.5674
4136,13.6361
4137,12.6753
4138,11.9228
4139,18.3437
4140,16.3822
4141,16.3360
4142,18.4050
4143,9.9168
4144,16.2003
4145,13.7961
4146,17.9989
4147,15.6176
4148,11.9767
4149,18.0562
4150,9.9196
4151,12.5520
4152,13.5520
4153,16.8989
4154,11.8010
4155,17.6761
4156,10.9148
4157,13.4776
4158,14.7727
4159,13.2182
4160,10.4351
4161,15.7766
4162,13.7188
4163,13.9356
4164,17.5290
4165,13.7115
4166,13.1302
4167,18.8398
4168,15.1899
4169,15.7959
4170,14.7083
4171,15.0042
4172,19.1283
4173,15.6019
4174,14.7018
4175,11.7073
4176,12.6641
4177,16.0682
4178,10.8230
4179,13.9546
4180,16.4573
4181,8.4937
4182,14.7359
4183,9.6042
4184,11.4720
4185,12.8379
4186,11.9982
4187,12.9125
4188,13.6111
4189,11.3015
4190,10.7176
4191,11.2257
4192,10.5166
4193,11.1437
4194,11.6374
4195,13.1640
4196,13.0789
4197,15.9132
4198,10.2804
4199,20.6978
4200,8.8606
4201,11.6279
4202,13.5174
4203,10.7503
4204,12.8415
4205,15.8317
4206,19.5014
4207,16.3281
4208,10.1895
4209,13.6824
4210,13.0854
4211,10.7410
4212,10.5453
4213,15.5170
4214,13.3502
4215,17.9744
4216,10.7307
4217,11.6999
4218,14.4992
4219,9.7222
4220,9.3837
4221,16.6712
4222,15.2054
4223,11.9178
4224,13.3491
4225,17.8792
4226,13.3255
4227,19.6669
4228,16.4397
4229,9.0165
4230,16.2635
4231,13.1776
4232,12.1043
4233,9.1276
4234,11.4272
4235,9.8975
4236,30.5636
4237,12.5382
4238,9.6848
4239,12.7602
4240,9.2728
4241,12.2590
4242,10.5758
4243,15.9566
4244,12.6767
4245,11.3201
4246,11.1802
4247,10.8275
4248,12.2054
4249,8.4071
4250,14.2853
4251,15.9278
4252,15.8796
4253,14.7121
4254,16.0506
4255,16.0563
4256,15.7385
4257,14.6379
4258,11.9262
4259,15.8594
4260,22.5329
4261,15.2469
4262,12.4383
4263,11.0807
4264,15.1610
4265,15.7351
4266,10.8540
4267,12.5058
4268,15.9719
4269,11.1005
4270,10.9529
4271,9.5561
4272,18.2197
4273,9.8257
4274,9.6366
4275,8.9066
4276,16.2120
4277,15.3430
4278,11.0319
4279,15.8861
4280,8.9931
4281,12.2063
4282,10.7861
4283,19.2544
4284,17.9625
4285,15.8381
4286,15.8768
4287,20.9086
4288,16.4707
4289,19.3629
4290,12.3978
4291,13.8061
4292,9.7628
4293,11.8065
4294,10.0160
4295,13.4943
4296,12.8276
4297,14.4155
4298,12.0263
4299,13.4609
4300,12.7387
4301,17.5774
4302,11.3695
4303,10.3652
4304,12.8994
4305,14.6723
4306,16.3782
4307,14.0035
4308,16.1581
4309,14.9453
4310,14.0181
4311,16.1557
4312,21.8081
4313,14.6735
4314,16.4025
4315,15.6472
4316,11.8086
4317,14.7777
4318,11.0655
4319,13.0250
4320,11.7905
4321,16.4549
4322,11.8148
4323,16.6159
4324,11.3573
4325,11.1425
4326,11.7307
4327,15.1005
4328,15.4932
4329,13.1233
4330,16.8417
4331,13.8061
4332,12.1779
4333,13.8392
4334,15.2104
4335,11.5256
4336,11.4408
4337,15.1138
4338,16.0403
4339,13.8223
4340,14.3063
4341,14.2255
4342,20.2398
4343,18.2755
4344,27.9534
4345,21.2069
4346,16.9287
4347,15.8749
4348,13.4783
4349,18.8634
4350,13.4299
4351,12.0823
4352,18.2276
4353,15.1892
4354,12.9881
4355,15.0874
4356,9.8801
4357,12.3029
4358,14.4093
4359,16.4676
4360,14.4565
4361,15.5132
4362,14.6449
4363,20.8652
4364,13.6726
4365,13.3090
4366,25.5778
4367,21.2150
4368,11.8828
4369,10.8211
4370,10.0231
4371,14.3075
4372,15.6410
4373,15.4829
4374,8.7891
4375,8.8713
4376,13.1180
4377,16.4621
4378,14.2906
4379,12.4238
4380,10.8826
4381,12.3615
4382,13.9039
4383,17.1380
4384,9.6302
4385,12.2960
4386,10.4656
4387,16.8431
4388,13.9627
4389,12.7923
4390,14.8981
4391,11.9736
4392,12.0955
4393,10.0629
4394,13.5403
4395,24.7898
4396,18.3256
4397,12.3589
4398,14.9167
4399,13.9647
4400,20.0126
4401,15.7843
4402,9.2225
4403,11.1055
4404,15.4815
4405,13.4535
4406,12.3484
4407,12.3494
4408,13.2880
4409,10.1149
4410,13.2780
4411,11.3649
4412,11.7347
4413,12.5933
4414,12.5141
4415,12.7609
4416,15.8141
4417,14.5507
4418,15.2216
4419,12.5060
4420,19.3217
4421,12.8918
4422,15.6322
4423,18.2979
4424,18.3601
4425,17.8630
4426,15.2197
4427,14.1664
4428,9.0692
4429,11.8535
4430,16.5153
4431,14.0319
4432,15.0928
4433,14.3728
4434,13.1509
4435,16.3417
4436,24.6313
4437,13.2258
4438,14.4811
4439,13.9799
4440,18.6150
4441,16.0637
4442,17.4990
4443,21.6856
4444,13.6318
4445,20.6258
4446,19.6462
4447,13.1488
4448,9.2776
4449,11.5898
4450,20.9472
4451,16.1242
4452,20.3850
4453,15.6212
4454,17.8123
4455,12.6512
4456,14.2052
4457,14.0612
4458,12.0442
4459,11.4887
4460,14.4377
4461,8.4977
4462,11.2727
4463,11.5063
4464,8.4162
4465,8.8983
4466,10.2639
4467,8.2633
4468,7.9288
4469,10.5290
4470,8.8217
4471,8.1594
4472,8.2729
4473,14.2336
4474,8.6875
4475,10.3614
4476,11.2338
4477,13.2966
4478,9.3119
4479,11.2669
4480,13.6766
4481,11.8320
4482,11.0309
4483,20.0806
4484,12.7273
4485,11.6260
4486,15.4867
4487,11.3351
4488,13.9897
4489,11.3716
4490,14.9193
4491,12.4116
4492,11.3778
4493,22.9931
4494,15.7385
4495,17.0164
4496,10.8078
4497,11.1637
4498,17.8032
4499,10.3295
4500,15.6724
4501,12.8953
4502,17.1163
4503,13.1896
4504,9.2578
4505,10.3698
4506,8.6951
4507,10.7224
4508,12.4526
4509,12.3656
4510,13.4885
4511,12.7027
4512,17.7112
4513,11.7083
4514,24.8320
4515,16.7422
4516,19.5110
4517,16.9952
4518,16.4249
4519,10.0710
4520,16.2802
4521,14.0004
4522,15.7099
4523,12.0177
4524,14.4427
4525,16.1967
4526,15.6126
4527,12.4817
4528,13.0494
4529,13.4389
4530,13.4718
4531,11.4238
4532,11.3950
4533,13.2799
4534,16.2160
4535,14.1370
4536,10.9210
4537,11.9135
4538,12.7554
4539,12.3351
4540,12.3029
4541,14.6408
4542,17.1118
4543,20.7880
4544,14.7541
4545,11.2300
4546,11.7292
4547,8.0607
4548,14.9708
4549,13.7458
4550,12.5468
4551,12.8706
4552,11.4360
4553,17.4770
4554,12.8348
4555,13.3672
4556,13.1724
4557,13.1536
4558,11.4985
4559,16.5911
4560,13.3400
4561,17.2079
4562,12.5418
4563,13.2287
4564,12.4691
4565,12.6078
4566,14.5102
4567,14.4737
4568,11.1237
4569,13.2623
4570,13.8776
4571,19.1324
4572,13.5150
4573,11.9176
4574,11.8380
4575,13.9809
4576,14.5464
4577,15.7304
4578,14.0784
4579,16.1350
4580,17.5004
4581,11.8184
4582,8.3532
4583,18.4982
4584,16.2551
4585,15.2164
4586,12.7282
4587,12.3620
4588,12.0835
4589,20.5445
4590,15.0423
4591,13.5961
4592,14.2660
4593,12.3680
4594,13.1178
4595,13.5829
4596,20.2370
4597,10.6964
4598,8.5752
4599,15.9905
4600,10.0460
4601,11.6422
4602,15.2884
4603,12.3091
4604,15.9447
4605,16.1917
4606,8.7683
4607,13.0370
4608,12.8798
4609,14.3156
4610,11.7278
4611,13.8977
4612,13.5882
4613,12.8727
4614,11.3068
4615,11.6558
4616,8.6129
4617,13.9260
4618,15.4335
4619,12.0633
4620,13.2849
4621,12.8889
4622,11.5182
4623,9.3272
4624,16.1784
4625,11.8775
4626,18.2655
4627,10.7889
4628,11.4133
4629,17.0145
4630,17.1580
4631,11.8692
4632,11.0395
4633,13.6244
4634,9.8348
4635,12.3568
4636,13.2360
4637,13.3324
4638,11.9152
4639,12.3060
4640,11.8883
4641,13.1845
4642,13.0336
4643,15.8446
4644,14.7533
4645,17.0076
4646,10.5155
4647,13.8638
4648,14.7772
4649,14.1990
4650,16.9859
4651,21.0443
4652,14.9126
4653,20.2577
4654,14.2186
4655,16.6049
4656,11.2059
4657,16.7193
4658,15.4550
4659,12.2743
4660,11.8623
4661,9.7346
4662,13.0167
4663,16.3765
4664,10.2737
4665,12.3193
4666,15.0197
4667,11.7652
4668,13.0899
4669,13.8853
4670,13.7548
4671,18.3988
4672,14.4370
4673,14.9829
4674,11.3742
4675,13.0661
4676,14.3216
4677,12.6438
4678,11.7724
4679,15.5582
4680,22.6085
4681,17.0548
4682,13.7188
4683,17.1399
4684,14.2455
4685,15.5675
4686,12.8767
4687,17.6623
4688,15.8424
4689,12.0869
4690,12.7566
4691,14.1869
4692,18.8315
4693,12.7411
4694,15.6441
4695,14.3905
4696,16.6183
4697,19.0833
4698,14.2770
4699,13.7062
4700,14.0877
4701,14.2605
4702,20.7226
4703,14.3867
4704,20.4372
4705,9.5050
4706,16.7179
4707,11.4479
4708,21.3184
4709,12.0897
4710,18.4584
4711,20.9889
4712,12.5992
4713,11.0600
4714,15.6436
4715,13.2713
4716,15.0867
4717,11.7471
4718,11.6508
4719,12.7075
4720,17.7748
4721,16.8681
4722,11.9669
4723,12.1109
4724,13.3758
4725,13.3393
4726,13.8173
4727,15.4791
4728,16.5868
4729,10.6387
4730,14.3874
4731,13.5663
4732,12.8832
4733,18.9140
4734,21.5211
4735,14.0963
4736,11.3878
4737,14.3623
4738,11.1189
4739,12.8007
4740,12.6698
4741,16.4557
4742,8.0121
4743,8.0090
4744,12.9216
4745,10.9980
4746,8.3423
4747,13.9279
4748,11.8723
4749,10.8998
4750,12.7990
4751,13.1719
4752,11.0955
4753,15.5087
4754,13.8237
4755,12.1312
4756,15.6956
4757,11.0528
4758,9.8703
4759,11.9145
4760,12.5277
4761,12.4648
4762,12.5966
4763,14.2529
4764,17.2861
4765,25.1315
4766,14.3828
4767,14.7207
4768,16.0515
4769,13.3529
4770,12.8269
4771,14.2608
4772,11.7056
4773,13.1345
4774,10.2782
4775,16.0956
4776,17.8087
4777,13.2527
4778,11.2338
4779,14.7150
4780,8.6467
4781,8.0392
4782,20.2782
4783,12.1605
4784,13.5560
4785,16.0623
4786,15.1300
4787,13.3758
4788,13.2725
4789,15.7709
4790,11.9629
4791,12.2542
4792,20.0450
4793,12.0821
4794,23.3331
4795,15.0979
4796,15.4746
4797,10.6144
4798,17.2257
4799,17.7524
4800,12.4297
4801,17.2691
4802,13.5257
4803,14.2806
4804,11.2975
4805,13.4971
4806,15.1131
4807,16.1614
4808,15.6989
4809,12.1384
4810,15.6248
4811,19.2542
4812,10.8922
4813,8.7161
4814,10.2155
4815,14.5009
4816,13.2968
4817,12.0945
4818,17.3693
4819,16.4928
4820,17.5252
4821,20.0438
4822,14.8685
4823,14.0264
4824,7.6933
4825,12.5818
4826,18.0314
4827,10.5517
4828,13.2048
4829,26.4928
4830,11.3349
4831,17.0856
4832,12.5780
4833,9.9430
4834,12.6226
4835,12.2423
4836,14.2074
4837,16.7749
4838,10.3498
4839,13.0033
4840,14.2701
4841,11.8263
4842,16.7298
4843,14.3204
4844,12.4822
4845,17.0376
4846,10.8578
4847,9.5801
4848,13.9284
4849,21.9278
4850,14.5307
4851,12.3291
4852,17.1933
4853,17.0195
4854,16.2807
4855,12.9268
4856,11.6956
4857,16.4006
4858,9.6393
4859,12.1217
4860,13.7455
4861,12.1384
4862,19.2802
4863,13.4850
4864,14.0765
4865,12.7192
4866,16.4704
4867,16.4230
4868,11.9102
4869,8.6856
4870,17.3087
4871,14.7357
4872,8.3563
4873,11.3673
4874,16.6364
4875,13.0055
4876,15.2197
4877,14.3292
4878,28.7745
4879,20.2923
4880,18.8663
4881,22.5379
4882,12.5778
4883,13.0429
4884,11.5008
4885,15.4443
4886,13.7415
4887,13.0241
4888,11.0383
4889,10.3347
4890,10.6452
4891,11.7908
4892,11.3258
4893,14.8761
4894,12.3403
4895,16.7630
4896,18.7917
4897,13.9008
4898,14.3998
4899,12.1102
4900,17.8266
4901,11.9488
4902,11.4801
4903,12.8808
4904,13.8762
4905,14.2405
4906,13.9284
4907,19.9282
4908,20.6490
4909,18.7542
4910,16.5837
4911,18.5432
4912,10.9153
4913,12.8660
4914,12.2948
4915,11.1620
4916,11.7993
4917,10.6452
4918,9.9819
4919,10.7622
4920,11.7633
4921,11.6105
4922,11.3435
4923,11.6992
4924,11.9348
4925,11.3571
4926,12.0380
4927,11.5714
4928,12.1791
4929,11.7579
4930,12.2442
4931,11.7006
4932,11.4791
4933,14.6117
4934,14.8795
4935,14.1132
4936,17.0772
4937,12.1627
4938,25.0039
4939,16.8891
4940,26.7432
4941,12.3358
4942,13.7537
4943,17.9665
4944,10.8042
4945,11.8537
4946,13.6857
4947,11.9572
4948,9.3672
4949,11.2629
4950,11.2877
4951,17.4649
4952,20.6151
4953,13.2661
4954,11.8060
4955,16.0027
4956,16.1438
4957,16.3741
4958,16.3543
4959,16.3126
4960,10.1819
4961,10.6862
4962,16.1819
4963,18.3692
4964,12.5806
4965,13.1953
4966,21.3573
4967,16.2306
4968,14.3182
4969,15.3651
4970,14.7064
4971,10.5209
4972,15.1737
4973,13.8700
4974,11.5774
4975,11.9998
4976,15.4510
4977,16.0248
4978,14.8098
4979,16.9122
4980,11.4400
4981,17.5853
4982,12.9328
4983,13.4802
4984,14.1268
4985,11.6689
4986,11.8608
4987,12.8129
4988,16.2132
4989,12.9080
4990,14.7877
4991,12.6297
4992,11.0030
4993,11.2569
4994,16.7725
4995,12.9445
4996,11.8163
4997,17.1478
4998,13.2940
4999,13.5589
5000,9.3544
5001,10.9110
5002,12.9297
5003,13.6652
5004,12.4209
5005,11.0002
5006,9.1941
5007,12.7487
5008,11.5016
5009,9.5506
5010,15.2335
5011,14.6775
5012,9.9599
5013,9.4600
5014,12.8572
5015,14.5707
5016,17.9260
5017,13.7613
5018,13.1292
5019,14.0963
5020,16.7396
5021,14.7984
5022,15.4567
5023,26.2508
5024,11.7171
5025,20.7257
5026,15.8703
5027,11.7486
5028,12.8906
5029,14.0612
5030,14.6525
5031,12.2666
5032,13.6149
5033,19.4864
5034,14.4591
5035,12.3305
5036,19.2397
5037,14.9746
5038,14.0131
5039,8.5714
5040,14.6308
5041,13.5331
5042,9.5327
5043,10.0472
5044,12.0127
5045,11.8451
5046,13.3348
5047,11.1716
5048,14.5454
5049,13.5930
5050,14.9353
5051,14.0603
5052,24.2708
5053,11.9636
5054,20.3345
5055,9.8667
5056,10.3025
5057,7.3240
5058,16.6321
5059,8.9214
5060,8.7657
5061,11.3709
5062,11.0600
5063,9.8975
5064,11.4598
5065,8.4088
5066,13.6580
5067,13.1154
5068,13.9790
5069,17.2405
5070,13.1412
5071,11.0381
5072,14.5001
5073,15.6610
5074,14.4293
5075,13.6297
5076,13.9480
5077,15.0735
5078,9.9888
5079,22.4395
5080,29.5057
5081,13.7084
5082,14.3929
5083,14.6818
5084,11.8732
5085,12.5105
5086,10.1683
5087,17.2811
5088,10.8380
5089,13.4020
5090,14.3623
5091,15.2042
5092,13.7134
5093,11.0517
5094,14.1752
5095,20.1797
5096,17.7968
5097,19.5649
5098,12.7137
5099,17.5195
5100,9.5015
5101,11.3034
5102,16.1288
5103,13.5841
5104,13.0196
5105,17.5018
5106,13.2475
5107,14.5547
5108,10.4442
5109,13.4408
5110,25.2759
5111,10.3710
5112,14.4756
5113,8.8444
5114,7.9763
5115,19.1970
5116,18.9571
5117,19.8865
5118,9.6471
5119,11.9808
5120,16.5794
5121,18.0216
5122,15.6903
5123,13.1698
5124,17.2443
5125,13.4044
5126,14.6782
5127,12.7378
5128,17.5443
5129,12.5525
5130,12.5656
5131,15.0704
5132,11.8780
5133,11.2424
5134,25.8183
5135,16.8891
5136,8.0457
5137,17.6439
5138,17.7753
5139,13.4180
5140,13.3281
5141,16.3841
5142,14.9925
5143,21.9417
5144,10.6466
5145,16.3233
5146,14.1397
5147,14.2732
5148,12.4207
5149,13.5372
5150,13.0389
5151,15.8992
5152,12.9831
5153,13.0723
5154,14.5602
5155,18.1289
5156,14.6811
5157,13.2241
5158,14.2622
5159,12.8131
5160,16.9330
5161,12.3215
5162,10.2797
5163,13.3286
5164,15.7542
5165,10.9942
5166,14.8249
5167,17.0634
5168,12.0747
5169,11.1916
5170,11.5433
5171,14.5831
5172,16.3050
5173,15.0361
5174,12.0270
5175,11.5840
5176,8.9841
5177,8.2300
5178,10.1888
5179,9.9247
5180,10.3743
5181,13.7663
5182,14.9324
5183,13.9914
5184,15.6136
5185,15.3165
5186,17.4544
5187,15.5859
5188,10.1914
5189,12.0468
5190,13.3238
5191,29.3770
5192,18.3256
5193,13.6967
5194,13.0384
5195,11.6897
5196,13.0291
5197,12.0389
5198,13.3681
5199,12.7120
5200,10.7329
5201,15.1668
5202,12.1388
5203,15.9636
5204,11.5969
5205,161.7713
5206,11.8482
5207,13.6895
5208,10.4983
5209,12.5909
5210,10.0768
5211,8.3482
5212,9.2328
5213,8.9312
5214,10.2873
5215,13.2542
5216,13.9966
5217,14.4179
5218,15.8718
5219,14.7481
5220,12.0659
5221,21.0564
5222,13.7513
5223,13.5407
5224,11.8940
5225,14.2238
5226,13.0296
5227,15.5644
5228,18.0206
5229,11.1082
5230,14.3290
5231,11.1983
5232,8.7705
5233,16.0854
5234,15.5540
5235,10.9460
5236,9.0146
5237,16.0384
5238,13.4733
5239,13.8915
5240,13.2205
5241,13.0413
5242,12.0506
5243,12.8264
5244,16.2721
5245,12.7997
5246,12.7289
5247,13.4375
5248,10.9403
5249,15.7132
5250,16.3157
5251,12.9857
5252,13.5345
5253,13.6664
5254,12.8958
5255,13.0095
5256,16.6049
5257,14.5738
5258,10.0398
5259,15.1937
5260,13.6197
5261,12.5754
5262,12.9082
5263,11.4148
5264,13.9902
5265,15.4228
5266,15.4443
5267,12.6646
5268,13.5801
5269,14.5893
5270,12.8331
5271,13.4246
5272,16.5563
5273,14.4753
5274,15.3399
5275,13.2775
5276,23.2983
5277,21.6498
5278,13.0417
5279,8.2469
5280,11.4813
5281,8.9476
5282,11.7548
5283,9.2902
5284,8.7490
5285,17.5383
5286,11.3118
5287,14.0100
5288,15.1923
5289,15.1422
5290,9.7330
5291,14.4019
5292,12.0845
5293,12.4497
5294,14.7219
5295,12.6584
5296,11.3096
5297,17.7691
5298,15.7192
5299,10.6134
5300,15.4879
5301,12.3260
5302,14.2336
5303,16.5372
5304,12.9278
5305,13.9337
5306,11.8625
5307,14.6058
5308,15.3651
5309,16.3739
5310,12.9373
5311,14.1652
5312,10.5710
5313,10.0529
5314,10.7372
5315,10.5190
5316,11.4996
5317,13.5367
5318,12.1350
5319,12.2638
5320,13.6962
5321,13.5982
5322,12.8267
5323,14.9298
5324,12.6064
5325,10.7889
5326,14.0142
5327,11.9078
5328,12.3525
5329,14.5383
5330,14.4277
5331,12.1663
5332,12.4345
5333,10.7753
5334,12.9921
5335,11.5190
5336,17.3018
5337,10.1910
5338,21.3833
5339,10.2577
5340,13.0813
5341,11.2960
5342,11.3666
5343,13.6564
5344,12.9113
5345,12.3861
5346,15.7404
5347,24.1010
5348,9.7814
5349,11.0185
5350,10.2124
5351,13.4547
5352,14.0634
5353,12.3975
5354,10.7040
5355,11.6229
5356,11.6212
5357,15.4493
5358,11.6901
5359,10.3393
5360,11.0569
5361,11.0581
5362,14.4491
5363,14.1459
5364,8.3816
5365,12.9843
5366,20.0920
5367,15.7135
5368,19.4936
5369,15.4591
5370,14.2787
5371,14.5233
5372,13.6368
5373,21.8990
5374,12.8682
5375,11.3845
5376,12.4156
5377,14.7207
5378,9.2328
5379,9.5294
5380,13.2825
5381,16.0902
5382,15.6066
5383,12.1024
5384,17.9784
5385,14.3814
5386,11.3654
5387,15.1551
5388,12.4688
5389,14.9617
5390,13.1614
5391,14.1027
5392,11.9576
5393,13.1872
5394,25.7556
5395,13.7703
5396,12.6271
5397,12.8300
5398,11.8992
5399,12.2592
5400,14.4465
5401,14.2250
5402,13.1474
5403,14.1571
5404,12.1393
5405,12.4748
5406,14.4012
5407,17.4060
5408,11.8210
5409,14.8530
5410,13.6359
5411,13.0513
5412,16.2342
5413,17.6134
5414,14.9796
5415,15.8365
5416,20.1039
5417,17.2815
5418,18.1744
5419,14.6580
5420,20.8116
5421,21.3683
5422,15.4154
5423,14.3301
5424,17.4718
5425,17.8704
5426,15.6810
5427,15.8083
5428,16.2835
5429,14.3309
5430,17.2181
5431,14.6058
5432,16.0944
5433,12.0237
5434,13.6206
5435,16.1579
5436,13.5064
5437,18.6181
5438,14.4153
5439,13.8299
5440,13.0453
5441,16.0179
5442,18.6815
5443,10.4539
5444,13.7711
5445,14.5097
5446,13.3228
5447,13.5517
5448,13.5982
5449,14.5986
5450,12.7282
5451,12.4574
5452,12.3873
5453,13.5467
5454,11.2715
5455,12.9428
5456,14.4861
5457,10.0119
5458,23.8004
5459,16.6647
5460,14.5695
5461,16.1955
5462,12.3076
5463,14.0440
5464,14.5118
5465,15.3184
5466,12.9280
5467,17.8680
5468,18.0979
5469,15.6443
5470,20.6990
5471,14.8385
5472,19.1567
5473,11.4710
5474,11.5106
5475,19.5460
5476,11.4346
5477,17.2114
5478,9.3212
5479,12.9130
5480,11.2720
5481,12.3551
5482,20.2878
5483,11.7955
5484,15.2853
5485,9.2149
5486,18.1296
5487,12.7342
5488,12.0349
5489,13.7711
5490,16.7024
5491,13.9480
5492,13.2635
5493,11.0998
5494,11.9677
5495,12.6538
5496,19.1052
5497,12.7664
5498,16.2613
5499,11.7416
5500,20.8697
5501,12.8987
5502,24.1373
5503,12.1241
5504,15.4314
5505,16.3014
5506,18.8010
5507,15.2383
5508,15.8703
5509,11.6105
5510,14.9553
5511,15.2583
5512,12.0955
5513,11.2183
5514,11.4002
5515,14.6475
5516,10.7553
5517,10.3374
5518,10.6947
5519,11.0805
5520,9.7103
5521,9.1963
5522,13.8307
5523,16.3062
5524,9.2204
5525,11.8496
5526,13.0126
5527,15.6353
5528,14.5133
5529,30.5891
5530,11.9174
5531,19.9277
5532,14.7033
5533,11.8518
5534,8.5406
5535,12.8145
5536,12.5008
5537,12.0676
5538,10.5646
5539,10.1409
5540,9.5584
5541,10.6473
5542,12.3174
5543,12.8853
5544,13.6511
5545,10.4024
5546,15.8577
5547,11.8477
5548,19.4044
5549,8.9340
5550,12.1865
5551,13.7911
5552,10.5629
5553,11.4856
5554,11.4014
5555,12.6684
5556,14.7491
5557,11.3134
5558,18.3501
5559,21.2784
5560,18.9469
5561,17.1015
5562,16.6748
5563,14.9288
5564,12.3050
5565,10.6597
5566,10.8461
5567,10.9456
5568,9.9351
5569,8.0733
5570,9.4757
5571,14.4808
5572,17.0853
5573,16.7427
5574,12.9910
5575,9.8047
5576,10.5555
5577,12.5990
5578,12.0044
5579,9.1298
5580,15.6226
5581,7.6115
5582,10.4587
5583,13.1378
5584,12.2254
5585,17.2770
5586,19.8262
5587,10.9620
5588,32.9931
5589,13.6015
5590,14.9269
5591,16.0568
5592,18.6377
5593,11.3759
5594,17.7131
5595,11.5123
5596,12.6481
5597,13.2804
5598,12.8846
5599,13.4420
5600,15.0833
5601,14.6515
5602,18.7051
5603,16.9775
5604,14.1678
5605,16.5374
5606,14.7760
5607,14.8447
5608,11.8744
5609,10.4034
5610,12.7094
5611,14.0634
5612,19.4268
5613,14.9453
5614,17.9815
5615,14.4203
5616,16.9647
5617,14.7898
5618,16.7525
5619,22.0451
5620,12.7137
5621,18.8265
5622,17.4389
5623,9.9840
5624,12.4998
5625,12.0344
5626,11.9190
5627,12.3856
5628,10.3896
5629,15.7378
5630,11.7919
5631,12.8241
5632,14.9198
5633,13.0785
5634,12.2848
5635,11.4095
5636,11.7724
5637,14.0781
5638,14.8306
5639,11.8659
5640,13.8988
5641,16.7501
5642,14.7014
5643,13.5770
5644,15.7299
5645,15.2376
5646,14.3654
5647,14.2300
5648,14.7295
5649,13.1345
5650,13.0768
5651,13.9301
5652,13.4461
5653,13.9253
5654,12.6901
5655,12.7878
5656,23.5894
5657,9.3648
5658,12.0924
5659,13.1109
5660,10.5672
5661,11.4768
5662,13.5727
5663,14.6000
5664,14.4241
5665,11.6587
5666,11.3583
5667,14.1072
5668,15.1739
5669,17.6332
5670,14.1237
5671,15.5156
5672,18.1782
5673,17.4413
5674,14.9043
5675,11.6432
5676,11.4932
5677,16.1388
5678,11.6396
5679,13.7646
5680,16.5865
5681,19.4063
5682,17.4801
5683,14.6525
5684,15.8999
5685,11.4846
5686,10.7305
5687,8.8832
5688,12.4240
5689,10.6845
5690,13.6175
5691,13.8674
5692,14.9593
5693,12.4581
5694,9.4008
5695,13.7649
5696,17.2367
5697,8.4722
5698,12.6417
5699,8.8956
5700,12.2445
5701,13.6602
5702,18.9300
5703,13.6285
5704,13.6464
5705,20.3974
5706,12.8963
5707,13.6273
5708,12.0234
5709,12.8417
5710,12.7070
5711,11.5230
5712,12.1760
5713,12.4795
5714,14.8964
5715,14.4818
5716,15.5194
5717,16.1757
5718,14.4410
5719,10.7417
5720,11.3487
5721,10.3464
5722,13.5059
5723,13.5913
5724,11.4944
5725,14.3180
5726,17.5478
5727,13.5651
5728,12.2211
5729,13.5562
5730,12.3062
5731,11.5144
5732,12.0645
5733,15.7509
5734,13.3312
5735,11.2698
5736,13.5295
5737,15.7139
5738,12.3193
5739,15.3444
5740,13.4933
5741,14.4434
5742,11.9960
5743,13.7379
5744,12.3961
5745,12.4645
5746,11.8225
5747,12.3003
5748,12.6183
5749,12.0418
5750,13.1743
5751,13.9058
5752,11.4176
5753,12.9845
5754,11.6777
5755,13.6585
5756,12.9459
5757,13.4921
5758,17.5381
5759,20.2303
5760,12.7494
5761,14.3969
5762,18.9979
5763,30.3466
5764,12.6371
5765,13.4335
5766,12.6700
5767,12.6302
5768,13.4401
5769,12.1193
5770,14.7302
5771,13.6263
5772,11.9627
5773,12.9945
5774,14.5631
5775,8.9731
5776,14.2543
5777,17.5569
5778,12.0695
5779,13.6790
5780,16.7968
5781,15.4519
5782,11.3084
5783,13.2306
5784,15.3089
5785,10.5615
5786,18.4307
5787,14.5466
5788,14.5736
5789,12.6038
5790,21.2252
5791,12.9993
5792,10.1793
5793,18.1613
5794,13.1631
5795,13.6132
5796,15.1746
5797,23.8800
5798,11.9085
5799,17.4515
5800,13.4301
5801,13.5288
5802,12.9135
5803,16.8719
5804,11.5728
5805,14.3569
5806,10.9377
5807,11.2653
5808,12.7037
5809,12.8808
5810,11.0145
5811,12.7053
5812,15.1806
5813,19.6288
5814,12.5482
5815,12.0244
5816,16.1180
5817,14.4720
5818,14.1451
5819,17.6420
5820,28.3902
5821,13.8354
5822,13.1779
5823,11.1890
5824,17.1003
5825,17.8277
5826,15.9969
5827,18.0290
5828,12.6874
5829,17.3740
5830,18.6186
5831,19.2330
5832,13.8090
5833,11.3740
5834,14.1678
5835,13.9415
5836,11.9321
5837,14.1125
5838,15.9059
5839,89.8287
5840,10.3123
5841,8.6181
5842,15.8725
5843,16.4154
5844,15.3024
5845,11.1325
5846,11.0388
5847,9.9678
5848,10.0889
5849,11.0750
5850,8.7366
5851,12.6944
5852,13.6371
5853,12.7771
5854,12.1422
5855,11.0836
5856,8.4581
5857,10.8705
5858,10.7129
5859,15.9667
5860,19.3930
5861,15.2490
5862,18.7707
5863,13.7639
5864,13.6471
5865,20.9353
5866,11.1499
5867,11.8842
5868,16.8192
5869,19.5873
5870,11.8976
5871,13.4790
5872,10.5236
5873,15.1823
5874,20.0868
5875,14.4715
5876,17.4713
5877,14.6930
5878,13.8886
5879,16.3724
5880,13.2012
5881,12.6758
5882,13.4668
5883,15.4791
5884,13.4449
5885,10.1683
5886,12.5289
5887,12.3134
5888,12.3079
5889,16.1047
5890,13.1762
5891,12.0976
5892,14.7498
5893,12.0111
5894,12.7597
5895,9.1631
5896,8.0254
5897,14.2086
5898,10.3939
5899,13.2108
5900,12.1682
5901,15.3344
5902,12.1281
5903,11.6916
5904,13.6433
5905,17.7078
5906,11.0908
5907,12.1877
5908,11.5795
5909,12.7411
5910,10.8950
5911,11.5151
5912,9.6307
5913,11.7536
5914,10.5252
5915,9.8231
5916,10.5140
5917,10.1659
5918,10.9715
5919,12.3391
5920,9.2478
5921,10.3598
5922,14.4742
5923,11.6255
5924,19.4724
5925,10.7291
5926,12.9631
5927,13.2620
5928,15.6949
5929,14.4434
5930,14.0746
5931,15.9638
5932,17.6558
5933,16.4964
5934,13.8376
5935,26.8075
5936,22.9046
5937,17.1659
5938,18.2326
5939,17.0403
5940,15.6660
5941,12.5747
5942,14.6940
5943,13.3715
5944,12.1455
5945,15.2292
5946,13.5746
5947,13.7501
5948,14.8306
5949,17.0720
5950,18.2617
5951,11.2076
5952,13.7289
5953,13.6862
5954,10.3121
5955,12.1214
5956,8.7812
5957,9.7096
5958,8.0562
5959,7.8611
5960,12.5823
5961,10.2682
5962,15.1770
5963,13.2051
5964,18.0738
5965,16.8288
5966,16.0701
5967,12.4767
5968,16.9094
5969,17.9610
5970,16.8660
5971,13.5796
5972,13.6921
5973,11.7338
5974,37.4444
5975,10.8850
5976,10.8583
5977,8.1732
5978,12.6171
5979,16.2165
5980,13.2718
5981,13.7424
5982,13.3564
5983,22.8477
5984,8.2476
5985,15.0020
5986,12.4564
5987,13.9184
5988,12.9180
5989,13.8185
5990,12.3765
5991,19.9018
5992,20.2255
5993,16.8679
5994,14.7657
5995,14.6549
5996,13.0734
5997,12.4829
5998,15.3315
5999,19.0284
6000,9.4514
6001,13.1361
6002,12.7935
6003,14.4627
6004,15.3387
6005,13.8040
6006,12.3789
6007,11.8520
6008,11.7130
6009,12.4815
6010,12.5096
6011,11.6746
6012,13.7477
6013,12.8014
6014,13.4518
6015,13.1097
6016,12.7418
6017,12.7838
6018,11.7593
6019,15.7614
6020,19.5813
6021,13.9093
6022,17.9205
6023,16.8407
6024,13.4280
6025,12.8798
6026,13.5179
6027,11.6298
6028,13.6743
6029,19.5053
6030,12.5654
6031,18.0583
6032,12.7935
6033,12.6772
6034,13.8834
6035,11.6067
6036,12.7847
6037,12.4035
6038,14.7667
6039,11.0452
6040,16.2642
6041,11.9410
6042,14.2980
6043,13.9878
6044,15.6422
6045,12.5093
6046,12.8872
6047,21.7497
6048,18.3253
6049,14.4541
6050,11.5762
6051,10.6158
6052,8.9996
6053,16.9306
6054,10.1824
6055,12.1343
6056,15.1043
6057,16.7639
6058,12.0590
6059,14.7340
6060,14.3223
6061,15.4908
6062,9.9149
6063,9.7208
6064,12.2211
6065,10.8001
6066,16.0413
6067,14.2906
6068,11.7996
6069,10.8125
6070,13.4463
6071,13.9351
6072,13.7808
6073,12.3739
6074,12.2435
6075,12.5690
6076,9.1603
6077,8.6560
6078,15.4433
6079,20.3691
6080,13.9933
6081,14.5974
6082,19.2258
6083,13.7591
6084,14.7431
6085,14.6039
6086,16.4883
6087,12.8016
6088,9.0239
6089,16.4592
6090,13.8283
6091,13.6855
6092,7.9887
6093,13.3038
6094,11.1904
6095,12.8996
6096,11.4920
6097,11.6167
6098,14.5869
6099,12.1644
6100,17.2966
6101,9.5100
6102,20.8333
6103,11.2176
6104,19.4640
6105,14.1816
6106,20.1616
6107,17.2420
6108,13.0255
6109,13.5570
6110,10.6750
6111,17.3554
6112,11.5662
6113,13.8721
6114,15.0981
6115,13.5939
6116,12.1827
6117,25.4591
6118,14.7655
6119,8.7299
6120,15.7187
6121,16.2005
6122,11.5199
6123,11.7791
6124,8.6188
6125,11.9388
6126,8.3907
6127,7.8967
6128,11.0984
6129,12.5630
6130,11.0512
6131,16.3856
6132,16.7592
6133,12.3239
6134,21.1270
6135,9.6178
6136,22.7063
6137,19.6047
6138,24.5466
6139,14.4899
6140,14.1380
6141,20.0417
6142,13.6311
6143,14.3032
6144,12.9795
6145,13.6633
6146,16.3789
6147,18.7459
6148,10.6769
6149,13.5260
6150,10.3681
6151,16.5381
6152,12.2833
6153,14.0512
6154,15.4505
6155,16.1831
6156,14.3456
6157,10.8418
6158,11.0672
6159,11.2863
6160,10.7305
6161,8.0318
6162,12.5022
6163,13.4001
6164,12.9635
6165,20.0574
6166,12.1431
6167,21.3664
6168,10.1941
6169,12.9254
6170,19.7022
6171,9.8433
6172,13.9699
6173,10.3412
6174,12.4061
6175,12.0747
6176,12.6567
6177,10.7465
6178,15.1594
6179,16.5963
6180,12.8522
6181,8.8913
6182,12.9728
6183,10.5405
6184,7.6983
6185,9.9442
6186,8.0256
6187,9.4016
6188,10.8221
6189,12.7676
6190,14.0786
6191,13.1304
6192,27.5869
6193,14.3316
6194,22.3784
6195,10.1550
6196,12.4347
6197,9.1021
6198,12.3935
6199,13.5581
6200,11.3177
6201,8.9543
6202,12.9769
6203,10.7942
6204,16.2342
6205,18.5125
6206,12.4054
6207,13.2093
6208,14.6692
6209,11.6522
6210,14.9941
6211,9.8703
6212,12.0289
6213,13.1629
6214,20.2255
6215,11.0826
6216,18.3411
6217,10.4747
6218,15.0452
6219,19.2604
6220,8.3647
6221,20.5646
6222,21.8401
6223,18.6043
6224,15.1653
6225,19.0964
6226,18.0163
6227,15.3911
6228,12.1145
6229,14.4296
6230,8.6808
6231,15.2359
6232,13.2129
6233,12.7206
6234,12.4843
6235,12.7051
6236,13.6340
6237,11.3945
6238,18.5504
6239,10.8757
6240,13.3083
6241,12.5856
6242,13.8118
6243,12.2542
6244,13.9248
6245,13.5701
6246,18.0607
6247,14.4079
6248,16.5148
6249,17.4816
6250,11.7629
6251,13.0007
6252,13.8948
6253,14.0932
6254,11.3478
6255,13.7475
6256,14.8890
6257,9.7208
6258,11.1434
6259,12.0094
6260,8.6462
6261,8.6851
6262,13.7446
6263,12.3932
6264,14.0979
6265,16.1905
6266,9.5634
6267,14.2150
6268,17.4119
6269,16.0668
6270,12.7575
6271,10.4311
6272,14.4334
6273,15.0447
6274,11.4541
6275,14.9481
6276,12.9957
6277,8.8854
6278,10.1345
6279,13.4671
6280,22.9254
6281,12.8708
6282,10.8390
6283,11.1983
6284,17.8506
6285,15.7542
6286,11.7114
6287,14.6866
6288,15.7721
6289,17.7255
6290,15.5311
6291,14.3602
6292,14.1418
6293,8.5025
6294,15.8854
6295,11.4408
6296,9.1603
6297,14.8308
6298,18.8856
6299,14.8592
6300,12.2747
6301,20.3624
6302,9.9230
6303,11.0178
6304,25.4011
6305,15.7168
6306,13.5624
6307,12.6150
6308,15.3029
6309,12.9917
6310,14.1971
6311,12.9573
6312,12.8098
6313,15.3944
6314,8.8177
6315,11.5862
6316,11.8523
6317,10.8161
6318,16.5675
6319,11.5590
6320,11.7357
6321,12.3670
6322,13.3612
6323,12.7897
6324,12.5575
6325,7.7884
6326,15.4185
6327,17.9882
6328,11.4112
6329,13.4263
6330,14.8766
6331,12.2266
6332,10.7281
6333,20.9715
6334,10.3073
6335,16.9668
6336,11.0815
6337,16.9349
6338,13.6609
6339,10.4125
6340,13.1466
6341,19.9201
6342,15.2347
6343,10.1800
6344,15.0752
6345,15.1379
6346,12.2929
6347,12.1677
6348,12.4135
6349,10.3974
6350,15.7902
6351,12.9731
6352,18.3043
6353,15.0714
6354,13.5894
6355,12.8274
6356,15.3861
6357,15.6262
6358,11.9071
6359,16.1366
6360,11.8146
6361,12.0463
6362,19.2165
6363,12.6100
6364,20.2038
6365,18.9009
6366,21.1108
6367,22.5444
6368,21.2162
6369,14.9825
6370,16.3753
6371,13.3941
6372,11.0998
6373,10.2220
6374,12.9747
6375,19.4042
6376,10.2646
6377,20.5212
6378,15.3086
6379,21.6284
6380,10.0343
6381,17.2133
6382,12.4490
6383,14.4830
6384,12.5883
6385,11.4088
6386,11.8279
6387,14.2732
6388,10.2246
6389,18.1310
6390,19.5060
6391,18.0504
6392,23.4952
6393,14.6255
6394,16.6059
6395,10.9386
6396,10.3436
6397,15.3592
6398,14.3459
6399,13.3593
6400,13.7875
6401,17.9913
6402,21.3346
6403,13.0141
6404,14.6968
6405,11.9011
6406,15.8279
6407,15.1668
6408,16.4428
6409,13.6104
6410,10.4671
6411,13.5996
6412,14.5216
6413,17.6089
6414,12.9635
6415,10.9026
6416,10.4675
6417,13.8252
6418,16.4003
6419,17.8666
6420,16.2034
6421,15.4994
6422,15.2884
6423,14.2725
6424,13.1598
6425,13.1824
6426,14.8304
6427,14.5624
6428,13.8731
6429,14.6024
6430,11.3137
6431,14.4939
6432,10.8187
6433,14.8418
6434,13.2573
6435,10.3674
6436,13.1810
6437,10.2706
6438,9.1596
6439,8.4333
6440,8.8394
6441,8.4794
6442,11.4441
6443,13.0587
6444,13.3259
6445,14.2398
6446,17.3054
6447,19.4285
6448,7.4754
6449,22.3589
6450,18.3201
6451,14.9775
6452,11.4007
6453,22.5163
6454,17.1483
6455,17.2396
6456,10.1120
6457,15.5580
6458,14.7023
6459,18.1692
6460,15.5954
6461,16.4080
6462,15.5771
6463,16.8746
6464,16.8688
6465,16.2911
6466,11.7252
6467,18.9216
6468,15.2068
6469,10.9181
6470,16.0818
6471,13.9258
6472,15.9252
6473,17.1776
6474,11.7390
6475,14.0979
6476,14.8942
6477,24.0123
6478,12.7013
6479,13.8187
6480,12.1796
6481,11.4276
6482,12.3007
6483,10.4954
6484,12.2571
6485,11.6613
6486,11.4644
6487,10.9334
6488,10.8221
6489,10.7458
6490,10.4511
6491,19.8100
6492,15.9168
6493,13.1254
6494,12.8875
6495,14.2436
6496,13.3507
6497,15.0611
6498,15.8088
6499,18.5297
6500,9.7635
6501,11.1914
6502,10.3331
6503,17.5943
6504,28.0883
6505,10.7937
6506,13.7217
6507,11.4202
6508,13.5627
6509,13.0789
6510,15.3098
6511,19.0728
6512,15.8446
6513,16.1471
6514,22.1891
6515,17.5622
6516,12.5816
6517,13.4492
6518,13.1984
6519,11.6861
6520,12.2154
6521,13.0382
6522,13.8924
6523,9.9547
6524,11.2619
6525,12.1682
6526,14.7281
6527,14.4305
6528,11.8194
6529,13.0787
6530,13.1974
6531,17.8835
6532,14.7152
6533,18.3096
6534,13.8466
6535,13.5870
6536,15.2197
6537,17.4112
6538,12.3477
6539,14.8971
6540,19.6204
6541,13.0720
6542,9.1801
6543,10.9448
6544,10.6466
6545,12.7044
6546,14.0712
6547,13.5465
6548,16.2528
6549,18.2521
6550,12.0530
6551,11.6112
6552,11.6329
6553,19.8896
6554,8.2514
6555,14.5435
6556,12.9158
6557,12.7542
6558,11.1804
6559,11.3380
6560,11.4949
6561,21.3337
6562,15.2502
6563,14.4615
6564,14.4165
6565,15.5020
6566,10.8445
6567,11.5666
6568,17.4046
6569,13.6688
6570,12.5387
6571,12.3236
6572,9.6502
6573,13.7703
6574,14.7562
6575,18.2970
6576,14.7836
6577,15.1799
6578,11.7798
6579,14.6167
6580,12.8343
6581,8.0240
6582,11.9729
6583,11.4572
6584,12.8515
6585,15.3017
6586,15.8682
6587,13.8071
6588,17.5629
6589,14.5519
6590,13.4499
6591,10.6597
6592,21.3234
6593,13.6750
6594,13.6604
6595,19.5735
6596,16.5491
6597,15.8930
6598,15.7721
6599,12.9867
6600,9.4364
6601,12.5401
6602,13.1116
6603,13.3209
6604,14.7631
6605,16.5670
6606,13.8698
6607,16.7518
6608,10.6623
6609,14.6656
6610,13.6595
6611,13.7649
6612,12.2640
6613,16.3941
6614,10.6795
6615,13.9942
6616,15.6441
6617,13.2403
6618,12.7261
6619,14.9062
6620,34.8365
6621,14.4656
6622,11.4138
6623,12.7149
6624,14.1933
6625,13.7980
6626,12.3239
6627,11.5232
6628,8.3663
6629,10.8984
6630,14.7452
6631,13.8052
6632,10.6890
6633,12.5818
6634,13.9914
6635,14.1811
6636,8.4555
6637,17.3128
6638,15.4340
6639,15.1715
6640,10.3865
6641,10.6914
6642,14.5590
6643,12.3425
6644,12.3229
6645,13.0510
6646,12.8043
6647,17.2951
6648,15.2709
6649,17.5612
6650,23.1855
6651,14.4308
6652,14.0696
6653,18.7471
6654,14.4162
6655,25.0525
6656,10.5932
6657,13.5674
6658,12.2688
6659,12.4400
6660,11.9622
6661,12.2709
6662,13.3414
6663,11.1921
6664,13.7348
6665,14.8990
6666,9.6912
6667,11.8079
6668,14.3168
6669,17.1528
6670,12.6550
6671,11.2681
6672,9.5673
6673,14.6351
6674,13.3796
6675,13.9399
6676,19.7430
6677,18.3711
6678,21.1995
6679,10.6802
6680,18.7442
6681,16.6512
6682,12.6653
6683,8.2738
6684,8.8077
6685,10.8652
6686,13.5849
6687,14.9851
6688,12.2628
6689,11.9534
6690,13.7529
6691,12.7192
6692,11.7629
6693,13.3312
6694,10.3180
6695,13.2070
6696,10.0508
6697,10.4346
6698,16.7375
6699,14.4892
6700,15.0945
6701,12.7974
6702,11.6224
6703,11.5144
6704,14.2283
6705,19.8596
6706,25.8734
6707,14.6952
6708,21.9693
6709,18.4655
6710,17.2217
6711,10.5913
6712,12.9988
6713,10.2024
6714,14.2362
6715,18.6884
6716,15.1198
6717,20.0329
6718,20.1225
6719,16.8254
6720,14.8394
6721,15.2810
6722,9.1558
6723,15.2295
6724,12.8350
6725,13.0706
6726,12.9373
6727,12.9452
6728,12.6832
6729,15.3964
6730,31.6257
6731,20.1502
6732,10.2725
6733,20.6068
6734,14.4129
6735,14.7510
6736,13.5069
6737,14.7130
6738,14.5440
6739,20.0806
6740,13.2287
6741,19.2897
6742,19.0384
6743,19.6052
6744,17.6072
6745,13.0520
6746,16.4309
6747,9.9256
6748,11.5063
6749,12.0678
6750,17.3008
6751,12.6641
6752,11.7590
6753,14.4360
6754,17.7600
6755,11.1527
6756,17.2663
6757,15.8472
6758,19.7890
6759,11.0846
6760,16.9373
6761,14.0507
6762,22.1903
6763,15.2407
6764,17.7972
6765,15.3420
6766,13.1013
6767,12.4619
6768,12.7571
6769,15.9497
6770,13.1645
6771,13.9391
6772,10.9663
6773,13.4835
6774,12.2657
6775,10.6628
6776,10.9522
6777,11.1592
6778,11.0705
6779,14.2076
6780,12.6603
6781,13.5877
6782,18.3468
6783,27.3314
6784,15.3649
6785,21.7414
6786,18.2612
6787,12.3708
6788,21.0083
6789,20.2312
6790,10.7801
6791,12.1012
6792,18.1656
6793,9.7206
6794,12.9452
6795,18.4600
6796,14.3101
6797,17.1156
6798,12.9898
6799,12.1868
6800,16.2103
6801,13.5226
6802,15.8052
6803,14.0252
6804,14.2984
6805,14.0157
6806,16.6302
6807,17.7970
6808,10.0663
6809,15.3618
6810,22.9404
6811,13.9356
6812,17.5476
6813,15.7559
6814,10.9715
6815,13.1423
6816,12.0714
6817,13.9647
6818,12.8169
6819,12.6226
6820,17.5376
6821,14.2558
6822,17.5476
6823,13.8464
6824,18.5866
6825,15.6031
6826,10.8638
6827,15.6920
6828,15.3337
6829,18.4968
6830,13.5226
6831,19.1398
6832,12.8615
6833,14.4706
6834,17.8111
6835,14.7898
6836,11.9095
6837,16.8355
6838,17.5335
6839,16.1965
6840,14.7002
6841,14.2517
6842,12.2550
6843,15.9554
6844,12.5608
6845,13.2165
6846,10.9339
6847,12.8827
6848,13.1915
6849,11.1442
6850,11.9321
6851,10.8426
6852,13.4666
6853,14.0338
6854,13.2613
6855,12.3835
6856,13.7827
6857,12.6009
6858,12.3746
6859,13.4146
6860,15.2335
6861,15.0094
6862,12.5940
6863,14.7374
6864,19.2549
6865,17.5259
6866,11.5333
6867,13.4370
6868,13.2194
6869,13.5038
6870,13.9194
6871,13.0999
6872,11.6563
6873,17.0553
6874,18.4970
6875,11.2357
6876,13.4959
6877,14.4012
6878,12.0647
6879,11.4362
6880,12.1615
6881,14.2515
6882,12.7518
6883,15.0526
6884,13.6192
6885,11.9307
6886,9.4645
6887,13.3395
6888,11.4028
6889,11.6925
6890,11.0223
6891,14.0171
6892,11.9154
6893,16.0229
6894,16.4375
6895,15.9287
6896,13.2432
6897,20.9248
6898,16.0258
6899,13.4437
6900,16.1083
6901,21.1594
6902,11.1454
6903,17.9024
6904,15.9526
6905,15.6016
6906,19.0446
6907,15.1088
6908,14.0204
6909,14.2651
6910,13.8221
6911,11.3990
6912,19.1953
6913,10.7939
6914,14.3709
6915,16.7773
6916,15.4490
6917,11.4517
6918,13.3009
6919,14.6241
6920,15.0027
6921,17.3697
6922,13.9630
6923,13.0067
6924,12.5735
6925,12.9573
6926,13.6168
6927,8.5912
6928,14.3197
6929,13.0966
6930,11.7772
6931,11.9860
6932,8.9574
6933,15.3461
6934,15.8255
6935,16.3832
6936,11.1210
6937,16.4423
6938,14.0746
6939,14.6315
6940,18.9044
6941,13.5984
6942,16.7677
6943,14.9474
6944,14.2803
6945,14.8752
6946,15.2140
6947,14.5459
6948,15.6791
6949,15.6326
6950,23.5088
6951,10.6657
6952,19.4662
6953,12.9776
6954,15.2175
6955,13.5336
6956,12.5916
6957,14.1547
6958,23.2651
6959,15.6031
6960,19.7275
6961,12.0997
6962,23.8056
6963,10.8876
6964,12.5425
6965,9.9843
6966,13.9046
6967,8.7173
6968,11.4281
6969,14.3473
6970,14.3077
6971,9.7823
6972,12.5923
6973,14.7488
6974,12.4068
6975,26.8202
6976,16.7086
6977,18.9242
6978,11.4999
6979,16.9864
6980,15.3441
6981,12.4073
6982,15.8911
6983,19.6621
6984,9.2165
6985,20.1466
6986,12.8973
6987,14.4994
6988,18.2459
6989,12.8751
6990,12.0413
6991,15.5518
6992,14.4420
6993,9.0783
6994,9.6998
6995,15.9616
6996,17.0722
6997,15.1219
6998,14.1983
6999,12.2976
7000,12.7592
7001,9.3513
7002,8.7378
7003,13.8569
7004,15.9259
7005,15.1243
7006,14.1730
7007,17.0238
7008,18.6701
7009,11.3080
7010,13.6878
7011,12.8379
7012,10.3261
7013,13.5143
7014,13.5939
7015,10.4890
7016,15.0003
7017,14.3182
7018,15.4181
7019,9.5096
7020,11.5416
7021,12.2206
7022,11.1609
7023,12.7363
7024,12.4681
7025,13.8962
7026,13.1962
7027,9.9339
7028,11.1177
7029,17.0009
7030,11.0877
7031,19.9792
7032,11.0967
7033,13.2687
7034,11.7166
7035,12.4226
7036,23.3705
7037,22.7950
7038,11.8306
7039,9.5947
7040,9.8953
7041,9.3169
7042,14.1587
7043,9.7289
7044,18.1203
7045,13.6149
7046,13.8907
7047,20.8778
7048,13.7677
7049,10.6916
7050,16.3224
7051,14.5843
7052,9.8557
7053,15.1296
7054,12.0792
7055,16.6287
7056,12.3041
7057,14.2820
7058,8.0225
7059,7.2937
7060,13.1857
7061,10.9248
7062,8.5018
7063,8.2786
7064,9.9618
7065,21.4157
7066,8.9593
7067,12.6605
7068,10.2923
7069,13.6988
7070,12.7606
7071,11.2231
7072,14.0586
7073,13.4747
7074,13.9222
7075,14.9801
7076,15.5637
7077,13.6614
7078,14.0886
7079,11.2524
7080,11.2641
7081,20.3221
7082,10.1531
7083,10.4363
7084,8.7292
7085,14.6375
7086,16.8817
7087,9.1534
7088,14.3678
7089,12.2194
7090,16.6688
7091,10.2315
7092,12.8956
7093,17.0455
7094,19.6717
7095,14.7789
7096,16.0809
7097,20.1609
7098,23.1552
7099,15.3816
7100,18.0113
7101,14.8435
7102,15.6498
7103,14.4825
7104,18.6293
7105,11.0211
7106,13.7389
7107,12.5849
7108,16.5782
7109,10.8557
7110,12.5523
7111,12.5539
7112,9.3098
7113,8.6944
7114,9.1093
7115,10.3109
7116,10.3931
7117,10.7746
7118,9.9642
7119,9.9101
7120,9.8701
7121,8.7726
7122,9.3014
7123,8.5404
7124,27.8227
7125,10.2673
7126,10.8316
7127,17.4851
7128,15.4560
7129,11.0774
7130,9.1810
7131,10.5457
7132,14.8904
7133,12.0065
7134,15.1522
7135,14.6253
7136,12.1608
7137,14.7619
7138,16.5043
7139,17.3974
7140,12.7959
7141,13.5915
7142,10.1774
7143,16.8946
7144,12.8880
7145,14.0967
7146,10.1464
7147,14.0567
7148,10.8759
7149,18.9776
7150,14.9369
7151,20.8409
7152,19.3062
7153,13.7956
7154,18.7421
7155,15.6865
7156,20.5114
7157,19.8834
7158,9.7103
7159,11.5550
7160,10.6163
7161,9.3277
7162,13.6695
7163,9.4121
7164,10.6764
7165,13.2289
7166,11.2422
7167,15.6097
7168,13.0782
7169,11.8649
7170,11.9457
7171,15.2230
7172,17.1924
7173,12.1458
7174,11.1952
7175,11.9224
7176,10.8390
7177,12.5866
7178,11.3311
7179,13.3722
7180,11.8854
7181,13.2551
7182,19.0480
7183,17.0791
7184,23.8914
7185,19.3670
7186,17.9563
7187,17.0584
7188,14.2689
7189,12.8860
7190,13.4528
7191,16.1684
7192,15.7056
7193,15.9481
7194,15.1055
7195,16.6585
7196,17.9653
7197,12.9838
7198,11.8041
7199,14.0438
7200,14.3056
7201,13.2978
7202,15.6937
7203,14.1625
7204,14.4665
7205,14.7798
7206,10.3920
7207,14.3163
7208,28.3806
7209,18.4257
7210,15.8017
7211,23.9339
7212,16.8080
7213,16.0682
7214,20.8318
7215,11.2953
7216,11.9388
7217,16.7937
7218,15.0173
7219,10.7825
7220,15.3682
7221,11.0528
7222,9.3787
7223,12.8529
7224,12.5244
7225,17.8847
7226,12.8515
7227,18.2974
7228,13.7005
7229,17.1504
7230,16.3615
7231,13.0913
7232,12.6083
7233,20.8821
7234,27.1749
7235,16.4418
7236,10.0913
7237,13.4277
7238,13.1438
7239,12.0161
7240,11.8456
7241,13.1600
7242,11.7183
7243,12.5942
7244,11.8237
7245,11.1632
7246,15.6860
7247,12.7814
7248,14.3211
7249,16.1862
7250,14.8771
7251,14.0688
7252,14.2138
7253,13.5090
7254,9.4082
7255,17.5805
7256,15.9113
7257,15.4390
7258,13.8423
7259,9.8886
7260,12.6035
7261,14.7502
7262,31.3170
7263,14.0297
7264,12.7604
7265,16.5787
7266,7.5150
7267,10.0467
7268,11.3904
7269,11.2991
7270,13.7098
7271,16.0725
7272,12.1801
7273,15.0008
7274,12.1086
7275,13.3114
7276,14.6704
7277,25.2376
7278,14.5979
7279,11.7369
7280,17.1313
7281,12.3272
7282,11.6107
7283,11.0717
7284,9.9773
7285,13.3476
7286,11.6870
7287,16.5775
7288,13.6390
7289,29.0999
7290,21.8966
7291,13.3457
7292,15.5194
7293,11.1039
7294,10.8285
7295,18.1282
7296,19.2215
7297,13.6857
7298,10.9668
7299,11.2481
7300,16.7465
7301,12.5098
7302,13.1087
7303,10.8671
7304,14.6854
7305,13.3526
7306,13.7849
7307,11.5442
7308,13.1483
7309,13.4826
7310,11.9500
7311,16.5095
7312,18.2900
7313,20.0799
7314,16.0892
7315,10.4449
7316,19.6893
7317,22.8002
7318,9.1550
7319,9.6836
7320,16.6318
7321,12.5961
7322,12.6245
7323,13.3445
7324,12.5377
7325,13.2992
7326,12.2101
7327,16.4461
7328,13.2616
7329,11.2214
7330,11.8926
7331,18.6586
7332,9.2950
7333,8.4112
7334,16.2370
7335,15.4576
7336,17.4053
7337,11.1682
7338,20.3857
7339,15.5888
7340,15.9879
7341,15.3151
7342,13.4182
7343,10.2499
7344,16.4196
7345,19.7549
7346,14.4866
7347,12.4528
7348,12.0826
7349,17.1809
7350,20.0443
7351,13.3102
7352,14.8647
7353,12.4645
7354,11.0009
7355,11.2588
7356,17.9672
7357,12.4836
7358,12.4414
7359,12.0933
7360,19.0575
7361,13.6917
7362,12.7931
7363,12.3100
7364,11.5442
7365,14.7960
7366,12.0580
7367,11.1895
7368,17.1132
7369,15.1677
7370,14.2307
7371,13.6929
7372,19.3951
7373,20.3388
7374,14.4742
7375,14.1547
7376,17.1008
7377,16.1667
7378,18.2512
7379,13.6163
7380,10.6859
7381,10.6394
7382,18.8704
7383,12.4891
7384,15.7166
7385,12.5837
7386,15.7182
7387,11.5390
7388,15.5888
7389,15.2783
7390,12.8226
7391,12.1810
7392,12.6796
7393,14.6971
7394,12.6309
7395,16.0871
7396,14.1671
7397,17.6272
7398,12.5892
7399,12.7699
7400,24.8411
7401,14.9577
7402,16.1273
7403,12.9421
7404,17.8680
7405,16.1159
7406,13.7804
7407,15.7826
7408,20.2467
7409,16.4127
7410,11.8282
7411,20.2844
7412,11.3058
7413,14.6749
7414,17.6535
7415,14.7290
7416,14.3962
7417,12.5599
7418,16.5210
7419,15.0967
7420,15.4169
7421,13.9472
7422,14.6930
7423,13.9740
7424,12.6798
7425,13.5145
7426,13.2368
7427,13.8042
7428,20.5090
7429,17.2424
7430,10.8726
7431,17.0338
7432,17.3566
7433,17.3161
7434,11.4388
7435,14.5843
7436,12.5673
7437,16.1340
7438,15.5907
7439,8.3416
7440,9.0652
7441,9.7113
7442,8.9602
7443,10.4549
7444,9.3648
7445,10.9317
7446,12.0983
7447,11.9228
7448,10.4029
7449,17.6067
7450,14.7183
7451,12.1486
7452,13.5431
7453,23.4120
7454,19.8259
7455,16.7971
7456,15.5692
7457,19.3114
7458,15.6534
7459,18.9114
7460,13.6538
7461,15.6569
7462,15.8617
7463,18.0588
7464,14.9281
7465,11.2023
7466,14.9701
7467,19.6579
7468,13.6034
7469,12.3317
7470,13.3827
7471,17.0832
7472,13.2041
7473,20.5517
7474,13.4215
7475,14.6139
7476,13.5300
7477,13.1242
7478,9.3489
7479,15.0867
7480,19.6218
7481,15.7700
7482,16.6643
7483,13.3135
7484,18.0721
7485,17.7977
7486,13.1857
7487,12.3179
7488,11.4646
7489,7.8452
7490,9.7055
7491,9.4371
7492,9.0144
7493,8.7361
7494,9.1598
7495,8.6997
7496,7.4241
7497,10.7360
7498,13.0165
7499,13.9251
7500,13.1369
7501,10.4949
7502,15.7084
7503,20.3314
7504,12.6181
7505,15.3258
7506,11.6804
7507,22.2378
7508,15.8017
7509,14.8444
7510,16.4964
7511,16.0365
7512,11.7214
7513,16.4828
7514,17.6136
7515,18.3444
7516,19.1033
7517,14.3385
7518,15.7218
7519,14.7903
7520,15.2428
7521,9.4101
7522,12.1891
7523,14.4560
7524,11.5533
7525,11.8971
7526,11.7826
7527,19.7692
7528,17.3149
7529,13.3059
7530,8.4524
7531,16.6478
7532,12.9004
7533,12.7771
7534,13.6175
7535,15.2864
7536,21.5573
7537,13.2687
7538,22.0799
7539,14.9937
7540,12.8293
7541,13.9272
7542,12.1896
7543,12.1651
7544,12.4726
7545,11.8480
7546,11.0536
7547,12.5856
7548,15.2159
7549,16.0561
7550,12.1477
7551,10.2086
7552,16.4847
7553,10.7424
7554,13.0000
7555,19.4471
7556,12.4745
7557,10.0875
7558,9.1655
7559,13.6552
7560,12.6362
7561,14.5483
7562,12.1074
7563,13.1831
7564,13.3653
7565,19.0463
7566,21.1298
7567,13.1416
7568,18.6408
7569,12.7885
7570,14.0538
7571,13.7196
7572,15.6164
7573,13.2968
7574,20.7002
7575,12.6359
7576,14.9894
7577,15.5518
7578,13.2217
7579,11.5604
7580,12.7032
7581,8.4171
7582,17.0596
7583,12.0850
7584,18.8560
7585,7.5562
7586,17.4048
7587,15.6789
7588,17.0317
7589,12.0380
7590,17.8845
7591,12.8958
7592,13.9394
7593,13.9685
7594,23.9775
7595,12.1121
7596,16.1557
7597,16.2778
7598,18.1441
7599,15.3325
7600,10.4651
7601,10.3552
7602,15.7652
7603,17.3118
7604,12.2833
7605,11.4727
7606,9.8534
7607,11.9202
7608,12.5678
7609,11.8155
7610,10.7017
7611,15.9352
7612,13.3038
7613,11.0304
7614,12.8274
7615,10.8564
7616,12.7957
7617,13.2074
7618,14.4353
7619,14.8144
7620,12.4660
7621,10.8628
7622,18.5308
7623,11.9319
7624,14.0913
7625,9.7976
7626,15.9805
7627,15.7266
7628,16.9265
7629,9.2134
7630,12.7068
7631,13.2194
7632,10.8020
7633,12.4474
7634,11.7774
7635,14.8001
7636,17.2296
7637,11.4338
7638,12.0754
7639,15.9202
7640,13.5963
7641,15.8224
7642,18.6043
7643,10.8123
7644,11.3254
7645,11.8773
7646,12.8932
7647,11.4219
7648,10.6335
7649,10.2918
7650,11.1840
7651,8.9405
7652,11.8899
7653,24.8415
7654,11.7898
7655,17.3571
7656,16.3627
7657,12.8493
7658,16.9134
7659,12.2492
7660,10.8962
7661,16.4633
7662,12.9099
7663,14.6174
7664,16.6271
7665,13.7389
7666,7.1671
7667,8.1382
7668,8.3556
7669,7.6702
7670,7.7372
7671,7.6125
7672,10.9527
7673,8.4062
7674,7.7746
7675,7.2980
7676,11.2379
7677,7.2546
7678,7.6425
7679,11.8523
7680,17.3945
7681,13.5140
7682,14.1850
7683,13.5386
7684,15.0132
7685,18.9095
7686,28.6689
7687,18.5590
7688,18.8618
7689,13.3715
7690,13.7658
7691,13.5460
7692,13.9470
7693,13.7010
7694,12.4207
7695,14.5955
7696,15.4314
7697,16.7243
7698,14.7290
7699,13.1180
7700,15.9724
7701,13.4490
7702,14.6513
7703,12.4137
7704,12.3861
7705,13.2053
7706,12.3839
7707,13.7613
7708,12.2020
7709,13.0293
7710,13.9124
7711,15.0993
7712,26.8767
7713,25.7249
7714,16.2983
7715,16.5532
7716,15.1207
7717,13.2022
7718,14.1656
7719,10.5646
7720,11.4586
7721,16.2983
7722,18.6274
7723,15.0211
7724,10.5989
7725,14.6365
7726,17.1220
7727,11.6229
7728,12.9638
7729,10.1650
7730,17.3683
7731,19.5956
7732,17.0140
7733,16.4981
7734,13.1998
7735,12.4645
7736,17.1430
7737,14.0719
7738,20.2568
7739,21.3799
7740,20.3931
7741,17.0834
7742,14.5657
7743,13.4540
7744,18.0502
7745,11.2867
7746,13.9403
7747,13.7408
7748,64.0447
7749,10.2091
7750,13.7038
7751,12.7537
7752,10.3385
7753,12.2216
7754,11.2844
7755,11.6584
7756,11.6189
7757,11.7009
7758,12.2657
7759,12.4202
7760,15.4662
7761,111.1045
7762,9.9511
7763,15.0950
7764,14.1251
7765,18.5761
7766,14.8947
7767,16.5102
7768,12.3134
7769,13.7696
7770,14.7023
7771,18.7197
7772,11.5478
7773,14.0815
7774,12.6886
7775,12.7194
7776,10.6471
7777,9.5756
7778,11.7826
7779,10.8414
7780,14.7619
7781,12.4383
7782,17.9262
7783,14.8640
7784,14.8222
7785,15.1794
7786,13.6056
7787,13.1676
7788,14.0028
7789,13.3646
7790,13.6969
7791,16.2470
7792,24.5903
7793,14.1168
7794,18.6503
7795,23.4084
7796,18.3904
7797,13.3243
7798,12.4390
7799,12.2972
7800,16.1271
7801,12.6088
7802,12.8090
7803,12.0919
7804,15.5644
7805,15.2304
7806,16.4578
7807,11.4176
7808,17.2622
7809,13.3088
7810,13.6261
7811,14.1232
7812,14.2188
7813,24.9250
7814,12.7149
7815,17.3912
7816,20.2329
7817,17.7879
7818,14.3383
7819,19.6257
7820,20.7233
7821,22.6028
7822,22.7952
7823,17.1564
7824,20.0288
7825,18.7709
7826,12.0299
7827,15.3041
7828,17.4720
7829,12.1415
7830,17.4081
7831,14.9238
7832,10.2530
7833,16.5186
7834,10.3481
7835,14.2138
7836,9.3582
7837,10.8643
7838,8.4546
7839,12.1443
7840,15.7130
7841,9.8543
7842,8.7383
7843,8.3389
7844,8.9071
7845,10.9696
7846,8.1198
7847,11.5888
7848,14.5566
7849,21.8668
7850,11.7526
7851,19.7930
7852,12.6240
7853,14.8513
7854,16.2082
7855,10.4580
7856,12.5668
7857,12.5759
7858,15.0304
7859,10.2699
7860,17.5207
7861,8.2772
7862,12.8391
7863,13.0837
7864,11.2939
7865,12.7430
7866,12.0406
7867,13.1645
7868,15.2538
7869,11.1761
7870,16.2637
7871,13.0610
7872,16.9053
7873,14.3955
7874,13.1602
7875,12.9502
7876,15.5578
7877,13.4466
7878,15.2965
7879,19.3756
7880,18.1954
7881,14.4737
7882,14.9987
7883,16.3262
7884,8.9266
7885,18.2381
7886,12.4552
7887,15.0609
7888,13.2155
7889,21.7147
7890,14.6759
7891,17.2114
7892,9.0098
7893,11.5106
7894,11.3406
7895,12.9266
7896,11.4903
7897,15.9268
7898,12.9457
7899,16.0720
7900,20.0267
7901,16.1700
7902,12.3844
7903,7.7567
7904,15.7785
7905,11.5445
7906,14.8079
7907,18.5211
7908,16.5088
7909,18.7085
7910,10.0234
7911,13.6116
7912,13.2508
7913,13.2017
7914,9.3021
7915,12.6231
7916,14.2338
7917,11.3573
7918,19.1734
7919,15.0163
7920,15.2924
7921,16.2792
7922,16.4304
7923,13.6125
7924,14.7886
7925,13.1292
7926,13.8447
7927,15.8739
7928,13.4127
7929,13.4625
7930,18.6779
7931,20.8988
7932,14.6830
7933,12.7244
7934,14.1931
7935,11.8983
7936,13.9167
7937,10.0629
7938,14.8919
7939,17.0248
7940,13.0742
7941,13.0208
7942,13.1905
7943,14.8213
7944,16.9458
7945,14.9124
7946,13.6213
7947,14.5311
7948,16.7415
7949,11.4539
7950,15.1653
7951,14.0910
7952,13.7713
7953,15.6960
7954,12.9130
7955,13.7520
7956,17.0534
7957,14.6937
7958,28.3294
7959,13.5179
7960,16.0837
7961,15.2919
7962,13.4261
7963,13.5198
