id,t_pub_ms
1,3.9842
2,4.6585
3,7.6380
4,9.1002
5,10.9637
6,12.5990
7,14.1201
8,15.2793
9,17.4646
10,18.5804
11,19.7101
12,21.3287
13,25.3270
14,26.0105
15,28.2810
16,29.6197
17,33.0472
18,35.0564
19,37.8146
20,39.8722
21,43.4170
22,44.1480
23,45.6419
24,48.4025
25,53.7591
26,53.5347
27,56.0672
28,58.3508
29,63.2017
30,66.3087
31,69.3746
32,72.4232
33,76.4863
34,81.5251
35,85.8076
36,88.6037
37,91.4292
38,94.7120
39,99.3726
40,104.1787
41,108.7713
42,113.2245
43,117.8596
44,122.2045
45,125.0236
46,129.1592
47,131.9547
48,136.0676
49,138.8845
50,142.1664
51,145.0534
52,147.8233
53,150.7146
54,153.6002
55,156.2135
56,158.9496
57,163.7921
58,167.8033
59,170.3539
60,174.1562
61,180.2256
62,184.4664
63,188.8375
64,192.3859
65,196.7285
66,200.3171
67,203.2053
68,205.3025
69,207.7992
70,209.4624
71,211.3869
72,214.8027
73,218.1096
74,220.8917
75,222.2612
76,223.7089
77,230.1078
78,233.5768
79,236.8560
80,239.6674
81,242.5296
82,245.9750
83,250.0634
84,253.0286
85,255.8045
86,258.4302
87,260.8740
88,263.5126
89,266.8908
90,269.5980
91,271.9674
92,275.7258
93,278.6508
94,281.5158
95,284.9343
96,290.7386
97,294.9612
98,298.0306
99,299.9134
100,302.8207
101,307.2793
102,312.5749
103,317.6329
104,319.8924
105,321.3453
106,324.2154
107,325.9265
108,327.7345
109,329.6218
110,332.0935
111,333.8876
112,335.1171
113,337.0092
114,338.9020
115,340.6913
116,343.0283
117,345.2289
118,349.3025
119,350.5046
120,354.4650
121,358.5832
122,362.2358
123,364.2466
124,366.7238
125,370.8310
126,374.7821
127,377.7709
128,381.4359
129,382.9732
130,385.7760
131,389.5352
132,394.0167
133,398.6197
134,401.3531
135,404.7916
136,405.9784
137,408.8984
138,409.4667
139,411.0763
140,411.7262
141,414.5076
142,418.2515
143,418.6513
144,421.2022
145,423.8739
146,426.4624
147,428.1487
148,430.6753
149,433.8884
150,435.0584
151,436.4679
152,437.2070
153,442.9331
154,445.5762
155,447.0453
156,450.7830
157,453.3608
158,455.5435
159,458.2243
160,461.6046
161,465.2746
162,471.1337
163,474.1280
164,477.5376
165,480.3407
166,483.0530
167,485.6362
168,488.6665
169,493.3844
170,496.5310
171,501.5562
172,503.2957
173,506.6311
174,509.4490
175,512.3818
176,515.4974
177,518.9071
178,523.2069
179,528.1861
180,532.5208
181,536.2170
182,539.6962
183,543.1619
184,546.7155
185,549.5765
186,552.2013
187,556.1445
188,559.0537
189,561.3899
190,564.1272
191,566.2696
192,569.1454
193,571.8057
194,574.7514
195,576.9410
196,579.9820
197,583.4336
198,586.5459
199,589.9529
200,594.2214
201,598.8228
202,602.1383
203,605.2635
204,608.8037
205,611.0728
206,614.0475
207,618.2721
208,617.4593
209,619.3516
210,627.6848
211,630.9395
212,633.7287
213,634.9058
214,636.7559
215,637.9418
216,639.7748
217,641.1190
218,642.4768
219,644.4037
220,646.1549
221,647.3687
222,648.8945
223,650.1906
224,652.5509
225,653.5769
226,654.4604
227,655.6053
228,657.0206
229,658.4911
230,660.7475
231,661.8481
232,663.7084
233,664.5463
234,666.6129
235,668.2467
236,669.3006
237,671.1576
238,672.3878
239,676.3260
240,679.2982
241,682.6077
242,685.0832
243,687.2666
244,689.4825
245,691.2055
246,694.3278
247,695.6382
248,697.9039
249,700.1159
250,702.1110
251,704.0420
252,706.0106
253,708.2596
254,710.1479
255,711.4670
256,713.0282
257,715.2953
258,716.8105
259,719.1744
260,721.0672
261,722.9095
262,724.9136
263,726.3169
264,728.2095
265,729.7044
266,733.9611
267,736.8360
268,739.9170
269,742.3260
270,744.7853
271,748.1723
272,752.2297
273,755.1053
274,757.1819
275,761.1763
276,765.0034
277,767.7062
278,771.9774
279,774.8020
280,777.5242
281,780.8692
282,783.5345
283,787.0057
284,788.6529
285,790.3016
286,791.5778
287,792.3484
288,793.8995
289,793.3993
290,794.9317
291,796.1962
292,797.8928
293,799.1636
294,800.5612
295,801.9080
296,803.2932
297,804.5437
298,805.7673
299,807.0779
300,808.0261
301,809.2852
302,810.6141
303,811.6746
304,812.9330
305,814.1263
306,815.6948
307,817.3440
308,818.9676
309,820.5762
310,821.9373
311,823.9636
312,827.0285
313,830.6093
314,834.1005
315,836.4213
316,838.7764
317,840.2727
318,842.5398
319,845.0341
320,848.2349
321,849.5119
322,851.5174
323,854.9650
324,857.2533
325,858.0596
326,860.8243
327,862.3204
328,863.2891
329,864.7549
330,866.5071
331,867.3933
332,868.7215
333,869.3635
334,871.8395
335,873.9405
336,876.1985
337,878.2668
338,880.6536
339,883.0142
340,885.3896
341,887.1729
342,889.2207
343,890.6410
344,892.5145
345,894.1228
346,896.8887
347,900.7776
348,904.5730
349,906.9233
350,911.3073
351,914.4936
352,915.2498
353,916.5392
354,917.7017
355,918.9918
356,919.4629
357,921.2487
358,924.9735
359,928.2575
360,930.0232
361,931.3495
362,932.7075
363,934.5908
364,936.0962
365,937.7432
366,939.9016
367,941.3233
368,943.1343
369,944.5567
370,946.4011
371,947.8822
372,949.5673
373,951.4554
374,954.7968
375,956.7091
376,959.6090
377,963.7024
378,968.4715
379,971.9172
380,973.4988
381,973.9702
382,974.5939
383,975.6207
384,977.9282
385,981.2279
386,981.7038
387,984.3705
388,985.4677
389,987.0601
390,989.1665
391,991.0314
392,993.0763
393,994.7331
394,995.7969
395,998.4655
396,999.5096
397,1001.4477
398,1003.8874
399,1006.1946
400,1008.7068
401,1010.3490
402,1013.5877
403,1015.8560
404,1017.7686
405,1020.1962
406,1023.3781
407,1026.2170
408,1028.9605
409,1030.4797
410,1033.3149
411,1035.2650
412,1037.0836
413,1040.2029
414,1044.0459
415,1047.0715
416,1049.2587
417,1051.2664
418,1053.7109
419,1057.2612
420,1059.4828
421,1061.7435
422,1065.2964
423,1070.7600
424,1074.6207
425,1078.2962
426,1082.2096
427,1087.9180
428,1091.5420
429,1096.2384
430,1098.4311
431,1100.6722
432,1102.7896
433,1104.5508
434,1107.8827
435,1110.1964
436,1112.5300
437,1114.7101
438,1116.4651
439,1119.7779
440,1121.7577
441,1123.8432
442,1127.1310
443,1130.8832
444,1132.9575
445,1134.9320
446,1137.0790
447,1139.3156
448,1141.8533
449,1144.2499
450,1148.3781
451,1150.9588
452,1154.4738
453,1159.8558
454,1161.2980
455,1163.2252
456,1165.7050
457,1168.1886
458,1171.0091
459,1172.9095
460,1178.2696
461,1180.9349
462,1184.1590
463,1186.6920
464,1189.0829
465,1191.8640
466,1194.2344
467,1196.9311
468,1199.4524
469,1202.2016
470,1204.6816
471,1207.7861
472,1210.2978
473,1213.0706
474,1215.6637
475,1218.1485
476,1220.3410
477,1222.4457
478,1224.5955
479,1226.3243
480,1228.2727
481,1230.6411
482,1232.7411
483,1234.7093
484,1237.0260
485,1239.5477
486,1242.5787
487,1245.4879
488,1248.3582
489,1251.2343
490,1252.9655
491,1254.9376
492,1256.8474
493,1258.5359
494,1260.8078
495,1263.0234
496,1265.0437
497,1267.1287
498,1269.0496
499,1271.1487
500,1273.2289
501,1274.9722
502,1276.9487
503,1278.2035
504,1280.0255
505,1280.7233
506,1281.7771
507,1284.1644
508,1285.3076
509,1285.8672
510,1286.9205
511,1289.0072
512,1291.4653
513,1293.6904
514,1295.6848
515,1297.9264
516,1300.1406
517,1302.1717
518,1304.0862
519,1306.0300
520,1308.1276
521,1310.7777
522,1312.9163
523,1315.3505
524,1317.9135
525,1320.3051
526,1322.8667
527,1325.6552
528,1331.2368
529,1338.1050
530,1342.0455
531,1341.0141
532,1346.7491
533,1348.4266
534,1353.7385
535,1356.9474
536,1360.7528
537,1365.0165
538,1371.9645
539,1373.8484
540,1374.0957
541,1375.7386
542,1376.8785
543,1379.6113
544,1381.4344
545,1382.8945
546,1386.0552
547,1386.1139
548,1388.7243
549,1390.5914
550,1390.7905
551,1390.1572
552,1393.2192
553,1395.3526
554,1398.6104
555,1401.4416
556,1405.0345
557,1408.5400
558,1410.4869
559,1413.8551
560,1416.1952
561,1418.1080
562,1420.1219
563,1422.2167
564,1422.5330
565,1426.3701
566,1429.0109
567,1431.4055
568,1434.0250
569,1437.1901
570,1439.6927
571,1441.6754
572,1443.8007
573,1446.4116
574,1448.7650
575,1450.5496
576,1452.1205
577,1453.4175
578,1455.5738
579,1457.0000
580,1457.0403
581,1459.0702
582,1460.0821
583,1460.3324
584,1461.8008
585,1463.9640
586,1465.8101
587,1467.3572
588,1470.3033
589,1473.1779
590,1476.8569
591,1479.3732
592,1480.3920
593,1481.2617
594,1482.2845
595,1483.1996
596,1484.0462
597,1484.7779
598,1485.8260
599,1487.7515
600,1489.4831
601,1491.0262
602,1494.0789
603,1497.1025
604,1498.7860
605,1500.8590
606,1503.5231
607,1505.8312
608,1508.4383
609,1510.3838
610,1513.0951
611,1515.7678
612,1519.0780
613,1521.7457
614,1524.4696
615,1526.7584
616,1528.9376
617,1531.2090
618,1533.0563
619,1535.4011
620,1537.1854
621,1539.5186
622,1542.3212
623,1546.2885
624,1548.4531
625,1550.3621
626,1552.6984
627,1554.7483
628,1556.3362
629,1558.2430
630,1560.4088
631,1562.4466
632,1564.1446
633,1568.5749
634,1572.6404
635,1574.9094
636,1577.0986
637,1578.1019
638,1581.1570
639,1583.3285
640,1584.2566
641,1587.2660
642,1589.5574
643,1590.2252
644,1593.1692
645,1599.9243
646,1598.8922
647,1605.2928
648,1604.4388
649,1607.6608
650,1612.6876
651,1617.8916
652,1619.7543
653,1623.4014
654,1625.7117
655,1627.3885
656,1632.0891
657,1636.1263
658,1640.2903
659,1642.4692
660,1644.6002
661,1649.3728
662,1653.6331
663,1657.3458
664,1660.6114
665,1665.2653
666,1668.5374
667,1671.3777
668,1674.4282
669,1677.2609
670,1680.2423
671,1681.5779
672,1684.3691
673,1686.6457
674,1688.7519
675,1691.0474
676,1696.5740
677,1696.0156
678,1699.2354
679,1703.3398
680,1706.4011
681,1710.1355
682,1713.6405
683,1716.6631
684,1720.5892
685,1723.7129
686,1728.5745
687,1733.8698
688,1738.4272
689,1742.2523
690,1745.5127
691,1748.7707
692,1751.8282
693,1754.8108
694,1758.4188
695,1761.3900
696,1764.7221
697,1767.6866
698,1771.4000
699,1775.1162
700,1777.2126
701,1780.0243
702,1782.6886
703,1785.4755
704,1791.5461
705,1795.4104
706,1802.7530
707,1807.2731
708,1811.2426
709,1815.7339
710,1820.7386
711,1826.3609
712,1830.1630
713,1832.9029
714,1831.7316
715,1834.6515
716,1836.3874
717,1842.3762
718,1842.1781
719,1847.8634
720,1854.2321
721,1857.6627
722,1859.7651
723,1861.7873
724,1867.6627
725,1868.6969
726,1873.2626
727,1875.5410
728,1878.7065
729,1884.6588
730,1888.3862
731,1891.6910
732,1895.5290
733,1897.8875
734,1901.8135
735,1906.8394
736,1911.0548
737,1915.1218
738,1917.3911
739,1922.1244
740,1926.4591
741,1930.0022
742,1931.6740
743,1934.0720
744,1936.7433
745,1939.3907
746,1942.2536
747,1945.7159
748,1951.0510
749,1957.0150
750,1960.2902
751,1962.9385
752,1965.6823
753,1968.7674
754,1971.3092
755,1973.9618
756,1976.3527
757,1979.2311
758,1982.0678
759,1985.0514
760,1988.0612
761,1992.0025
762,1996.0902
763,1998.5027
764,2002.2864
765,2005.5437
766,2010.2298
767,2014.0536
768,2018.0662
769,2021.1828
770,2026.2322
771,2029.0885
772,2031.9283
773,2034.6615
774,2038.0809
775,2040.7016
776,2043.2677
777,2046.3643
778,2050.0491
779,2053.0109
780,2056.0012
781,2059.4370
782,2062.1014
783,2065.0780
784,2069.0751
785,2073.2043
786,2076.6783
787,2080.0469
788,2082.9017
789,2087.1665
790,2089.4072
791,2092.4168
792,2095.1633
793,2097.9831
794,2101.4168
795,2106.2415
796,2107.1899
797,2110.6679
798,2114.4807
799,2114.8412
800,2118.9697
801,2121.9811
802,2125.0732
803,2128.3669
804,2131.9339
805,2134.1197
806,2137.4273
807,2140.7690
808,2143.4059
809,2147.0733
810,2150.8369
811,2152.7789
812,2155.6599
813,2158.2382
814,2160.8911
815,2163.8832
816,2167.0794
817,2169.8916
818,2173.5702
819,2173.8503
820,2178.2579
821,2180.4094
822,2182.3266
823,2186.4908
824,2192.8525
825,2197.6917
826,2202.3659
827,2206.6486
828,2206.5151
829,2205.5228
830,2204.5426
831,2213.2275
832,2212.2333
833,2216.4352
834,2216.3768
835,2216.2449
836,2228.7557
837,2227.6237
838,2226.6049
839,2230.2053
840,2232.2519
841,2231.3313
842,2232.8534
843,2235.2545
844,2238.9596
845,2241.4873
846,2244.9193
847,2246.5713
848,2247.6676
849,2249.0680
850,2250.5054
851,2251.5860
852,2253.1540
853,2255.1723
854,2257.7865
855,2259.4023
856,2260.5271
857,2262.0018
858,2264.2918
859,2265.4555
860,2267.0095
861,2268.2934
862,2270.1955
863,2272.3923
864,2273.5956
865,2274.5380
866,2276.0408
867,2279.0716
868,2278.5223
869,2278.7035
870,2279.8483
871,2282.0389
872,2284.7455
873,2287.1037
874,2291.8086
875,2298.3267
876,2303.5727
877,2307.5352
878,2310.1172
879,2312.3186
880,2314.7640
881,2317.1785
882,2319.7231
883,2323.4897
884,2327.2407
885,2329.8891
886,2332.3011
887,2335.2222
888,2337.6491
889,2339.4966
890,2343.3707
891,2340.7786
892,2342.0568
893,2343.1635
894,2343.6778
895,2344.9767
896,2347.4267
897,2349.2048
898,2350.0662
899,2350.6076
900,2352.6034
901,2354.0189
902,2355.1192
903,2356.3530
904,2357.3339
905,2358.5241
906,2359.5741
907,2360.8010
908,2361.7618
909,2362.8466
910,2363.9441
911,2365.1047
912,2366.0393
913,2366.3421
914,2367.2519
915,2368.0639
916,2369.1320
917,2370.0576
918,2370.7340
919,2371.6903
920,2372.6254
921,2373.7853
922,2374.7547
923,2376.0707
924,2378.0074
925,2379.2260
926,2380.1141
927,2381.1851
928,2381.9931
929,2383.0311
930,2384.0792
931,2384.9206
932,2385.9584
933,2386.7986
934,2387.6519
935,2388.7162
936,2389.4377
937,2390.4037
938,2391.2733
939,2392.0772
940,2393.1973
941,2394.1991
942,2394.4438
943,2395.2012
944,2396.0736
945,2397.0613
946,2398.0930
947,2399.1895
948,2399.5409
949,2400.3608
950,2401.2008
951,2402.2133
952,2403.0614
953,2403.7371
954,2404.8109
955,2405.8368
956,2406.7345
957,2407.4984
958,2408.4866
959,2409.6465
960,2410.3947
961,2411.5062
962,2412.0641
963,2412.9984
964,2413.8973
965,2414.9129
966,2415.5514
967,2416.2974
968,2417.2747
969,2418.2117
970,2419.1959
971,2420.1572
972,2420.9828
973,2421.9091
974,2422.8225
975,2423.7721
976,2424.2990
977,2425.3154
978,2426.1796
979,2427.9559
980,2427.7003
981,2428.6940
982,2429.6472
983,2430.6755
984,2431.5341
985,2432.3177
986,2433.0750
987,2433.7771
988,2434.2282
989,2434.7541
990,2435.7107
991,2436.5866
992,2437.1417
993,2438.1642
994,2438.7441
995,2439.6641
996,2440.2151
997,2441.1366
998,2441.9537
999,2442.9142
1000,2443.4412
1001,2443.8543
1002,2444.8771
1003,2445.6654
1004,2446.5721
1005,2447.4356
1006,2448.1375
1007,2449.1255
1008,2450.0446
1009,2451.0498
1010,2452.1697
1011,2453.2332
1012,2454.2089
1013,2455.3385
1014,2456.3799
1015,2457.4456
1016,2458.4906
1017,2459.6796
1018,2460.7449
1019,2461.7317
1020,2462.8425
1021,2464.0393
1022,2465.2164
1023,2466.0556
1024,2467.1898
1025,2469.5518
1026,2470.6602
1027,2471.6420
1028,2472.7767
1029,2473.6471
1030,2474.6754
1031,2475.6513
1032,2476.7141
1033,2477.6995
1034,2478.6026
1035,2483.3291
1036,2485.6653
1037,2487.9627
1038,2490.4833
1039,2492.9531
1040,2495.5101
1041,2498.0290
1042,2500.8938
1043,2503.2399
1044,2505.6720
1045,2514.5147
1046,2516.4065
1047,2518.8785
1048,2521.1720
1049,2523.5646
1050,2525.7051
1051,2528.4731
1052,2529.9206
1053,2531.9777
1054,2534.0161
1055,2536.1018
1056,2538.4808
1057,2540.8368
1058,2543.0515
1059,2545.0816
1060,2546.7186
1061,2548.6588
1062,2550.7321
1063,2552.5193
1064,2554.6336
1065,2556.7076
1066,2558.6648
1067,2560.4324
1068,2562.3708
1069,2564.2512
1070,2566.1271
1071,2567.9393
1072,2569.7448
1073,2571.6233
1074,2573.7875
1075,2576.0953
1076,2578.3510
1077,2580.6222
1078,2582.9406
1079,2585.1076
1080,2587.2884
1081,2589.3784
1082,2591.4440
1083,2593.6773
1084,2595.9520
1085,2598.1688
1086,2601.8255
1087,2602.7517
1088,2604.5802
1089,2610.5726
1090,2610.3134
1091,2612.1550
1092,2614.8915
1093,2620.9249
1094,2622.9453
1095,2624.9120
1096,2627.2142
1097,2629.5347
1098,2632.0155
1099,2634.4357
1100,2636.7440
1101,2639.0901
1102,2641.0880
1103,2643.2891
1104,2645.6029
1105,2648.0787
1106,2650.2111
1107,2652.5548
1108,2655.0839
1109,2657.4025
1110,2659.5228
1111,2661.8948
1112,2663.7678
1113,2666.2629
1114,2668.3123
1115,2670.6352
1116,2672.9751
1117,2675.1161
1118,2677.5770
1119,2679.7731
1120,2682.0490
1121,2683.8965
1122,2685.8027
1123,2687.8679
1124,2690.7005
1125,2692.8916
1126,2695.5304
1127,2698.1466
1128,2700.8295
1129,2703.4452
1130,2705.7915
1131,2708.3061
1132,2710.4805
1133,2713.0654
1134,2714.8910
1135,2717.4203
1136,2719.2588
1137,2721.2932
1138,2723.8231
1139,2725.8210
1140,2727.9277
1141,2730.3829
1142,2732.7445
1143,2734.8928
1144,2737.4406
1145,2739.2218
1146,2741.9462
1147,2743.5210
1148,2744.4904
1149,2745.4736
1150,2746.5475
1151,2747.5607
1152,2748.5902
1153,2749.6035
1154,2750.5229
1155,2751.4002
1156,2752.3050
1157,2753.2592
1158,2754.2112
1159,2755.3864
1160,2756.2275
1161,2757.1452
1162,2758.1644
1163,2759.0086
1164,2759.9194
1165,2760.9227
1166,2762.1293
1167,2763.1173
1168,2764.1175
1169,2765.3689
1170,2766.3922
1171,2767.3466
1172,2768.3489
1173,2769.2821
1174,2770.1910
1175,2771.2381
1176,2772.1906
1177,2773.1292
1178,2774.0896
1179,2775.1012
1180,2776.1590
1181,2777.1330
1182,2778.1293
1183,2779.1839
1184,2780.1225
1185,2781.1022
1186,2782.0630
1187,2783.9568
1188,2784.2309
1189,2785.2573
1190,2786.3538
1191,2787.4002
1192,2788.5044
1193,2790.0350
1194,2790.6694
1195,2791.5142
1196,2792.6457
1197,2793.7260
1198,2796.6907
1199,2796.7846
1200,2798.9492
1201,2801.0774
1202,2803.0355
1203,2804.0433
1204,2805.1136
1205,2806.1306
1206,2807.1589
1207,2808.2016
1208,2809.4556
1209,2811.6693
1210,2812.6628
1211,2814.9226
1212,2817.1384
1213,2819.8838
1214,2824.9719
1215,2827.6227
1216,2828.6495
1217,2831.0051
1218,2837.2777
1219,2840.7416
1220,2842.8020
1221,2845.2601
1222,2847.6522
1223,2849.6311
1224,2851.7358
1225,2853.5559
1226,2855.3004
1227,2857.4150
1228,2859.5438
1229,2861.5172
1230,2864.0275
1231,2865.7117
1232,2867.4591
1233,2871.0766
1234,2872.0691
1235,2876.4961
1236,2879.1785
1237,2881.2137
1238,2882.1223
1239,2883.2846
1240,2884.2866
1241,2885.3695
1242,2886.3671
1243,2888.6979
1244,2891.2392
1245,2892.3266
1246,2893.4140
1247,2894.5787
1248,2895.4954
1249,2896.6115
1250,2897.7351
1251,2899.1778
1252,2900.5675
1253,2901.9313
1254,2903.2817
1255,2904.7251
1256,2906.1930
1257,2907.0427
1258,2908.0219
1259,2909.5385
1260,2911.3760
1261,2913.2767
1262,2914.3262
1263,2915.3337
1264,2916.7435
1265,2919.1010
1266,2920.2545
1267,2922.4257
1268,2925.2090
1269,2927.4600
1270,2929.1766
1271,2931.2477
1272,2933.0776
1273,2935.3254
1274,2938.1208
1275,2940.0077
1276,2943.6779
1277,2945.7841
1278,2947.9797
1279,2950.0098
1280,2952.1980
1281,2954.0653
1282,2956.1918
1283,2958.9748
1284,2961.1928
1285,2963.3682
1286,2965.4229
1287,2969.6541
1288,2971.8370
1289,2974.2262
1290,2976.6619
1291,2979.0008
1292,2981.0526
1293,2983.2189
1294,2985.4512
1295,2987.8953
1296,2990.0355
1297,2992.3985
1298,2994.1366
1299,2996.4614
1300,2998.2307
1301,3000.2182
1302,3001.9052
1303,3003.7861
1304,3005.8415
1305,3007.6408
1306,3009.8672
1307,3011.9078
1308,3014.0259
1309,3016.9721
1310,3018.4119
1311,3020.8578
1312,3023.1752
1313,3025.1696
1314,3027.4000
1315,3029.3593
1316,3031.4410
1317,3033.3972
1318,3035.2736
1319,3037.5326
1320,3039.6917
1321,3041.6484
1322,3042.6767
1323,3043.6559
1324,3044.9688
1325,3046.4714
1326,3047.1361
1327,3048.3613
1328,3049.5758
1329,3051.3034
1330,3051.8634
1331,3053.0546
1332,3054.0273
1333,3055.1219
1334,3056.0849
1335,3057.0915
1336,3058.0609
1337,3059.1202
1338,3060.0712
1339,3061.0416
1340,3061.9023
1341,3062.9306
1342,3064.0001
1343,3065.1305
1344,3065.1312
1345,3065.8104
1346,3063.8831
1347,3064.8093
1348,3065.7070
1349,3066.2119
1350,3067.4450
1351,3068.4652
1352,3069.5932
1353,3070.6923
1354,3072.7785
1355,3073.7283
1356,3074.7898
1357,3075.8843
1358,3077.0416
1359,3078.1736
1360,3079.1020
1361,3080.1151
1362,3080.9865
1363,3081.9113
1364,3082.7737
1365,3083.6678
1366,3084.9698
1367,3085.6946
1368,3086.7586
1369,3088.0179
1370,3089.1023
1371,3089.8855
1372,3090.7178
1373,3091.7852
1374,3092.9010
1375,3093.9131
1376,3095.0961
1377,3096.1833
1378,3097.0860
1379,3098.1488
1380,3099.1683
1381,3099.8595
1382,3100.8158
1383,3101.7382
1384,3102.7634
1385,3103.5395
1386,3104.4812
1387,3105.5002
1388,3106.7319
1389,3107.6710
1390,3108.4299
1391,3109.5817
1392,3110.2002
1393,3111.0442
1394,3111.7711
1395,3112.6449
1396,3113.7800
1397,3114.7237
1398,3115.7784
1399,3116.4474
1400,3117.4126
1401,3118.2754
1402,3119.0503
1403,3120.0640
1404,3120.8854
1405,3121.7456
1406,3122.8170
1407,3123.8325
1408,3124.7816
1409,3125.7126
1410,3126.4868
1411,3127.5423
1412,3128.1211
1413,3129.1478
1414,3130.0709
1415,3131.1781
1416,3132.0188
1417,3133.1058
1418,3134.2430
1419,3135.3805
1420,3136.6746
1421,3137.6071
1422,3138.8574
1423,3139.9012
1424,3140.8935
1425,3142.0164
1426,3142.9493
1427,3143.9199
1428,3144.8781
1429,3145.7515
1430,3146.6410
1431,3147.8140
1432,3148.5732
1433,3149.5125
1434,3150.5172
1435,3151.5028
1436,3152.4830
1437,3153.5566
1438,3154.5489
1439,3155.4027
1440,3156.5719
1441,3157.6340
1442,3158.6986
1443,3159.5325
1444,3160.5237
1445,3161.5145
1446,3162.5326
1447,3163.5358
1448,3164.4685
1449,3165.4048
1450,3166.4579
1451,3167.4418
1452,3168.4000
1453,3169.4522
1454,3170.4979
1455,3171.5493
1456,3172.4601
1457,3173.5585
1458,3174.6395
1459,3175.9109
1460,3176.9865
1461,3177.9993
1462,3178.9567
1463,3180.0401
1464,3181.1373
1465,3182.0552
1466,3183.1586
1467,3188.6392
1468,3189.7385
1469,3190.4471
1470,3191.7953
1471,3192.9510
1472,3194.0832
1473,3195.0786
1474,3196.1436
1475,3197.3131
1476,3198.2687
1477,3199.3842
1478,3200.4120
1479,3201.6027
1480,3202.6398
1481,3203.5580
1482,3204.4685
1483,3205.4319
1484,3205.8334
1485,3206.8543
1486,3207.8519
1487,3208.7562
1488,3209.8095
1489,3212.2858
1490,3212.9753
1491,3213.8965
1492,3214.8986
1493,3215.9216
1494,3217.0150
1495,3218.1859
1496,3219.3582
1497,3220.6557
1498,3221.6408
1499,3222.4631
1500,3223.5684
1501,3224.8068
1502,3226.1634
1503,3227.2120
1504,3228.4484
1505,3229.4841
1506,3230.5930
1507,3232.1768
1508,3232.8157
1509,3234.1177
1510,3235.3206
1511,3236.7904
1512,3238.0972
1513,3239.4884
1514,3240.9170
1515,3242.1606
1516,3243.3691
1517,3244.5848
1518,3245.8508
1519,3247.2172
1520,3248.4984
1521,3250.0985
1522,3251.4024
1523,3252.7506
1524,3254.1237
1525,3255.4832
1526,3256.8424
1527,3258.0788
1528,3259.4512
1529,3261.0023
1530,3262.3422
1531,3264.0238
1532,3265.3127
1533,3266.6960
1534,3268.0700
1535,3269.3577
1536,3270.7286
1537,3272.0623
1538,3273.2947
1539,3274.7061
1540,3276.0589
1541,3276.4721
1542,3275.5845
1543,3274.7319
1544,3271.8554
1545,3270.1755
1546,3267.0248
1547,3267.1168
1548,3266.1676
1549,3265.2938
1550,3264.5314
1551,3264.7533
1552,3262.9228
1553,3262.1160
1554,3261.4200
1555,3261.5480
1556,3260.6845
1557,3259.8042
1558,3259.0497
1559,3259.0504
1560,3258.1265
1561,3257.1712
1562,3257.5793
1563,3257.8766
1564,3257.8585
1565,3256.7708
1566,3256.8643
1567,3258.0469
1568,3258.0709
1569,3257.1614
1570,3255.0657
1571,3254.1203
1572,3253.2940
1573,3252.4793
1574,3251.5550
1575,3250.5774
1576,3250.6864
1577,3249.8889
1578,3248.7712
1579,3246.8567
1580,3246.0721
1581,3245.4143
1582,3244.5028
1583,3242.6455
1584,3241.7374
1585,3238.7567
1586,3236.0294
1587,3234.9286
1588,3234.0133
1589,3232.9695
1590,3230.9051
1591,3230.4063
1592,3223.5303
1593,3220.1426
1594,3219.0666
1595,3215.8504
1596,3208.0607
1597,3207.9177
1598,3209.1427
1599,3207.6588
1600,3207.7208
1601,3206.6925
1602,3205.8394
1603,3204.8123
1604,3205.9190
1605,3206.4676
1606,3205.2884
1607,3205.6162
1608,3205.1721
1609,3205.3092
1610,3205.1539
1611,3201.6659
1612,3199.5819
1613,3199.5661
1614,3197.0971
1615,3193.5427
1616,3191.9341
1617,3190.5501
1618,3190.3217
1619,3186.9869
1620,3186.9316
1621,3185.9252
1622,3183.8028
1623,3183.6371
1624,3181.9463
1625,3179.8944
1626,3177.6028
1627,3176.3964
1628,3175.1938
1629,3174.0849
1630,3172.9984
1631,3171.2453
1632,3169.5354
1633,3169.5433
1634,3168.4945
1635,3168.8132
1636,3169.0631
1637,3168.9324
1638,3167.8412
1639,3167.8755
1640,3168.9644
1641,3168.9253
1642,3169.9767
1643,3168.7994
1644,3166.6040
1645,3165.4742
1646,3164.2997
1647,3161.8283
1648,3159.4703
1649,3158.1361
1650,3158.0436
1651,3159.0834
1652,3159.0180
1653,3158.8268
1654,3158.6866
1655,3159.6665
1656,3158.5460
1657,3157.4035
1658,3156.3878
1659,3156.1472
1660,3154.0351
1661,3152.8618
1662,3152.8552
1663,3150.4209
1664,3149.1416
1665,3147.8214
1666,3146.7652
1667,3145.4406
1668,3144.2728
1669,3143.2586
1670,3141.3970
1671,3139.2086
1672,3138.1078
1673,3135.9611
1674,3135.2813
1675,3133.8239
1676,3133.8639
1677,3132.8311
1678,3131.7084
1679,3130.5795
1680,3128.3400
1681,3125.7286
1682,3125.8864
1683,3123.4388
1684,3126.1597
1685,3126.1652
1686,3125.1116
1687,3124.0778
1688,3123.0240
1689,3122.6993
1690,3120.7993
1691,3118.4306
1692,3115.9365
1693,3114.7609
1694,3113.1923
1695,3113.1766
1696,3112.3071
1697,3110.7013
1698,3110.6732
1699,3109.6432
1700,3108.4993
1701,3108.5062
1702,3109.8149
1703,3109.6666
1704,3102.0973
1705,3103.1811
1706,3103.2000
1707,3099.9572
1708,3097.8067
1709,3094.3506
1710,3089.7872
1711,3086.6208
1712,3085.5186
1713,3081.7068
1714,3079.9839
1715,3078.4171
1716,3076.0655
1717,3074.8901
1718,3071.9211
1719,3069.6721
1720,3066.8793
1721,3065.1739
1722,3062.7332
1723,3058.2860
1724,3055.9409
1725,3054.7926
1726,3053.3187
1727,3050.6868
1728,3049.3379
1729,3047.9348
1730,3047.8396
1731,3045.3463
1732,3046.5131
1733,3045.2838
1734,3042.5940
1735,3041.2598
1736,3037.0829
1737,3034.7886
1738,3033.5298
1739,3031.0161
1740,3028.3928
1741,3025.6550
1742,3024.5121
1743,3021.1768
1744,3017.7991
1745,3013.3152
1746,3010.1149
1747,3007.7968
1748,3005.2207
1749,3002.9004
1750,3000.5593
1751,2999.4614
1752,2996.2769
1753,2993.5710
1754,2991.2801
1755,2989.0254
1756,2986.8059
1757,2985.4739
1758,2983.1734
1759,2980.9716
1760,2980.2663
1761,2979.0685
1762,2973.4039
1763,2970.6101
1764,2964.3457
1765,2961.1118
1766,2962.1644
1767,2959.9774
1768,2960.0122
1769,2958.7724
1770,2956.7916
1771,2954.5698
1772,2953.6095
1773,2951.9620
1774,2949.9674
1775,2948.5655
1776,2946.1179
1777,2934.7687
1778,2931.3779
1779,2928.0682
1780,2929.0650
1781,2925.0629
1782,2925.0832
1783,2921.5770
1784,2917.2022
1785,2915.8471
1786,2912.8776
1787,2911.8388
1788,2910.6309
1789,2908.9508
1790,2907.2530
1791,2903.9392
1792,2901.7918
1793,2899.5111
1794,2895.0281
1795,2891.9184
1796,2890.3184
1797,2888.0682
1798,2884.6655
1799,2882.4515
1800,2881.2153
1801,2878.7260
1802,2877.4548
1803,2876.4808
1804,2874.0463
1805,2871.9442
1806,2866.5257
1807,2862.2773
1808,2860.0919
1809,2859.3936
1810,2857.3759
1811,2856.1342
1812,2855.1931
1813,2853.7207
1814,2851.3615
1815,2849.1917
1816,2847.5926
1817,2845.4621
1818,2844.1684
1819,2840.7469
1820,2838.4125
1821,2836.1592
1822,2833.0700
1823,2830.8065
1824,2828.1047
1825,2824.7561
1826,2822.4883
1827,2818.8226
1828,2816.3114
1829,2814.9564
1830,2812.7837
1831,2812.1336
1832,2810.0922
1833,2809.1102
1834,2806.8981
1835,2805.3753
1836,2803.1936
1837,2800.8645
1838,2799.2830
1839,2796.9997
1840,2794.7090
1841,2792.7594
1842,2790.1506
1843,2787.7312
1844,2784.6415
1845,2782.5398
1846,2781.4980
1847,2778.8668
1848,2776.5465
1849,2775.1012
1850,2773.1602
1851,2771.4713
1852,2769.3331
1853,2767.0381
1854,2765.8670
1855,2763.5829
1856,2763.5362
1857,2762.5971
1858,2758.2462
1859,2756.2785
1860,2755.0454
1861,2751.8253
1862,2750.5808
1863,2747.0059
1864,2745.7473
1865,2743.6121
1866,2742.6424
1867,2739.9225
1868,2737.5951
1869,2736.4721
1870,2734.1032
1871,2733.1526
1872,2731.2596
1873,2730.4773
1874,2727.6359
1875,2726.6817
1876,2727.8240
1877,2728.5008
1878,2729.2194
1879,2730.3960
1880,2723.1371
1881,2719.8920
1882,2714.0141
1883,2712.0700
1884,2713.3157
1885,2713.5623
1886,2713.6405
1887,2713.6691
1888,2713.5179
1889,2711.6120
1890,2709.2762
1891,2710.3832
1892,2708.7491
1893,2706.2163
1894,2708.9601
1895,2709.8217
1896,2704.2668
1897,2707.0179
1898,2709.2779
1899,2709.6148
1900,2707.4952
1901,2705.1325
1902,2701.9911
1903,2699.8281
1904,2699.0926
1905,2697.8753
1906,2701.0787
1907,2703.4988
1908,2703.4841
1909,2706.8143
1910,2709.3267
1911,2709.5387
1912,2708.9369
1913,2708.6735
1914,2708.7183
1915,2707.5324
1916,2707.1378
1917,2707.1054
1918,2706.3010
1919,2707.2775
1920,2706.7370
1921,2704.5131
1922,2705.2133
1923,2705.6899
1924,2706.1403
1925,2706.6994
1926,2707.5281
1927,2707.5787
1928,2707.1354
1929,2707.2244
1930,2705.9910
1931,2704.1118
1932,2699.2021
1933,2695.7049
1934,2691.3457
1935,2689.8804
1936,2687.9251
1937,2687.0179
1938,2686.2657
1939,2686.1897
1940,2685.1368
1941,2682.9262
1942,2679.7614
1943,2678.6811
1944,2677.2051
1945,2676.4574
1946,2675.7474
1947,2675.4026
1948,2673.7509
1949,2673.9802
1950,2673.1353
1951,2672.9586
1952,2672.8561
1953,2672.8654
1954,2671.9227
1955,2670.9843
1956,2670.8407
1957,2671.1681
1958,2670.9878
1959,2670.0616
1960,2669.0266
1961,2668.8807
1962,2668.7098
1963,2668.4501
1964,2668.4268
1965,2668.0360
1966,2667.7115
1967,2667.8600
1968,2667.6171
1969,2667.2935
1970,2667.1824
1971,2666.8115
1972,2666.4441
1973,2666.1267
1974,2666.0101
1975,2666.9376
1976,2665.6568
1977,2665.5412
1978,2665.4792
1979,2665.1971
1980,2666.3375
1981,2665.0035
1982,2664.8211
1983,2663.2335
1984,2663.1439
1985,2662.9426
1986,2662.5912
1987,2662.0336
1988,2663.1749
1989,2662.9004
1990,2663.8641
1991,2663.9466
1992,2664.1572
1993,2664.1572
1994,2666.2157
1995,2667.1796
1996,2668.2072
1997,2669.0361
1998,2669.4677
1999,2670.4271
2000,2671.4275
2001,2670.9960
2002,2670.8419
2003,2670.6293
2004,2671.6230
2005,2671.4256
2006,2670.3846
2007,2670.3339
2008,2671.7021
2009,2671.6340
2010,2671.5224
2011,2671.4554
2012,2671.3872
2013,2671.4790
2014,2671.5047
2015,2671.5469
2016,2671.3595
2017,2671.1667
2018,2670.9430
2019,2670.8345
2020,2670.7377
2021,2670.6326
2022,2670.5074
2023,2670.3467
2024,2671.2556
2025,2671.0241
2026,2670.8853
2027,2670.7757
2028,2670.7172
2029,2670.9409
2030,2671.3064
2031,2671.4230
2032,2671.3398
2033,2671.2122
2034,2671.1318
2035,2672.1375
2036,2671.8786
2037,2671.8071
2038,2671.8457
2039,2671.6123
2040,2671.5174
2041,2671.2108
2042,2670.7985
2043,2671.7663
2044,2671.5860
2045,2671.4327
2046,2671.3154
2047,2670.8570
2048,2671.8628
2049,2671.6354
2050,2671.8223
2051,2671.7334
2052,2671.4211
2053,2671.3507
2054,2671.2689
2055,2671.2091
2056,2671.9050
2057,2671.8535
2058,2671.6831
2059,2671.6125
2060,2671.4182
2061,2671.2770
2062,2672.2417
2063,2672.0440
2064,2671.9453
2065,2671.6917
2066,2671.5558
2067,2671.5202
2068,2671.3815
2069,2671.3181
2070,2671.2327
2071,2671.1745
2072,2671.1123
2073,2671.0577
2074,2670.8410
2075,2670.6734
2076,2670.5341
2077,2670.3250
2078,2670.1217
2079,2670.0656
2080,2669.9622
2081,2669.8778
2082,2669.7433
2083,2668.4823
2084,2668.2847
2085,2667.8159
2086,2667.8865
2087,2667.6676
2088,2667.4159
2089,2667.1112
2090,2667.0785
2091,2667.9006
2092,2668.3712
2093,2663.8846
2094,2660.8620
2095,2660.0592
2096,2658.6037
2097,2656.4074
2098,2655.6003
2099,2654.0854
2100,2651.6643
2101,2651.7487
2102,2649.9035
2103,2641.7394
2104,2640.5234
2105,2637.9123
2106,2636.4520
2107,2635.2611
2108,2635.1705
2109,2632.8502
2110,2632.8850
2111,2631.7730
2112,2630.0278
2113,2630.0669
2114,2627.3110
2115,2626.3537
2116,2625.7246
2117,2624.4209
2118,2623.9507
2119,2622.9243
2120,2621.6528
2121,2620.1854
2122,2618.6037
2123,2618.0265
2124,2617.6739
2125,2616.0359
2126,2615.7000
2127,2613.6875
2128,2613.5590
2129,2612.6990
2130,2612.0977
2131,2610.2092
2132,2608.4816
2133,2608.3620
2134,2606.4360
2135,2605.3171
2136,2604.2032
2137,2603.8949
2138,2602.9260
2139,2599.9432
2140,2600.7087
2141,2599.5593
2142,2597.6155
2143,2596.5540
2144,2595.7229
2145,2594.5168
2146,2592.6409
2147,2591.4125
2148,2591.0790
2149,2590.3068
2150,2589.9413
2151,2585.7608
2152,2585.8798
2153,2584.8424
2154,2582.9051
2155,2582.8071
2156,2581.9645
2157,2581.4953
2158,2580.9841
2159,2581.3329
2160,2581.1999
2161,2580.6682
2162,2579.3374
2163,2577.9145
2164,2576.6616
2165,2577.7016
2166,2576.7212
2167,2577.5583
2168,2575.8176
2169,2576.8003
2170,2575.7167
2171,2576.5970
2172,2576.8619
2173,2577.4643
2174,2576.8936
2175,2578.3823
2176,2578.6946
2177,2578.7477
2178,2578.8851
2179,2579.9255
2180,2580.3661
2181,2582.9804
2182,2583.4076
2183,2583.6928
2184,2582.2370
2185,2582.8171
2186,2582.1204
2187,2581.7630
2188,2581.7788
2189,2581.6505
2190,2580.3208
2191,2581.2047
2192,2581.0709
2193,2580.9019
2194,2581.0983
2195,2581.4755
2196,2580.7369
2197,2581.2151
2198,2581.5578
2199,2580.3571
2200,2580.3356
2201,2580.6062
2202,2581.0282
2203,2580.9579
2204,2580.4904
2205,2581.3007
2206,2582.3040
2207,2583.0631
2208,2584.1613
2209,2585.4821
2210,2586.9493
2211,2588.2967
2212,2589.1633
2213,2591.3181
2214,2592.3710
2215,2593.2186
2216,2594.3844
2217,2595.1147
2218,2596.2889
2219,2597.3930
2220,2598.4857
2221,2601.0172
2222,2602.0734
2223,2603.4291
2224,2604.8934
2225,2606.0748
2226,2607.2376
2227,2608.1414
2228,2608.7885
2229,2609.7839
2230,2611.0938
2231,2612.2274
2232,2613.2076
2233,2614.1636
2234,2616.7979
2235,2617.2364
2236,2618.1879
2237,2619.6120
2238,2620.6017
2239,2621.3553
2240,2622.3290
2241,2623.8263
2242,2624.8441
2243,2625.6628
2244,2626.9097
2245,2628.2814
2246,2629.5002
2247,2630.5249
2248,2631.7241
2249,2633.3919
2250,2634.4068
2251,2635.7512
2252,2638.1292
2253,2640.7969
2254,2643.6861
2255,2646.8303
2256,2648.4106
2257,2649.2920
2258,2648.2751
2259,2647.1145
2260,2647.9595
2261,2648.4053
2262,2649.1194
2263,2650.0719
2264,2650.2883
2265,2651.2694
2266,2652.1204
2267,2652.7793
2268,2652.2546
2269,2652.9503
2270,2653.5466
2271,2655.4787
2272,2652.2124
2273,2651.4475
2274,2652.8647
2275,2651.3510
2276,2645.3557
2277,2644.8147
2278,2643.3926
2279,2641.0983
2280,2644.9399
2281,2646.1232
2282,2646.0166
2283,2647.9352
2284,2648.0429
2285,2650.1589
2286,2651.3889
2287,2653.3165
2288,2655.1721
2289,2654.4900
2290,2656.6782
2291,2657.4967
2292,2658.6497
2293,2656.2874
2294,2657.9750
2295,2656.6377
2296,2658.1831
2297,2659.4098
2298,2660.6102
2299,2662.0827
2300,2663.3873
2301,2662.1652
2302,2663.1784
2303,2663.7070
2304,2663.7359
2305,2663.4028
2306,2664.4430
2307,2663.3930
2308,2662.9558
2309,2662.7636
2310,2662.6737
2311,2661.5121
2312,2661.5019
2313,2661.4840
2314,2661.6828
2315,2664.4506
2316,2665.7934
2317,2667.0237
2318,2667.4321
2319,2667.4211
2320,2668.8743
2321,2669.8964
2322,2672.7202
2323,2673.5158
2324,2673.7680
2325,2674.7310
2326,2673.8539
2327,2675.1077
2328,2675.0357
2329,2674.9229
2330,2676.3682
2331,2675.8363
2332,2674.9432
2333,2675.6303
2334,2673.7409
2335,2673.2576
2336,2673.3010
2337,2673.6202
2338,2673.8365
2339,2675.8761
2340,2675.5459
2341,2674.9868
2342,2674.5157
2343,2675.7319
2344,2675.5753
2345,2671.7854
2346,2673.6853
2347,2672.9653
2348,2672.2105
2349,2672.4031
2350,2672.1947
2351,2670.8205
2352,2670.8739
2353,2672.2021
2354,2671.9072
2355,2671.8950
2356,2672.4370
2357,2672.1513
2358,2671.9983
2359,2672.9956
2360,2672.6120
2361,2673.8949
2362,2673.3644
2363,2673.0134
2364,2673.0483
2365,2673.5744
2366,2674.4161
2367,2673.2986
2368,2675.1611
2369,2675.7729
2370,2675.2734
2371,2674.8352
2372,2675.9627
2373,2675.6685
2374,2675.5154
2375,2676.4851
2376,2676.2078
2377,2675.9303
2378,2677.4650
2379,2677.5289
2380,2678.6931
2381,2680.2564
2382,2681.6704
2383,2682.0273
2384,2684.3274
2385,2685.4441
2386,2686.5625
2387,2687.2225
2388,2688.4148
2389,2689.4624
2390,2690.3737
2391,2691.5107
2392,2692.9207
2393,2693.8641
2394,2694.9897
2395,2695.8721
2396,2698.2541
2397,2704.5047
2398,2707.9244
2399,2709.7719
2400,2712.7798
2401,2712.7783
2402,2713.9037
2403,2714.6146
2404,2716.5017
2405,2718.0071
2406,2718.8251
2407,2720.7866
2408,2723.3348
2409,2721.1611
2410,2721.5052
2411,2723.6400
2412,2728.2460
2413,2728.7445
2414,2730.2532
2415,2730.3030
2416,2733.0465
2417,2733.9916
2418,2735.7349
2419,2737.9844
2420,2735.6884
2421,2737.2386
2422,2740.2256
2423,2742.5504
2424,2740.4213
2425,2745.2219
2426,2747.9775
2427,2750.7937
2428,2751.1580
2429,2752.5663
2430,2755.3110
2431,2756.3806
2432,2757.8306
2433,2758.4710
2434,2759.3279
2435,2760.0927
2436,2761.1852
2437,2762.0428
2438,2764.1389
2439,2765.1861
2440,2766.1409
2441,2767.4561
2442,2767.9825
2443,2768.7542
2444,2770.4446
2445,2771.2984
2446,2772.3815
2447,2773.1369
2448,2773.2284
2449,2775.1148
2450,2775.6526
2451,2776.3202
2452,2776.3839
2453,2778.2044
2454,2778.7602
2455,2779.3961
2456,2780.1557
2457,2780.7491
2458,2782.4860
2459,2783.7954
2460,2784.9982
2461,2787.0066
2462,2787.9999
2463,2788.9771
2464,2790.1812
2465,2790.6713
2466,2792.4917
2467,2793.2544
2468,2793.9088
2469,2794.4160
2470,2796.2012
2471,2796.8736
2472,2797.9107
2473,2799.9537
2474,2800.6904
2475,2802.8150
2476,2803.8974
2477,2804.9464
2478,2806.1292
2479,2806.9239
2480,2807.8952
2481,2808.6891
2482,2809.6735
2483,2810.8046
2484,2811.9481
2485,2813.1702
2486,2814.3137
2487,2816.5207
2488,2817.1811
2489,2818.2518
2490,2819.4237
2491,2821.3148
2492,2822.0625
2493,2825.5062
2494,2829.3803
2495,2832.9127
2496,2832.4826
2497,2834.4290
2498,2837.4140
2499,2838.3827
2500,2840.4021
2501,2841.4774
2502,2840.1778
2503,2838.8352
2504,2846.7505
2505,2848.6240
2506,2851.2421
2507,2852.4587
2508,2853.3242
2509,2854.5856
2510,2856.3592
2511,2859.5412
2512,2860.8999
2513,2862.7422
2514,2865.1137
2515,2866.9379
2516,2869.4456
2517,2871.2409
2518,2874.0916
2519,2876.6100
2520,2877.8265
2521,2879.0529
2522,2881.7441
2523,2882.5464
2524,2880.4677
2525,2881.5382
2526,2889.7634
2527,2893.0995
2528,2895.7078
2529,2899.8890
2530,2902.9450
2531,2904.8455
2532,2909.8487
2533,2911.3326
2534,2911.3035
2535,2911.2613
2536,2910.4998
2537,2910.7299
2538,2912.8940
2539,2914.7093
2540,2915.5431
2541,2915.1056
2542,2915.2305
2543,2916.7821
2544,2917.2058
2545,2918.1330
2546,2919.4736
2547,2922.2131
2548,2923.0855
2549,2924.0294
2550,2924.9339
2551,2926.7089
2552,2927.1452
2553,2931.0260
2554,2931.8950
2555,2934.0055
2556,2935.4541
2557,2938.7560
2558,2938.8547
2559,2937.6609
2560,2939.6992
2561,2939.6851
2562,2941.1838
2563,2943.5687
2564,2941.8192
2565,2948.2851
2566,2949.2331
2567,2948.9832
2568,2948.5009
2569,2946.2268
2570,2954.0935
2571,2954.9575
2572,2956.5508
2573,2957.6228
2574,2958.5247
2575,2959.8656
2576,2961.9107
2577,2962.6677
2578,2963.9578
2579,2965.0400
2580,2967.7415
2581,2971.6051
2582,2972.2466
2583,2971.2274
2584,2973.5992
2585,2975.3399
2586,2977.2668
2587,2980.6480
2588,2982.3465
2589,2982.6162
2590,2984.3857
2591,2986.3026
2592,2988.0552
2593,2989.0857
2594,2990.8218
2595,2991.8673
2596,2993.3410
2597,2996.1271
2598,2998.3377
2599,2998.6773
2600,2999.0718
2601,3001.7710
2602,3004.7445
2603,3002.9948
2604,3007.2734
2605,3008.1103
2606,3009.2146
2607,3008.8646
2608,3010.0334
2609,3010.9665
2610,3012.7833
2611,3014.3466
2612,3015.0907
2613,3018.0533
2614,3018.9030
2615,3020.4604
2616,3020.6392
2617,3020.9391
2618,3023.2859
2619,3025.2283
2620,3027.3902
2621,3028.6617
2622,3029.6090
2623,3031.2009
2624,3032.4886
2625,3034.5137
2626,3034.8983
2627,3035.8751
2628,3038.0096
2629,3038.9218
2630,3040.4112
2631,3040.9744
2632,3042.3293
2633,3044.2617
2634,3045.5551
2635,3045.7790
2636,3047.4949
2637,3049.4666
2638,3050.3950
2639,3050.2253
2640,3055.7561
2641,3052.8672
2642,3054.9271
2643,3056.0985
2644,3056.2365
2645,3056.7722
2646,3057.9090
2647,3058.8243
2648,3060.9713
2649,3061.5826
2650,3063.2613
2651,3062.4213
2652,3061.6605
2653,3062.2311
2654,3064.7154
2655,3064.3098
2656,3065.3841
2657,3067.7423
2658,3069.2062
2659,3070.5168
2660,3071.8272
2661,3074.2233
2662,3074.5378
2663,3077.8134
2664,3078.8922
2665,3082.3107
2666,3082.5264
2667,3084.1253
2668,3084.6255
2669,3085.5999
2670,3094.0979
2671,3092.0913
2672,3090.4176
2673,3092.1595
2674,3090.0531
2675,3091.0883
2676,3093.7567
2677,3100.8062
2678,3100.3692
2679,3101.2278
2680,3099.9398
2681,3104.6393
2682,3108.5806
2683,3113.7044
2684,3115.5744
2685,3115.7293
2686,3115.7463
2687,3116.0903
2688,3117.3429
2689,3120.4815
2690,3126.5750
2691,3128.7858
2692,3130.2817
2693,3127.1954
2694,3128.9072
2695,3128.9375
2696,3129.7948
2697,3130.0845
2698,3135.6907
2699,3137.1884
2700,3141.3763
2701,3145.1569
2702,3146.6053
2703,3149.6830
2704,3151.4797
2705,3153.8117
2706,3155.5564
2707,3159.1845
2708,3160.9151
2709,3163.3549
2710,3164.5677
2711,3165.7670
2712,3168.2067
2713,3171.9737
2714,3175.7634
2715,3177.2084
2716,3179.4043
2717,3181.2520
2718,3183.2266
2719,3184.6249
2720,3185.9882
2721,3188.0496
2722,3189.6241
2723,3191.4518
2724,3192.5528
2725,3194.8428
2726,3195.9085
2727,3196.6176
2728,3197.7525
2729,3198.6899
2730,3199.6078
2731,3200.5482
2732,3201.6876
2733,3202.6682
2734,3203.4943
2735,3204.7391
2736,3205.7183
2737,3205.7376
2738,3206.9767
2739,3210.0472
2740,3210.5520
2741,3210.7728
2742,3210.8324
2743,3213.0506
2744,3215.5001
2745,3213.6598
2746,3210.2098
2747,3213.2602
2748,3214.7255
2749,3216.4724
2750,3218.3530
2751,3222.8692
2752,3224.0961
2753,3226.1624
2754,3228.3149
2755,3229.6896
2756,3231.7753
2757,3232.2991
2758,3233.9830
2759,3234.8125
2760,3236.3675
2761,3237.8886
2762,3239.2075
2763,3240.8836
2764,3243.6690
2765,3244.9534
2766,3246.3729
2767,3248.2204
2768,3251.2882
2769,3253.8149
2770,3253.7417
2771,3256.0570
2772,3257.8173
2773,3259.2194
2774,3260.1833
2775,3261.6942
2776,3262.3546
2777,3265.5103
2778,3266.3798
2779,3267.9217
2780,3269.7151
2781,3271.7838
2782,3273.9501
2783,3278.4550
2784,3282.1860
2785,3283.9563
2786,3283.9644
2787,3281.7619
2788,3289.7944
2789,3294.2107
2790,3295.3484
2791,3296.7649
2792,3297.6878
2793,3298.3067
2794,3299.0639
2795,3309.4802
2796,3309.7522
2797,3313.0360
2798,3314.9021
2799,3315.5725
2800,3317.4512
2801,3320.3659
2802,3322.5143
2803,3324.1508
2804,3325.4645
2805,3330.6561
2806,3332.4270
2807,3334.1603
2808,3335.1076
2809,3336.6959
2810,3338.3563
2811,3339.3354
2812,3341.9430
2813,3342.7982
2814,3344.6670
2815,3345.7971
2816,3347.1212
2817,3350.5218
2818,3351.8960
2819,3353.9655
2820,3356.2610
2821,3358.1498
2822,3361.0897
2823,3362.0923
2824,3362.9181
2825,3364.1396
2826,3366.7054
2827,3369.9937
2828,3371.5394
2829,3373.4145
2830,3374.8200
2831,3376.2536
2832,3378.0119
2833,3379.7607
2834,3381.1424
2835,3382.1113
2836,3383.8069
2837,3385.6497
2838,3387.0831
2839,3388.5696
2840,3388.9818
2841,3389.2887
2842,3389.5810
2843,3389.3025
2844,3389.6248
2845,3390.9783
2846,3392.0345
2847,3393.5244
2848,3397.4993
2849,3398.1171
2850,3397.3460
2851,3400.8293
2852,3403.0490
2853,3407.2859
2854,3406.5495
2855,3406.5840
2856,3406.9731
2857,3406.8942
2858,3407.2268
2859,3407.0373
2860,3408.0539
2861,3408.2484
2862,3408.1352
2863,3407.8376
2864,3406.0788
2865,3407.1813
2866,3407.2855
2867,3407.2847
2868,3407.7284
2869,3407.9733
2870,3407.9990
2871,3408.2475
2872,3408.2823
2873,3407.6722
2874,3408.8356
2875,3408.9220
2876,3408.9043
2877,3408.7718
2878,3408.4110
2879,3408.3042
2880,3408.4306
2881,3408.2782
2882,3408.2408
2883,3408.0687
2884,3407.3935
2885,3408.2701
2886,3407.0160
2887,3407.5518
2888,3407.2676
2889,3406.9986
2890,3408.1314
2891,3407.7027
2892,3407.7473
2893,3408.1669
2894,3407.6240
2895,3409.0199
2896,3409.0488
2897,3408.8862
2898,3408.2661
2899,3409.3890
2900,3408.7954
2901,3409.1268
2902,3409.2350
2903,3409.2541
2904,3409.1136
2905,3409.1003
2906,3409.0858
2907,3408.6049
2908,3408.6277
2909,3408.7305
2910,3408.6945
2911,3408.7896
2912,3408.6707
2913,3408.6056
2914,3408.8070
2915,3408.3498
2916,3408.3555
2917,3408.5786
2918,3408.5562
2919,3408.5333
2920,3408.4911
2921,3408.3931
2922,3408.9537
2923,3410.3179
2924,3410.1949
2925,3410.2035
2926,3410.0099
2927,3410.2139
2928,3408.8016
2929,3408.6227
2930,3408.4654
2931,3408.5054
2932,3408.1409
2933,3406.8921
2934,3405.8397
2935,3405.7183
2936,3405.7302
2937,3405.7591
2938,3405.6652
2939,3405.8943
2940,3405.7190
2941,3405.7066
2942,3405.5958
2943,3405.7696
2944,3405.6575
2945,3405.3822
2946,3405.4699
2947,3406.7788
2948,3405.4260
2949,3404.0594
2950,3402.7243
2951,3401.2880
2952,3399.0128
2953,3395.2141
2954,3396.3647
2955,3396.1115
2956,3396.0352
2957,3396.1153
2958,3396.3120
2959,3396.4059
2960,3396.3966
2961,3392.8499
2962,3391.3321
2963,3389.9193
2964,13.6094
2965,10.9015
2966,8.7790
2967,14.7336
2968,10.4215
2969,14.3609
2970,12.0349
2971,14.7052
2972,19.3992
2973,11.9286
2974,17.3204
2975,18.1952
2976,15.5122
2977,15.8241
2978,15.8048
2979,13.1905
2980,13.4623
2981,13.8056
2982,14.6079
2983,12.4016
2984,19.1722
2985,12.8517
2986,12.5215
2987,11.8568
2988,14.2577
2989,21.4808
2990,14.8132
2991,19.0368
2992,11.3177
2993,12.7969
2994,13.5326
2995,13.3398
2996,11.2586
2997,15.6338
2998,21.6985
2999,17.6144
3000,10.4625
3001,14.8523
3002,10.0737
3003,20.1828
3004,14.2491
3005,16.2292
3006,16.3279
3007,19.9342
3008,15.6229
3009,16.5906
3010,15.0900
3011,13.2399
3012,17.1800
3013,17.6916
3014,16.0651
3015,18.8246
3016,13.9141
3017,13.2289
3018,13.3741
3019,13.7777
3020,12.4729
3021,13.3839
3022,13.6900
3023,13.5627
3024,18.7256
3025,14.5340
3026,12.8787
3027,12.5945
3028,14.9126
3029,12.4977
3030,12.0475
3031,11.3521
3032,13.9234
3033,10.4742
3034,10.2570
3035,10.6876
3036,11.3974
3037,15.1784
3038,12.3951
3039,12.4364
3040,11.0207
3041,16.4523
3042,13.0556
3043,15.8627
3044,16.6116
3045,16.0673
3046,16.5927
3047,16.9966
3048,15.4068
3049,28.3184
3050,11.0295
3051,18.2986
3052,17.1773
3053,17.7000
3054,9.7556
3055,9.0516
3056,14.3220
3057,10.2208
3058,11.6644
3059,15.6689
3060,12.1460
3061,13.7403
3062,18.0240
3063,15.6848
3064,14.5514
3065,10.0758
3066,18.2271
3067,14.8861
3068,11.9338
3069,10.6468
3070,11.4636
3071,12.7518
3072,13.6909
3073,10.5772
3074,11.8465
3075,15.3809
3076,11.5218
3077,11.1394
3078,19.4325
3079,16.8619
3080,15.2044
3081,16.7217
3082,18.0573
3083,12.0342
3084,10.2830
3085,10.6642
3086,9.5236
3087,12.2855
3088,11.9162
3089,9.9175
3090,9.4330
3091,9.6092
3092,16.3479
3093,12.0616
3094,11.2321
3095,12.2964
3096,12.8989
3097,15.9292
3098,14.0026
3099,12.4476
3100,13.9003
3101,18.5158
3102,17.0643
3103,14.4000
3104,12.8615
3105,12.9831
3106,18.1537
3107,15.2335
3108,14.4131
3109,19.1822
3110,11.9927
3111,12.8109
3112,9.1288
3113,11.0028
3114,8.8468
3115,14.4193
3116,12.3265
3117,18.9958
3118,14.7831
3119,10.8607
3120,17.5261
3121,11.2498
3122,12.0463
3123,16.8650
3124,19.8641
3125,16.7398
3126,16.0222
3127,20.0515
3128,20.3648
3129,15.2571
3130,16.0053
3131,16.7112
3132,19.6934
3133,12.0504
3134,12.2836
3135,14.8778
3136,12.8565
3137,12.9299
3138,12.0683
3139,13.6006
3140,13.9298
3141,13.9210
3142,14.2472
3143,11.5871
3144,11.8985
3145,11.4803
3146,13.7041
3147,12.8951
3148,11.5538
3149,15.9550
3150,10.7715
3151,10.2882
3152,10.0360
3153,12.3827
3154,15.6794
3155,14.5640
3156,11.6086
3157,11.4036
3158,14.0977
3159,10.2472
3160,12.6324
3161,12.6436
3162,13.5961
3163,17.0531
3164,12.7761
3165,14.2114
3166,17.0457
3167,17.1800
3168,8.9407
3169,9.3858
3170,11.9634
3171,14.0340
3172,19.1617
3173,18.5776
3174,11.4331
3175,12.2685
3176,11.3571
3177,13.1979
3178,16.6931
3179,9.9552
3180,9.7995
3181,9.9845
3182,12.6758
3183,17.1633
3184,15.7144
3185,7.8688
3186,7.5729
3187,10.5600
3188,9.9947
3189,9.6002
3190,18.3742
3191,10.6585
3192,15.2378
3193,15.1479
3194,15.4834
3195,15.2063
3196,17.5352
3197,13.2942
3198,13.0301
3199,13.9267
3200,15.4066
3201,10.3123
3202,11.5871
3203,12.6441
3204,12.9080
3205,13.6936
3206,16.5997
3207,16.9501
3208,17.3542
3209,14.0734
3210,13.3526
3211,10.9284
3212,17.2982
3213,13.3014
3214,11.4434
3215,18.5547
3216,18.1150
3217,20.3383
3218,15.0862
3219,19.2621
3220,10.2181
3221,11.2474
3222,11.4982
3223,13.0320
3224,11.7636
3225,12.7637
3226,17.6740
3227,11.9929
3228,13.3152
3229,14.3135
3230,13.4125
3231,21.2319
3232,15.2280
3233,15.9378
3234,14.8716
3235,20.6318
3236,16.4964
3237,11.0650
3238,11.9729
3239,19.1214
3240,20.0400
3241,17.1971
3242,13.9427
3243,14.3371
3244,15.5411
3245,18.1434
3246,15.7366
3247,11.2808
3248,13.2689
3249,15.0020
3250,13.4120
3251,11.6096
3252,15.8513
3253,12.1119
3254,14.3023
3255,11.8258
3256,13.2282
3257,14.1861
3258,12.0981
3259,11.4062
3260,12.4004
3261,12.9266
3262,13.9539
3263,11.3728
3264,14.6382
3265,12.2635
3266,16.8195
3267,16.7835
3268,14.1773
3269,14.3127
3270,14.6704
3271,18.0869
3272,13.3011
3273,13.4709
3274,14.4615
3275,15.8348
3276,17.0236
3277,16.5851
3278,10.9043
3279,13.4988
3280,15.6436
3281,12.3656
3282,12.8667
3283,14.7963
3284,14.9682
3285,20.2470
3286,14.9729
3287,15.5487
3288,15.3632
3289,20.4341
3290,8.9269
3291,19.5701
3292,15.2760
3293,10.6201
3294,10.2246
3295,10.1440
3296,11.6744
3297,11.2178
3298,9.9108
3299,7.5643
3300,14.5085
3301,12.5551
3302,10.3703
3303,7.9889
3304,10.0760
3305,9.3808
3306,11.8752
3307,12.2092
3308,14.9412
3309,13.4530
3310,16.1533
3311,15.6569
3312,12.3117
3313,20.8445
3314,10.3476
3315,15.2757
3316,15.1191
3317,12.6162
3318,16.0730
3319,11.7757
3320,15.5890
3321,16.5031
3322,16.7794
3323,12.8558
3324,20.9792
3325,9.6383
3326,11.1353
3327,12.3615
3328,11.2779
3329,12.0926
3330,9.6250
3331,11.0772
3332,11.3511
3333,14.1761
3334,9.8488
3335,12.0540
3336,11.9274
3337,11.0235
3338,14.5748
3339,18.2803
3340,13.0765
3341,14.5280
3342,13.4606
3343,14.8656
3344,13.9706
3345,12.1005
3346,14.1227
3347,21.4648
3348,12.2898
3349,12.5837
3350,14.7345
3351,13.2301
3352,13.9332
3353,13.1707
3354,13.2542
3355,12.3317
3356,8.9042
3357,8.7919
3358,8.9991
3359,13.7382
3360,15.5363
3361,13.9897
3362,14.3700
3363,12.7783
3364,13.0422
3365,19.0928
3366,14.8783
3367,16.0460
3368,14.4210
3369,12.5666
3370,12.8953
3371,11.3764
3372,13.4671
3373,8.4531
3374,9.4166
3375,14.8079
3376,37.8804
3377,22.3057
3378,14.3664
3379,13.4232
3380,21.0402
3381,18.9199
3382,17.0040
3383,16.2241
3384,20.8449
3385,26.4702
3386,23.0567
3387,10.8526
3388,13.9475
3389,13.9928
3390,18.4364
3391,19.5286
3392,12.2883
3393,14.6334
3394,15.5079
3395,15.2206
3396,9.5313
3397,29.1035
3398,8.8420
3399,14.5836
3400,9.4268
3401,11.9667
3402,12.3665
3403,7.7982
3404,7.3004
3405,7.8475
3406,7.5998
3407,10.1247
3408,10.4668
3409,10.8960
3410,10.4556
3411,10.1721
3412,10.5937
3413,13.1390
3414,11.3575
3415,11.6186
3416,10.3166
3417,18.2517
3418,15.3205
3419,11.3866
3420,9.7165
3421,15.6004
3422,16.1572
3423,17.3268
3424,20.4108
3425,12.9848
3426,22.7995
3427,23.9382
3428,11.7574
3429,16.5584
3430,13.8342
3431,16.5517
3432,13.6659
3433,16.7706
3434,10.5231
3435,18.8568
3436,13.4029
3437,16.0339
3438,15.0893
3439,9.6636
3440,10.7763
3441,14.5309
3442,13.5100
3443,13.8750
3444,13.2918
3445,11.7762
3446,12.1429
3447,15.0297
3448,14.4970
3449,9.8236
3450,14.2374
3451,9.7167
3452,10.6907
3453,12.1927
3454,15.6975
3455,16.4778
3456,12.1980
3457,13.1361
3458,17.1554
3459,18.3122
3460,17.3178
3461,20.7639
3462,15.2316
3463,12.9368
3464,12.3191
3465,13.7770
3466,8.0874
3467,11.5485
3468,11.8279
3469,14.3127
3470,12.7146
3471,13.0694
3472,13.5241
3473,12.4466
3474,10.6986
3475,9.7198
3476,11.1635
3477,12.0904
3478,14.2949
3479,11.4911
3480,11.1001
3481,12.7115
3482,9.4044
3483,18.5320
3484,15.4157
3485,15.9442
3486,11.2510
3487,20.7942
3488,14.2965
3489,8.2455
3490,7.3903
3491,8.5435
3492,11.6401
3493,7.7050
3494,15.0785
3495,9.3966
3496,11.0414
3497,14.9498
3498,9.4099
3499,7.7164
3500,9.1531
3501,12.4457
3502,18.4319
3503,11.0195
3504,11.0829
3505,15.0440
3506,12.7597
3507,11.7044
3508,21.6300
3509,16.6175
3510,9.2738
3511,18.0895
3512,10.9146
3513,14.0228
3514,14.9512
3515,13.7565
3516,14.2446
3517,11.0161
3518,11.8849
3519,13.1433
3520,10.0679
3521,12.5504
3522,12.0740
3523,10.3703
3524,10.3226
3525,11.6730
3526,11.4698
3527,12.5628
3528,11.5108
3529,12.7454
3530,10.8640
3531,13.2174
3532,11.2481
3533,11.9641
3534,13.7143
3535,13.8106
3536,9.9108
3537,11.2035
3538,14.8458
3539,13.1509
3540,17.8201
3541,12.1450
3542,13.2003
3543,10.0422
3544,14.9608
3545,11.4439
3546,9.4364
3547,14.6134
3548,11.4107
3549,15.6977
3550,19.2184
3551,16.9363
3552,10.5941
3553,11.4932
3554,14.2531
3555,11.3742
3556,10.4148
3557,11.8434
3558,10.6227
3559,10.9341
3560,10.3335
3561,11.1086
3562,18.0941
3563,11.8275
3564,9.8662
3565,8.4064
3566,10.3955
3567,11.7819
3568,11.9541
3569,11.5445
3570,15.0790
3571,10.4699
3572,16.6688
3573,22.1422
3574,10.8428
3575,11.7950
3576,13.1643
3577,12.3928
3578,11.3785
3579,10.6022
3580,8.0934
3581,9.2061
3582,14.4839
3583,12.1539
3584,12.7375
3585,16.3291
3586,12.0234
3587,11.3330
3588,10.2696
3589,16.9613
3590,9.4488
3591,10.7996
3592,22.1236
3593,9.8758
3594,17.1819
3595,22.1865
3596,12.5678
3597,12.8772
3598,11.2071
3599,7.6411
3600,35.1713
3601,9.7001
3602,13.2442
3603,13.9198
3604,18.9476
3605,12.6843
3606,9.6762
3607,7.5619
3608,12.9631
3609,15.6434
3610,8.8689
3611,12.4273
3612,10.7999
3613,14.2307
3614,16.0820
3615,10.4997
3616,16.3932
3617,13.2339
3618,8.9734
3619,9.1228
3620,12.0237
3621,9.0530
3622,8.5208
3623,15.3706
3624,12.2228
3625,10.3843
3626,12.4836
3627,14.1144
3628,11.8108
3629,13.3791
3630,23.6716
3631,10.2937
3632,15.3790
3633,18.8916
3634,9.6271
3635,15.2531
3636,8.4653
3637,19.6185
3638,14.6079
3639,13.3388
3640,13.8931
3641,9.8927
3642,11.0867
3643,11.1566
3644,9.7847
3645,14.6139
3646,8.7240
3647,8.6644
3648,13.8729
3649,13.3812
3650,10.0756
3651,12.4235
3652,12.0389
3653,14.0636
3654,13.2585
3655,12.4090
3656,14.9250
3657,10.4477
3658,12.9392
3659,24.9517
3660,17.7033
3661,12.3496
3662,14.0646
3663,8.9092
3664,12.2344
3665,20.4499
3666,13.5765
3667,9.5537
3668,14.6890
3669,16.8250
3670,13.0820
3671,16.0038
3672,12.7165
3673,12.7635
3674,11.3876
3675,10.9303
3676,16.1183
3677,14.2045
3678,13.1259
3679,15.1811
3680,14.1184
3681,16.7334
3682,21.6286
3683,21.0292
3684,11.5771
3685,13.5913
3686,21.0228
3687,15.6574
3688,10.0191
3689,20.6821
3690,12.7432
3691,9.8450
3692,11.7140
3693,12.8434
3694,11.8999
3695,18.9376
3696,10.2327
3697,7.1588
3698,12.5747
3699,12.6343
3700,12.1925
3701,9.2933
3702,10.9785
3703,14.1873
3704,8.1065
3705,8.0526
3706,7.6559
3707,13.7711
3708,12.8767
3709,16.6359
3710,10.9930
3711,14.1401
3712,10.2658
3713,11.6222
3714,17.2670
3715,22.6412
3716,17.3666
3717,20.5307
3718,11.3816
3719,13.7534
3720,8.1306
3721,8.2595
3722,15.2943
3723,7.7164
3724,14.1981
3725,16.7999
3726,7.8847
3727,14.1988
3728,12.3551
3729,14.6711
3730,15.2266
3731,12.2445
3732,17.9014
3733,14.2381
3734,11.4553
3735,14.6439
3736,15.5189
3737,13.0930
3738,16.8819
3739,11.8632
3740,22.9874
3741,15.2931
3742,16.8200
3743,14.0233
3744,17.0434
3745,17.0717
3746,18.1205
3747,17.5471
3748,11.8184
3749,21.1349
3750,12.4583
3751,19.0935
3752,19.9709
3753,12.2554
3754,12.2275
3755,11.6370
3756,18.9354
3757,9.3822
3758,12.7814
3759,12.1360
3760,19.9344
3761,15.9936
3762,20.9169
3763,11.3826
3764,15.5926
3765,11.0495
3766,20.1409
3767,13.5622
3768,13.0229
3769,12.8374
3770,8.9626
3771,13.4830
3772,10.6053
3773,10.7245
3774,8.7986
3775,9.4671
3776,13.2632
3777,14.0231
3778,14.4181
3779,13.8388
3780,15.5752
3781,17.3223
3782,12.3553
3783,15.0352
3784,19.9230
3785,13.0930
3786,10.6368
3787,8.6319
3788,14.0154
3789,9.6910
3790,8.4524
3791,11.9140
3792,14.1459
3793,11.4932
3794,12.2230
3795,14.0648
3796,14.7586
3797,15.4221
3798,12.2070
3799,10.2015
3800,10.3602
3801,13.0806
3802,11.5383
3803,11.9252
3804,10.3405
3805,10.4020
3806,15.0774
3807,17.8714
3808,9.6159
3809,11.0621
3810,8.9960
3811,11.9367
3812,12.6071
3813,12.0945
3814,14.9889
3815,12.4557
3816,17.8311
3817,11.1325
3818,12.2080
3819,10.0913
3820,9.5613
3821,9.8429
3822,10.1552
3823,10.6130
3824,10.2782
3825,10.9549
3826,7.6759
3827,10.9200
3828,12.5737
3829,20.9699
3830,12.5954
3831,13.6235
3832,13.1395
3833,13.6411
3834,12.0754
3835,15.4181
3836,12.1391
3837,17.7052
3838,16.3229
3839,13.5787
3840,12.3794
3841,11.2407
3842,13.7544
3843,14.3664
3844,13.9771
3845,14.6723
3846,13.5343
3847,12.4528
3848,15.0671
3849,12.9979
3850,14.2636
3851,11.5049
3852,19.6838
3853,19.5091
3854,23.4158
3855,14.1165
3856,8.0144
3857,16.2814
3858,14.3461
3859,10.1357
3860,12.2840
3861,10.6483
3862,12.7425
3863,16.7463
3864,11.3556
3865,8.6017
3866,9.9688
3867,11.5836
3868,13.4294
3869,13.5767
3870,16.3960
3871,23.2110
3872,19.3570
3873,19.4371
3874,18.3196
3875,14.2798
3876,11.6804
3877,12.9881
3878,13.1648
3879,19.5405
3880,12.0888
3881,25.1622
3882,14.5683
3883,10.4289
3884,15.7137
3885,10.1886
3886,16.6764
3887,11.7750
3888,15.5463
3889,12.1679
3890,12.5179
3891,12.8620
3892,12.2933
3893,11.8468
3894,10.0820
3895,11.3335
3896,14.1940
3897,12.3727
3898,10.2732
3899,14.4727
3900,14.7467
3901,17.3419
3902,12.9821
3903,12.0306
3904,11.9505
3905,12.6207
3906,17.9648
3907,13.3867
3908,17.6172
3909,12.6305
3910,17.2620
3911,13.4764
3912,13.4995
3913,12.9178
3914,12.3603
3915,27.1025
3916,9.7411
3917,12.9893
3918,9.9669
3919,10.2606
3920,10.7865
3921,9.2666
3922,13.8726
3923,12.3003
3924,8.3406
3925,11.2720
3926,11.7192
3927,11.0230
3928,18.0845
3929,9.8097
3930,14.5352
3931,10.6590
3932,11.9829
3933,14.9598
3934,9.3117
3935,8.9016
3936,14.5185
3937,11.4822
3938,14.5619
3939,21.5721
3940,11.7316
3941,19.5241
3942,14.9007
3943,21.6110
3944,8.9886
3945,15.4662
3946,13.8381
3947,9.3722
3948,11.7571
3949,13.0918
3950,13.0463
3951,12.6157
3952,13.0720
3953,13.4625
3954,13.1092
3955,13.8378
3956,12.4021
3957,10.0794
3958,12.4190
3959,9.6993
3960,11.8842
3961,9.0959
3962,13.1929
3963,11.9543
3964,15.4796
3965,12.5756
3966,17.4563
3967,10.2882
3968,13.4523
3969,11.7798
3970,14.9307
3971,11.3752
3972,13.5701
3973,20.7329
3974,12.7351
3975,14.8773
3976,8.8823
3977,9.6281
3978,12.6686
3979,12.8875
3980,14.2117
3981,15.5940
3982,15.9409
3983,11.4076
3984,20.3066
3985,10.9105
3986,11.8690
3987,11.4021
3988,18.6481
3989,19.3717
3990,9.4264
3991,11.8954
3992,13.2263
3993,10.6781
3994,16.8691
3995,19.8195
3996,16.0956
3997,15.5573
3998,19.3186
3999,18.4374
4000,14.6453
4001,13.8199
4002,10.8364
4003,10.6874
4004,8.4014
4005,12.1775
4006,11.5767
4007,8.3451
4008,11.7676
4009,12.6321
4010,11.8623
4011,8.3594
4012,10.6373
4013,8.8978
4014,12.8679
4015,9.2175
4016,13.9444
4017,8.7688
4018,11.9443
4019,11.0877
4020,15.4605
4021,12.0666
4022,12.5341
4023,10.9034
4024,9.4750
4025,21.5576
4026,10.3900
4027,16.0806
4028,13.2821
4029,14.1551
4030,13.5062
4031,12.0363
4032,15.1799
4033,11.9891
4034,10.2050
4035,11.7960
4036,11.6007
4037,10.3369
4038,12.2955
4039,8.6908
4040,11.3034
4041,18.9910
4042,10.0296
4043,12.9731
4044,8.7650
4045,11.9469
4046,11.4536
4047,13.6089
4048,13.6728
4049,15.2254
4050,8.5940
4051,12.4376
4052,12.8772
4053,12.9395
4054,17.8139
4055,21.0822
4056,11.5302
4057,11.5144
4058,9.1841
4059,11.8394
4060,8.9200
4061,15.3394
4062,13.6120
4063,8.7521
4064,14.4835
4065,10.9773
4066,14.0593
4067,11.3895
4068,11.4651
4069,9.7334
4070,16.0754
4071,8.4040
4072,17.8366
4073,9.9547
4074,10.6611
4075,11.1923
4076,11.6844
4077,10.6127
4078,10.0043
4079,15.8980
4080,11.9207
4081,13.3989
4082,10.6263
4083,14.2832
4084,14.9682
4085,14.0092
4086,16.3577
4087,15.6949
4088,13.2937
4089,15.9583
4090,11.7400
4091,12.1584
4092,11.7662
4093,12.0440
4094,13.4597
4095,9.2371
4096,12.0411
4097,21.0736
4098,16.7542
4099,14.2775
4100,12.6112
4101,18.6470
4102,12.1338
4103,15.6417
4104,9.8453
4105,15.1601
4106,13.2589
4107,17.5278
4108,19.0697
4109,15.6398
4110,10.6912
4111,20.3307
4112,22.0511
4113,19.1631
4114,10.4823
4115,10.5765
4116,8.1859
4117,15.1777
4118,9.5906
4119,11.9262
4120,14.6427
4121,13.2082
4122,9.4328
4123,13.2256
4124,12.3234
4125,17.1218
4126,12.9888
4127,13.1602
4128,11.8589
4129,13.5908
4130,11.2481
4131,16.9177
4132,14.4582
4133,11.2288
4134,10.1752
4135,12.9251
4136,12.7633
4137,12.2430
4138,11.2062
4139,18.2581
4140,15.6803
4141,13.7842
4142,17.7858
4143,9.0368
4144,15.3735
4145,13.7150
4146,17.0052
4147,15.0647
4148,11.3597
4149,20.1316
4150,9.7463
4151,11.6441
4152,12.2917
4153,14.0398
4154,10.9749
4155,17.1809
4156,10.2134
4157,13.9966
4158,12.8105
4159,12.1713
4160,10.6306
4161,14.2839
4162,13.0181
4163,12.4750
4164,16.1958
4165,12.9869
4166,12.3246
4167,18.2869
4168,10.9696
4169,12.7742
4170,14.6356
4171,14.4005
4172,17.6883
4173,14.8854
4174,14.8184
4175,11.0440
4176,12.5189
4177,14.7426
4178,9.1846
4179,13.1159
4180,15.8520
4181,9.8472
4182,13.3023
4183,9.8481
4184,10.5281
4185,12.3899
4186,11.5108
4187,11.5378
4188,10.9460
4189,9.7082
4190,10.1230
4191,10.7512
4192,9.9573
4193,10.5851
4194,11.0564
4195,14.5819
4196,12.5132
4197,12.8531
4198,12.2755
4199,19.9523
4200,8.4958
4201,11.1973
4202,11.9705
4203,10.3166
4204,12.2037
4205,15.1350
4206,13.6771
4207,16.4597
4208,10.1290
4209,13.2120
4210,12.4352
4211,10.4644
4212,9.6755
4213,14.9641
4214,12.8930
4215,16.7756
4216,11.0643
4217,10.3412
4218,17.1742
4219,10.0110
4220,8.8463
4221,15.4228
4222,13.4604
4223,11.0619
4224,13.1767
4225,15.5485
4226,12.6340
4227,18.5173
4228,15.8174
4229,9.7637
4230,17.6823
4231,13.0749
4232,11.5929
4233,8.6577
4234,13.8240
4235,12.6150
4236,33.1130
4237,12.0306
4238,8.4932
4239,11.9395
4240,9.4519
4241,10.5591
4242,10.0601
4243,15.5678
4244,12.1579
4245,10.8263
4246,10.1473
4247,10.4365
4248,11.8093
4249,8.1103
4250,13.3092
4251,15.3728
4252,14.8172
4253,14.1361
4254,12.1560
4255,16.6550
4256,15.6717
4257,13.8483
4258,12.4819
4259,11.0428
4260,23.0410
4261,15.7855
4262,11.1341
4263,9.1801
4264,14.1218
4265,14.2298
4266,10.1697
4267,10.7400
4268,16.7272
4269,10.6697
4270,10.6993
4271,10.2983
4272,13.6964
4273,9.4686
4274,9.2711
4275,9.3513
4276,14.9906
4277,14.4486
4278,9.4211
4279,17.0879
4280,7.9291
4281,12.1489
4282,10.1347
4283,12.6314
4284,15.9066
4285,14.7333
4286,14.7793
4287,20.1805
4288,15.0478
4289,18.7325
4290,11.3473
4291,14.4184
4292,9.8894
4293,11.0843
4294,11.2331
4295,12.8975
4296,12.3129
4297,13.3936
4298,11.4920
4299,12.8884
4300,12.0363
4301,17.0379
4302,11.4923
4303,9.8445
4304,12.1837
4305,13.9809
4306,15.7466
4307,13.3996
4308,15.9042
4309,13.4583
4310,14.0975
4311,16.7165
4312,20.8251
4313,13.7434
4314,15.3625
4315,14.9596
4316,11.2131
4317,13.9534
4318,10.6359
4319,11.8978
4320,11.2627
4321,15.8417
4322,13.4408
4323,17.3345
4324,11.2567
4325,11.4272
4326,10.2587
4327,14.2021
4328,14.5535
4329,12.0687
4330,15.5032
4331,12.8894
4332,11.5776
4333,13.0684
4334,17.6275
4335,10.9768
4336,10.9410
4337,13.2754
4338,14.6515
4339,12.6426
4340,12.5883
4341,12.6297
4342,19.4964
4343,17.5281
4344,27.0202
4345,20.3321
4346,16.0689
4347,15.3224
4348,12.8689
4349,16.8417
4350,12.7242
4351,11.3831
4352,13.7954
4353,13.9222
4354,12.3851
4355,15.0733
4356,13.5689
4357,10.6077
4358,12.9304
4359,9.4602
4360,12.4426
4361,14.4551
4362,15.0428
4363,19.9511
4364,12.9821
4365,12.8484
4366,24.3616
4367,20.6230
4368,11.4107
4369,9.9049
4370,8.6391
4371,9.3722
4372,14.1771
4373,14.7023
4374,9.3586
4375,8.3075
4376,9.7497
4377,15.8234
4378,13.6781
4379,11.9996
4380,10.2735
4381,11.7662
4382,13.1898
4383,16.8068
4384,9.8777
4385,13.0877
4386,11.8012
4387,14.4849
4388,13.1490
4389,12.1951
4390,14.1943
4391,11.6208
4392,11.6630
4393,9.6006
4394,13.0339
4395,12.0933
4396,17.3233
4397,10.0999
4398,14.8206
4399,13.5250
4400,19.0597
4401,14.6441
4402,9.2056
4403,7.7727
4404,14.7569
4405,12.8038
4406,11.9450
4407,11.6167
4408,12.9094
4409,9.7468
4410,12.6169
4411,10.8950
4412,11.0555
4413,11.9824
4414,11.8790
4415,12.1999
4416,15.0340
4417,13.9725
4418,14.5981
4419,11.6708
4420,18.6861
4421,11.9748
4422,15.3737
4423,19.4585
4424,16.5975
4425,17.2491
4426,14.5712
4427,13.4780
4428,10.1452
4429,11.1637
4430,15.8675
4431,13.3944
4432,14.2660
4433,13.8316
4434,12.5120
4435,15.9531
4436,22.9037
4437,11.7989
4438,16.3171
4439,11.6053
4440,17.5548
4441,10.8857
4442,16.2988
4443,19.2392
4444,13.2043
4445,19.4671
4446,18.9543
4447,12.8500
4448,9.1960
4449,11.2827
4450,18.6410
4451,15.3317
4452,19.5634
4453,15.0285
4454,17.5998
4455,12.9063
4456,13.3426
4457,13.2236
4458,11.9462
4459,10.5863
4460,13.3114
4461,8.1911
4462,8.5738
4463,10.5851
4464,8.0304
4465,8.6210
4466,9.9344
4467,7.9768
4468,7.5941
4469,10.1886
4470,8.5161
4471,7.7970
4472,7.8888
4473,13.9191
4474,8.3399
4475,10.0620
4476,10.5004
4477,12.7351
4478,8.9815
4479,10.9537
4480,13.0935
4481,11.3027
4482,10.2217
4483,19.3486
4484,12.8119
4485,11.7025
4486,14.6537
4487,10.3440
4488,13.0739
4489,9.5134
4490,14.2846
4491,12.7275
4492,9.6147
4493,22.0928
4494,15.2605
4495,16.1390
4496,10.6723
4497,10.9057
4498,16.6705
4499,9.6431
4500,15.1825
4501,12.2149
4502,14.8857
4503,12.2712
4504,8.8449
4505,9.8808
4506,8.3294
4507,10.0424
4508,11.8704
4509,11.9076
4510,13.0894
4511,12.3188
4512,17.2782
4513,11.2376
4514,25.4569
4515,15.0251
4516,17.6792
4517,16.6292
4518,16.0608
4519,9.6879
4520,15.7349
4521,13.3739
4522,15.1868
4523,11.5831
4524,13.8566
4525,15.5227
4526,14.9684
4527,11.8885
4528,12.5732
4529,12.8138
4530,12.8593
4531,10.9379
4532,10.7825
4533,12.7096
4534,15.5880
4535,13.4799
4536,10.3574
4537,11.3659
4538,12.1875
4539,11.7526
4540,11.7023
4541,14.2031
4542,16.2821
4543,19.7973
4544,14.3893
4545,10.7503
4546,11.3873
4547,7.6871
4548,14.3218
4549,13.2535
4550,12.1472
4551,12.3150
4552,10.7591
4553,16.8984
4554,12.2266
4555,12.8934
4556,12.6741
4557,12.5866
4558,11.0118
4559,16.0506
4560,13.4614
4561,18.6532
4562,12.4800
4563,12.7242
4564,11.8647
4565,11.6329
4566,13.8209
4567,13.9041
4568,10.5944
4569,12.4373
4570,14.5612
4571,18.5022
4572,12.9621
4573,11.6081
4574,11.1816
4575,12.9929
4576,13.5360
4577,14.5228
4578,12.3854
4579,14.8370
4580,16.3181
4581,13.1030
4582,9.3670
4583,16.9494
4584,15.6357
4585,14.6515
4586,12.3429
4587,11.7526
4588,11.4908
4589,17.0052
4590,15.0638
4591,13.0751
4592,14.0648
4593,12.4683
4594,12.3067
4595,12.8112
4596,12.3942
4597,10.6688
4598,8.2076
4599,18.3806
4600,9.5763
4601,11.2882
4602,14.5655
4603,11.6942
4604,15.2910
4605,15.5461
4606,17.5400
4607,12.5394
4608,10.7572
4609,14.5361
4610,12.4946
4611,13.2146
4612,13.8767
4613,11.9636
4614,10.7205
4615,12.1348
4616,8.1208
4617,13.2468
4618,14.6291
4619,11.4439
4620,12.6266
4621,12.2824
4622,10.9770
4623,8.6415
4624,15.3491
4625,11.1403
4626,17.6139
4627,14.5907
4628,11.8520
4629,15.9545
4630,16.2690
4631,11.2090
4632,10.4456
4633,13.0873
4634,9.3403
4635,11.5812
4636,12.6903
4637,12.6243
4638,11.3428
4639,11.5950
4640,11.1115
4641,12.3210
4642,12.4509
4643,15.3127
4644,13.8335
4645,16.5823
4646,9.6970
4647,13.2003
4648,13.2189
4649,13.4552
4650,16.2430
4651,20.1392
4652,14.4384
4653,20.5746
4654,13.5264
4655,17.2307
4656,14.4958
4657,14.9248
4658,13.6356
4659,11.5778
4660,11.4155
4661,9.2967
4662,12.1319
4663,13.6948
4664,8.6524
4665,11.4844
4666,14.3638
4667,10.7729
4668,11.7598
4669,11.8959
4670,10.8943
4671,15.6238
4672,13.5829
4673,14.3986
4674,10.8976
4675,12.1202
4676,15.6934
4677,14.2977
4678,11.1172
4679,15.4476
4680,22.4135
4681,14.4134
4682,12.4559
4683,16.3894
4684,13.5150
4685,14.8802
4686,12.3596
4687,16.3813
4688,15.0940
4689,11.4701
4690,12.1052
4691,13.4633
4692,18.4996
4693,12.9235
4694,15.6076
4695,13.1640
4696,16.6333
4697,18.5256
4698,13.0496
4699,12.9969
4700,13.5300
4701,13.6554
4702,20.7508
4703,14.4200
4704,20.0205
4705,9.0973
4706,15.8811
4707,10.6874
4708,20.1449
4709,12.5549
4710,18.0991
4711,17.8030
4712,8.6184
4713,11.6718
4714,15.6510
4715,11.3704
4716,14.8847
4717,11.4617
4718,10.9808
4719,10.7999
4720,16.6018
4721,16.2120
4722,11.4310
4723,11.5893
4724,12.8238
4725,12.8314
4726,13.0191
4727,14.8697
4728,15.9471
4729,10.0682
4730,13.8223
4731,13.1207
4732,12.3646
4733,18.0204
4734,20.6175
4735,13.5183
4736,10.8457
4737,13.3371
4738,10.7322
4739,12.4185
4740,11.5602
4741,16.3796
4742,8.2386
4743,7.6792
4744,12.3122
4745,10.3736
4746,7.8931
4747,15.4369
4748,12.7153
4749,11.6193
4750,12.4643
4751,11.6713
4752,11.6885
4753,14.5447
4754,13.1321
4755,12.0490
4756,15.3437
4757,10.7930
4758,9.2065
4759,11.4486
4760,11.9607
4761,11.9240
4762,11.9245
4763,13.6943
4764,16.9611
4765,23.0205
4766,14.7138
4767,15.1079
4768,16.3801
4769,11.6863
4770,12.4919
4771,15.0695
4772,13.1607
4773,12.4693
4774,9.7158
4775,15.2347
4776,17.1590
4777,12.6879
4778,10.8922
4779,14.5969
4780,7.7579
4781,7.3147
4782,19.5861
4783,10.5169
4784,13.0115
4785,15.0800
4786,14.2162
4787,12.6677
4788,12.6510
4789,15.0995
4790,11.3404
4791,11.7118
4792,19.4755
4793,11.5805
4794,22.6200
4795,13.7472
4796,16.5524
4797,9.8841
4798,15.9056
4799,14.6990
4800,12.0046
4801,16.4104
4802,12.7959
4803,13.7470
4804,10.6585
4805,14.3497
4806,14.6582
4807,16.6469
4808,14.9534
4809,10.6208
4810,14.9207
4811,18.3661
4812,11.5266
4813,7.7407
4814,11.1556
4815,12.7783
4816,12.5332
4817,10.9682
4818,16.7503
4819,16.0000
4820,17.1649
4821,17.6520
4822,12.7900
4823,13.5427
4824,8.9905
4825,11.6181
4826,17.4394
4827,9.7766
4828,12.2633
4829,25.7380
4830,12.3794
4831,17.7557
4832,12.4228
4833,11.3850
4834,12.2778
4835,12.1799
4836,13.1512
4837,16.1204
4838,9.9113
4839,12.4915
4840,14.5240
4841,8.9426
4842,13.7043
4843,12.6512
4844,11.5340
4845,16.2275
4846,10.3188
4847,9.1572
4848,13.4349
4849,23.9825
4850,13.5415
4851,11.5678
4852,16.7506
4853,16.2532
4854,17.8363
4855,14.0119
4856,10.6425
4857,15.3892
4858,9.5966
4859,10.9558
4860,13.1509
4861,10.2549
4862,18.2540
4863,11.2636
4864,13.5233
4865,11.5237
4866,15.5420
4867,15.6054
4868,10.1395
4869,8.3854
4870,18.0936
4871,14.1017
4872,7.8890
4873,12.6421
4874,14.9343
4875,13.0424
4876,16.5586
4877,12.2879
4878,27.1444
4879,17.6814
4880,17.5099
4881,12.5821
4882,9.9211
4883,11.0619
4884,11.4729
4885,14.4603
4886,12.8913
4887,12.4979
4888,10.3362
4889,9.7384
4890,10.0574
4891,13.3166
4892,10.3171
4893,14.2801
4894,12.0032
4895,15.3258
4896,18.0497
4897,12.7707
4898,16.0716
4899,13.8814
4900,17.0553
4901,11.5280
4902,10.7498
4903,13.8392
4904,12.9662
4905,13.3920
4906,13.2298
4907,19.4831
4908,21.7636
4909,18.2424
4910,16.1581
4911,10.2963
4912,10.1700
4913,12.2681
4914,11.7033
4915,10.4563
4916,11.1973
4917,10.0346
4918,9.4726
4919,10.2997
4920,11.2324
4921,11.1258
4922,10.7415
4923,10.8895
4924,11.4710
4925,10.9370
4926,11.3835
4927,10.8340
4928,11.5499
4929,11.1303
4930,11.8158
4931,11.0409
4932,10.8652
4933,13.9229
4934,14.1845
4935,15.1682
4936,16.0873
4937,17.9749
4938,23.4945
4939,15.6643
4940,26.7892
4941,11.2214
4942,13.4044
4943,18.6982
4944,10.0160
4945,11.8935
4946,14.8804
4947,11.6889
4948,9.5499
4949,9.5053
4950,9.5437
4951,16.4218
4952,19.5115
4953,12.3584
4954,12.7447
4955,13.5946
4956,11.9228
4957,9.9819
4958,16.3138
4959,13.4661
4960,10.2465
4961,13.8555
4962,15.0878
4963,17.4878
4964,11.9059
4965,12.4035
4966,20.7119
4967,15.3720
4968,13.4699
4969,14.2920
4970,13.8221
4971,9.8577
4972,13.6056
4973,12.9230
4974,10.6938
4975,11.1089
4976,14.6317
4977,16.8052
4978,13.3824
4979,18.0590
4980,11.4050
4981,18.5602
4982,12.1124
4983,12.9328
4984,13.0212
4985,10.4563
4986,11.2813
4987,12.2430
4988,18.0500
4989,11.5044
4990,13.9391
4991,12.0513
4992,12.7416
4993,9.2235
4994,16.7260
4995,12.6045
4996,11.2941
4997,16.4521
4998,12.8698
4999,13.2060
5000,8.7483
5001,10.5247
5002,12.5942
5003,12.8641
5004,12.4695
5005,10.4487
5006,9.6374
5007,12.5082
5008,11.0526
5009,9.0783
5010,14.3876
5011,14.2403
5012,9.1569
5013,9.1174
5014,12.1253
5015,14.0135
5016,17.1504
5017,13.0825
5018,13.7126
5019,13.3829
5020,15.9214
5021,14.4114
5022,14.4515
5023,28.9326
5024,11.1501
5025,20.0255
5026,15.4178
5027,11.1356
5028,12.2607
5029,13.4592
5030,14.2205
5031,11.9545
5032,12.9468
5033,19.3131
5034,13.9515
5035,12.0246
5036,16.8855
5037,14.2109
5038,12.9526
5039,11.3852
5040,15.5706
5041,12.7063
5042,8.1289
5043,9.4631
5044,11.4403
5045,11.3964
5046,12.9142
5047,10.1020
5048,13.0284
5049,13.0115
5050,14.6677
5051,12.9287
5052,24.3502
5053,13.1891
5054,14.7803
5055,10.0965
5056,9.3205
5057,6.6824
5058,14.8513
5059,8.2736
5060,8.3084
5061,9.9864
5062,11.2524
5063,9.5928
5064,11.5173
5065,9.7249
5066,12.9287
5067,11.9922
5068,13.0908
5069,16.0425
5070,12.5127
5071,9.9857
5072,13.4926
5073,14.3900
5074,14.5423
5075,15.5103
5076,12.9526
5077,14.3268
5078,9.9707
5079,22.9113
5080,29.1123
5081,12.2628
5082,12.8517
5083,14.5097
5084,12.6786
5085,17.1561
5086,13.7405
5087,16.5784
5088,10.0076
5089,15.1668
5090,19.2387
5091,13.5920
5092,12.7678
5093,10.3123
5094,10.9935
5095,14.2236
5096,16.3693
5097,17.7329
5098,12.8953
5099,16.3429
5100,7.5712
5101,11.3256
5102,16.5219
5103,13.8841
5104,12.4869
5105,17.2141
5106,12.4412
5107,13.9472
5108,8.1303
5109,12.8393
5110,21.2946
5111,8.8694
5112,13.2408
5113,9.0044
5114,7.7229
5115,20.6923
5116,19.2392
5117,19.1953
5118,9.4137
5119,11.5840
5120,15.5830
5121,18.9633
5122,15.0867
5123,12.5487
5124,16.4645
5125,12.7499
5126,14.0533
5127,12.1200
5128,16.5727
5129,12.4927
5130,11.4777
5131,14.7738
5132,11.2798
5133,10.6497
5134,24.6379
5135,17.5657
5136,8.1697
5137,18.4870
5138,15.8896
5139,12.6939
5140,12.6095
5141,15.8134
5142,14.1129
5143,23.0620
5144,10.4103
5145,14.4677
5146,12.4910
5147,13.4063
5148,11.7435
5149,12.9838
5150,12.4304
5151,14.8377
5152,12.3594
5153,12.4667
5154,13.9515
5155,17.5099
5156,14.0226
5157,12.6150
5158,13.7677
5159,12.0533
5160,17.4823
5161,11.7042
5162,9.4583
5163,12.5842
5164,15.1405
5165,10.6378
5166,14.2593
5167,16.4113
5168,11.7655
5169,12.2223
5170,10.6595
5171,13.6619
5172,15.4803
5173,14.2770
5174,11.6205
5175,11.1899
5176,8.6417
5177,7.8688
5178,10.5655
5179,9.6195
5180,9.0170
5181,13.2568
5182,14.2076
5183,13.0167
5184,14.8277
5185,14.6496
5186,17.6425
5187,15.5549
5188,9.7187
5189,11.9669
5190,13.0229
5191,28.4357
5192,17.0987
5193,13.4532
5194,12.2979
5195,11.0571
5196,12.2075
5197,11.3311
5198,12.8176
5199,12.3909
5200,10.1426
5201,14.3342
5202,11.6549
5203,16.9406
5204,12.5594
5205,162.1921
5206,11.4145
5207,14.3390
5208,9.9640
5209,12.2759
5210,9.7470
5211,8.0743
5212,8.7671
5213,8.6353
5214,9.8462
5215,15.3692
5216,13.2353
5217,14.0359
5218,15.2330
5219,14.2248
5220,11.4760
5221,20.0577
5222,13.0372
5223,12.8770
5224,11.2877
5225,13.5660
5226,12.4822
5227,14.8413
5228,17.3471
5229,10.6027
5230,13.9856
5231,9.7895
5232,8.4662
5233,15.2409
5234,18.5974
5235,12.2049
5236,8.5881
5237,15.4016
5238,12.8493
5239,12.9118
5240,12.2523
5241,12.5055
5242,11.2333
5243,12.0358
5244,15.6889
5245,12.2452
5246,12.0096
5247,12.8095
5248,10.1931
5249,15.0506
5250,15.5449
5251,12.3119
5252,12.6331
5253,12.9824
5254,12.2383
5255,12.2747
5256,19.7098
5257,8.2805
5258,9.1791
5259,12.5334
5260,12.7933
5261,11.9052
5262,12.3994
5263,11.0579
5264,13.3002
5265,15.1503
5266,12.7304
5267,10.9634
5268,13.4776
5269,14.7846
5270,13.0634
5271,12.9199
5272,15.8498
5273,14.0858
5274,15.3103
5275,13.2554
5276,21.8549
5277,22.7821
5278,9.6302
5279,7.4444
5280,10.7255
5281,8.4052
5282,11.0404
5283,8.6074
5284,8.1336
5285,16.4490
5286,10.3226
5287,14.9472
5288,12.8329
5289,14.0424
5290,9.2194
5291,13.9489
5292,11.2889
5293,11.8432
5294,14.3306
5295,12.4896
5296,10.6907
5297,17.0970
5298,14.7347
5299,11.1766
5300,14.8199
5301,11.4412
5302,13.5531
5303,15.8069
5304,12.3873
5305,13.2399
5306,11.3428
5307,13.9804
5308,14.3378
5309,11.5478
5310,12.2368
5311,12.8889
5312,9.8197
5313,9.4471
5314,9.8469
5315,9.7518
5316,11.0548
5317,12.7165
5318,11.6706
5319,11.4100
5320,13.0713
5321,12.9254
5322,12.4030
5323,14.1001
5324,11.9314
5325,10.0710
5326,13.3545
5327,11.1096
5328,11.6477
5329,13.9334
5330,14.0913
5331,11.2944
5332,11.6670
5333,10.0820
5334,12.1386
5335,10.7017
5336,16.4299
5337,9.5153
5338,20.7679
5339,9.5699
5340,12.4435
5341,10.3714
5342,10.5548
5343,12.8562
5344,12.0475
5345,11.3204
5346,14.9167
5347,15.8017
5348,9.9328
5349,9.4659
5350,9.1903
5351,12.9955
5352,12.1875
5353,11.4188
5354,10.9124
5355,10.9553
5356,10.8571
5357,13.9332
5358,10.7119
5359,9.7740
5360,10.6518
5361,10.3900
5362,13.8078
5363,14.2877
5364,9.2564
5365,12.8813
5366,20.8778
5367,14.9815
5368,20.9672
5369,14.6954
5370,13.6855
5371,13.9019
5372,13.4990
5373,21.3106
5374,12.2480
5375,12.3723
5376,13.4504
5377,13.6054
5378,8.3666
5379,8.4269
5380,13.4315
5381,15.0578
5382,14.2245
5383,9.7189
5384,16.9003
5385,14.0588
5386,10.2794
5387,14.4861
5388,11.8828
5389,14.7965
5390,12.8436
5391,14.2040
5392,11.3144
5393,12.6615
5394,27.2031
5395,12.7256
5396,12.1093
5397,12.2430
5398,11.4388
5399,11.7276
5400,13.9058
5401,13.4578
5402,12.4915
5403,13.7107
5404,11.6961
5405,11.9574
5406,14.4851
5407,17.0908
5408,11.2903
5409,14.4563
5410,12.6250
5411,13.8786
5412,15.4974
5413,16.7186
5414,12.3210
5415,15.0239
5416,18.1448
5417,16.4545
5418,17.3733
5419,14.1144
5420,21.4086
5421,20.4241
5422,14.3280
5423,13.8028
5424,16.6118
5425,16.4716
5426,14.6947
5427,15.1005
5428,15.5368
5429,13.5739
5430,16.5210
5431,13.9544
5432,15.5177
5433,11.4384
5434,13.1168
5435,15.6040
5436,12.8422
5437,18.7073
5438,13.9024
5439,13.3452
5440,12.5988
5441,15.3821
5442,18.1856
5443,9.8848
5444,12.9437
5445,13.6733
5446,12.8021
5447,12.9483
5448,13.0465
5449,14.0831
5450,12.3658
5451,10.5059
5452,11.3676
5453,12.1343
5454,10.5910
5455,11.7912
5456,13.8452
5457,9.6905
5458,23.1833
5459,17.3297
5460,10.0775
5461,15.5847
5462,11.8136
5463,13.4499
5464,13.8979
5465,14.8072
5466,12.4142
5467,14.2395
5468,18.3754
5469,14.0624
5470,17.7088
5471,13.8321
5472,18.8968
5473,10.8452
5474,11.2555
5475,20.1900
5476,11.8699
5477,17.5869
5478,10.0498
5479,12.2082
5480,10.6554
5481,12.2714
5482,19.8071
5483,16.4804
5484,14.9190
5485,8.7216
5486,17.1082
5487,12.2960
5488,10.8643
5489,12.9693
5490,16.1235
5491,12.5854
5492,17.7553
5493,10.7403
5494,11.4250
5495,12.0416
5496,17.5958
5497,14.0905
5498,15.8513
5499,10.8025
5500,21.4589
5501,11.2107
5502,23.5200
5503,11.3699
5504,14.6024
5505,15.4669
5506,17.2510
5507,14.0271
5508,15.9717
5509,11.0321
5510,13.1347
5511,15.4576
5512,13.3610
5513,10.0117
5514,12.2223
5515,12.7430
5516,10.4218
5517,9.3846
5518,9.8553
5519,11.7574
5520,8.4949
5521,8.3375
5522,12.4586
5523,15.7342
5524,8.1861
5525,10.9918
5526,12.3200
5527,15.0659
5528,18.1401
5529,34.5964
5530,11.2941
5531,19.2499
5532,14.2703
5533,11.4045
5534,7.7279
5535,12.0370
5536,11.7292
5537,11.3008
5538,10.0145
5539,9.2978
5540,9.1531
5541,9.5844
5542,11.6265
5543,12.3215
5544,13.2179
5545,9.9213
5546,15.2135
5547,11.0102
5548,18.8553
5549,7.9496
5550,10.5503
5551,13.1371
5552,9.9421
5553,10.7777
5554,10.8128
5555,12.1086
5556,13.4587
5557,10.7911
5558,17.6630
5559,20.0171
5560,16.2997
5561,15.9202
5562,15.3973
5563,14.1473
5564,9.5668
5565,9.9285
5566,10.0560
5567,10.2124
5568,9.6245
5569,7.7105
5570,9.1467
5571,14.7300
5572,14.4923
5573,15.6548
5574,11.3750
5575,10.0536
5576,10.2608
5577,15.7113
5578,13.3412
5579,9.0830
5580,15.8396
5581,8.0283
5582,11.3602
5583,14.2150
5584,12.8486
5585,18.2736
5586,15.6696
5587,10.2677
5588,30.9744
5589,12.8839
5590,17.4334
5591,16.2983
5592,18.3349
5593,11.3623
5594,15.5089
5595,10.9930
5596,11.9705
5597,12.5706
5598,12.0881
5599,12.8002
5600,14.7970
5601,10.7419
5602,17.9894
5603,16.3786
5604,13.6292
5605,15.8801
5606,14.1463
5607,14.3790
5608,11.4570
5609,9.7611
5610,12.1369
5611,13.8795
5612,18.1446
5613,13.5310
5614,18.2548
5615,13.7033
5616,15.4831
5617,14.2741
5618,16.2809
5619,21.3842
5620,11.9963
5621,17.4100
5622,17.7534
5623,9.4142
5624,11.4031
5625,11.4272
5626,11.3246
5627,11.9367
5628,9.7971
5629,15.4061
5630,11.3926
5631,13.0620
5632,14.4267
5633,12.4764
5634,11.7025
5635,10.8209
5636,11.3473
5637,12.4683
5638,13.9127
5639,11.5600
5640,13.3150
5641,16.1660
5642,14.1573
5643,13.0081
5644,15.1494
5645,14.4389
5646,13.2492
5647,13.3839
5648,14.1122
5649,12.3546
5650,12.2664
5651,13.2368
5652,12.7921
5653,13.2618
5654,12.0747
5655,12.9573
5656,20.7686
5657,12.1305
5658,11.7717
5659,12.5110
5660,9.8846
5661,10.8869
5662,12.7046
5663,13.9701
5664,14.0729
5665,11.3893
5666,10.7460
5667,13.3886
5668,12.3127
5669,17.1385
5670,12.9621
5671,14.3027
5672,10.9928
5673,16.8998
5674,18.0645
5675,11.0919
5676,10.1266
5677,15.7645
5678,12.0776
5679,11.8010
5680,12.3367
5681,16.3336
5682,15.0626
5683,14.2353
5684,14.7154
5685,11.0354
5686,9.9463
5687,8.4250
5688,11.9526
5689,9.6807
5690,12.3150
5691,13.0517
5692,13.9830
5693,12.2442
5694,8.1458
5695,12.6693
5696,17.1294
5697,8.1422
5698,12.2812
5699,8.3923
5700,11.6701
5701,12.9681
5702,16.2098
5703,12.6097
5704,12.6169
5705,21.2572
5706,11.3900
5707,13.0095
5708,11.3516
5709,12.2855
5710,12.2383
5711,10.8314
5712,11.4796
5713,11.7300
5714,14.2515
5715,13.5808
5716,14.8723
5717,15.5952
5718,15.5630
5719,10.0987
5720,11.0290
5721,10.6041
5722,13.0782
5723,11.9889
5724,11.0872
5725,12.8820
5726,16.7506
5727,12.8126
5728,11.8914
5729,12.9707
5730,11.9247
5731,10.9105
5732,11.4024
5733,12.5501
5734,12.9156
5735,10.7136
5736,13.0112
5737,14.9457
5738,11.7857
5739,14.5741
5740,12.5935
5741,13.7837
5742,11.4396
5743,13.1104
5744,11.8392
5745,11.8105
5746,11.2090
5747,11.6563
5748,11.9827
5749,11.5638
5750,12.8498
5751,13.3264
5752,10.8595
5753,12.4009
5754,11.0214
5755,12.9538
5756,12.4359
5757,12.7783
5758,15.4161
5759,13.9964
5760,12.1398
5761,14.6313
5762,18.6076
5763,27.7727
5764,14.3788
5765,12.3074
5766,11.7254
5767,11.8451
5768,13.1929
5769,15.7356
5770,13.9592
5771,12.9557
5772,11.3635
5773,12.5027
5774,13.7889
5775,8.5897
5776,13.2747
5777,17.1301
5778,11.0610
5779,12.5501
5780,18.0151
5781,14.8177
5782,10.8116
5783,13.1102
5784,14.4680
5785,9.9273
5786,18.0218
5787,13.7913
5788,13.9771
5789,12.2743
5790,19.3970
5791,12.8596
5792,9.2988
5793,16.2046
5794,12.8336
5795,12.8722
5796,14.6365
5797,23.4210
5798,11.8399
5799,16.0460
5800,12.6398
5801,12.8889
5802,12.2955
5803,14.8971
5804,12.0988
5805,14.6565
5806,10.6366
5807,10.3235
5808,14.0381
5809,13.6104
5810,10.3955
5811,12.1262
5812,14.4727
5813,18.9488
5814,10.3297
5815,12.3703
5816,15.4395
5817,13.8497
5818,13.5639
5819,17.3388
5820,23.9716
5821,13.3827
5822,14.9741
5823,12.3055
5824,16.4983
5825,15.8343
5826,15.2681
5827,13.7851
5828,15.3768
5829,16.9742
5830,19.0656
5831,18.6300
5832,13.0465
5833,16.1679
5834,13.5605
5835,13.6468
5836,11.6055
5837,13.2620
5838,15.1770
5839,90.4229
5840,10.5867
5841,8.3621
5842,14.4258
5843,16.3417
5844,14.8628
5845,10.7219
5846,10.4427
5847,8.9903
5848,10.8683
5849,10.6819
5850,8.3828
5851,11.6520
5852,13.1123
5853,12.3012
5854,11.8065
5855,10.8001
5856,8.2059
5857,11.8449
5858,10.3524
5859,13.5679
5860,18.4140
5861,14.5769
5862,18.2464
5863,12.9576
5864,13.2241
5865,20.3938
5866,10.5228
5867,13.0293
5868,14.8962
5869,18.8406
5870,12.3641
5871,13.1850
5872,12.4357
5873,16.6008
5874,21.7350
5875,13.7393
5876,16.6676
5877,13.9897
5878,13.0210
5879,15.2390
5880,12.4617
5881,11.7702
5882,12.5914
5883,16.0375
5884,13.5236
5885,9.5499
5886,11.7896
5887,11.6732
5888,11.6241
5889,15.2977
5890,12.3794
5891,11.3029
5892,20.4017
5893,16.3066
5894,12.5585
5895,9.0806
5896,7.5936
5897,13.2661
5898,9.5637
5899,12.8770
5900,11.7865
5901,15.6457
5902,11.0109
5903,11.1566
5904,13.1092
5905,17.1573
5906,10.5348
5907,11.8189
5908,11.4233
5909,9.3663
5910,11.0621
5911,10.8068
5912,8.9517
5913,10.9558
5914,9.6948
5915,9.3405
5916,10.0472
5917,11.8642
5918,11.3397
5919,13.3746
5920,8.9800
5921,9.7046
5922,12.4657
5923,11.0650
5924,17.0710
5925,10.0768
5926,12.1639
5927,12.2349
5928,14.7812
5929,13.7448
5930,12.8582
5931,15.0163
5932,16.2909
5933,15.7692
5934,12.8157
5935,26.1219
5936,21.7154
5937,16.8328
5938,17.2238
5939,16.5963
5940,14.1325
5941,11.4493
5942,13.7105
5943,12.2218
5944,11.0292
5945,14.0669
5946,14.2777
5947,13.0556
5948,14.0717
5949,16.3827
5950,17.4861
5951,14.6546
5952,16.2554
5953,12.9902
5954,10.1109
5955,11.8597
5956,8.4846
5957,9.2812
5958,7.4797
5959,7.6158
5960,11.9178
5961,10.1047
5962,14.5307
5963,12.8665
5964,17.0503
5965,15.9807
5966,16.0866
5967,9.7823
5968,16.2237
5969,17.3314
5970,16.1567
5971,12.9368
5972,12.9852
5973,11.0040
5974,37.6019
5975,9.4099
5976,10.3805
5977,8.6312
5978,12.0313
5979,15.5275
5980,12.1810
5981,12.9218
5982,12.6255
5983,18.9481
5984,7.7305
5985,13.9120
5986,11.7564
5987,14.2617
5988,12.8493
5989,13.4792
5990,11.8787
5991,17.5519
5992,19.4411
5993,16.2570
5994,14.3201
5995,13.6228
5996,12.4991
5997,11.2281
5998,14.6978
5999,18.3134
6000,8.7645
6001,14.1664
6002,11.6410
6003,13.4964
6004,14.6706
6005,12.9361
6006,11.5073
6007,10.9105
6008,11.0302
6009,11.5635
6010,11.7145
6011,10.7718
6012,13.0365
6013,11.9348
6014,12.6016
6015,12.2387
6016,11.9879
6017,12.0962
6018,10.9696
6019,15.3415
6020,11.3862
6021,13.2132
6022,17.3607
6023,17.4417
6024,11.4095
6025,16.9060
6026,12.6393
6027,12.0451
6028,15.5017
6029,17.4611
6030,12.6915
6031,17.4842
6032,12.2957
6033,12.0978
6034,13.3045
6035,11.5256
6036,12.2569
6037,11.6718
6038,14.3290
6039,10.5217
6040,15.3377
6041,11.2109
6042,13.8409
6043,13.0410
6044,14.9317
6045,16.1767
6046,13.5131
6047,20.3044
6048,16.2766
6049,14.3824
6050,13.2515
6051,10.1037
6052,10.3221
6053,11.4245
6054,9.1333
6055,11.2860
6056,14.2467
6057,17.0960
6058,10.8120
6059,14.4126
6060,13.4022
6061,15.8627
6062,9.5291
6063,8.9083
6064,11.6134
6065,10.3960
6066,14.6055
6067,13.8068
6068,10.5093
6069,10.3874
6070,12.2678
6071,14.5380
6072,14.3213
6073,11.8458
6074,11.7154
6075,11.9429
6076,8.6410
6077,8.1491
6078,14.9271
6079,22.9967
6080,17.8509
6081,13.7622
6082,16.6774
6083,13.2592
6084,13.8857
6085,13.7856
6086,15.8408
6087,11.8787
6088,9.3596
6089,15.6944
6090,11.6870
6091,13.1998
6092,7.6602
6093,12.8126
6094,11.4300
6095,12.7609
6096,11.4033
6097,9.7668
6098,14.6360
6099,12.2275
6100,17.3464
6101,10.7551
6102,19.1357
6103,10.7841
6104,18.9235
6105,12.8980
6106,19.8250
6107,16.0689
6108,12.2526
6109,13.0165
6110,10.2372
6111,16.6464
6112,11.8685
6113,13.1459
6114,15.6200
6115,13.1640
6116,10.8685
6117,19.5191
6118,14.1442
6119,8.4119
6120,14.9329
6121,15.8088
6122,11.2190
6123,11.8709
6124,8.1418
6125,11.4679
6126,7.9992
6127,7.6225
6128,10.7222
6129,13.1705
6130,10.9024
6131,15.7189
6132,15.0311
6133,11.8930
6134,20.9334
6135,9.2521
6136,23.3090
6137,19.7906
6138,23.8280
6139,14.5993
6140,13.1044
6141,20.7477
6142,13.5500
6143,15.6791
6144,13.8841
6145,13.0067
6146,15.5895
6147,19.0630
6148,10.1790
6149,12.8384
6150,9.3586
6151,15.8360
6152,11.9166
6153,14.5905
6154,14.7071
6155,15.1742
6156,17.8661
6157,8.9233
6158,10.5686
6159,10.4899
6160,10.3223
6161,7.6799
6162,12.1508
6163,12.6872
6164,11.5001
6165,18.9264
6166,11.8208
6167,17.0538
6168,11.2252
6169,15.3913
6170,16.4878
6171,8.0402
6172,13.2771
6173,9.4903
6174,11.7996
6175,11.5449
6176,14.1609
6177,10.2808
6178,15.9979
6179,8.7616
6180,12.4788
6181,10.2990
6182,13.3870
6183,10.2289
6184,7.3872
6185,9.4826
6186,7.6816
6187,8.8911
6188,10.4890
6189,11.8380
6190,13.4439
6191,12.5659
6192,28.2948
6193,14.9491
6194,22.2096
6195,9.6707
6196,11.4579
6197,10.7183
6198,10.2668
6199,11.9219
6200,10.9251
6201,8.5170
6202,14.6062
6203,12.8524
6204,15.8236
6205,13.8488
6206,12.1002
6207,12.6045
6208,14.0052
6209,11.2541
6210,15.2233
6211,9.1529
6212,11.4918
6213,12.6946
6214,19.5367
6215,11.1544
6216,16.0911
6217,9.3639
6218,14.7016
6219,18.3096
6220,8.1992
6221,19.2010
6222,19.6178
6223,17.4563
6224,13.2780
6225,18.1735
6226,17.2322
6227,14.9362
6228,13.2031
6229,9.3052
6230,8.2269
6231,14.3838
6232,12.7831
6233,11.9200
6234,13.5708
6235,12.0215
6236,13.0875
6237,10.5281
6238,17.7908
6239,10.4446
6240,12.6202
6241,11.6744
6242,12.6772
6243,11.1642
6244,13.0408
6245,12.8658
6246,14.9126
6247,12.6145
6248,10.5250
6249,17.0703
6250,12.2726
6251,12.4779
6252,14.3185
6253,12.4965
6254,10.6649
6255,12.4831
6256,13.9902
6257,10.3843
6258,10.7012
6259,11.5986
6260,8.2433
6261,8.3508
6262,13.5136
6263,13.3708
6264,13.7749
6265,10.0570
6266,9.4814
6267,13.4056
6268,17.4608
6269,15.6980
6270,13.7448
6271,10.0937
6272,13.8288
6273,13.0026
6274,10.9427
6275,12.7227
6276,12.2886
6277,8.9359
6278,16.1452
6279,12.2991
6280,19.9509
6281,11.5969
6282,10.1149
6283,10.1542
6284,21.0340
6285,14.7722
6286,11.8542
6287,15.2628
6288,14.9469
6289,18.9009
6290,11.6544
6291,12.2039
6292,13.8233
6293,7.9553
6294,15.2910
6295,10.9379
6296,8.7724
6297,14.2884
6298,19.5322
6299,15.4729
6300,13.0131
6301,19.7442
6302,9.5980
6303,10.4396
6304,24.7324
6305,15.1634
6306,12.0344
6307,11.0114
6308,15.1796
6309,13.0999
6310,14.0986
6311,12.4629
6312,12.7299
6313,14.5533
6314,7.8335
6315,12.2957
6316,10.5112
6317,9.7003
6318,16.0336
6319,11.2281
6320,11.4274
6321,11.8980
6322,12.7854
6323,12.4049
6324,12.2249
6325,7.4728
6326,14.9968
6327,16.2776
6328,10.9715
6329,12.6662
6330,14.2488
6331,11.5845
6332,10.2284
6333,19.0058
6334,10.4635
6335,16.4506
6336,10.6995
6337,16.7103
6338,12.6278
6339,9.5463
6340,12.3379
6341,18.0902
6342,14.4215
6343,9.8727
6344,13.2656
6345,14.0502
6346,11.5585
6347,11.3876
6348,11.5929
6349,9.6352
6350,14.9605
6351,9.6872
6352,12.4757
6353,14.7562
6354,13.2811
6355,11.4210
6356,15.1289
6357,14.2696
6358,10.7152
6359,15.4235
6360,11.2982
6361,12.3708
6362,18.6119
6363,11.9591
6364,19.0890
6365,19.0992
6366,20.2267
6367,21.7412
6368,20.5402
6369,14.3790
6370,16.2723
6371,11.6551
6372,12.0292
6373,10.8078
6374,12.8148
6375,17.7331
6376,10.0715
6377,19.1000
6378,12.9268
6379,19.1596
6380,8.9946
6381,15.9466
6382,10.7954
6383,13.5634
6384,12.0549
6385,10.7920
6386,11.3714
6387,13.9236
6388,9.7978
6389,16.0429
6390,15.7285
6391,17.2999
6392,23.8228
6393,14.1554
6394,16.6557
6395,9.4006
6396,9.0032
6397,14.0140
6398,13.2210
6399,12.5885
6400,13.4404
6401,17.3376
6402,20.6056
6403,13.4847
6404,14.9248
6405,11.6801
6406,15.0855
6407,11.4026
6408,15.6143
6409,9.4903
6410,9.8851
6411,12.7385
6412,13.6807
6413,16.7649
6414,12.3725
6415,10.1244
6416,9.7363
6417,12.3041
6418,15.3544
6419,16.9466
6420,15.4269
6421,15.0690
6422,14.3399
6423,13.4015
6424,12.3103
6425,12.3243
6426,15.9850
6427,13.9143
6428,13.1347
6429,13.6986
6430,11.9514
6431,13.5450
6432,11.7748
6433,15.0452
6434,13.9489
6435,10.3066
6436,12.5988
6437,9.8865
6438,8.7540
6439,7.9999
6440,8.4291
6441,8.1451
6442,11.1380
6443,12.1739
6444,14.1854
6445,13.3917
6446,16.4797
6447,20.1435
6448,7.3292
6449,9.6033
6450,16.2842
6451,14.8416
6452,11.5376
6453,18.9700
6454,16.6657
6455,16.4692
6456,9.3961
6457,15.2073
6458,12.6085
6459,17.3333
6460,14.7898
6461,16.3720
6462,15.5320
6463,15.5561
6464,17.5679
6465,17.9217
6466,12.0306
6467,13.6459
6468,15.9910
6469,10.7646
6470,17.6649
6471,13.7899
6472,16.6111
6473,20.5770
6474,15.2996
6475,15.2636
6476,14.4837
6477,23.4916
6478,11.9674
6479,14.1339
6480,11.4346
6481,9.8741
6482,11.7795
6483,10.1862
6484,11.8001
6485,11.1401
6486,10.9577
6487,10.3774
6488,10.4363
6489,9.8734
6490,9.8968
6491,17.5264
6492,13.3698
6493,11.4241
6494,11.8563
6495,13.0506
6496,12.5096
6497,13.9363
6498,15.0301
6499,18.1618
6500,9.5735
6501,11.1692
6502,9.9950
6503,16.8345
6504,15.5416
6505,10.5193
6506,12.5206
6507,11.3657
6508,13.3164
6509,12.8272
6510,14.5166
6511,18.6551
6512,15.0695
6513,15.6827
6514,21.2514
6515,17.9625
6516,12.8400
6517,12.7318
6518,12.1639
6519,10.8337
6520,11.5695
6521,12.3205
6522,12.4803
6523,9.2530
6524,10.4780
6525,11.4975
6526,13.9196
6527,13.7885
6528,11.0784
6529,12.3122
6530,12.5899
6531,17.1266
6532,13.8578
6533,17.3604
6534,12.9941
6535,12.7058
6536,14.3123
6537,15.8994
6538,13.3388
6539,14.0049
6540,19.9976
6541,12.6696
6542,8.8725
6543,10.3765
6544,15.2359
6545,11.5864
6546,13.8466
6547,12.6557
6548,14.7228
6549,16.8238
6550,13.1667
6551,11.0502
6552,11.0126
6553,19.1674
6554,9.0985
6555,13.3266
6556,12.5086
6557,11.3087
6558,11.6282
6559,10.0548
6560,10.6859
6561,20.6101
6562,14.9257
6563,13.1853
6564,13.6790
6565,14.9136
6566,9.9349
6567,13.7594
6568,19.6004
6569,15.7626
6570,11.8480
6571,11.7233
6572,9.9397
6573,12.9147
6574,13.6440
6575,17.5242
6576,14.0872
6577,14.1556
6578,13.4859
6579,14.1003
6580,12.0955
6581,7.6721
6582,11.2796
6583,10.8457
6584,12.1629
6585,14.5087
6586,16.7084
6587,13.1135
6588,16.3348
6589,13.9730
6590,12.8756
6591,9.9928
6592,19.9940
6593,12.9342
6594,12.8980
6595,19.7129
6596,13.3247
6597,17.6890
6598,15.8815
6599,13.1412
6600,9.0129
6601,11.3647
6602,12.5618
6603,12.8026
6604,14.1199
6605,15.9726
6606,13.2716
6607,16.1798
6608,10.9918
6609,13.9725
6610,15.2349
6611,13.1507
6612,11.5993
6613,15.7161
6614,12.0053
6615,13.4628
6616,12.9635
6617,12.1942
6618,12.3298
6619,13.4180
6620,33.5567
6621,14.6599
6622,11.3332
6623,10.2210
6624,13.9108
6625,10.9892
6626,11.3530
6627,10.9546
6628,7.9095
6629,10.2818
6630,13.8841
6631,13.4120
6632,10.3366
6633,12.3103
6634,14.3251
6635,13.7694
6636,7.9732
6637,16.6831
6638,15.1703
6639,15.5208
6640,10.5455
6641,11.3380
6642,13.9039
6643,11.7517
6644,11.7307
6645,12.4834
6646,12.2635
6647,16.4459
6648,14.6863
6649,16.5744
6650,22.5096
6651,13.2036
6652,13.5891
6653,19.5656
6654,13.9055
6655,22.8925
6656,9.8395
6657,11.7204
6658,12.4500
6659,11.7440
6660,11.7924
6661,10.9401
6662,14.4641
6663,11.9681
6664,14.3404
6665,15.5029
6666,10.0446
6667,11.6348
6668,13.4850
6669,20.8137
6670,14.9243
6671,10.3054
6672,10.5014
6673,14.0240
6674,12.6297
6675,13.2868
6676,18.0898
6677,13.1855
6678,19.5456
6679,10.5360
6680,15.9180
6681,16.3567
6682,12.2342
6683,7.9374
6684,8.5187
6685,10.2882
6686,12.3351
6687,12.6574
6688,12.9416
6689,11.0755
6690,13.1621
6691,11.5755
6692,11.0202
6693,12.1181
6694,12.4257
6695,12.8822
6696,9.0973
6697,10.9301
6698,18.6117
6699,13.6545
6700,14.6515
6701,11.8861
6702,10.9358
6703,10.6874
6704,13.0875
6705,18.5375
6706,23.7868
6707,14.1542
6708,19.5670
6709,17.7526
6710,16.7842
6711,10.4344
6712,12.8980
6713,9.8565
6714,12.7077
6715,17.6523
6716,14.2722
6717,19.1705
6718,18.9376
6719,16.1591
6720,14.0941
6721,16.0100
6722,8.7063
6723,14.5013
6724,12.5191
6725,12.3160
6726,12.3723
6727,12.4567
6728,11.9770
6729,14.6422
6730,30.1447
6731,19.1822
6732,10.8256
6733,19.6755
6734,13.7527
6735,14.1087
6736,12.8572
6737,13.4790
6738,13.0839
6739,19.4063
6740,12.7385
6741,18.3878
6742,18.2552
6743,18.7013
6744,16.8674
6745,12.3305
6746,14.8995
6747,9.5296
6748,16.1769
6749,11.7257
6750,9.4981
6751,11.0388
6752,11.8194
6753,13.5412
6754,16.9158
6755,10.7477
6756,15.7213
6757,15.4212
6758,18.3194
6759,8.5986
6760,15.1300
6761,13.7272
6762,18.3787
6763,14.4176
6764,16.7470
6765,14.6329
6766,11.9543
6767,11.7314
6768,12.1849
6769,15.2292
6770,12.3806
6771,13.3853
6772,10.4814
6773,12.5988
6774,11.3764
6775,10.0055
6776,10.2665
6777,10.4499
6778,10.3662
6779,13.4699
6780,12.0087
6781,12.9998
6782,17.8790
6783,26.6616
6784,14.4637
6785,22.4822
6786,17.2770
6787,12.4617
6788,19.5236
6789,19.9111
6790,10.0617
6791,11.1387
6792,17.4482
6793,9.7942
6794,12.0363
6795,17.6191
6796,13.7479
6797,16.4840
6798,12.5029
6799,11.5643
6800,15.6109
6801,12.7809
6802,15.3308
6803,13.3801
6804,13.1934
6805,13.3290
6806,13.3741
6807,10.2575
6808,8.8491
6809,13.6104
6810,21.9243
6811,12.3587
6812,17.4696
6813,15.4538
6814,9.9187
6815,11.5619
6816,11.8771
6817,12.5659
6818,12.2657
6819,12.3138
6820,17.0617
6821,13.7281
6822,16.6829
6823,15.5132
6824,18.0573
6825,16.9120
6826,12.6100
6827,14.7462
6828,14.6053
6829,18.1026
6830,12.4283
6831,18.4660
6832,12.2511
6833,13.9136
6834,17.3223
6835,12.9015
6836,11.2698
6837,15.7156
6838,16.8185
6839,15.6391
6840,14.0350
6841,13.2792
6842,11.6730
6843,15.5201
6844,11.8940
6845,12.5861
6846,10.3781
6847,12.2552
6848,12.7485
6849,10.5467
6850,11.5135
6851,10.3862
6852,12.8474
6853,13.4311
6854,12.5866
6855,11.8051
6856,13.1536
6857,12.0976
6858,11.7965
6859,12.7690
6860,16.5744
6861,17.0033
6862,11.7364
6863,14.6787
6864,16.9020
6865,16.8867
6866,10.9611
6867,12.6767
6868,12.5582
6869,13.1643
6870,13.1016
6871,12.4836
6872,10.9541
6873,16.1521
6874,14.7581
6875,11.0192
6876,12.3336
6877,12.9926
6878,11.1773
6879,10.8638
6880,12.4340
6881,16.1297
6882,11.6937
6883,13.6640
6884,13.5856
6885,11.8368
6886,8.3108
6887,12.2788
6888,10.5774
6889,10.7856
6890,10.6039
6891,13.0775
6892,10.9742
6893,14.6093
6894,15.2152
6895,14.9295
6896,14.0643
6897,18.5924
6898,13.4680
6899,11.3928
6900,14.1592
6901,20.0982
6902,12.0332
6903,16.9680
6904,14.7591
6905,15.5458
6906,17.2331
6907,14.5154
6908,13.4382
6909,13.4950
6910,13.2580
6911,10.8457
6912,18.6915
6913,10.4964
6914,13.0374
6915,14.9021
6916,12.1429
6917,11.8656
6918,11.8737
6919,15.6689
6920,14.1482
6921,16.9466
6922,12.0060
6923,13.0789
6924,12.1808
6925,13.0684
6926,11.2836
6927,8.6403
6928,12.9178
6929,12.7952
6930,12.6185
6931,12.9972
6932,11.0700
6933,11.4596
6934,13.7041
6935,17.2365
6936,10.3424
6937,15.4998
6938,11.7621
6939,13.3355
6940,17.4658
6941,7.2579
6942,15.6670
6943,14.4494
6944,12.6960
6945,16.3682
6946,15.3852
6947,13.4368
6948,16.4766
6949,15.1167
6950,26.2830
6951,12.5358
6952,18.8162
6953,11.5886
6954,14.6122
6955,12.9557
6956,11.5421
6957,13.4404
6958,22.5747
6959,14.7552
6960,18.4913
6961,12.4209
6962,23.3660
6963,11.9264
6964,13.3493
6965,9.4821
6966,13.6776
6967,8.0125
6968,10.6680
6969,13.7711
6970,9.2738
6971,9.7346
6972,10.6828
6973,14.7080
6974,11.6475
6975,22.5337
6976,14.6222
6977,19.7618
6978,10.6964
6979,15.5606
6980,14.4117
6981,11.5776
6982,14.7042
6983,19.1767
6984,8.2750
6985,12.5139
6986,11.9779
6987,17.1018
6988,13.6771
6989,12.1255
6990,11.6038
6991,14.9627
6992,13.9639
6993,8.6911
6994,9.1751
6995,15.2946
6996,16.6783
6997,13.3605
6998,13.8214
6999,11.9028
7000,12.1124
7001,9.0179
7002,7.6094
7003,14.7817
7004,16.0778
7005,14.1985
7006,13.1593
7007,16.3639
7008,17.8175
7009,10.3981
7010,14.2469
7011,12.3255
7012,9.4209
7013,13.0117
7014,12.0475
7015,9.3508
7016,13.7975
7017,13.6809
7018,14.8740
7019,9.4271
7020,11.2739
7021,12.0428
7022,10.4783
7023,12.4071
7024,11.7729
7025,13.3972
7026,14.6081
7027,9.3424
7028,10.6416
7029,15.9321
7030,10.0691
7031,19.4042
7032,10.4203
7033,12.6646
7034,11.1685
7035,11.8592
7036,23.2289
7037,22.3005
7038,13.9427
7039,10.7334
7040,11.0207
7041,8.5025
7042,13.5436
7043,9.2218
7044,17.8535
7045,13.0482
7046,13.0429
7047,20.2336
7048,13.2296
7049,11.4622
7050,21.9755
7051,13.9635
7052,9.6126
7053,16.7539
7054,12.1701
7055,15.7089
7056,13.4723
7057,13.6960
7058,7.7596
7059,7.0336
7060,12.4757
7061,10.5333
7062,8.2035
7063,7.9935
7064,9.3582
7065,21.7245
7066,9.6591
7067,12.8274
7068,9.7592
7069,12.8901
7070,11.9350
7071,11.0555
7072,12.7027
7073,12.7199
7074,13.2096
7075,14.3881
7076,14.8928
7077,13.1514
7078,13.2649
7079,11.0457
7080,10.6952
7081,19.9168
7082,8.7945
7083,9.8903
7084,8.3096
7085,13.4916
7086,13.9771
7087,8.7824
7088,13.7084
7089,15.7976
7090,16.2046
7091,10.3078
7092,12.8424
7093,16.9971
7094,21.4944
7095,16.1378
7096,14.3328
7097,16.4680
7098,22.5255
7099,14.7755
7100,17.0422
7101,13.2253
7102,14.5864
7103,13.2961
7104,18.0840
7105,11.2095
7106,13.0897
7107,11.9650
7108,16.1324
7109,10.3211
7110,12.0413
7111,11.9884
7112,8.9486
7113,8.1820
7114,8.7373
7115,9.9394
7116,10.0548
7117,10.4239
7118,9.5823
7119,9.5677
7120,9.4736
7121,8.4243
7122,8.9324
7123,8.0941
7124,27.4351
7125,9.4366
7126,12.1496
7127,16.9134
7128,14.7634
7129,10.6337
7130,8.8210
7131,10.1469
7132,14.0178
7133,12.5542
7134,14.5693
7135,14.6675
7136,12.0435
7137,12.3293
7138,13.8066
7139,16.8908
7140,11.1921
7141,14.5838
7142,10.1078
7143,13.9787
7144,11.7271
7145,13.4022
7146,8.6467
7147,10.4575
7148,8.6505
7149,14.5004
7150,10.5007
7151,15.7740
7152,18.3363
7153,14.7343
7154,18.4555
7155,13.5190
7156,20.1066
7157,20.0758
7158,8.7085
7159,11.6794
7160,10.7253
7161,9.9385
7162,12.6064
7163,8.8503
7164,9.7110
7165,12.8121
7166,10.8466
7167,14.9031
7168,12.3436
7169,11.5950
7170,11.2593
7171,13.7689
7172,16.6388
7173,11.5051
7174,10.4339
7175,11.1492
7176,10.3602
7177,10.3147
7178,11.0691
7179,11.6382
7180,16.2346
7181,13.1271
7182,18.9474
7183,16.2168
7184,22.6755
7185,18.6076
7186,16.8791
7187,16.3054
7188,13.7396
7189,12.1763
7190,12.8181
7191,15.3594
7192,17.6766
7193,15.0719
7194,14.4613
7195,15.8494
7196,18.0614
7197,13.2878
7198,11.1408
7199,13.2258
7200,13.5236
7201,12.4743
7202,18.9128
7203,16.2950
7204,8.8115
7205,13.4842
7206,9.5570
7207,13.0868
7208,23.1092
7209,13.8144
7210,14.3032
7211,22.7075
7212,16.4495
7213,15.6798
7214,19.6917
7215,10.6888
7216,7.4639
7217,10.3149
7218,10.7210
7219,10.5546
7220,14.5409
7221,10.0870
7222,9.0487
7223,15.1410
7224,12.0380
7225,17.2582
7226,12.3160
7227,17.7679
7228,13.0162
7229,16.0749
7230,15.7268
7231,12.4669
7232,11.9224
7233,20.7953
7234,26.2506
7235,15.9674
7236,9.6214
7237,12.1074
7238,11.9326
7239,11.5347
7240,11.5099
7241,12.4683
7242,11.1392
7243,12.1520
7244,11.4231
7245,10.7160
7246,13.1114
7247,12.2955
7248,13.5972
7249,15.5971
7250,14.5695
7251,13.4442
7252,13.5980
7253,12.7645
7254,9.6509
7255,17.3862
7256,14.0190
7257,15.7948
7258,14.0228
7259,9.7313
7260,11.9565
7261,14.8308
7262,29.6683
7263,10.4296
7264,11.8275
7265,16.2849
7266,7.2088
7267,9.2432
7268,10.6897
7269,10.7334
7270,13.1221
7271,15.6257
7272,11.3959
7273,14.2732
7274,11.7044
7275,12.4319
7276,13.7525
7277,24.2407
7278,13.8373
7279,13.8848
7280,17.8709
7281,11.5736
7282,11.3325
7283,10.6928
7284,9.6517
7285,12.5861
7286,12.8405
7287,15.2462
7288,13.4206
7289,26.0615
7290,19.1879
7291,10.3660
7292,13.8829
7293,10.5982
7294,10.4041
7295,17.4427
7296,18.3320
7297,14.9820
7298,10.2899
7299,10.6187
7300,16.1185
7301,11.9181
7302,13.0231
7303,10.4046
7304,14.0777
7305,12.5697
7306,13.2489
7307,10.8705
7308,14.7789
7309,12.8372
7310,11.1127
7311,15.4555
7312,17.5993
7313,21.8468
7314,10.6246
7315,10.2792
7316,21.0838
7317,21.6229
7318,8.5766
7319,8.9402
7320,15.8029
7321,11.8651
7322,11.6425
7323,12.5000
7324,13.7529
7325,12.3546
7326,11.3065
7327,15.6708
7328,12.3532
7329,10.8471
7330,11.1713
7331,18.7829
7332,9.6419
7333,8.5282
7334,15.2965
7335,14.7374
7336,16.8421
7337,11.3680
7338,19.2850
7339,14.9527
7340,15.1362
7341,14.7221
7342,13.2635
7343,10.5159
7344,20.7911
7345,20.5572
7346,13.6843
7347,11.5991
7348,11.3809
7349,14.6999
7350,19.6786
7351,12.8295
7352,14.1582
7353,9.8126
7354,9.9084
7355,10.4239
7356,17.2591
7357,11.7953
7358,11.8153
7359,11.4961
7360,18.3840
7361,13.0010
7362,12.2542
7363,11.6446
7364,10.8092
7365,13.9892
7366,11.3804
7367,10.6256
7368,16.2044
7369,14.4162
7370,13.0861
7371,12.9924
7372,18.4391
7373,19.3400
7374,17.9639
7375,11.1632
7376,16.2549
7377,15.5194
7378,17.8797
7379,12.1152
7380,10.4127
7381,10.0949
7382,17.8072
7383,12.8911
7384,15.3036
7385,12.0065
7386,14.7641
7387,11.9455
7388,14.5473
7389,14.6012
7390,12.0516
7391,11.5962
7392,12.0275
7393,14.1122
7394,11.9309
7395,15.3849
7396,13.3858
7397,17.1623
7398,13.5489
7399,12.4676
7400,24.1127
7401,14.5359
7402,15.3005
7403,12.8994
7404,16.8235
7405,15.5401
7406,12.2612
7407,14.7746
7408,18.3225
7409,15.9707
7410,11.6649
7411,18.7933
7412,10.0162
7413,12.8248
7414,16.2108
7415,13.4377
7416,18.3902
7417,16.4912
7418,18.7564
7419,13.1576
7420,14.4873
7421,12.6097
7422,13.0107
7423,13.1948
7424,12.4128
7425,12.6715
7426,12.3491
7427,13.3061
7428,20.2374
7429,17.4804
7430,10.3817
7431,16.5157
7432,16.2082
7433,16.3708
7434,12.3525
7435,17.7519
7436,13.2303
7437,14.4677
7438,16.3970
7439,7.3831
7440,8.2202
7441,8.9183
7442,8.2233
7443,9.5906
7444,9.0544
7445,9.1505
7446,10.5908
7447,11.2703
7448,9.5448
7449,16.8753
7450,13.7928
7451,11.4784
7452,12.7177
7453,24.0417
7454,18.9943
7455,15.6865
7456,14.5512
7457,17.8540
7458,14.7872
7459,18.2092
7460,12.9998
7461,15.0790
7462,15.1379
7463,17.1108
7464,13.5379
7465,10.5417
7466,14.2634
7467,18.5816
7468,13.0577
7469,11.5206
7470,12.7971
7471,17.1156
7472,9.9773
7473,20.1125
7474,13.0131
7475,13.9706
7476,12.9840
7477,12.0811
7478,9.6612
7479,16.2807
7480,20.2370
7481,15.2104
7482,15.6887
7483,12.7301
7484,16.6864
7485,21.6286
7486,11.9724
7487,12.0089
7488,11.0195
7489,7.5359
7490,9.4080
7491,9.0959
7492,8.6963
7493,8.4276
7494,8.8539
7495,8.3225
7496,7.1340
7497,10.1795
7498,12.4724
7499,13.3867
7500,12.0146
7501,11.5228
7502,15.1100
7503,17.7941
7504,11.8496
7505,14.8163
7506,9.9607
7507,21.1725
7508,15.1541
7509,14.4172
7510,15.8336
7511,16.5346
7512,11.6367
7513,15.9636
7514,16.6717
7515,17.4725
7516,18.1637
7517,13.6685
7518,15.1834
7519,13.4747
7520,24.0610
7521,9.3238
7522,11.4038
7523,13.8640
7524,10.9851
7525,11.1747
7526,11.1225
7527,16.0620
7528,15.5263
7529,12.8093
7530,8.2097
7531,13.7842
7532,12.1067
7533,12.2316
7534,14.0226
7535,15.0070
7536,20.8366
7537,13.7470
7538,16.2694
7539,14.4358
7540,12.1808
7541,12.9421
7542,10.5226
7543,12.7444
7544,11.7221
7545,11.4169
7546,12.9595
7547,12.0361
7548,14.5037
7549,15.8727
7550,13.6652
7551,13.0990
7552,13.0758
7553,10.3374
7554,12.2147
7555,18.6145
7556,13.0687
7557,11.0044
7558,8.3115
7559,12.9037
7560,13.2430
7561,12.3672
7562,10.9460
7563,12.7189
7564,11.7743
7565,18.2734
7566,19.1395
7567,12.4581
7568,17.7100
7569,13.2587
7570,11.8127
7571,12.3558
7572,11.5998
7573,11.0078
7574,17.1020
7575,12.3103
7576,13.4397
7577,14.7932
7578,12.8191
7579,10.3748
7580,12.8396
7581,8.8427
7582,16.5215
7583,11.3850
7584,17.7944
7585,6.9666
7586,16.6233
7587,15.1091
7588,16.3858
7589,11.4615
7590,17.1950
7591,13.0558
7592,13.3123
7593,13.3510
7594,23.2894
7595,9.3372
7596,15.1424
7597,15.5470
7598,20.4711
7599,14.9667
7600,10.9515
7601,10.7100
7602,13.9484
7603,16.7458
7604,11.4496
7605,9.9514
7606,10.2372
7607,10.7555
7608,10.7961
7609,12.6595
7610,10.4010
7611,15.5494
7612,12.8813
7613,12.1551
7614,11.7743
7615,10.4332
7616,11.6417
7617,11.6901
7618,13.7384
7619,13.9141
7620,17.0596
7621,12.3615
7622,18.9164
7623,8.4622
7624,12.1124
7625,10.2553
7626,14.7002
7627,14.4601
7628,16.4323
7629,8.0872
7630,10.3915
7631,10.0820
7632,10.0639
7633,11.7807
7634,11.0865
7635,13.6998
7636,16.5906
7637,10.8573
7638,11.1823
7639,14.6079
7640,13.8104
7641,13.5074
7642,18.4026
7643,9.9716
7644,11.5421
7645,11.3325
7646,12.3873
7647,13.8578
7648,10.0694
7649,9.5947
7650,10.6993
7651,8.4345
7652,11.2119
7653,26.5906
7654,10.7722
7655,16.6683
7656,15.5840
7657,11.7939
7658,16.4070
7659,11.6248
7660,10.5853
7661,18.1310
7662,12.3053
7663,14.8468
7664,16.9618
7665,14.4126
7666,6.8543
7667,7.8437
7668,8.0664
7669,7.3783
7670,7.4563
7671,7.2889
7672,10.3500
7673,7.9639
7674,7.4224
7675,6.9456
7676,10.8078
7677,9.5913
7678,7.9377
7679,11.3797
7680,16.5057
7681,12.3737
7682,13.2694
7683,12.7656
7684,14.2276
7685,16.4015
7686,25.2953
7687,19.4221
7688,18.5449
7689,13.5062
7690,12.9192
7691,12.4109
7692,12.9220
7693,12.9242
7694,9.7876
7695,13.7522
7696,14.6832
7697,15.7743
7698,13.9959
7699,12.4257
7700,15.2555
7701,12.7273
7702,13.8059
7703,11.4748
7704,11.6661
7705,12.5628
7706,11.6651
7707,13.1149
7708,11.4563
7709,14.5187
7710,13.0746
7711,13.9790
7712,28.5726
7713,26.9802
7714,16.3975
7715,15.5485
7716,14.4057
7717,12.4824
7718,13.3204
7719,9.7456
7720,11.2123
7721,16.3460
7722,17.6816
7723,11.6098
7724,10.8154
7725,13.9327
7726,12.8467
7727,12.2619
7728,15.4221
7729,10.8364
7730,16.9141
7731,18.8191
7732,17.7121
7733,16.6478
7734,12.5151
7735,15.3742
7736,16.4759
7737,12.2697
7738,17.4215
7739,16.8409
7740,19.1834
7741,15.5358
7742,13.4261
7743,12.7180
7744,17.2222
7745,10.6096
7746,13.2871
7747,12.4059
7748,63.1702
7749,10.5968
7750,12.0108
7751,12.3804
7752,10.4737
7753,12.1200
7754,10.6561
7755,10.8552
7756,10.9839
7757,11.2240
7758,12.5506
7759,11.0734
7760,14.8211
7761,110.6949
7762,9.4399
7763,14.9980
7764,14.4246
7765,10.3254
7766,12.4876
7767,14.0631
7768,9.9289
7769,12.4707
7770,13.9940
7771,18.1701
7772,11.2622
7773,11.7908
7774,11.4734
7775,10.6218
7776,10.3977
7777,9.2707
7778,11.2681
7779,9.7432
7780,13.5329
7781,11.8515
7782,18.3229
7783,14.8668
7784,14.7998
7785,13.9368
7786,13.0019
7787,12.4731
7788,13.3467
7789,12.7528
7790,12.7714
7791,14.6508
7792,20.9501
7793,11.1918
7794,17.5962
7795,21.6565
7796,16.5431
7797,12.6407
7798,11.8129
7799,11.7936
7800,15.4860
7801,12.0559
7802,12.1953
7803,11.3976
7804,14.8742
7805,14.4036
7806,15.7104
7807,10.9093
7808,16.5775
7809,12.4846
7810,13.0134
7811,13.0551
7812,13.8450
7813,26.0482
7814,12.1062
7815,15.0764
7816,20.1213
7817,10.9434
7818,15.6815
7819,18.5976
7820,19.6199
7821,20.7765
7822,22.1629
7823,16.3820
7824,18.8968
7825,18.0876
7826,12.0864
7827,14.3461
7828,18.7035
7829,11.3063
7830,16.7992
7831,14.3249
7832,9.5117
7833,15.8050
7834,9.4681
7835,13.0847
7836,8.3463
7837,7.9119
7838,9.0322
7839,10.4620
7840,15.2376
7841,9.2928
7842,8.3532
7843,8.0023
7844,8.5776
7845,10.3641
7846,7.2615
7847,11.0288
7848,13.9813
7849,21.5404
7850,10.0524
7851,18.9681
7852,12.0988
7853,14.2651
7854,15.7347
7855,10.0183
7856,11.8685
7857,11.9441
7858,14.2999
7859,9.9242
7860,17.1187
7861,8.0287
7862,10.9596
7863,12.7189
7864,10.2117
7865,11.4844
7866,11.2188
7867,12.0170
7868,14.0109
7869,10.2072
7870,15.3353
7871,13.8524
7872,17.4818
7873,13.7410
7874,11.1027
7875,12.3017
7876,14.7824
7877,11.0114
7878,16.6366
7879,16.9907
7880,14.3211
7881,13.1655
7882,14.2648
7883,15.7223
7884,9.9609
7885,20.0670
7886,14.1714
7887,14.3008
7888,14.0219
7889,20.9594
7890,13.7401
7891,16.5443
7892,9.1012
7893,11.3208
7894,11.0514
7895,12.3253
7896,11.0254
7897,15.3482
7898,12.3103
7899,15.3925
7900,19.4976
7901,16.3765
7902,12.8617
7903,7.4341
7904,14.6282
7905,10.8864
7906,14.2488
7907,17.6804
7908,16.4356
7909,17.4773
7910,9.0342
7911,10.6685
7912,11.2565
7913,12.3158
7914,8.8806
7915,12.3186
7916,13.6993
7917,10.7987
7918,18.5421
7919,14.4064
7920,14.7524
7921,15.6708
7922,15.6157
7923,13.0022
7924,14.1916
7925,12.2705
7926,13.0856
7927,15.3069
7928,12.8071
7929,13.5465
7930,17.8244
7931,19.3968
7932,14.0831
7933,11.1995
7934,13.2284
7935,10.8206
7936,10.2525
7937,10.4945
7938,13.1888
7939,16.7124
7940,11.6899
7941,12.5370
7942,12.8183
7943,14.1904
7944,16.1951
7945,14.5197
7946,12.9607
7947,13.7761
7948,17.9429
7949,10.7541
7950,13.5362
7951,14.1690
7952,13.1826
7953,15.5375
7954,12.0211
7955,12.6607
7956,16.5048
7957,15.7468
7958,26.1905
7959,14.7688
7960,15.5883
7961,14.5030
7962,12.5794
7963,12.6417
