id,t_pub_ms,qos
1,23.5167,-1
2,32.6507,-1
3,118.7983,-1
4,142.2410,-1
5,145.5376,-1
6,163.4424,-1
7,193.2139,-1
8,221.7708,-1
9,240.6397,-1
10,260.7989,-1
11,344.1288,-1
12,376.8938,-1
13,494.8895,-1
14,495.6098,-1
15,557.6382,-1
16,557.3936,-1
17,558.3906,-1
18,557.4379,-1
19,556.8576,-1
20,556.5391,-1
21,554.9300,-1
22,611.4094,-1
23,644.9425,-1
24,702.2479,-1
25,731.1792,-1
26,810.6270,-1
27,826.7314,-1
28,851.8910,-1
29,850.6954,-1
30,849.5278,-1
31,848.5918,-1
32,848.1214,-1
33,849.3638,-1
34,849.5648,-1
35,849.6139,-1
36,883.9819,-1
37,938.4470,-1
38,955.3983,-1
39,977.3421,-1
40,977.0215,-1
41,1042.1810,-1
42,1056.0181,-1
43,1089.2606,-1
44,1204.0300,-1
45,1202.5588,-1
46,1203.2118,-1
47,1211.6475,-1
48,1210.5381,-1
49,1208.5805,-1
50,1210.6421,-1
51,1307.3568,-1
52,1404.4912,-1
53,1454.9510,-1
54,1661.9985,-1
55,1661.2742,-1
56,1660.6176,-1
57,1662.8363,-1
58,1762.9237,-1
59,1847.0266,-1
60,1847.3625,-1
61,1855.4263,-1
62,1854.4364,-1
63,1854.2829,-1
64,1854.9418,-1
65,1854.7096,-1
66,1855.9906,-1
67,1856.6117,-1
68,1856.7717,-1
69,1857.7080,-1
70,1859.2989,-1
71,1861.2335,-1
72,1862.9217,-1
73,1978.2882,-1
74,1978.3461,-1
75,1976.5861,-1
76,1974.7519,-1
77,1974.0002,-1
78,1975.1403,-1
79,1976.1558,-1
80,1975.2491,-1
81,1974.4070,-1
82,1974.5553,-1
83,1974.0672,-1
84,1974.0217,-1
85,1972.6393,-1
86,1974.4492,-1
87,1973.4449,-1
88,1972.4305,-1
89,1971.4658,-1
90,1969.3427,-1
91,1969.8737,-1
92,2048.0411,-1
93,2047.6465,-1
94,2113.7762,-1
95,2183.9271,-1
96,2184.2463,-1
97,2184.2942,-1
98,2188.1800,-1
99,2187.1960,-1
100,2187.1121,-1
101,2186.3365,-1
102,2187.0866,-1
103,2187.0711,-1
104,2187.1459,-1
105,2186.4765,-1
106,2187.3405,-1
107,2189.8534,-1
108,2191.1726,-1
109,2273.7491,-1
110,2417.4666,-1
111,2413.3742,-1
112,2414.7389,-1
113,2413.5103,-1
114,2413.6200,-1
115,2413.5373,-1
116,2416.5621,-1
117,2416.2714,-1
118,2419.2042,-1
119,2423.7025,-1
120,2423.0163,-1
121,2424.4370,-1
122,2425.1745,-1
123,2426.6589,-1
124,2426.2750,-1
125,2426.4836,-1
126,2426.6527,-1
127,2429.8756,-1
128,2470.7847,-1
129,2488.7114,-1
130,2532.1498,-1
131,2582.3388,-1
132,2582.5708,-1
133,2584.8031,-1
134,2584.0943,-1
135,2584.6496,-1
136,2585.5618,-1
137,2586.0779,-1
138,2589.0570,-1
139,2666.6684,-1
140,2668.3433,-1
141,2668.9603,-1
142,2670.4762,-1
143,2732.6024,-1
144,2733.2425,-1
145,2734.4625,-1
146,2735.8167,-1
147,2735.8105,-1
148,2736.7914,-1
149,2736.7730,-1
150,2737.8585,-1
151,2744.7104,-1
152,2743.2745,-1
153,2741.8218,-1
154,2756.2666,-1
155,2792.1386,-1
156,2793.6378,-1
157,2794.5786,-1
158,2957.4213,-1
159,3054.3208,-1
160,3056.1817,-1
161,3056.8142,-1
162,3059.7856,-1
163,3060.9894,-1
164,3062.7739,-1
165,3065.1739,-1
166,3068.0034,-1
167,3074.0554,-1
168,3073.1018,-1
169,3077.4162,-1
170,3084.0852,-1
171,3167.0146,-1
172,3166.2931,-1
173,3166.6489,-1
174,3166.7049,-1
175,3164.3031,-1
176,3164.8083,-1
177,3166.0922,-1
178,3167.9144,-1
179,3168.9205,-1
180,3257.8394,-1
181,3259.2936,-1
182,3259.5522,-1
183,3259.1598,-1
184,3259.8991,-1
185,3260.6251,-1
186,3260.5367,-1
187,3259.5503,-1
188,3260.9417,-1
189,3261.5106,-1
190,3262.7919,-1
191,3263.8464,-1
192,3263.4654,-1
193,3268.3837,-1
194,3539.6137,-1
195,3539.9821,-1
196,3540.0352,-1
197,3540.5033,-1
198,3541.0903,-1
199,3572.0387,-1
200,3572.4921,-1
201,3572.5119,-1
202,3804.0073,-1
203,3803.7026,-1
204,3803.9420,-1
205,3804.4333,-1
206,3804.8043,-1
207,3805.4600,-1
208,3806.5627,-1
209,3806.9606,-1
210,3806.7551,-1
211,3806.4990,-1
212,3807.1353,-1
213,3807.2753,-1
214,3807.9851,-1
215,3792.0868,-1
216,3784.3256,-1
217,3739.4450,-1
218,3913.9276,-1
219,3914.4328,-1
220,3911.0136,-1
221,3910.9640,-1
222,3911.0360,-1
223,3911.5150,-1
224,3912.0655,-1
225,3912.4653,-1
226,3912.8582,-1
227,3913.2855,-1
228,3913.6810,-1
229,3914.9704,-1
230,3915.4003,-1
231,3915.5145,-1
232,3915.5197,-1
233,3916.0261,-1
234,3988.9371,-1
235,4089.0629,-1
236,4089.9885,-1
237,4089.4723,-1
238,4089.4110,-1
239,4089.8018,-1
240,4090.0819,-1
241,4089.6111,-1
242,4092.1967,-1
243,4091.3329,-1
244,4090.6007,-1
245,4089.7589,-1
246,4089.2797,-1
247,4088.2418,-1
248,4087.7423,-1
249,4087.0674,-1
250,4087.5721,-1
251,4087.5881,-1
252,4113.9994,-1
253,4113.3635,-1
254,4112.8302,-1
255,4114.2802,-1
256,4114.5751,-1
257,4114.9011,-1
258,4114.4946,-1
259,4117.3940,-1
260,4116.7727,-1
261,4443.3548,-1
262,4444.3064,-1
263,4425.7200,-1
264,4416.5092,-1
265,4413.4338,-1
266,4407.5460,-1
267,4397.7065,-1
268,4386.9829,-1
269,4383.4968,-1
270,4384.6467,-1
271,4368.0599,-1
272,4367.8379,-1
273,4367.4307,-1
274,4367.5201,-1
275,4367.7142,-1
276,4368.1154,-1
277,4412.9093,-1
278,4414.4571,-1
279,4416.5215,-1
280,4497.9069,-1
281,4499.3899,-1
282,4500.1984,-1
283,4501.0223,-1
284,4501.4434,-1
285,4502.2941,-1
286,4502.9106,-1
287,4503.7124,-1
288,4504.1990,-1
289,4504.5419,-1
290,4505.4734,-1
291,5661.4890,-1
292,5669.4636,-1
293,5668.7682,-1
294,5668.1356,-1
295,5670.0203,-1
296,5669.3974,-1
297,5668.8273,-1
298,5668.0431,-1
299,5667.0682,-1
300,5667.5367,-1
301,5667.4309,-1
302,5667.5990,-1
303,5667.7103,-1
304,5666.9919,-1
305,5666.8196,-1
306,5666.5347,-1
307,5666.2388,-1
308,5665.2081,-1
309,5664.0780,-1
310,5663.6651,-1
311,5662.5731,-1
312,5662.0693,-1
313,5661.8354,-1
314,5660.2595,-1
315,5659.9834,-1
316,5659.5402,-1
317,5658.3986,-1
318,5657.0973,-1
319,5656.3549,-1
320,5656.2626,-1
321,5655.2782,-1
322,5654.1998,-1
323,5652.9031,-1
324,5651.9611,-1
325,5651.6721,-1
326,5651.1264,-1
327,5650.6968,-1
328,5651.8207,-1
329,6856.1058,-1
330,6856.7669,-1
331,6857.4710,-1
332,6858.2044,-1
333,6857.3289,-1
334,6856.5178,-1
335,6856.3068,-1
336,6857.0824,-1
337,6856.7042,-1
338,6856.1726,-1
339,6855.8297,-1
340,6855.4125,-1
341,6853.6928,-1
342,6853.4036,-1
343,6853.1973,-1
344,6852.8912,-1
345,6852.4163,-1
346,6852.1335,-1
347,6851.8300,-1
348,6851.5468,-1
349,6852.2966,-1
350,6851.7439,-1
351,6851.0160,-1
352,6850.7581,-1
353,6850.3325,-1
354,6849.0469,-1
355,6848.5651,-1
356,6847.6791,-1
357,6847.7116,-1
358,6847.2290,-1
359,6846.8575,-1
360,6846.4046,-1
361,6845.7460,-1
362,6845.4864,-1
363,6845.1359,-1
364,6845.0565,-1
365,6844.6100,-1
366,6843.3208,-1
367,6842.8526,-1
368,6842.2742,-1
369,6841.7354,-1
370,6840.9278,-1
371,6840.4667,-1
372,6840.1265,-1
373,6839.5650,-1
374,6838.7630,-1
375,6837.7936,-1
376,6835.5448,-1
377,6834.9395,-1
378,6835.0248,-1
379,6834.0998,-1
380,6833.6289,-1
381,6833.0209,-1
382,6832.7191,-1
383,6832.2937,-1
384,6831.8214,-1
385,6831.1255,-1
386,6830.6959,-1
387,6830.7102,-1
388,6830.3115,-1
389,6830.0788,-1
390,6830.1568,-1
391,6829.7262,-1
392,6829.6263,-1
393,6829.1130,-1
394,6828.6560,-1
395,6828.5310,-1
396,6828.4888,-1
397,6828.0394,-1
398,6828.0499,-1
399,6828.0168,-1
400,6827.7028,-1
401,6827.6470,-1
402,6827.5270,-1
403,6827.9073,-1
404,6827.2607,-1
405,6827.1828,-1
406,6827.0981,-1
407,6827.0931,-1
408,6826.8676,-1
409,6823.6768,-1
410,6827.0183,-1
411,6830.6484,-1
412,6833.6382,-1
413,6843.3173,-1
414,6844.7280,-1
415,6845.1722,-1
416,6845.5341,-1
417,6845.1817,-1
418,6845.2675,-1
419,6845.4988,-1
420,6844.8143,-1
421,6845.1717,-1
422,6853.4188,-1
423,6866.1299,-1
424,6872.4396,-1
425,6871.3942,-1
426,6870.7016,-1
427,6866.4341,-1
428,6864.0280,-1
429,6863.3947,-1
430,6862.3552,-1
431,6861.5956,-1
432,6860.8606,-1
433,6860.2898,-1
434,6859.4646,-1
435,6858.8214,-1
436,6858.1405,-1
437,6857.5490,-1
438,6856.9565,-1
439,6856.2212,-1
440,6854.3591,-1
441,6853.6177,-1
442,6853.0180,-1
443,6852.1874,-1
444,6851.5830,-1
445,6850.8756,-1
446,6850.1737,-1
447,6849.5092,-1
448,6848.8379,-1
449,6844.1625,-1
450,6843.4701,-1
451,6842.9084,-1
452,6842.2408,-1
453,6841.5761,-1
454,6840.9605,-1
455,6840.2562,-1
456,6839.5448,-1
457,6838.9750,-1
458,6838.0032,-1
459,6837.3673,-1
460,6836.7302,-1
461,6834.9817,-1
462,6834.3976,-1
463,6833.7829,-1
464,6832.8495,-1
465,6832.1238,-1
466,6831.4142,-1
467,6830.6546,-1
468,6829.4892,-1
469,6828.6424,-1
470,6828.0368,-1
471,6827.3098,-1
472,6826.4384,-1
473,6825.2890,-1
474,6824.4808,-1
475,6823.9920,-1
476,6823.0209,-1
477,6822.0935,-1
478,6821.4910,-1
479,6820.9364,-1
480,6820.3323,-1
481,6819.5996,-1
482,6818.9042,-1
483,6725.3809,-1
484,6698.8707,-1
485,6611.0816,-1
486,6513.4106,-1
487,6508.6372,-1
488,6504.6332,-1
489,6503.0251,-1
490,6454.2108,-1
491,6320.2202,-1
492,6280.5233,-1
493,6249.3458,-1
494,6246.7446,-1
495,6197.5932,-1
496,6256.5510,-1
497,6257.4735,-1
498,6257.1552,-1
499,6258.0550,-1
500,6255.8718,-1
501,6256.8686,-1
502,6255.1219,-1
503,6253.6495,-1
504,6253.1390,-1
505,6252.6960,-1
506,6252.3060,-1
507,6252.1286,-1
508,6253.5019,-1
509,6252.3451,-1
510,6251.0271,-1
511,6250.8121,-1
512,6250.3531,-1
513,6249.7909,-1
514,6249.9807,-1
515,6249.2490,-1
516,6248.8358,-1
517,6248.3974,-1
518,6248.1575,-1
519,6374.9828,-1
520,6374.9998,-1
521,6375.5720,-1
522,6374.5475,-1
523,6376.3227,-1
524,6375.3183,-1
525,6374.4440,-1
526,6373.9223,-1
527,6373.2564,-1
528,6372.5784,-1
529,6372.5812,-1
530,6372.2439,-1
531,6371.5250,-1
532,6373.4481,-1
533,6373.5535,-1
534,6372.9520,-1
535,6373.9886,-1
536,6373.8835,-1
537,6374.0854,-1
538,6374.9094,-1
539,6373.9898,-1
540,6372.6397,-1
541,6370.8801,-1
542,6369.9701,-1
543,6443.6765,-1
544,6442.7457,-1
545,6441.8094,-1
546,6440.9711,-1
547,6439.9457,-1
548,6438.9236,-1
549,6438.0047,-1
550,6437.0835,-1
551,6436.5809,-1
552,6435.3902,-1
553,6434.1097,-1
554,6433.1291,-1
555,6432.4996,-1
556,6431.7551,-1
557,6431.7784,-1
558,6431.6533,-1
559,6431.1047,-1
560,6430.6738,-1
561,6429.9116,-1
562,6429.8985,-1
563,6429.9490,-1
564,6430.0954,-1
565,6429.0731,-1
566,6508.9383,-1
567,6507.9136,-1
568,6507.0119,-1
569,6506.2721,-1
570,6506.0527,-1
571,6506.1131,-1
572,6505.3239,-1
573,6505.6024,-1
574,6505.1997,-1
575,6504.9736,-1
576,6504.0746,-1
577,6503.2406,-1
578,6503.1552,-1
579,6502.8508,-1
580,6505.0492,-1
581,6504.1358,-1
582,6503.9778,-1
583,6503.0527,-1
584,6502.5227,-1
585,6501.6880,-1
586,6500.4549,-1
587,6499.8188,-1
588,6500.3047,-1
589,6499.8231,-1
590,6522.3138,-1
591,6521.9374,-1
592,6521.5449,-1
593,6521.1370,-1
594,6520.5529,-1
595,6520.1349,-1
596,6519.9811,-1
597,6519.6743,-1
598,6519.2857,-1
599,6519.2227,-1
600,6519.0923,-1
601,6518.9359,-1
602,6518.4178,-1
603,6517.9884,-1
604,6517.7402,-1
605,6517.3895,-1
606,6517.3092,-1
607,6517.2367,-1
608,6517.0186,-1
609,6516.4037,-1
610,6516.2501,-1
611,6516.1030,-1
612,6514.3833,-1
613,6989.9113,-1
614,6972.7867,-1
615,6956.1210,-1
616,6951.3557,-1
617,6949.8711,-1
618,6949.2884,-1
619,6947.8052,-1
620,6946.6445,-1
621,6946.2583,-1
622,6945.2457,-1
623,6943.4319,-1
624,6943.7003,-1
625,6948.0045,-1
626,6944.0854,-1
627,6936.0278,-1
628,6929.7187,-1
629,6930.8877,-1
630,6931.5507,-1
631,6931.8438,-1
632,6934.5109,-1
633,6934.8874,-1
634,6955.0302,-1
635,6956.7516,-1
636,6922.4796,-1
637,6902.5166,-1
638,6902.8294,-1
639,6902.8211,-1
640,6903.3179,-1
641,6903.1553,-1
642,6902.7390,-1
643,6902.8282,-1
644,6903.2586,-1
645,6902.8742,-1
646,6903.0237,-1
647,6903.4412,-1
648,6903.4421,-1
649,6903.3196,-1
650,6902.5786,-1
651,6902.1637,-1
652,6901.6652,-1
653,6902.0798,-1
654,6902.2131,-1
655,6902.1468,-1
656,6901.9916,-1
657,6901.7684,-1
658,6901.1977,-1
659,6901.3152,-1
660,6901.6461,-1
661,6901.1493,-1
662,6901.9303,-1
663,6901.1421,-1
664,6901.2890,-1
665,6900.2974,-1
666,6900.3232,-1
667,6900.3205,-1
668,6900.4498,-1
669,6900.8610,-1
670,6899.7791,-1
671,6899.2372,-1
672,6897.4888,-1
673,6897.4679,-1
674,6896.1964,-1
675,6894.1560,-1
676,6892.8757,-1
677,6890.0070,-1
678,6889.6956,-1
679,6887.5299,-1
680,6884.0227,-1
681,6883.8530,-1
682,6882.7055,-1
683,6881.4795,-1
684,6881.6199,-1
685,6879.6933,-1
686,6874.4066,-1
687,6872.4618,-1
688,6871.2234,-1
689,6870.0290,-1
690,6869.7929,-1
691,6869.9281,-1
692,6870.0356,-1
693,6866.2193,-1
694,6866.6236,-1
695,6865.0150,-1
696,6863.1308,-1
697,6858.7308,-1
698,6856.7836,-1
699,6856.0400,-1
700,6856.9374,-1
701,6855.6325,-1
702,6855.0661,-1
703,6856.1060,-1
704,6853.9569,-1
705,6853.4725,-1
706,6851.8863,-1
707,6852.1435,-1
708,6851.8867,-1
709,6848.5622,-1
710,6848.5441,-1
711,6848.0341,-1
712,6847.8403,-1
713,6847.4183,-1
714,6847.2257,-1
715,6846.8919,-1
716,6845.8545,-1
717,6845.8972,-1
718,6850.0986,-1
719,6850.1287,-1
720,6849.7138,-1
721,6849.4258,-1
722,6849.5185,-1
723,6848.8243,-1
724,6848.4552,-1
725,6848.3460,-1
726,6848.0744,-1
727,6847.3380,-1
728,6846.6282,-1
729,6843.7269,-1
730,6843.1776,-1
731,6843.2636,-1
732,6842.9446,-1
733,6844.6949,-1
734,6844.0289,-1
735,6843.6131,-1
736,6843.2555,-1
737,6842.4110,-1
738,6841.9781,-1
739,6841.7091,-1
740,6841.4161,-1
741,6841.2178,-1
742,6841.4259,-1
743,6836.0744,-1
744,6835.4082,-1
745,6841.1138,-1
746,6840.0786,-1
747,6839.3650,-1
748,6835.7985,-1
749,6834.7933,-1
750,6835.4001,-1
751,6834.4564,-1
752,6834.5861,-1
753,6835.1333,-1
754,6834.4789,-1
755,6834.2516,-1
756,6834.3446,-1
757,6834.1074,-1
758,6834.0795,-1
759,6833.6787,-1
760,6833.5788,-1
761,6830.3266,-1
762,6830.3950,-1
763,6830.0560,-1
764,6830.0922,-1
765,6829.8199,-1
766,6830.5995,-1
767,6830.5423,-1
768,6830.2135,-1
769,6830.1215,-1
770,6830.0409,-1
771,6829.7586,-1
772,6829.3800,-1
773,6828.7473,-1
774,6827.9316,-1
775,6823.7429,-1
776,6823.4415,-1
777,6822.7632,-1
778,6822.2511,-1
779,6821.8737,-1
780,6821.8746,-1
781,6821.7242,-1
782,6826.5440,-1
783,6826.1607,-1
784,6825.8107,-1
785,6849.3176,-1
786,6849.7431,-1
787,6849.2701,-1
788,6849.8931,-1
789,6849.6552,-1
790,6848.9931,-1
791,6848.7134,-1
792,6850.6186,-1
793,6850.2944,-1
794,6849.8604,-1
795,6849.5812,-1
796,6849.3547,-1
797,6848.9769,-1
798,6848.3322,-1
799,6847.6119,-1
800,6847.0466,-1
801,6846.3285,-1
802,6845.8056,-1
803,6845.2969,-1
804,6845.1247,-1
805,6844.6667,-1
806,6844.6279,-1
807,6843.8280,-1
808,6838.8529,-1
809,6837.3828,-1
810,6836.6563,-1
811,6835.0010,-1
812,6834.5518,-1
813,6833.7922,-1
814,6833.4684,-1
815,6830.3230,-1
816,6829.8824,-1
817,6829.0691,-1
818,6812.3724,-1
819,6812.1769,-1
820,6811.6078,-1
821,6810.6427,-1
822,6810.3218,-1
823,6809.5798,-1
824,6809.4995,-1
825,6809.0777,-1
826,6808.5454,-1
827,6802.5048,-1
828,6802.0902,-1
829,6801.8453,-1
830,6800.9934,-1
831,6800.2927,-1
832,6799.9828,-1
833,6799.5226,-1
834,6798.3572,-1
835,6798.1281,-1
836,6798.6350,-1
837,6798.3894,-1
838,6798.1262,-1
839,6797.8716,-1
840,6798.5308,-1
841,6798.7080,-1
842,6797.9293,-1
843,6797.7676,-1
844,6797.3614,-1
845,6796.6976,-1
846,6796.3908,-1
847,6796.1187,-1
848,6795.0692,-1
849,6794.7702,-1
850,6792.2051,-1
851,6790.1759,-1
852,6789.0549,-1
853,6791.8463,-1
854,6789.5565,-1
855,6787.8215,-1
856,6786.6693,-1
857,6784.5128,-1
858,6782.4800,-1
859,6778.9593,-1
860,6775.4972,-1
861,6770.0045,-1
862,6769.8770,-1
863,6762.3999,-1
864,6759.0547,-1
865,6754.1883,-1
866,6753.2506,-1
867,6750.1729,-1
868,6748.2560,-1
869,6746.4883,-1
870,6743.5818,-1
871,6742.0144,-1
872,6738.6575,-1
873,6733.4034,-1
874,6729.8865,-1
875,6724.4787,-1
876,6723.2807,-1
877,6723.2089,-1
878,6722.0197,-1
879,6718.4434,-1
880,6716.8291,-1
881,6712.7678,-1
882,6710.6247,-1
883,6709.9686,-1
884,6708.3311,-1
885,6705.8635,-1
886,6709.6095,-1
887,6708.6449,-1
888,6705.9720,-1
889,6705.0419,-1
890,6701.8507,-1
891,6699.8606,-1
892,6697.8869,-1
893,6696.9972,-1
894,6694.9804,-1
895,6693.1241,-1
896,6693.3091,-1
897,6690.8479,-1
898,6688.8287,-1
899,6685.7007,-1
900,6683.6355,-1
901,6681.6249,-1
902,6681.0908,-1
903,6679.6131,-1
904,6679.4615,-1
905,6675.6365,-1
906,6675.2954,-1
907,6675.3087,-1
908,6676.0106,-1
909,6675.2913,-1
910,6675.0097,-1
911,6674.8343,-1
912,6670.9628,-1
913,6664.4032,-1
914,6663.8114,-1
915,6662.9534,-1
916,6660.5327,-1
917,6660.3651,-1
918,6660.4135,-1
919,6658.9334,-1
920,6657.1088,-1
921,6657.5217,-1
922,6657.0821,-1
923,6652.6678,-1
924,6652.2882,-1
925,6650.4471,-1
926,6647.6417,-1
927,6647.3126,-1
928,6645.0975,-1
929,6642.8087,-1
930,6795.1989,-1
931,6673.2090,-1
932,6816.3712,-1
933,6811.6326,-1
934,6810.2345,-1
935,6810.4510,-1
936,6809.8676,-1
937,6803.1235,-1
938,6798.9020,-1
939,6798.4078,-1
940,6797.2834,-1
941,6796.5202,-1
942,6794.5800,-1
943,6791.9111,-1
944,6790.3373,-1
945,6788.7566,-1
946,6788.3489,-1
947,6784.9584,-1
948,6784.5268,-1
949,6781.9319,-1
950,6780.6437,-1
951,6778.3234,-1
952,6777.8153,-1
953,6777.5917,-1
954,6776.2427,-1
955,6774.8780,-1
956,6768.7542,-1
957,6767.3254,-1
958,6766.0587,-1
959,6764.6861,-1
960,6763.1671,-1
961,6762.4342,-1
962,6760.9437,-1
963,6758.3325,-1
964,6757.1001,-1
965,6756.3066,-1
966,6750.7238,-1
967,6763.2866,-1
968,6762.9120,-1
969,6762.5680,-1
970,6762.5930,-1
971,6762.1198,-1
972,6760.6714,-1
973,6758.9252,-1
974,6758.4243,-1
975,6756.7420,-1
976,6756.1154,-1
977,6751.2977,-1
978,6750.8492,-1
979,6748.2154,-1
980,6745.6281,-1
981,6743.9659,-1
982,6742.1346,-1
983,6740.7033,-1
984,6739.2378,-1
985,6738.7354,-1
986,6737.1376,-1
987,6736.3906,-1
988,6735.9822,-1
989,6733.3505,-1
990,6730.9086,-1
991,6729.8925,-1
992,6691.6363,-1
993,6690.8166,-1
994,6690.2590,-1
995,6688.9186,-1
996,6687.0959,-1
997,6685.4932,-1
998,6684.8104,-1
999,6684.0134,-1
1000,6680.9227,-1
1001,6678.0801,-1
1002,6676.5907,-1
1003,6675.1266,-1
1004,6674.7897,-1
1005,6673.1675,-1
1006,6671.6022,-1
1007,6669.8649,-1
1008,6668.7253,-1
1009,6667.9635,-1
1010,6666.1885,-1
1011,6665.7670,-1
1012,6663.8525,-1
1013,6662.9939,-1
1014,6662.5383,-1
1015,6659.6682,-1
1016,6659.5736,-1
1017,6657.7013,-1
1018,6674.9718,-1
1019,6673.0433,-1
1020,6671.3684,-1
1021,6670.8050,-1
1022,6670.6288,-1
1023,6669.0204,-1
1024,6667.7561,-1
1025,6666.4810,-1
1026,6666.4772,-1
1027,6665.0772,-1
1028,6664.3088,-1
1029,6664.3498,-1
1030,6663.4500,-1
1031,6662.5724,-1
1032,6661.5765,-1
1033,6660.3749,-1
1034,6660.4829,-1
1035,6660.3551,-1
1036,6796.8709,-1
1037,6796.6490,-1
1038,6795.5472,-1
1039,6795.5086,-1
1040,6794.2345,-1
1041,6793.0009,-1
1042,6791.5857,-1
1043,6791.5244,-1
1044,6791.5001,-1
1045,6790.2026,-1
1046,6789.5515,-1
1047,6789.6054,-1
1048,6789.3987,-1
1049,6788.5625,-1
1050,6788.5025,-1
1051,6788.0435,-1
1052,6787.7862,-1
1053,6787.4632,-1
1054,6787.2903,-1
1055,6786.9108,-1
1056,6786.7076,-1
1057,6786.6244,-1
1058,6786.6025,-1
1059,6787.1857,-1
1060,6787.0378,-1
1061,6788.2977,-1
1062,6788.2192,-1
1063,6787.6952,-1
1064,6787.6720,-1
1065,6787.5073,-1
1066,6787.2510,-1
1067,6786.5756,-1
1068,6786.1216,-1
1069,6786.1259,-1
1070,6785.8846,-1
1071,6785.7811,-1
1072,6785.5747,-1
1073,6785.3734,-1
1074,6784.9305,-1
1075,6784.5979,-1
1076,6784.2064,-1
1077,6782.6138,-1
1078,6782.3291,-1
1079,6782.0153,-1
1080,6780.4675,-1
1081,6780.1552,-1
1082,6780.3118,-1
1083,6779.9847,-1
1084,6779.6586,-1
1085,6779.3999,-1
1086,6779.1569,-1
1087,6778.9488,-1
1088,6777.3023,-1
1089,6776.9692,-1
1090,6775.5470,-1
1091,6774.1549,-1
1092,6772.7532,-1
1093,6772.4285,-1
1094,6769.6314,-1
1095,6769.3632,-1
1096,6767.7019,-1
1097,6766.1805,-1
1098,6763.6170,-1
1099,6761.9667,-1
1100,6761.1358,-1
1101,6767.3328,-1
1102,6770.8852,-1
1103,6772.5303,-1
1104,6771.2307,-1
1105,6770.3006,-1
1106,6768.9357,-1
1107,6767.2598,-1
1108,6764.8640,-1
1109,6764.2920,-1
1110,6762.7041,-1
1111,6759.8042,-1
1112,6757.3214,-1
1113,6753.4337,-1
1114,6750.6330,-1
1115,6749.1958,-1
1116,6748.9028,-1
1117,6746.5024,-1
1118,6746.1085,-1
1119,6744.5948,-1
1120,6673.0847,-1
1121,6672.7395,-1
1122,6671.2966,-1
1123,6668.1738,-1
1124,6667.6502,-1
1125,6667.0163,-1
1126,6664.8440,-1
1127,6664.1991,-1
1128,6662.4618,-1
1129,6662.1635,-1
1130,6658.1109,-1
1131,6657.2638,-1
1132,6656.7409,-1
1133,6656.0221,-1
1134,6654.2158,-1
1135,6652.0119,-1
1136,6651.4924,-1
1137,6649.4713,-1
1138,6649.0073,-1
1139,6645.1440,-1
1140,6643.4889,-1
1141,6643.1749,-1
1142,6642.4174,-1
1143,6642.0784,-1
1144,6641.3376,-1
1145,6640.5461,-1
1146,6639.9553,-1
1147,6639.8165,-1
1148,6639.8370,-1
1149,6639.8175,-1
1150,6633.2440,-1
1151,6631.8312,-1
1152,6607.7602,-1
1153,6607.7731,-1
1154,6655.6096,-1
1155,6655.3459,-1
1156,6654.8643,-1
1157,6654.4642,-1
1158,6652.9186,-1
1159,6652.8943,-1
1160,6652.5061,-1
1161,6650.7654,-1
1162,6650.3901,-1
1163,6648.7260,-1
1164,6648.5224,-1
1165,6648.1540,-1
1166,6646.5840,-1
1167,6646.2412,-1
1168,6645.7522,-1
1169,6646.7698,-1
1170,6647.1839,-1
1171,6645.7253,-1
1172,6645.1991,-1
1173,6643.7893,-1
1174,6643.4689,-1
1175,6643.1837,-1
1176,6641.6495,-1
1177,6642.4327,-1
1178,6641.2692,-1
1179,6642.3590,-1
1180,6641.5780,-1
1181,6641.7184,-1
1182,6640.9240,-1
1183,6641.2265,-1
1184,6640.8207,-1
1185,6640.0852,-1
1186,6638.9725,-1
1187,6642.1728,-1
1188,6642.4992,-1
1189,6643.7390,-1
1190,6643.5721,-1
1191,6643.6603,-1
1192,6644.2924,-1
1193,6644.3658,-1
1194,6643.4214,-1
1195,6643.5077,-1
1196,6642.4849,-1
1197,6642.4997,-1
1198,6642.0362,-1
1199,6640.0442,-1
1200,6641.8846,-1
1201,6642.1788,-1
1202,6641.6829,-1
1203,6639.9884,-1
1204,6640.1484,-1
1205,6642.6363,-1
1206,6641.2990,-1
1207,6640.1560,-1
1208,6639.1568,-1
1209,6638.8640,-1
1210,6637.7697,-1
1211,6637.6956,-1
1212,6636.8165,-1
1213,6635.4148,-1
1214,6635.5739,-1
1215,6634.1369,-1
1216,6634.2146,-1
1217,6633.6246,-1
1218,6632.6323,-1
1219,6632.1874,-1
1220,6631.8014,-1
1221,6629.9529,-1
1222,6628.8192,-1
1223,6628.1762,-1
1224,6628.1559,-1
1225,6629.5867,-1
1226,6629.3714,-1
1227,6630.4550,-1
1228,6631.6061,-1
1229,6630.4698,-1
1230,6628.6373,-1
1231,6629.8597,-1
1232,6628.5539,-1
1233,6626.7862,-1
1234,6625.2279,-1
1235,6622.2198,-1
1236,6619.1969,-1
1237,6617.5814,-1
1238,6617.1370,-1
1239,6616.4079,-1
1240,6615.1266,-1
1241,6614.0146,-1
1242,6612.4558,-1
1243,6611.3052,-1
1244,6613.3602,-1
1245,6611.1116,-1
1246,6610.1470,-1
1247,6609.7062,-1
1248,6607.2519,-1
1249,6606.9715,-1
1250,6606.8034,-1
1251,6606.3819,-1
1252,6605.9160,-1
1253,6604.8651,-1
1254,6604.4154,-1
1255,6603.9901,-1
1256,6603.6005,-1
1257,6603.0178,-1
1258,6602.1926,-1
1259,6602.0722,-1
1260,6601.6076,-1
1261,6601.5644,-1
1262,6601.6166,-1
1263,6601.1338,-1
1264,6600.7280,-1
1265,6600.5661,-1
1266,6599.7326,-1
1267,6599.6268,-1
1268,6599.6084,-1
1269,6599.0899,-1
1270,6598.8517,-1
1271,6598.3593,-1
1272,6597.9004,-1
1273,6597.5690,-1
1274,6597.1911,-1
1275,6600.1635,-1
1276,6600.2166,-1
1277,6600.0767,-1
1278,6600.0164,-1
1279,6600.0359,-1
1280,6599.3667,-1
1281,6599.2920,-1
1282,6599.4823,-1
1283,6599.2730,-1
1284,6598.9568,-1
1285,6598.8708,-1
1286,6598.2778,-1
1287,6597.7697,-1
1288,6597.1558,-1
1289,6596.7696,-1
1290,6594.5654,-1
1291,6593.8001,-1
1292,6593.2302,-1
1293,6593.2839,-1
1294,6592.9375,-1
1295,6592.7105,-1
1296,6592.4611,-1
1297,6592.5133,-1
1298,6592.4799,-1
1299,6591.8729,-1
1300,6591.9268,-1
1301,6592.0088,-1
1302,6591.8264,-1
1303,6591.7907,-1
1304,6591.2018,-1
1305,6590.6963,-1
1306,6590.2545,-1
1307,6590.2441,-1
1308,6590.5917,-1
1309,6590.0438,-1
1310,6589.9568,-1
1311,6589.5219,-1
1312,6589.5057,-1
1313,6589.0341,-1
1314,6588.3217,-1
1315,6588.6755,-1
1316,6588.0420,-1
1317,6587.9097,-1
1318,6589.1261,-1
1319,6589.3257,-1
1320,6589.0248,-1
1321,6588.7229,-1
1322,6588.1617,-1
1323,6589.5720,-1
1324,6590.2236,-1
1325,6590.7669,-1
1326,6589.9570,-1
1327,6589.0856,-1
1328,6588.1453,-1
1329,6587.2672,-1
1330,6586.0777,-1
1331,6584.6174,-1
1332,6584.8079,-1
1333,6585.7589,-1
1334,6584.6598,-1
1335,6584.2535,-1
1336,6583.5865,-1
1337,6582.5374,-1
1338,6581.6126,-1
1339,6568.0895,-1
1340,6567.5149,-1
1341,6567.2100,-1
1342,6566.5803,-1
1343,6565.8364,-1
1344,6565.4473,-1
1345,6565.2609,-1
1346,6564.4655,-1
1347,6564.4341,-1
1348,6564.8606,-1
1349,6564.0211,-1
1350,6563.6082,-1
1351,6563.3659,-1
1352,6563.3357,-1
1353,6599.9227,-1
1354,6599.1318,-1
1355,6598.7113,-1
1356,6599.2823,-1
1357,6599.9889,-1
1358,6599.1452,-1
1359,6599.1821,-1
1360,6598.6738,-1
1361,6598.1512,-1
1362,6597.7223,-1
1363,6597.1270,-1
1364,6598.0868,-1
1365,6597.5161,-1
1366,6596.2987,-1
1367,6595.7384,-1
1368,6594.7883,-1
1369,6593.6775,-1
1370,6593.0104,-1
1371,6611.9056,-1
1372,6611.3575,-1
1373,6611.6650,-1
1374,6644.3541,-1
1375,6643.9946,-1
1376,6645.6516,-1
1377,6696.3353,-1
1378,6696.0492,-1
1379,6696.9092,-1
1380,6695.8897,-1
1381,6695.1408,-1
1382,6694.9444,-1
1383,6695.0903,-1
1384,6694.6354,-1
1385,6694.2689,-1
1386,6694.0575,-1
1387,6694.2604,-1
1388,6694.6254,-1
1389,6695.0867,-1
1390,6696.2781,-1
1391,6695.7705,-1
1392,6695.8895,-1
1393,6696.2595,-1
1394,6697.2103,-1
1395,6696.3582,-1
1396,6696.8091,-1
1397,6698.5536,-1
1398,6749.6223,-1
1399,6748.3923,-1
1400,6748.0502,-1
1401,6747.4442,-1
1402,6746.5005,-1
1403,6746.8510,-1
1404,6747.8940,-1
1405,6747.2417,-1
1406,6747.0303,-1
1407,6746.6722,-1
1408,6745.9252,-1
1409,6745.0633,-1
1410,6744.1306,-1
1411,6742.6057,-1
1412,6739.1109,-1
1413,6738.5046,-1
1414,6738.0955,-1
1415,6735.0011,-1
1416,6732.5618,-1
1417,6729.6536,-1
1418,6728.0240,-1
1419,6727.4263,-1
1420,6724.1378,-1
1421,6722.8062,-1
1422,6722.2569,-1
1423,6721.6635,-1
1424,6721.0240,-1
1425,6720.9234,-1
1426,6719.2476,-1
1427,6716.9352,-1
1428,6716.2759,-1
1429,6712.9323,-1
1430,6710.6378,-1
1431,6708.2455,-1
1432,6707.4046,-1
1433,6704.1049,-1
1434,6703.1305,-1
1435,6702.8387,-1
1436,6700.0184,-1
1437,6697.8478,-1
1438,6696.2678,-1
1439,6695.9937,-1
1440,6694.0782,-1
1441,6691.5734,-1
1442,6691.0589,-1
1443,6690.6950,-1
1444,6688.2052,-1
1445,6686.6686,-1
1446,6683.1212,-1
1447,6679.7400,-1
1448,6678.6971,-1
1449,6677.7847,-1
1450,6676.4765,-1
1451,6676.1394,-1
1452,6674.1617,-1
1453,6673.8520,-1
1454,6671.1774,-1
1455,6669.4028,-1
1456,6667.8166,-1
1457,6666.3365,-1
1458,6665.9079,-1
1459,6665.4117,-1
1460,6663.3821,-1
1461,6662.9174,-1
1462,6662.5450,-1
1463,6661.8383,-1
1464,6661.9771,-1
1465,6660.1841,-1
1466,6660.0802,-1
1467,6658.7188,-1
1468,6658.7489,-1
1469,6658.2665,-1
1470,6658.0958,-1
1471,6657.5334,-1
1472,6656.3151,-1
1473,6655.7143,-1
1474,6654.8131,-1
1475,6654.0422,-1
1476,6653.6632,-1
1477,6653.5215,-1
1478,6653.3160,-1
1479,6652.1199,-1
1480,6652.5745,-1
1481,6654.8052,-1
1482,6653.9526,-1
1483,6653.8048,-1
1484,6652.9944,-1
1485,6651.2368,-1
1486,6649.2376,-1
1487,6646.1947,-1
1488,6645.3264,-1
1489,6643.3556,-1
1490,6640.1377,-1
1491,6639.3156,-1
1492,6638.8848,-1
1493,6638.5496,-1
1494,6801.9397,-1
1495,6799.9763,-1
1496,6799.0770,-1
1497,6799.1228,-1
1498,6797.1406,-1
1499,6796.3994,-1
1500,6794.9715,-1
1501,6794.5559,-1
1502,6794.1668,-1
1503,6793.7565,-1
1504,6794.3232,-1
1505,6794.0106,-1
1506,6792.7580,-1
1507,6790.4248,-1
1508,6789.7310,-1
1509,6789.7184,-1
1510,6787.6420,-1
1511,6786.6802,-1
1512,6784.1346,-1
1513,6783.9363,-1
1514,6783.0186,-1
1515,6782.9721,-1
1516,6781.7695,-1
1517,6780.2873,-1
1518,6778.6324,-1
1519,6776.7942,-1
1520,6774.8070,-1
1521,6774.4224,-1
1522,6773.3545,-1
1523,6750.5798,-1
1524,6749.0387,-1
1525,6748.8194,-1
1526,6750.5052,-1
1527,6750.1040,-1
1528,6748.0931,-1
1529,6747.7653,-1
1530,6746.2211,-1
1531,6746.3148,-1
1532,6746.5138,-1
1533,6745.5478,-1
1534,6745.7311,-1
1535,6744.0598,-1
1536,6744.3089,-1
1537,6745.0261,-1
1538,6743.6538,-1
1539,6741.4365,-1
1540,6740.2580,-1
1541,6740.3233,-1
1542,6738.2367,-1
1543,6738.1542,-1
1544,6738.0781,-1
1545,6736.1114,-1
1546,6736.2485,-1
1547,6735.3270,-1
1548,6735.5919,-1
1549,6733.7823,-1
1550,6733.1135,-1
1551,6733.1152,-1
1552,6731.5063,-1
1553,6731.5977,-1
1554,6746.1681,-1
1555,6743.9814,-1
1556,6743.4390,-1
1557,6774.7724,-1
1558,6825.4752,-1
1559,6824.8689,-1
1560,6823.9367,-1
1561,6823.8120,-1
1562,6823.7174,-1
1563,6806.1020,-1
1564,6796.4809,-1
1565,6796.6876,-1
1566,6796.6063,-1
1567,6797.5039,-1
1568,6796.7961,-1
1569,6796.2370,-1
1570,6796.0162,-1
1571,6795.7687,-1
1572,6795.8863,-1
1573,6795.8260,-1
1574,6795.5406,-1
1575,6795.8403,-1
1576,6795.4090,-1
1577,6793.6041,-1
1578,6793.6382,-1
1579,6793.3643,-1
1580,6792.7010,-1
1581,6791.9123,-1
1582,6792.2273,-1
1583,6791.5592,-1
1584,6790.8254,-1
1585,6790.1406,-1
1586,6790.1177,-1
1587,6806.4556,-1
1588,6779.7689,-1
1589,6779.4311,-1
1590,6778.6608,-1
1591,6779.4816,-1
1592,6780.4689,-1
1593,6780.0758,-1
1594,6779.7635,-1
1595,7007.0081,-1
1596,7005.7342,-1
1597,7008.0063,-1
1598,7008.3649,-1
1599,7009.1524,-1
1600,7009.5181,-1
1601,7009.8507,-1
1602,7010.3581,-1
1603,7010.5569,-1
1604,7010.7927,-1
1605,7011.0223,-1
1606,7010.7286,-1
1607,7010.2260,-1
1608,7010.7484,-1
1609,7010.3095,-1
1610,7117.9628,-1
1611,7110.7512,-1
1612,7109.7417,-1
1613,7110.2371,-1
1614,7109.1981,-1
1615,7109.1731,-1
1616,7109.3552,-1
1617,7108.8386,-1
1618,7108.3646,-1
1619,7108.0356,-1
1620,7107.7473,-1
1621,7105.9828,-1
1622,7105.3994,-1
1623,7104.3482,-1
1624,7104.2640,-1
1625,7104.0204,-1
1626,7103.2512,-1
1627,7105.5229,-1
1628,7105.2730,-1
1629,7104.3918,-1
1630,7099.0067,-1
1631,7098.0041,-1
1632,7097.8570,-1
1633,7097.5702,-1
1634,7096.2496,-1
1635,7096.2481,-1
1636,7096.0932,-1
1637,7095.4151,-1
1638,7094.7216,-1
1639,7094.2152,-1
1640,7093.7686,-1
1641,7094.3789,-1
1642,7094.1679,-1
1643,7093.9257,-1
1644,7092.9565,-1
1645,7092.1314,-1
1646,7092.1443,-1
1647,7091.6572,-1
1648,7091.0270,-1
1649,7090.8344,-1
1650,7090.8957,-1
1651,7090.7564,-1
1652,7090.4236,-1
1653,7090.1716,-1
1654,7090.0447,-1
1655,7089.7312,-1
1656,7090.0164,-1
1657,7089.1395,-1
1658,7088.3999,-1
1659,7088.0606,-1
1660,7087.5952,-1
1661,7089.0207,-1
1662,7088.3822,-1
1663,7088.3181,-1
1664,7152.6318,-1
1665,7151.5222,-1
1666,7152.3993,-1
1667,7156.6949,-1
1668,7157.1562,-1
1669,7159.7657,-1
1670,7158.8762,-1
1671,7158.6418,-1
1672,7158.7110,-1
1673,7162.2677,-1
1674,7165.8735,-1
1675,7167.4063,-1
1676,7167.0797,-1
1677,7167.6469,-1
1678,7171.3786,-1
1679,7170.7151,-1
1680,7170.4426,-1
1681,7170.1407,-1
1682,7169.7884,-1
1683,7169.4593,-1
1684,7169.2607,-1
1685,7168.3786,-1
1686,7167.0873,-1
1687,7166.1232,-1
1688,7164.7923,-1
1689,7164.0723,-1
1690,7163.6081,-1
1691,7163.1770,-1
1692,7162.8418,-1
1693,7162.5552,-1
1694,7162.0181,-1
1695,7161.8333,-1
1696,7161.6335,-1
1697,7161.3109,-1
1698,7161.2411,-1
1699,7163.9652,-1
1700,7162.9157,-1
1701,7160.1617,-1
1702,7159.0037,-1
1703,7158.7560,-1
1704,7158.2744,-1
1705,7157.3193,-1
1706,7156.8241,-1
1707,7156.7254,-1
1708,7155.9570,-1
1709,7155.3764,-1
1710,7155.1447,-1
1711,7154.9160,-1
1712,7154.6817,-1
1713,7154.2683,-1
1714,7154.0432,-1
1715,7153.8384,-1
1716,7153.9381,-1
1717,7154.2382,-1
1718,7157.7497,-1
1719,7158.8986,-1
1720,7164.9802,-1
1721,7164.5405,-1
1722,7164.3481,-1
1723,7163.1248,-1
1724,7162.9679,-1
1725,7162.1139,-1
1726,7161.2720,-1
1727,7164.4473,-1
1728,7165.1163,-1
1729,7164.5529,-1
1730,7164.1819,-1
1731,7165.1077,-1
1732,7164.7344,-1
1733,7183.6832,-1
1734,7183.1410,-1
1735,7184.4127,-1
1736,7183.4676,-1
1737,7183.3789,-1
1738,7180.6214,-1
1739,7185.8609,-1
1740,7185.9498,-1
1741,7389.4331,-1
1742,7391.9077,-1
1743,7393.2610,-1
1744,7394.1944,-1
1745,7394.6893,-1
1746,7395.3993,-1
1747,7395.9084,-1
1748,7396.7075,-1
1749,7397.8088,-1
1750,7399.0860,-1
1751,7399.2698,-1
1752,7400.3909,-1
1753,7401.1796,-1
1754,7399.9240,-1
1755,7399.3211,-1
1756,7398.3638,-1
1757,7397.9349,-1
1758,7397.2728,-1
1759,7396.6241,-1
1760,7395.7386,-1
1761,7394.9823,-1
1762,7393.7767,-1
1763,7393.1706,-1
1764,7392.6170,-1
1765,7392.0417,-1
1766,7391.2115,-1
1767,7390.6641,-1
1768,7390.1145,-1
1769,7389.5926,-1
1770,7389.3940,-1
1771,7389.2348,-1
1772,7389.0424,-1
1773,7388.7982,-1
1774,7388.7143,-1
1775,7388.9031,-1
1776,7388.8879,-1
1777,7388.5424,-1
1778,7390.2040,-1
1779,7390.2640,-1
1780,7389.9732,-1
1781,7389.9179,-1
1782,7390.0521,-1
1783,7391.5555,-1
1784,7391.1557,-1
1785,7390.8105,-1
1786,7390.1262,-1
1787,7395.1440,-1
1788,7394.4194,-1
1789,7393.4412,-1
1790,7392.6928,-1
1791,7391.8405,-1
1792,7390.9509,-1
1793,7390.3532,-1
1794,7389.5936,-1
1795,7388.9754,-1
1796,7388.6306,-1
1797,7387.9733,-1
1798,7387.5532,-1
1799,7387.0678,-1
1800,7387.2638,-1
1801,7386.7438,-1
1802,7386.1399,-1
1803,7385.4551,-1
1804,7385.0980,-1
1805,7383.8887,-1
1806,7384.1867,-1
1807,7383.5931,-1
1808,7382.8912,-1
1809,7382.5655,-1
1810,7382.2119,-1
1811,7381.7546,-1
1812,7380.8959,-1
1813,7381.9695,-1
1814,7381.9592,-1
1815,7383.7640,-1
1816,7383.2185,-1
1817,7382.8430,-1
1818,7382.3380,-1
1819,7382.7839,-1
1820,7383.3950,-1
1821,7382.6225,-1
1822,7383.7929,-1
1823,7386.2627,-1
1824,7387.1439,-1
1825,7387.0330,-1
1826,7387.3122,-1
1827,7386.8725,-1
1828,7386.3881,-1
1829,7387.0683,-1
1830,7386.6165,-1
1831,7385.6711,-1
1832,7384.2385,-1
1833,7384.3021,-1
1834,7384.1815,-1
1835,7383.9343,-1
1836,7383.7092,-1
1837,7383.5087,-1
1838,7383.8673,-1
1839,7383.3897,-1
1840,7383.5635,-1
1841,7384.1894,-1
1842,7384.4132,-1
1843,7384.2936,-1
1844,7384.4666,-1
1845,7384.7041,-1
1846,7384.6633,-1
1847,7388.4854,-1
1848,7388.1102,-1
1849,7387.7814,-1
1850,7392.9110,-1
1851,7393.1460,-1
1852,7393.2326,-1
1853,7392.8683,-1
1854,7392.7436,-1
1855,7391.7422,-1
1856,7391.6528,-1
1857,7390.7671,-1
1858,7391.1333,-1
1859,7391.0656,-1
1860,7390.9981,-1
1861,7391.2058,-1
1862,7391.2849,-1
1863,7391.2857,-1
1864,7391.3209,-1
1865,7391.0103,-1
1866,7391.0389,-1
1867,7390.4421,-1
1868,7390.3198,-1
1869,7390.1901,-1
1870,7390.1238,-1
1871,7389.9751,-1
1872,7389.8284,-1
1873,7390.4138,-1
1874,7390.0411,-1
1875,7389.6589,-1
1876,7389.2877,-1
1877,7389.4219,-1
1878,7389.1325,-1
1879,7388.8316,-1
1880,7388.2997,-1
1881,7387.9371,-1
1882,7387.3341,-1
1883,7386.5576,-1
1884,7385.9720,-1
1885,7386.0440,-1
1886,7385.2365,-1
1887,7384.9978,-1
1888,7384.9940,-1
1889,7384.2313,-1
1890,7383.7879,-1
1891,7383.2183,-1
1892,7382.6284,-1
1893,7382.3686,-1
1894,7382.2317,-1
1895,7381.8879,-1
1896,7392.7529,-1
1897,7391.8214,-1
1898,7390.8944,-1
1899,7389.8177,-1
1900,7388.8259,-1
1901,7388.2658,-1
1902,7387.5213,-1
1903,7386.7962,-1
1904,7386.5125,-1
1905,7385.8752,-1
1906,7385.3817,-1
1907,7385.3118,-1
1908,7385.1938,-1
1909,7385.3960,-1
1910,7384.6924,-1
1911,7384.1138,-1
1912,7383.5709,-1
1913,7382.8914,-1
1914,7382.2010,-1
1915,7381.7644,-1
1916,7381.2163,-1
1917,7380.9490,-1
1918,7381.0103,-1
1919,7380.5106,-1
1920,7380.1968,-1
1921,7379.6425,-1
1922,7379.2379,-1
1923,7378.6566,-1
1924,7378.2179,-1
1925,7377.8448,-1
1926,7377.4483,-1
1927,7376.8566,-1
1928,7376.6565,-1
1929,7376.3123,-1
1930,7376.0650,-1
1931,7375.1721,-1
1932,7374.9213,-1
1933,7374.7768,-1
1934,7374.5327,-1
1935,7374.1972,-1
1936,7373.2479,-1
1937,7372.9193,-1
1938,7372.5636,-1
1939,7372.0591,-1
1940,7371.2432,-1
1941,7370.8985,-1
1942,7370.6551,-1
1943,7370.1415,-1
1944,7369.9429,-1
1945,7369.4932,-1
1946,7369.2846,-1
1947,7368.8512,-1
1948,7368.5160,-1
1949,7368.1047,-1
1950,7367.8620,-1
1951,7367.6531,-1
1952,7367.0876,-1
1953,7366.8771,-1
1954,7365.5615,-1
1955,7364.9609,-1
1956,7364.6049,-1
1957,7363.9650,-1
1958,7363.6508,-1
1959,7363.5387,-1
1960,7363.3292,-1
1961,7363.1253,-1
1962,7362.7934,-1
1963,7362.6020,-1
1964,7362.0803,-1
1965,7361.8705,-1
1966,7361.5131,-1
1967,7361.0423,-1
1968,7361.0661,-1
1969,7361.0287,-1
1970,7360.8673,-1
1971,7360.4429,-1
1972,7360.2769,-1
1973,7360.0950,-1
1974,7359.5614,-1
1975,7359.0131,-1
1976,7358.9189,-1
1977,7358.1309,-1
1978,7357.7859,-1
1979,7356.3597,-1
1980,7355.6995,-1
1981,7355.4311,-1
1982,7356.0238,-1
1983,7355.8106,-1
1984,7355.4509,-1
1985,7355.1264,-1
1986,7354.8405,-1
1987,7354.9178,-1
1988,7354.6507,-1
1989,7330.2205,-1
1990,7330.0729,-1
1991,7330.4033,-1
1992,7329.9778,-1
1993,7329.7014,-1
1994,7330.6980,-1
1995,7331.6848,-1
1996,7332.1280,-1
1997,7332.9537,-1
1998,7333.1788,-1
1999,7261.1141,-1
2000,7238.7190,-1
2001,7197.5536,-1
2002,7601.4125,-1
2003,7601.0914,-1
2004,7600.5507,-1
2005,7600.1849,-1
2006,7601.1040,-1
2007,7604.6457,-1
2008,7605.0665,-1
2009,7605.6123,-1
2010,7606.1652,-1
2011,7606.5607,-1
2012,7606.5891,-1
2013,7606.7302,-1
2014,7606.4661,-1
2015,7606.6995,-1
2016,7607.0709,-1
2017,7606.9736,-1
2018,7606.8962,-1
2019,7606.9350,-1
2020,7606.6885,-1
2021,7606.6546,-1
2022,7606.3824,-1
2023,7606.5550,-1
2024,7612.7739,-1
2025,7613.4641,-1
2026,7665.3249,-1
2027,7664.4835,-1
2028,7664.0291,-1
2029,7663.5933,-1
2030,7662.9927,-1
2031,7662.5652,-1
2032,7662.2314,-1
2033,7661.9008,-1
2034,7661.6983,-1
2035,7661.0572,-1
2036,7660.9368,-1
2037,7660.0819,-1
2038,7659.5633,-1
2039,7659.2371,-1
2040,7658.8097,-1
2041,7658.0889,-1
2042,7657.1989,-1
2043,7656.6739,-1
2044,7656.2171,-1
2045,7655.6270,-1
2046,7654.8095,-1
2047,7654.3424,-1
2048,7654.4545,-1
2049,7686.6989,-1
2050,7686.0657,-1
2051,7685.3809,-1
2052,7684.5474,-1
2053,7683.8989,-1
2054,7681.8669,-1
2055,7680.9220,-1
2056,7680.2554,-1
2057,7679.4267,-1
2058,7678.2897,-1
2059,7677.6614,-1
2060,7682.4043,-1
2061,7686.5351,-1
2062,7674.2020,-1
2063,7680.6719,-1
2064,7679.9169,-1
2065,7679.4603,-1
2066,7679.0862,-1
2067,7676.3108,-1
2068,7676.4870,-1
2069,7676.2078,-1
2070,7675.5791,-1
2071,7676.8265,-1
2072,7676.3313,-1
2073,7675.4549,-1
2074,7674.4554,-1
2075,7674.1459,-1
2076,7673.7101,-1
2077,7673.2559,-1
2078,7673.3098,-1
2079,7672.5583,-1
2080,7672.0970,-1
2081,7671.8683,-1
2082,7671.5398,-1
2083,7671.1643,-1
2084,7670.7530,-1
2085,7670.4588,-1
2086,7670.5489,-1
2087,7670.6834,-1
2088,7670.0292,-1
2089,7669.6389,-1
2090,7669.3456,-1
2091,7669.0416,-1
2092,7666.5628,-1
2093,7665.7372,-1
2094,7665.3051,-1
2095,7665.0491,-1
2096,7664.7372,-1
2097,7664.1216,-1
2098,7664.1452,-1
2099,7664.1681,-1
2100,7664.6681,-1
2101,7664.5365,-1
2102,7664.0389,-1
2103,7663.8501,-1
2104,7661.4852,-1
2105,7661.3512,-1
2106,7660.9273,-1
2107,7660.6555,-1
2108,7660.3174,-1
2109,7660.1214,-1
2110,7660.8915,-1
2111,7660.0285,-1
2112,7659.6179,-1
2113,7659.4346,-1
2114,7659.1823,-1
2115,7658.8829,-1
2116,7658.8552,-1
2117,7657.5277,-1
2118,7657.2680,-1
2119,7657.4585,-1
2120,7657.5944,-1
2121,7657.5532,-1
2122,7657.3975,-1
2123,7656.6374,-1
2124,7663.9876,-1
2125,7663.1389,-1
2126,7662.0612,-1
2127,7661.2284,-1
2128,7660.5601,-1
2129,7660.1818,-1
2130,7658.2670,-1
2131,7657.2406,-1
2132,7656.2715,-1
2133,7655.5922,-1
2134,7654.6161,-1
2135,7653.6624,-1
2136,7652.6875,-1
2137,7651.5129,-1
2138,7650.3258,-1
2139,7649.2615,-1
2140,7657.2676,-1
2141,7826.3984,-1
2142,7825.6369,-1
2143,7825.5136,-1
2144,7825.0134,-1
2145,7824.5320,-1
2146,7824.1279,-1
2147,7823.5853,-1
2148,7823.2362,-1
2149,7822.8765,-1
2150,7822.1085,-1
2151,7824.3501,-1
2152,7823.6341,-1
2153,7823.5304,-1
2154,7822.7062,-1
2155,7821.9247,-1
2156,7821.4219,-1
2157,7820.7765,-1
2158,7820.4944,-1
2159,7819.9177,-1
2160,7823.8053,-1
2161,7823.6794,-1
2162,7823.7925,-1
2163,7823.2021,-1
2164,7823.2810,-1
2165,7823.4150,-1
2166,7823.5278,-1
2167,7823.7121,-1
2168,7823.5579,-1
2169,7823.8597,-1
2170,7822.8643,-1
2171,7823.0367,-1
2172,7823.1440,-1
2173,7823.3168,-1
2174,7823.5781,-1
2175,7823.6506,-1
2176,7823.8170,-1
2177,7823.3144,-1
2178,7823.1382,-1
2179,7823.1723,-1
2180,7823.2925,-1
2181,7822.8848,-1
2182,7823.0667,-1
2183,7822.0642,-1
2184,7821.3801,-1
2185,7820.7102,-1
2186,7820.5168,-1
2187,7819.9553,-1
2188,7819.3302,-1
2189,7818.9659,-1
2190,7818.2902,-1
2191,7818.1927,-1
2192,7817.6658,-1
2193,7817.3151,-1
2194,7816.6399,-1
2195,7816.1340,-1
2196,7815.6266,-1
2197,7786.4013,-1
2198,7786.0339,-1
2199,7785.7409,-1
2200,7785.5365,-1
2201,7785.3653,-1
2202,7785.2302,-1
2203,7784.9679,-1
2204,7784.8735,-1
2205,7784.7574,-1
2206,7784.4155,-1
2207,7784.3924,-1
2208,7784.1904,-1
2209,7783.3526,-1
2210,7782.6614,-1
2211,7782.0222,-1
2212,7781.6906,-1
2213,7780.9761,-1
2214,7780.6563,-1
2215,7780.0903,-1
2216,7779.8600,-1
2217,7753.1958,-1
2218,7752.9323,-1
2219,7752.2035,-1
2220,7725.1868,-1
2221,7724.2131,-1
2222,7723.7108,-1
2223,7724.3574,-1
2224,7724.1983,-1
2225,7723.6853,-1
2226,7723.4347,-1
2227,7722.7993,-1
2228,7722.1811,-1
2229,7721.5867,-1
2230,7721.0641,-1
2231,7720.4068,-1
2232,7720.6237,-1
2233,7719.9976,-1
2234,7719.9411,-1
2235,7719.8229,-1
2236,7718.9927,-1
2237,7718.9004,-1
2238,7718.6439,-1
2239,7718.3192,-1
2240,7717.4494,-1
2241,7716.7006,-1
2242,7716.0559,-1
2243,7715.4851,-1
2244,7714.7067,-1
2245,7714.2606,-1
2246,7713.8665,-1
2247,7713.5754,-1
2248,7713.2185,-1
2249,7711.4656,-1
2250,7716.2151,-1
2251,7715.6510,-1
2252,7715.0545,-1
2253,7714.5154,-1
2254,7714.0591,-1
2255,7823.5066,-1
2256,7823.4074,-1
2257,7822.6728,-1
2258,7822.4256,-1
2259,7822.1958,-1
2260,7824.3766,-1
2261,7823.4801,-1
2262,7827.1317,-1
2263,7826.2615,-1
2264,7825.3748,-1
2265,7824.5287,-1
2266,7823.7672,-1
2267,7822.9914,-1
2268,7822.1614,-1
2269,7821.3675,-1
2270,7820.5590,-1
2271,7819.6006,-1
2272,7820.6358,-1
2273,7819.8287,-1
2274,7818.9931,-1
2275,7818.3446,-1
2276,7817.9839,-1
2277,7817.6570,-1
2278,7817.4000,-1
2279,7817.6110,-1
2280,7817.1673,-1
2281,7817.0071,-1
2282,7816.7436,-1
2283,7816.5114,-1
2284,7816.0822,-1
2285,7816.1883,-1
2286,7816.1166,-1
2287,7815.8383,-1
2288,7815.5370,-1
2289,7815.1329,-1
2290,7814.6753,-1
2291,7814.5394,-1
2292,7814.1322,-1
2293,7813.8571,-1
2294,7813.6153,-1
2295,7813.3888,-1
2296,7813.2102,-1
2297,7813.1034,-1
2298,7812.9380,-1
2299,7812.6886,-1
2300,7812.9075,-1
2301,7812.8345,-1
2302,7813.5705,-1
2303,7813.3414,-1
2304,7812.9895,-1
2305,7812.8207,-1
2306,7812.4375,-1
2307,7812.2573,-1
2308,7812.0842,-1
2309,7811.7611,-1
2310,7811.4617,-1
2311,7811.1291,-1
2312,7810.5671,-1
2313,7810.0193,-1
2314,7809.5610,-1
2315,7812.9330,-1
2316,7812.5427,-1
2317,7812.2773,-1
2318,7811.8324,-1
2319,7811.7437,-1
2320,7811.4576,-1
2321,7810.9667,-1
2322,7810.6854,-1
2323,7810.5309,-1
2324,7810.3578,-1
2325,7810.1711,-1
2326,7810.9224,-1
2327,7810.6539,-1
2328,7810.1962,-1
2329,7809.6001,-1
2330,7809.1373,-1
2331,7808.6412,-1
2332,7808.2039,-1
2333,7807.7714,-1
2334,7807.1897,-1
2335,7806.7408,-1
2336,7806.2530,-1
2337,7805.6610,-1
2338,7805.3651,-1
2339,7805.0036,-1
2340,7804.5979,-1
2341,7805.4347,-1
2342,7805.4886,-1
2343,7805.4483,-1
2344,7805.3048,-1
2345,7807.1601,-1
2346,7806.9208,-1
2347,7808.9998,-1
2348,7808.6140,-1
2349,7808.0320,-1
2350,7807.5531,-1
2351,7806.9344,-1
2352,7806.4289,-1
2353,7806.1800,-1
2354,7805.8159,-1
2355,7805.5959,-1
2356,7805.1994,-1
2357,7804.9579,-1
2358,7804.4994,-1
2359,7803.9808,-1
2360,7803.3605,-1
2361,7803.1709,-1
2362,7802.4902,-1
2363,7802.1932,-1
2364,7802.0170,-1
2365,7801.8968,-1
2366,7801.2383,-1
2367,7801.2238,-1
2368,7800.4243,-1
2369,7800.2615,-1
2370,7799.6826,-1
2371,7798.5356,-1
2372,7798.1148,-1
2373,7797.9655,-1
2374,7798.3539,-1
2375,7797.5509,-1
2376,7797.8597,-1
2377,7796.9310,-1
2378,7796.2770,-1
2379,7796.6344,-1
2380,7795.9690,-1
2381,7795.1787,-1
2382,7794.2216,-1
2383,7793.6385,-1
2384,7793.3402,-1
2385,7792.8064,-1
2386,7792.5949,-1
2387,7792.2642,-1
2388,7791.9540,-1
2389,7791.2166,-1
2390,7790.7248,-1
2391,7790.5447,-1
2392,7789.7239,-1
2393,7789.1819,-1
2394,7789.5565,-1
2395,7789.1021,-1
2396,7788.6555,-1
2397,7788.1606,-1
2398,7787.6194,-1
2399,7787.2586,-1
2400,7786.8123,-1
2401,7786.6478,-1
2402,7786.6976,-1
2403,7786.4676,-1
2404,7785.9082,-1
2405,7785.4345,-1
2406,7784.8446,-1
2407,7784.2071,-1
2408,7783.6452,-1
2409,7782.7911,-1
2410,7782.3772,-1
2411,7781.9171,-1
2412,7781.5826,-1
2413,7781.1270,-1
2414,7780.6342,-1
2415,7780.2176,-1
2416,7779.8007,-1
2417,7779.5019,-1
2418,7779.2406,-1
2419,7779.7990,-1
2420,7779.0167,-1
2421,7778.2426,-1
2422,7777.7336,-1
2423,7777.9369,-1
2424,7777.5905,-1
2425,7777.2114,-1
2426,7777.0281,-1
2427,7776.7589,-1
2428,7776.4511,-1
2429,7776.0065,-1
2430,7775.8038,-1
2431,7775.4111,-1
2432,7775.0981,-1
2433,7774.6587,-1
2434,7773.9224,-1
2435,7773.7696,-1
2436,7773.4742,-1
2437,7772.8505,-1
2438,7772.3346,-1
2439,7771.8511,-1
2440,7771.6200,-1
2441,7771.2157,-1
2442,7770.4527,-1
2443,7769.8107,-1
2444,7769.4457,-1
2445,7769.0380,-1
2446,7768.7280,-1
2447,7768.5685,-1
2448,7767.9250,-1
2449,7767.9145,-1
2450,7767.2570,-1
2451,7767.1328,-1
2452,7766.7658,-1
2453,7765.9414,-1
2454,7765.6746,-1
2455,7765.2938,-1
2456,7764.5893,-1
2457,7764.0975,-1
2458,7763.6976,-1
2459,7763.3889,-1
2460,7762.9852,-1
2461,7762.6631,-1
2462,7762.3119,-1
2463,7762.1455,-1
2464,7761.6220,-1
2465,7761.3904,-1
2466,7760.9804,-1
2467,7760.3574,-1
2468,7759.8355,-1
2469,7759.2201,-1
2470,7758.8246,-1
2471,7758.2064,-1
2472,7757.8607,-1
2473,7757.4847,-1
2474,7757.1895,-1
2475,7756.9883,-1
2476,7756.4690,-1
2477,7755.8455,-1
2478,7757.4606,-1
2479,7756.6216,-1
2480,7755.9900,-1
2481,7759.6061,-1
2482,7758.5218,-1
2483,7758.1143,-1
2484,7757.2305,-1
2485,7756.3629,-1
2486,7754.9639,-1
2487,7753.9718,-1
2488,7753.1037,-1
2489,7752.1656,-1
2490,7751.2782,-1
2491,7750.7160,-1
2492,7749.6245,-1
2493,7748.8770,-1
2494,7747.9653,-1
2495,7747.1969,-1
2496,7747.1676,-1
2497,7746.0616,-1
2498,7744.8382,-1
2499,7743.4926,-1
2500,7746.8879,-1
2501,7746.3706,-1
2502,7745.4517,-1
2503,7744.8900,-1
2504,7743.2873,-1
2505,7742.1939,-1
2506,7741.4143,-1
2507,7740.9444,-1
2508,7740.2456,-1
2509,7739.5170,-1
2510,7738.8268,-1
2511,7738.7538,-1
2512,7737.6037,-1
2513,7737.0307,-1
2514,7735.5387,-1
2515,7734.6065,-1
2516,7736.1689,-1
2517,7735.9846,-1
2518,7735.5416,-1
2519,7734.8034,-1
2520,7733.8729,-1
2521,7733.0997,-1
2522,7732.5273,-1
2523,7731.4878,-1
2524,7731.3321,-1
2525,7733.8338,-1
2526,7732.9116,-1
2527,7732.2621,-1
2528,7731.3282,-1
2529,7731.3981,-1
2530,7731.1144,-1
2531,7731.0996,-1
2532,7730.9430,-1
2533,7730.6414,-1
2534,7730.4571,-1
2535,7730.0830,-1
2536,7729.7304,-1
2537,7729.2519,-1
2538,7728.9035,-1
2539,7728.4281,-1
2540,7728.1504,-1
2541,7727.8559,-1
2542,7727.5362,-1
2543,7728.0867,-1
2544,7727.4830,-1
2545,7727.1831,-1
2546,7727.8433,-1
2547,7727.3102,-1
2548,7727.4752,-1
2549,7727.7431,-1
2550,7726.8350,-1
2551,7726.1522,-1
2552,7725.9786,-1
2553,7725.3685,-1
2554,7724.8876,-1
2555,7724.6983,-1
2556,7724.4301,-1
2557,7724.2048,-1
2558,7723.8564,-1
2559,7723.6011,-1
2560,7723.6497,-1
2561,7723.5146,-1
2562,7723.3973,-1
2563,7312.8078,0
2564,1664.3171,0
2565,28.8010,0
2566,24.0846,0
2567,34.1685,0
2568,33.1917,0
2569,39.1064,0
2570,26.9797,0
2571,41.4462,0
2572,44.6918,0
2573,41.6346,0
2574,45.8534,0
2575,38.9102,0
2576,35.6309,0
2577,28.4739,0
2578,27.6120,0
2579,29.3424,0
2580,33.4399,0
2581,36.5911,0
2582,29.8674,0
2583,33.7853,0
2584,29.5248,0
2585,34.0738,0
2586,30.1354,0
2587,32.9909,0
2588,41.5120,0
2589,39.0790,0
2590,34.9901,0
2591,32.7785,0
2592,36.1004,0
2593,25.8396,0
2594,35.1923,0
2595,27.5371,0
2596,25.3873,0
2597,26.8853,0
2598,30.3416,0
2599,36.4344,0
2600,36.0925,0
2601,29.1724,0
2602,39.7406,0
2603,53.2966,0
2604,33.9170,0
2605,36.7899,0
2606,29.4807,0
2607,28.3232,0
2608,39.0341,0
2609,41.0063,0
2610,44.6272,0
2611,31.1089,0
2612,32.4836,0
2613,35.3293,0
2614,25.9705,0
2615,32.2533,0
2616,36.9000,0
2617,38.8005,0
2618,30.7198,0
2619,30.8619,0
2620,34.7924,0
2621,41.4262,0
2622,37.0746,0
2623,42.6118,0
2624,34.0700,0
2625,34.5807,0
2626,43.2603,0
2627,41.2781,0
2628,43.4220,0
2629,24.7943,0
2630,25.4464,0
2631,23.8624,0
2632,23.7243,0
2633,23.8168,0
2634,25.9688,0
2635,28.7025,0
2636,27.6017,0
2637,31.3981,0
2638,39.6175,0
2639,29.1078,0
2640,20.7276,0
2641,31.1668,0
2642,31.3025,0
2643,31.7895,0
2644,30.3781,0
2645,35.4650,0
2646,38.4188,0
2647,32.6922,0
2648,28.7535,0
2649,28.2497,0
2650,23.2303,0
2651,32.1267,0
2652,22.8148,0
2653,26.4347,0
2654,35.0912,0
2655,28.6322,0
2656,30.8394,0
2657,44.7304,0
2658,28.6787,0
2659,23.9840,0
2660,33.7486,0
2661,38.7619,0
2662,30.9367,0
2663,35.7306,0
2664,36.3495,0
2665,41.7953,0
2666,38.2812,0
2667,50.2717,0
2668,44.3876,0
2669,42.8216,0
2670,37.6210,0
2671,35.0866,0
2672,31.3344,0
2673,29.3410,0
2674,21.8472,0
2675,31.2772,0
2676,31.1639,0
2677,38.3594,0
2678,29.3577,0
2679,31.7850,0
2680,30.8404,0
2681,29.5072,0
2682,34.0092,0
2683,27.3395,0
2684,32.2514,0
2685,38.4142,0
2686,27.4479,0
2687,22.2135,0
2688,31.7109,0
2689,30.1518,0
2690,27.3647,0
2691,26.1886,0
2692,24.8096,0
2693,28.4650,0
2694,36.2794,0
2695,40.5207,0
2696,31.2476,0
2697,24.2600,0
2698,24.0586,0
2699,23.9682,0
2700,21.4446,0
2701,23.9415,0
2702,35.3405,0
2703,38.5184,0
2704,26.1087,0
2705,23.4022,0
2706,28.2876,0
2707,44.5335,0
2708,43.0560,0
2709,33.4461,0
2710,20.5514,0
2711,21.7254,0
2712,28.8665,0
2713,42.1164,0
2714,33.6723,0
2715,25.8744,0
2716,26.2742,0
2717,31.9288,0
2718,30.0906,0
2719,28.6305,0
2720,25.8348,0
2721,36.6023,0
2722,30.1926,0
2723,31.8143,0
2724,24.7631,0
2725,38.5950,0
2726,40.3175,0
2727,22.9151,0
2728,29.0217,0
2729,29.4642,0
2730,25.3093,0
2731,28.9516,0
2732,33.7279,0
2733,33.3889,0
2734,38.9254,0
2735,33.4480,0
2736,30.3800,0
2737,36.7565,0
2738,26.0775,0
2739,30.8826,0
2740,26.1347,0
2741,41.1570,0
2742,33.0863,0
2743,30.4437,0
2744,48.7788,0
2745,42.8452,0
2746,30.2386,0
2747,29.2170,0
2748,33.0684,0
2749,30.6070,0
2750,23.8457,0
2751,27.8671,0
2752,34.7035,0
2753,26.4115,0
2754,29.4666,0
2755,29.3500,0
2756,25.4169,0
2757,25.9194,0
2758,30.5109,0
2759,33.7884,0
2760,35.2783,0
2761,27.8804,0
2762,33.4768,0
2763,38.4784,0
2764,21.7373,0
2765,31.0991,0
2766,30.0245,0
2767,35.3193,0
2768,35.6574,0
2769,27.5455,0
2770,22.0306,0
2771,33.7107,0
2772,43.9301,0
2773,37.7605,0
2774,36.8435,0
2775,39.8691,0
2776,27.7991,0
2777,27.3578,0
2778,39.8037,0
2779,33.4156,0
2780,33.0272,0
2781,26.0770,0
2782,35.5422,0
2783,27.8025,0
2784,21.0562,0
2785,34.7412,0
2786,39.2406,0
2787,34.1394,0
2788,32.1445,0
2789,30.6923,0
2790,23.7904,0
2791,38.1663,0
2792,34.0962,0
2793,29.2997,0
2794,33.1926,0
2795,41.4672,0
2796,38.5797,0
2797,26.5870,0
2798,30.0515,0
2799,28.9702,0
2800,32.0013,0
2801,25.3046,0
2802,35.3718,0
2803,46.0567,0
2804,31.3783,0
2805,24.0941,0
2806,28.8656,0
2807,34.2016,0
2808,33.5569,0
2809,47.8044,0
2810,39.6409,0
2811,24.7834,0
2812,22.1753,0
2813,27.9887,0
2814,25.1184,0
2815,27.4091,0
2816,29.1655,0
2817,28.3575,0
2818,30.6733,0
2819,31.2788,0
2820,32.4879,0
2821,40.3328,0
2822,44.4367,0
2823,51.4863,0
2824,31.9524,0
2825,35.0432,0
2826,22.5825,0
2827,25.5942,0
2828,31.2898,0
2829,21.2586,0
2830,30.5133,0
2831,46.4206,0
2832,34.7397,0
2833,40.0801,0
2834,32.3324,0
2835,33.1552,0
2836,25.4536,0
2837,28.8949,0
2838,30.3793,0
2839,34.9042,0
2840,30.7369,0
2841,23.6590,0
2842,33.3066,0
2843,29.2587,0
2844,29.5913,0
2845,32.8624,0
2846,31.0404,0
2847,24.6811,0
2848,28.4963,0
2849,33.0634,0
2850,39.0515,0
2851,39.3515,0
2852,30.3130,0
2853,27.5357,0
2854,30.2238,0
2855,28.8796,0
2856,26.5212,0
2857,34.2581,0
2858,34.6291,0
2859,29.7673,0
2860,23.4070,0
2861,27.4055,0
2862,39.3293,0
2863,39.3374,0
2864,32.1374,0
2865,30.4351,0
2866,26.6907,0
2867,23.8991,0
2868,25.8090,0
2869,28.8699,0
2870,26.9301,0
2871,31.8770,0
2872,34.6987,0
2873,31.5411,0
2874,36.8440,0
2875,31.9433,0
2876,32.2075,0
2877,37.9415,0
2878,33.6514,0
2879,24.4780,0
2880,23.6983,0
2881,34.8504,0
2882,35.9678,0
2883,29.9222,0
2884,26.0997,0
2885,31.5800,0
2886,22.1348,0
2887,22.5000,0
2888,19.6772,0
2889,23.7620,0
2890,28.1768,0
2891,30.4043,0
2892,26.0744,0
2893,41.8527,0
2894,29.2089,0
2895,32.4981,0
2896,28.5530,0
2897,35.0614,0
2898,27.1842,0
2899,27.6489,0
2900,31.1382,0
2901,31.3573,0
2902,29.7046,0
2903,37.1530,0
2904,34.3471,0
2905,32.3970,0
2906,35.0485,0
2907,37.8053,0
2908,29.0921,0
2909,29.6628,0
2910,35.1737,0
2911,26.9907,0
2912,29.5796,0
2913,27.6773,0
2914,43.1786,0
2915,37.8757,0
2916,37.6463,0
2917,29.4130,0
2918,26.5818,0
2919,28.2903,0
2920,30.4370,0
2921,33.7963,0
2922,33.3519,0
2923,30.8330,0
2924,33.9496,0
2925,30.1669,0
2926,28.2247,0
2927,22.1055,0
2928,31.4143,0
2929,32.4399,0
2930,30.2801,0
2931,26.0205,0
2932,29.2351,0
2933,37.4711,0
2934,33.3261,0
2935,34.4114,0
2936,30.8292,0
2937,30.1166,0
2938,28.0104,0
2939,39.7620,0
2940,33.6499,0
2941,38.5845,0
2942,40.6284,0
2943,31.7667,0
2944,35.8925,0
2945,35.9478,0
2946,33.9899,0
2947,29.8176,0
2948,26.9899,0
2949,31.1296,0
2950,28.8634,0
2951,34.2767,0
2952,39.3195,0
2953,32.8271,0
2954,34.1415,0
2955,27.2727,0
2956,31.4927,0
2957,35.5921,0
2958,33.0889,0
2959,36.6879,0
2960,30.3695,0
2961,39.0956,0
2962,33.8807,0
2963,24.5290,0
2964,36.9771,0
2965,42.9199,0
2966,40.9870,0
2967,28.9152,0
2968,34.6744,0
2969,46.4609,0
2970,45.6700,0
2971,36.4602,0
2972,34.6148,0
2973,30.7417,0
2974,31.6775,0
2975,29.8054,0
2976,35.6901,0
2977,36.5834,0
2978,27.0402,0
2979,33.2208,0
2980,31.3950,0
2981,31.0638,0
2982,32.5942,0
2983,27.6983,0
2984,26.1683,0
2985,30.2155,0
2986,35.2392,0
2987,31.6067,0
2988,32.9077,0
2989,21.1551,0
2990,32.7477,0
2991,27.7460,0
2992,36.5441,0
2993,39.1939,0
2994,42.7437,0
2995,34.4682,0
2996,23.3004,0
2997,26.6507,0
2998,23.5770,0
2999,26.4328,0
3000,34.7180,0
3001,36.1416,0
3002,24.8215,0
3003,38.6093,0
3004,36.4993,0
3005,45.3463,0
3006,33.0255,0
3007,28.3015,0
3008,36.0148,0
3009,43.8216,0
3010,31.3179,0
3011,29.1352,0
3012,39.7120,0
3013,41.1656,0
3014,45.3079,0
3015,33.3867,0
3016,28.5034,0
3017,26.8755,0
3018,29.8738,0
3019,21.6365,0
3020,30.5989,0
3021,33.8953,0
3022,25.4848,0
3023,27.7371,0
3024,21.7516,0
3025,24.3850,0
3026,37.8952,0
3027,29.4874,0
3028,26.7587,0
3029,35.9440,0
3030,33.2057,0
3031,37.5786,0
3032,42.2256,0
3033,28.0924,0
3034,22.5592,0
3035,31.2431,0
3036,31.6470,0
3037,28.7929,0
3038,20.9870,0
3039,29.5815,0
3040,20.6082,0
3041,28.9059,0
3042,27.3650,0
3043,31.4293,0
3044,37.5547,0
3045,29.1910,0
3046,27.1344,0
3047,26.2694,0
3048,44.8101,0
3049,30.0856,0
3050,51.7144,0
3051,25.7378,0
3052,30.9410,0
3053,29.7127,0
3054,30.5660,0
3055,37.9200,0
3056,36.4897,0
3057,31.3129,0
3058,26.7942,0
3059,29.5122,0
3060,32.2592,0
3061,31.4453,0
3062,31.9550,0
3063,33.3374,0
3064,29.1023,0
3065,28.4722,0
3066,33.5124,0
3067,38.5506,0
3068,43.9458,0
3069,30.5507,0
3070,24.6973,0
3071,28.8367,0
3072,26.9611,0
3073,28.1899,0
3074,25.4631,0
3075,25.1217,0
3076,29.7875,0
3077,36.8152,0
3078,32.7091,0
3079,30.2074,0
3080,27.3287,0
3081,35.9871,0
3082,35.0752,0
3083,19.5239,0
3084,21.1489,0
3085,19.0132,0
3086,33.6094,0
3087,19.3481,0
3088,52.0501,0
3089,30.4348,0
3090,46.5920,0
3091,25.2352,0
3092,37.8568,0
3093,41.4762,0
3094,32.8310,0
3095,31.6386,0
3096,29.2535,0
3097,27.6158,0
3098,34.6882,0
3099,34.3328,0
3100,38.9488,0
3101,30.3679,0
3102,41.4124,0
3103,34.4293,0
3104,25.9271,0
3105,32.7458,0
3106,29.8562,0
3107,30.5371,0
3108,37.3147,0
3109,29.4895,0
3110,27.6442,0
3111,36.9921,0
3112,30.4146,0
3113,20.3032,0
3114,30.9350,0
3115,39.0964,0
3116,30.0913,0
3117,39.0494,0
3118,31.6823,0
3119,41.7829,0
3120,31.3556,0
3121,29.6433,0
3122,40.5109,0
3123,40.7565,0
3124,31.7302,0
3125,43.8752,0
3126,27.4467,0
3127,24.3027,0
3128,23.7522,0
3129,29.3224,0
3130,31.2068,0
3131,33.4656,0
3132,26.3679,0
3133,25.8987,0
3134,24.2186,0
3135,26.5946,0
3136,22.5933,0
3137,31.1267,0
3138,22.3210,0
3139,27.3631,0
3140,24.6654,0
3141,28.4135,0
3142,43.3221,0
3143,27.3192,0
3144,47.6549,0
3145,40.9081,0
3146,32.9001,0
3147,31.1348,0
3148,30.4458,0
3149,22.1863,0
3150,32.2120,0
3151,29.0084,0
3152,26.1350,0
3153,24.1110,0
3154,27.2102,0
3155,25.1875,0
3156,31.5218,0
3157,39.0990,0
3158,35.1553,0
3159,37.6859,0
3160,45.5713,0
3161,36.5000,0
3162,48.3851,0
3163,38.0120,0
3164,41.5883,0
3165,34.6715,0
3166,33.5021,0
3167,38.5230,0
3168,33.7458,0
3169,26.0637,0
3170,21.4465,0
3171,26.6061,0
3172,29.2091,0
3173,30.1428,0
3174,25.9540,0
3175,37.5423,0
3176,38.3875,0
3177,31.8074,0
3178,20.0489,0
3179,25.8341,0
3180,35.5608,0
3181,44.8177,0
3182,39.7902,0
3183,42.3484,0
3184,40.3652,0
3185,35.4161,0
3186,33.9158,0
3187,31.0252,0
3188,28.0304,0
3189,35.9850,0
3190,23.3324,0
3191,32.2578,0
3192,36.4332,0
3193,30.4365,0
3194,27.0636,0
3195,20.0930,0
3196,21.0574,0
3197,27.0104,0
3198,24.7941,0
3199,27.6256,0
3200,29.5691,0
3201,47.9727,0
3202,35.2912,0
3203,35.4450,0
3204,33.9556,0
3205,36.3770,0
3206,26.2592,0
3207,25.9092,0
3208,34.3866,0
3209,29.4006,0
3210,25.1429,0
3211,38.1641,0
3212,28.6360,0
3213,24.9381,0
3214,40.4794,0
3215,29.8197,0
3216,33.1309,0
3217,30.5398,0
3218,30.1154,0
3219,29.5362,0
3220,37.5459,0
3221,46.8960,0
3222,41.0037,0
3223,46.0896,0
3224,23.8512,0
3225,22.9943,0
3226,29.7875,0
3227,25.8873,0
3228,27.9963,0
3229,25.1577,0
3230,22.9065,0
3231,22.2476,0
3232,24.4689,0
3233,29.2871,0
3234,26.1974,0
3235,32.9118,0
3236,35.9468,0
3237,37.4956,0
3238,27.5776,0
3239,32.8624,0
3240,32.3949,0
3241,54.3959,0
3242,39.9151,0
3243,36.4883,0
3244,29.3598,0
3245,29.9418,0
3246,32.4776,0
3247,40.0796,0
3248,35.2430,0
3249,34.3406,0
3250,24.7250,0
3251,22.9702,0
3252,23.4237,0
3253,23.2124,0
3254,16.5780,0
3255,27.5362,0
3256,24.8306,0
3257,31.5695,0
3258,34.2641,0
3259,25.2736,0
3260,47.2040,0
3261,49.1810,0
3262,38.1944,0
3263,30.8948,0
3264,26.2821,0
3265,29.1626,0
3266,28.0459,0
3267,26.5837,0
3268,35.9356,0
3269,37.5826,0
3270,33.5181,0
3271,29.0313,0
3272,28.7890,0
3273,21.2197,0
3274,25.8408,0
3275,31.6782,0
3276,36.2179,0
3277,29.5501,0
3278,72.1569,0
3279,39.6733,0
3280,27.2923,0
3281,30.1840,0
3282,33.8840,0
3283,23.8562,0
3284,26.2167,0
3285,29.1338,0
3286,35.4693,0
3287,33.0446,0
3288,30.8359,0
3289,41.0507,0
3290,42.3415,0
3291,30.4074,0
3292,42.5198,0
3293,39.0542,0
3294,32.0599,0
3295,40.4463,0
3296,52.0623,0
3297,53.4260,0
3298,40.9162,0
3299,30.3664,0
3300,26.4106,0
3301,32.7368,0
3302,34.5185,0
3303,30.7438,0
3304,39.4228,0
3305,44.2507,0
3306,39.2792,0
3307,33.6297,0
3308,37.4482,0
3309,42.9935,0
3310,37.2634,0
3311,38.8844,0
3312,49.4473,0
3313,52.9866,0
3314,36.4249,0
3315,18.2343,0
3316,23.3884,0
3317,33.4692,0
3318,26.5589,0
3319,31.9049,0
3320,39.4783,0
3321,41.8003,0
3322,43.6499,0
3323,41.6231,0
3324,32.3002,0
3325,29.5727,0
3326,28.7411,0
3327,36.1199,0
3328,25.5013,0
3329,26.3374,0
3330,47.6217,0
3331,49.7189,0
3332,30.6487,0
3333,35.5620,0
3334,30.3314,0
3335,33.3540,0
3336,32.0959,0
3337,29.6686,0
3338,28.4693,0
3339,35.8717,0
3340,31.9188,0
3341,23.6218,0
3342,29.4113,0
3343,32.2902,0
3344,31.0879,0
3345,32.5782,0
3346,38.6369,0
3347,31.8432,0
3348,33.3750,0
3349,49.0239,0
3350,51.1694,0
3351,33.7927,0
3352,31.9755,0
3353,37.8594,0
3354,41.2395,0
3355,42.9764,0
3356,34.4453,0
3357,31.7769,0
3358,31.8027,0
3359,31.4989,0
3360,29.0692,0
3361,27.2515,0
3362,50.7891,0
3363,29.1119,0
3364,30.0093,0
3365,28.6674,0
3366,28.2664,0
3367,42.4721,0
3368,62.8068,0
3369,54.0330,0
3370,33.7131,0
3371,40.8061,0
3372,40.7984,0
3373,25.9504,0
3374,30.7562,0
3375,22.1381,0
3376,47.9131,0
3377,40.1387,0
3378,36.6755,0
3379,29.9165,0
3380,37.2922,0
3381,27.8125,0
3382,27.0495,0
3383,59.4087,0
3384,50.7617,0
3385,36.0348,0
3386,35.6591,0
3387,36.4873,0
3388,29.0394,0
3389,35.5265,0
3390,32.1796,0
3391,21.8196,0
3392,23.2117,0
3393,27.8795,0
3394,32.3842,0
3395,32.7353,0
3396,35.8703,0
3397,42.6574,0
3398,44.9944,0
3399,34.1907,0
3400,44.2619,0
3401,51.4667,0
3402,33.4482,0
3403,33.2253,0
3404,30.2789,0
3405,32.7864,0
3406,28.1024,0
3407,30.2160,0
3408,35.3436,0
3409,26.2711,0
3410,27.9005,0
3411,31.9948,0
3412,27.3256,0
3413,23.8907,0
3414,27.3542,0
3415,29.1891,0
3416,22.4428,0
3417,27.3056,0
3418,52.6497,0
3419,57.1425,0
3420,47.4176,0
3421,44.6410,0
3422,37.3569,0
3423,40.0574,0
3424,35.4004,0
3425,30.2317,0
3426,29.2838,0
3427,37.0028,0
3428,36.3464,0
3429,42.2742,0
3430,40.9212,0
3431,26.3329,0
3432,34.5502,0
3433,49.5310,0
3434,39.1276,0
3435,46.6604,0
3436,35.7294,0
3437,32.9287,0
3438,41.9779,0
3439,39.8343,0
3440,34.6870,0
3441,32.5296,0
3442,35.4233,0
3443,35.7797,0
3444,34.4093,0
3445,39.6965,0
3446,28.4812,0
3447,30.5882,0
3448,27.2951,0
3449,41.1417,0
3450,46.6573,0
3451,36.5481,0
3452,37.0219,0
3453,43.1430,0
3454,27.6659,0
3455,37.8139,0
3456,34.8716,0
3457,26.5806,0
3458,34.8551,0
3459,34.4138,0
3460,34.5087,0
3461,31.7125,0
3462,32.4793,0
3463,38.2576,0
3464,34.5919,0
3465,28.3058,0
3466,35.9201,0
3467,31.3656,0
3468,30.0951,0
3469,34.1895,0
3470,45.7780,0
3471,43.0539,0
3472,36.0017,0
3473,30.0961,0
3474,28.0340,0
3475,36.2785,0
3476,33.1612,0
3477,24.5106,0
3478,24.2043,0
3479,28.7435,0
3480,27.8237,0
3481,22.5585,0
3482,28.1749,0
3483,28.9111,0
3484,30.5290,0
3485,24.7846,0
3486,25.5196,0
3487,30.5207,0
3488,35.4257,0
3489,50.3621,0
3490,52.5041,0
3491,59.2809,0
3492,48.7514,0
3493,37.7371,0
3494,41.4023,0
3495,41.1170,0
3496,42.8696,0
3497,45.0957,0
3498,47.4591,0
3499,30.9591,0
3500,32.9905,0
3501,33.0136,0
3502,34.9557,0
3503,32.8972,0
3504,28.7988,0
3505,46.3045,0
3506,34.1177,0
3507,49.1679,0
3508,25.5370,0
3509,29.2461,0
3510,31.2960,0
3511,28.6379,0
3512,34.0900,0
3513,32.0389,0
3514,43.1342,0
3515,36.9248,0
3516,29.4461,0
3517,30.0920,0
3518,29.9230,0
3519,28.0762,0
3520,26.3555,0
3521,24.3504,0
3522,26.4843,0
3523,40.1745,0
3524,48.9767,0
3525,38.7077,0
3526,37.5919,0
3527,31.7311,0
3528,43.3109,0
3529,37.0047,0
3530,29.8762,0
3531,38.0950,0
3532,26.8755,0
3533,31.1203,0
3534,34.4970,0
3535,25.2516,0
3536,41.8923,0
3537,36.0875,0
3538,38.5160,0
3539,43.3969,0
3540,45.0926,0
3541,51.3837,0
3542,42.1238,0
3543,45.2194,0
3544,42.9575,0
3545,34.1525,0
3546,34.7605,0
3547,35.7811,0
3548,21.0621,0
3549,37.6871,0
3550,41.1747,0
3551,35.1543,0
3552,30.0798,0
3553,28.6925,0
3554,34.3201,0
3555,30.2241,0
3556,25.5227,0
3557,27.4038,0
3558,44.1608,0
3559,42.2914,0
3560,38.7859,0
3561,47.0262,0
3562,35.0022,0
3563,22.7859,0
3564,24.0426,0
3565,26.2716,0
3566,29.0940,0
3567,30.8628,0
3568,33.5727,0
3569,34.1828,0
3570,33.1173,0
3571,29.8302,0
3572,34.7078,0
3573,28.4674,0
3574,32.0044,0
3575,29.6857,0
3576,23.5357,0
3577,37.6258,0
3578,35.4593,0
3579,41.6048,0
3580,38.7957,0
3581,39.4928,0
3582,46.7246,0
3583,36.8009,0
3584,53.5686,0
3585,31.3461,0
3586,28.9440,0
3587,24.5640,0
3588,25.2211,0
3589,28.3937,0
3590,34.5061,0
3591,37.3442,0
3592,41.1170,0
3593,41.1971,0
3594,42.8073,0
3595,53.9706,0
3596,42.4628,0
3597,36.1550,0
3598,39.0654,0
3599,32.9714,0
3600,42.6171,0
3601,37.7364,0
3602,31.8301,0
3603,31.4262,0
3604,38.0971,0
3605,39.3941,0
3606,33.4926,0
3607,34.3010,0
3608,42.1035,0
3609,41.7678,0
3610,36.8581,0
3611,31.7059,0
3612,48.0192,0
3613,35.7978,0
3614,40.1962,0
3615,36.9780,0
3616,30.3466,0
3617,31.0540,0
3618,24.0173,0
3619,26.8097,0
3620,33.4849,0
3621,33.8004,0
3622,29.4240,0
3623,34.7390,0
3624,33.4284,0
3625,28.9299,0
3626,45.2523,0
3627,37.4312,0
3628,40.5190,0
3629,53.9095,0
3630,54.6544,0
3631,36.6490,0
3632,38.8224,0
3633,30.5607,0
3634,31.8387,0
3635,34.1871,0
3636,33.4675,0
3637,36.3166,0
3638,29.7318,0
3639,39.4511,0
3640,29.9802,0
3641,22.0115,0
3642,30.5157,0
3643,34.1284,0
3644,27.9238,0
3645,37.2632,0
3646,29.5851,0
3647,31.6885,0
3648,50.5297,0
3649,52.9354,0
3650,40.7839,0
3651,38.9259,0
3652,37.4029,0
3653,43.1080,0
3654,39.1507,0
3655,63.1366,0
3656,42.5572,0
3657,34.9829,0
3658,32.3205,0
3659,27.3180,0
3660,29.9280,0
3661,31.1837,0
3662,35.5115,0
3663,40.5910,0
3664,34.5221,0
3665,44.9948,0
3666,48.1229,0
3667,45.4586,0
3668,40.8838,0
3669,35.4922,0
3670,35.2371,0
3671,28.1196,0
3672,27.4467,0
3673,32.0725,0
3674,35.8529,0
3675,34.2159,0
3676,32.9306,0
3677,38.3170,0
3678,32.2301,0
3679,29.5651,0
3680,28.3585,0
3681,32.0690,0
3682,28.5907,0
3683,44.0166,0
3684,42.5177,0
3685,42.6238,0
3686,33.4091,0
3687,36.1493,0
3688,32.2540,0
3689,31.8148,0
3690,24.8346,0
3691,37.0753,0
3692,39.2237,0
3693,35.6996,0
3694,34.8899,0
3695,31.4560,0
3696,34.4639,0
3697,32.0792,0
3698,47.8508,0
3699,37.3638,0
3700,32.3935,0
3701,34.1213,0
3702,24.2996,0
3703,22.7728,0
3704,28.0819,0
3705,28.9276,0
3706,33.9119,0
3707,32.9156,0
3708,36.8123,0
3709,35.3053,0
3710,45.7320,0
3711,39.9282,0
3712,34.9512,0
3713,24.6091,0
3714,23.4058,0
3715,28.8696,0
3716,25.3758,0
3717,32.6183,0
3718,45.4655,0
3719,35.5537,0
3720,29.9785,0
3721,29.8510,0
3722,31.3432,0
3723,30.9210,0
3724,24.9841,0
3725,24.2088,0
3726,31.8100,0
3727,32.0709,0
3728,31.7218,0
3729,28.9612,0
3730,29.5053,0
3731,34.8949,0
3732,35.0280,0
3733,30.7722,0
3734,27.3411,0
3735,38.4650,0
3736,55.0220,0
3737,57.8296,0
3738,46.4220,0
3739,42.9606,0
3740,34.8196,0
3741,24.6134,0
3742,47.0777,0
3743,39.8462,0
3744,37.4753,0
3745,36.1035,0
3746,26.2175,0
3747,25.3417,0
3748,32.8941,0
3749,40.3209,0
3750,36.7627,0
3751,31.8234,0
3752,32.1417,0
3753,62.3996,0
3754,51.9862,0
3755,32.0230,0
3756,37.5619,0
3757,36.4463,0
3758,35.7392,0
3759,37.1234,0
3760,33.3724,0
3761,35.7313,0
3762,38.1708,0
3763,32.2366,0
3764,35.2585,0
3765,44.9619,0
3766,47.8666,0
3767,39.8362,0
3768,26.5522,0
3769,42.8102,0
3770,54.6968,0
3771,57.0054,0
3772,42.3901,0
3773,36.7689,0
3774,33.3717,0
3775,32.7039,0
3776,32.1488,0
3777,23.3610,0
3778,34.5194,0
3779,36.0632,0
3780,45.4898,0
3781,33.3967,0
3782,31.0135,0
3783,32.5913,0
3784,38.1751,0
3785,36.0031,0
3786,28.0747,0
3787,63.2846,0
3788,33.7512,0
3789,37.0162,0
3790,37.1022,0
3791,29.5947,0
3792,27.8568,0
3793,38.2910,0
3794,33.8480,0
3795,31.5146,0
3796,32.5966,0
3797,36.9356,0
3798,36.4702,0
3799,33.1297,0
3800,31.6677,0
3801,39.3536,0
3802,36.0055,0
3803,45.5942,0
3804,38.8057,0
3805,35.6884,0
3806,33.7536,0
3807,32.0325,0
3808,36.2468,0
3809,30.6842,0
3810,36.5162,0
3811,36.2675,0
3812,33.3731,0
3813,33.5667,0
3814,32.9158,0
3815,30.7002,0
3816,34.7145,0
3817,26.2933,0
3818,29.3074,0
3819,32.1333,0
3820,42.9711,0
3821,48.1834,0
3822,43.0114,0
3823,36.2461,0
3824,38.7936,0
3825,34.3935,0
3826,34.2340,0
3827,32.1555,0
3828,34.7729,0
3829,42.0258,0
3830,43.8762,0
3831,34.6117,0
3832,41.7268,0
3833,30.3888,0
3834,38.2795,0
3835,31.6544,0
3836,40.1814,0
3837,47.2119,0
3838,57.9007,0
3839,38.8582,0
3840,32.7535,0
3841,30.0808,0
3842,36.2947,0
3843,33.9017,0
3844,35.1226,0
3845,29.5410,0
3846,28.6837,0
3847,23.2260,0
3848,21.8797,0
3849,31.4696,0
3850,28.3213,0
3851,39.0289,0
3852,31.7698,0
3853,40.4189,0
3854,57.1103,0
3855,54.2431,0
3856,38.5261,0
3857,34.1904,0
3858,30.4141,0
3859,31.1902,0
3860,32.1181,0
3861,33.2139,0
3862,32.2073,0
3863,29.7706,0
3864,35.0871,0
3865,29.9897,0
3866,34.2541,0
3867,34.1365,0
3868,28.9478,0
3869,33.9141,0
3870,25.4738,0
3871,34.2224,0
3872,45.0156,0
3873,38.0480,0
3874,37.4629,0
3875,38.2648,0
3876,38.2304,0
3877,32.5556,0
3878,36.7968,0
3879,31.6882,0
3880,30.2601,0
3881,28.7964,0
3882,25.3122,0
3883,28.6262,0
3884,31.4054,0
3885,26.8941,0
3886,35.0873,0
3887,26.0799,0
3888,23.1333,0
3889,25.1219,0
3890,33.4215,0
3891,44.1763,0
3892,37.6060,0
3893,46.0467,0
3894,52.7065,0
3895,28.4817,0
3896,29.7344,0
3897,29.3751,0
3898,26.1939,0
3899,32.3195,0
3900,43.7942,0
3901,36.7613,0
3902,39.0501,0
3903,43.8838,0
3904,40.5993,0
3905,32.9111,0
3906,35.3818,0
3907,36.5233,0
3908,32.1529,0
3909,32.6388,0
3910,71.0690,0
3911,51.5497,0
3912,35.4054,0
3913,27.2448,0
3914,38.5203,0
3915,37.1504,0
3916,32.4786,0
3917,29.7649,0
3918,26.0451,0
3919,24.9939,0
3920,29.6483,0
3921,29.2768,0
3922,31.8203,0
3923,31.4648,0
3924,34.0056,0
3925,34.9877,0
3926,32.3191,0
3927,37.4012,0
3928,58.4505,0
3929,40.7090,0
3930,37.8213,0
3931,35.9077,0
3932,38.0640,0
3933,39.4716,0
3934,35.0742,0
3935,33.9544,0
3936,32.5923,0
3937,33.0112,0
3938,37.0326,0
3939,38.6651,0
3940,31.6248,0
3941,29.8548,0
3942,33.7231,0
3943,33.4070,0
3944,39.8064,0
3945,47.8277,0
3946,42.9206,0
3947,31.5721,0
3948,36.7961,0
3949,33.0384,0
3950,28.9049,0
3951,37.1919,0
3952,39.9196,0
3953,36.8414,0
3954,40.0641,0
3955,24.5585,0
3956,37.7378,0
3957,34.0970,0
3958,32.4740,0
3959,35.1627,0
3960,30.7310,0
3961,25.4917,0
3962,31.2672,0
3963,43.5188,0
3964,53.7782,0
3965,53.9505,0
3966,38.3437,0
3967,34.3359,0
3968,33.3307,0
3969,38.0397,0
3970,36.2523,0
3971,31.0266,0
3972,31.3704,0
3973,39.0754,0
3974,36.5453,0
3975,43.0479,0
3976,33.6516,0
3977,32.9578,0
3978,41.6300,0
3979,45.6691,0
3980,35.0187,0
3981,30.8933,0
3982,35.4450,0
3983,58.2523,0
3984,40.2935,0
3985,35.2688,0
3986,34.5399,0
3987,27.1733,0
3988,34.9936,0
3989,30.2832,0
3990,33.2832,0
3991,30.5912,0
3992,28.6052,0
3993,36.2637,0
3994,26.6955,0
3995,38.1818,0
3996,29.3763,0
3997,24.0576,0
3998,30.3645,0
3999,42.2347,0
4000,44.8461,0
4001,48.4543,0
4002,37.6463,0
4003,44.9317,0
4004,37.1463,0
4005,33.5054,0
4006,40.2627,0
4007,46.2623,0
4008,35.6307,0
4009,48.3253,0
4010,39.9759,0
4011,26.3894,0
4012,41.5611,0
4013,33.9260,0
4014,56.8774,0
4015,42.1288,0
4016,32.4059,0
4017,51.9412,0
4018,43.1447,0
4019,33.1078,0
4020,35.0726,0
4021,27.2369,0
4022,26.3672,0
4023,35.5110,0
4024,39.7446,0
4025,31.4710,0
4026,28.0249,0
4027,37.4186,0
4028,34.2894,0
4029,31.7798,0
4030,36.4366,0
4031,40.2093,0
4032,48.8710,0
4033,35.4469,0
4034,43.1676,0
4035,53.7250,0
4036,48.9211,0
4037,33.0677,0
4038,34.1620,0
4039,45.9108,0
4040,42.8281,0
4041,36.3066,0
4042,33.5283,0
4043,42.2769,0
4044,32.7868,0
4045,26.8214,0
4046,44.1303,0
4047,31.7047,0
4048,22.1982,0
4049,36.2628,0
4050,45.5432,0
4051,32.3365,0
4052,32.6438,0
4053,33.1423,0
4054,32.7661,0
4055,25.2838,0
4056,36.1664,0
4057,37.8962,0
4058,33.9901,0
4059,33.4713,0
4060,29.4976,0
4061,37.2255,0
4062,34.8997,0
4063,52.9525,0
4064,36.4974,0
4065,30.6253,0
4066,39.1724,0
4067,48.4130,0
4068,40.6649,0
4069,42.4559,0
4070,42.1660,0
4071,33.4945,0
4072,22.7876,0
4073,39.7413,0
4074,40.4923,0
4075,30.9885,0
4076,31.1108,0
4077,28.7950,0
4078,32.3668,0
4079,26.1180,0
4080,31.6801,0
4081,37.7700,0
4082,38.1618,0
4083,36.3367,0
4084,36.6497,0
4085,48.4655,0
4086,39.0267,0
4087,35.0254,0
4088,30.1695,0
4089,33.5476,0
4090,36.9737,0
4091,36.7467,0
4092,33.7391,0
4093,30.3757,0
4094,28.6312,0
4095,24.4241,0
4096,35.7637,0
4097,48.3835,0
4098,49.6306,0
4099,30.1104,0
4100,43.1852,0
4101,27.1473,0
4102,43.1306,0
4103,38.6066,0
4104,36.5493,0
4105,30.3724,0
4106,32.8665,0
4107,203.5856,0
4108,182.0920,0
4109,33.1953,0
4110,38.8618,0
4111,40.4253,0
4112,41.6136,0
4113,34.1880,0
4114,35.2881,0
4115,45.1262,0
4116,44.6765,0
4117,40.2660,0
4118,38.7404,0
4119,38.7089,0
4120,28.6465,0
4121,30.1433,0
4122,28.0645,0
4123,24.7617,0
4124,28.7652,0
4125,28.8172,0
4126,33.7541,0
4127,34.9019,0
4128,39.7151,0
4129,34.9181,0
4130,19.1703,0
4131,28.1243,0
4132,33.9723,0
4133,24.5364,0
4134,34.7636,0
4135,42.3408,0
4136,27.2624,0
4137,28.6932,0
4138,29.6662,0
4139,36.9325,0
4140,35.5647,0
4141,40.0460,0
4142,34.3072,0
4143,40.8015,0
4144,39.5172,0
4145,39.5370,0
4146,37.7057,0
4147,23.0234,0
4148,33.8445,0
4149,37.5834,0
4150,32.4645,0
4151,26.4604,0
4152,46.7722,0
4153,44.3499,0
4154,30.8170,0
4155,34.5562,0
4156,30.9553,0
4157,31.5454,0
4158,31.4240,0
4159,30.5188,0
4160,37.1823,0
4161,35.0716,0
4162,28.0669,0
4163,24.2367,0
4164,36.5400,0
4165,40.1621,0
4166,48.2435,0
4167,47.6885,0
4168,49.8364,0
4169,47.0486,0
4170,50.2949,0
4171,48.3084,0
4172,28.5120,0
4173,31.2085,0
4174,36.8402,0
4175,30.6013,0
4176,38.9593,0
4177,31.4679,0
4178,34.5500,0
4179,40.1628,0
4180,35.9333,0
4181,32.4249,0
4182,35.7082,0
4183,36.8395,0
4184,40.8256,0
4185,37.2939,0
4186,30.5238,0
4187,40.4961,0
4188,43.2985,0
4189,47.1632,0
4190,30.6661,0
4191,35.2721,0
4192,28.9989,0
4193,20.1013,0
4194,31.9302,0
4195,37.9639,0
4196,39.8467,0
4197,38.4643,0
4198,42.5653,0
4199,46.9072,0
4200,31.1925,0
4201,39.7635,0
4202,41.0621,0
4203,33.1185,0
4204,24.2760,0
4205,29.6576,0
4206,36.5751,0
4207,35.0471,0
4208,33.9403,0
4209,29.7382,0
4210,32.6276,0
4211,28.4247,0
4212,28.0457,0
4213,28.0941,0
4214,23.4118,0
4215,33.6351,0
4216,35.4168,0
4217,42.3419,0
4218,34.0312,0
4219,37.8230,0
4220,33.2873,0
4221,26.8738,0
4222,24.1776,0
4223,30.7369,0
4224,32.7334,0
4225,43.5076,0
4226,43.6003,0
4227,32.4163,0
4228,30.4751,0
4229,31.8029,0
4230,39.2227,0
4231,31.7488,0
4232,28.2662,0
4233,26.4270,0
4234,36.9484,0
4235,44.3578,0
4236,48.9223,0
4237,30.1111,0
4238,28.9059,0
4239,26.7720,0
4240,31.5793,0
4241,32.3219,0
4242,43.9775,0
4243,40.4768,0
4244,33.5248,0
4245,29.9838,0
4246,28.8310,0
4247,34.5454,0
4248,27.3981,0
4249,31.5576,0
4250,28.9228,0
4251,27.7603,0
4252,28.3284,0
4253,34.5519,0
4254,35.2559,0
4255,36.4892,0
4256,38.3625,0
4257,41.8725,0
4258,29.7992,0
4259,30.7043,0
4260,35.5854,0
4261,40.2296,0
4262,51.8618,0
4263,52.7129,0
4264,37.4639,0
4265,39.3193,0
4266,31.4462,0
4267,39.5973,0
4268,36.2453,0
4269,38.4297,0
4270,17.8423,0
4271,39.3806,0
4272,46.0455,0
4273,32.5446,0
4274,39.2959,0
4275,54.5275,0
4276,30.9508,0
4277,50.3974,0
4278,55.9187,0
4279,41.8611,0
4280,32.1059,0
4281,39.4254,0
4282,35.3551,0
4283,30.5893,0
4284,33.2966,0
4285,35.8055,0
4286,30.7429,0
4287,29.3715,0
4288,48.4684,0
4289,38.3344,0
4290,33.1807,0
4291,33.9570,0
4292,29.8409,0
4293,36.3486,0
4294,43.9625,0
4295,55.2423,0
4296,43.5665,0
4297,45.1910,0
4298,36.5725,0
4299,31.8890,0
4300,35.0382,0
4301,38.7988,0
4302,32.6436,0
4303,34.7114,0
4304,42.6862,0
4305,38.5149,0
4306,39.5331,0
4307,36.1693,0
4308,40.0939,0
4309,37.8101,0
4310,29.0561,0
4311,30.1888,0
4312,28.8556,0
4313,37.0288,0
4314,34.2398,0
4315,32.9742,0
4316,32.1336,0
4317,32.3424,0
4318,31.9452,0
4319,33.3078,0
4320,26.9754,0
4321,27.9634,0
4322,31.8892,0
4323,31.9529,0
4324,33.6008,0
4325,48.5630,0
4326,45.1450,0
4327,45.4087,0
4328,41.0748,0
4329,37.1003,0
4330,23.8757,0
4331,35.0344,0
4332,24.3106,0
4333,33.8280,0
4334,40.4148,0
4335,37.7591,0
4336,33.8638,0
4337,35.3107,0
4338,35.3217,0
4339,33.1872,0
4340,38.3716,0
4341,35.8679,0
4342,35.6202,0
4343,38.1138,0
4344,44.1334,0
4345,52.2792,0
4346,38.6713,0
4347,34.9119,0
4348,31.3671,0
4349,27.4270,0
4350,25.7602,0
4351,32.3887,0
4352,26.0577,0
4353,30.2153,0
4354,34.1377,0
4355,29.4349,0
4356,30.2818,0
4357,24.0216,0
4358,20.9594,0
4359,38.8775,0
4360,35.5251,0
4361,32.8813,0
4362,31.1668,0
4363,53.2084,0
4364,36.6459,0
4365,34.4841,0
4366,42.1665,0
4367,44.7378,0
4368,37.2808,0
4369,50.8657,0
4370,43.8364,0
4371,40.8573,0
4372,37.1592,0
4373,41.8236,0
4374,31.5940,0
4375,29.4063,0
4376,38.7213,0
4377,34.5476,0
4378,39.2137,0
4379,53.7596,0
4380,31.9388,0
4381,36.7618,0
4382,28.0468,0
4383,18.9121,0
4384,19.2957,0
4385,29.0861,0
4386,31.2452,0
4387,26.7491,0
4388,30.8435,0
4389,29.2394,0
4390,27.6179,0
4391,25.5282,0
4392,28.3554,0
4393,36.2504,0
4394,30.7524,0
4395,37.3178,0
4396,38.2550,0
4397,34.1749,0
4398,48.7745,0
4399,62.7291,0
4400,52.6080,0
4401,38.9612,0
4402,36.7432,0
4403,44.2095,0
4404,42.6965,0
4405,32.6478,0
4406,36.0155,0
4407,33.0312,0
4408,36.2098,0
4409,31.3947,0
4410,28.8720,0
4411,45.4934,0
4412,33.0970,0
4413,39.0804,0
4414,34.7297,0
4415,52.8326,0
4416,50.2002,0
4417,42.8154,0
4418,39.8901,0
4419,53.3996,0
4420,35.1236,0
4421,30.3917,0
4422,49.0372,0
4423,54.5065,0
4424,41.7504,0
4425,52.7840,0
4426,57.5569,0
4427,42.2859,0
4428,33.2778,0
4429,32.1078,0
4430,28.5666,0
4431,47.5309,0
4432,29.0768,0
4433,29.1018,0
4434,32.4109,0
4435,39.3527,0
4436,38.2960,0
4437,41.3129,0
4438,29.1426,0
4439,40.0605,0
4440,32.3629,0
4441,37.7405,0
4442,47.1117,0
4443,41.3835,0
4444,39.0832,0
4445,36.8443,0
4446,48.2233,0
4447,47.4925,0
4448,42.4964,0
4449,36.8755,0
4450,35.6514,0
4451,31.6608,0
4452,42.4063,0
4453,31.7390,0
4454,36.8950,0
4455,47.1659,0
4456,36.8769,0
4457,39.8543,0
4458,48.7151,0
4459,39.4907,0
4460,47.8745,0
4461,38.2152,0
4462,35.3417,0
4463,29.5842,0
4464,34.1878,0
4465,42.5396,0
4466,40.2455,0
4467,34.6928,0
4468,38.3039,0
4469,29.7370,0
4470,32.1655,0
4471,27.7817,0
4472,30.5643,0
4473,26.3572,0
4474,35.3692,0
4475,36.6664,0
4476,47.5421,0
4477,43.0496,0
4478,39.2561,0
4479,36.3193,0
4480,41.7604,0
4481,40.1511,0
4482,35.5575,0
4483,36.4413,0
4484,50.4060,0
4485,34.2600,0
4486,43.8616,0
4487,27.8385,0
4488,27.5826,0
4489,36.9473,0
4490,39.4533,0
4491,39.1219,0
4492,39.1209,0
4493,33.9265,0
4494,37.1532,0
4495,36.0596,0
4496,30.2303,0
4497,29.5477,0
4498,39.2592,0
4499,34.7798,0
4500,32.1443,0
4501,41.5423,0
4502,48.3644,0
4503,48.1002,0
4504,35.5899,0
4505,37.2927,0
4506,35.0583,0
4507,33.6030,0
4508,38.3656,0
4509,46.5872,0
4510,39.4516,0
4511,36.4428,0
4512,38.0092,0
4513,27.2534,0
4514,36.9840,0
4515,28.9428,0
4516,24.9717,0
4517,34.6341,0
4518,29.7348,0
4519,39.6614,0
4520,43.6306,0
4521,37.4811,0
4522,36.8586,0
4523,33.4864,0
4524,34.9324,0
4525,35.2538,0
4526,49.2132,0
4527,43.2589,0
4528,29.4907,0
4529,29.2439,0
4530,39.4030,0
4531,35.4776,0
4532,39.0472,0
4533,46.3231,0
4534,29.7811,0
4535,37.6539,0
4536,33.0033,0
4537,49.2561,0
4538,49.1788,0
4539,35.1858,0
4540,33.8852,0
4541,32.1910,0
4542,43.5236,0
4543,30.4351,0
4544,28.8301,0
4545,42.7852,0
4546,35.2976,0
4547,27.9729,0
4548,36.3476,0
4549,35.0018,0
4550,47.1222,0
4551,29.4654,0
4552,31.2691,0
4553,37.3716,0
4554,45.8276,0
4555,44.2238,0
4556,30.0331,0
4557,35.8915,0
4558,35.5825,0
4559,39.4294,0
4560,37.3025,0
4561,50.3688,0
4562,51.1339,0
4563,38.4214,0
4564,36.4344,0
4565,33.9751,0
4566,34.2441,0
4567,43.6473,0
4568,41.3356,0
4569,41.6777,0
4570,41.3063,0
4571,28.9996,0
4572,31.0347,0
4573,31.3392,0
4574,30.6578,0
4575,34.8208,0
4576,46.9420,0
4577,52.0601,0
4578,47.3692,0
4579,31.0116,0
4580,33.2351,0
4581,30.9832,0
4582,25.3639,0
4583,37.1389,0
4584,37.4339,0
4585,41.4212,0
4586,46.7868,0
4587,32.5596,0
4588,31.4243,0
4589,38.5673,0
4590,40.0195,0
4591,27.6270,0
4592,35.2852,0
4593,30.3562,0
4594,43.4721,0
4595,44.2109,0
4596,41.5318,0
4597,24.3590,0
4598,27.3440,0
4599,30.4565,0
4600,26.8824,0
4601,28.5809,0
4602,38.7063,0
4603,39.3362,0
4604,42.7341,0
4605,28.4202,0
4606,29.4812,0
4607,36.7374,0
4608,38.0402,0
4609,36.4261,0
4610,34.6780,0
4611,32.0938,0
4612,41.7945,0
4613,36.3667,0
4614,52.7320,0
4615,34.5874,0
4616,42.4621,0
4617,37.9193,0
4618,24.8189,0
4619,35.5477,0
4620,42.8221,0
4621,48.3015,0
4622,43.3679,0
4623,43.4957,0
4624,36.2823,0
4625,36.0126,0
4626,25.5647,0
4627,37.8563,0
4628,35.9142,0
4629,43.1626,0
4630,48.1420,0
4631,42.4223,0
4632,39.3727,0
4633,31.5700,0
4634,38.5363,0
4635,35.5558,0
4636,46.4642,0
4637,48.4915,0
4638,47.3118,0
4639,32.7780,0
4640,36.9020,0
4641,31.8017,0
4642,26.2051,0
4643,31.8325,0
4644,24.5373,0
4645,43.0186,0
4646,54.6782,0
4647,36.1109,0
4648,37.5478,0
4649,33.6821,0
4650,35.6076,0
4651,31.1241,0
4652,40.1835,0
4653,43.6766,0
4654,49.8722,0
4655,45.1910,0
4656,41.3451,0
4657,30.6282,0
4658,34.4353,0
4659,48.1994,0
4660,27.4382,0
4661,38.8174,0
4662,31.1742,0
4663,44.9424,0
4664,36.9196,0
4665,35.2900,0
4666,23.6576,0
4667,36.7048,0
4668,44.9953,0
4669,48.8465,0
4670,50.2653,0
4671,45.7580,0
4672,37.3917,0
4673,34.4276,0
4674,39.9406,0
4675,40.4105,0
4676,39.8951,0
4677,32.3534,0
4678,35.0468,0
4679,32.3081,0
4680,40.8559,0
4681,36.2015,0
4682,33.6277,0
4683,34.5008,0
4684,37.0481,0
4685,35.2881,0
4686,37.8516,0
4687,47.6210,0
4688,47.1783,0
4689,36.1435,0
4690,35.4874,0
4691,35.1832,0
4692,32.5365,0
4693,41.6460,0
4694,29.4070,0
4695,39.5205,0
4696,48.7115,0
4697,50.7703,0
4698,29.1719,0
4699,49.6666,0
4700,55.3477,0
4701,32.1681,0
4702,43.6430,0
4703,51.0166,0
4704,38.8529,0
4705,25.2130,0
4706,38.7340,0
4707,34.6806,0
4708,36.0289,0
4709,29.9430,0
4710,31.4500,0
4711,33.5989,0
4712,45.3706,0
4713,48.1224,0
4714,41.7004,0
4715,46.8872,0
4716,45.5070,0
4717,31.4310,0
4718,36.4335,0
4719,43.1895,0
4720,51.2338,0
4721,38.8472,0
4722,31.7588,0
4723,37.4317,0
4724,39.5460,0
4725,33.9339,0
4726,27.7753,0
4727,32.4025,0
4728,22.1260,0
4729,30.7236,0
4730,41.0285,0
4731,41.7619,0
4732,24.2248,0
4733,29.7918,0
4734,29.5143,0
4735,32.0642,0
4736,35.3475,0
4737,46.5851,0
4738,47.9825,0
4739,40.5929,0
4740,35.3448,0
4741,34.0667,0
4742,35.9523,0
4743,32.2111,0
4744,34.3606,0
4745,34.2884,0
4746,26.2055,0
4747,32.8462,0
4748,43.1373,0
4749,35.5577,0
4750,36.2883,0
4751,42.5146,0
4752,42.0184,0
4753,38.2361,0
4754,35.0869,0
4755,62.2118,0
4756,27.1006,0
4757,45.9414,0
4758,54.0338,0
4759,40.0953,0
4760,39.2714,0
4761,31.1694,0
4762,33.3705,0
4763,32.9211,0
4764,32.3572,0
4765,36.8402,0
4766,40.5269,0
4767,38.5818,0
4768,31.2748,0
4769,33.7467,0
4770,35.4414,0
4771,41.6746,0
4772,37.7777,0
4773,39.0267,0
4774,30.1058,0
4775,30.5429,0
4776,39.2771,0
4777,34.6205,0
4778,38.3034,0
4779,38.1029,0
4780,38.8875,0
4781,27.0600,0
4782,28.8742,0
4783,41.9297,0
4784,31.0693,0
4785,28.8441,0
4786,32.4273,0
4787,38.3577,0
4788,37.4048,0
4789,53.9880,0
4790,34.3995,0
4791,36.4859,0
4792,27.9369,0
4793,41.4724,0
4794,37.4560,0
4795,32.8250,0
4796,39.9857,0
4797,31.4763,0
4798,40.3705,0
4799,40.5056,0
4800,45.6011,0
4801,48.1660,0
4802,35.6450,0
4803,34.7812,0
4804,36.6740,0
4805,39.6740,0
4806,43.1201,0
4807,35.0845,0
4808,32.3451,0
4809,31.3857,0
4810,37.0305,0
4811,45.3470,0
4812,40.1030,0
4813,28.4698,0
4814,27.2002,0
4815,29.0387,0
4816,31.8675,0
4817,30.6478,0
4818,38.4762,0
4819,37.7231,0
4820,26.4928,0
4821,41.7671,0
4822,44.8895,0
4823,27.4632,0
4824,36.9952,0
4825,41.3554,0
4826,39.1066,0
4827,31.5771,0
4828,42.2060,0
4829,32.2020,0
4830,28.1024,0
4831,34.0064,0
4832,43.5500,0
4833,33.8876,0
4834,50.0219,0
4835,43.9091,0
4836,57.5621,0
4837,30.7784,0
4838,43.7653,0
4839,50.1800,0
4840,47.4796,0
4841,45.9065,0
4842,35.2578,0
4843,41.4970,0
4844,43.8631,0
4845,38.9652,0
4846,42.1634,0
4847,38.4765,0
4848,29.9013,0
4849,43.3996,0
4850,49.9666,0
4851,44.8420,0
4852,32.3868,0
4853,34.6553,0
4854,49.7327,0
4855,40.2720,0
4856,31.4977,0
4857,44.6172,0
4858,29.9923,0
4859,25.2812,0
4860,25.0406,0
4861,29.0277,0
4862,35.4462,0
4863,26.3755,0
4864,30.6654,0
4865,28.9710,0
4866,25.4879,0
4867,38.7137,0
4868,34.0316,0
4869,31.8439,0
4870,31.3339,0
4871,31.6064,0
4872,42.5892,0
4873,40.5502,0
4874,34.7593,0
4875,37.0467,0
4876,39.0882,0
4877,30.0741,0
4878,25.8205,0
4879,30.4246,0
4880,31.5330,0
4881,29.0565,0
4882,25.9600,0
4883,34.4534,0
4884,46.0243,0
4885,41.7197,0
4886,45.9485,0
4887,38.3868,0
4888,30.2768,0
4889,49.8092,0
4890,36.2349,0
4891,14.4572,0
4892,23.0269,0
4893,20.6411,0
4894,31.7533,0
4895,30.4666,0
4896,24.4126,0
4897,42.3744,0
4898,48.5229,0
4899,37.1840,0
4900,41.9352,0
4901,32.7375,0
4902,38.4848,0
4903,51.8363,0
4904,36.6769,0
4905,32.3472,0
4906,33.5870,0
4907,36.8538,0
4908,30.6044,0
4909,34.4298,0
4910,38.5780,0
4911,40.4429,0
4912,34.4849,0
4913,38.2168,0
4914,40.6361,0
4915,34.4737,0
4916,39.1467,0
4917,26.7718,0
4918,31.4097,0
4919,47.1108,0
4920,45.7969,0
4921,36.6917,0
4922,30.8280,0
4923,29.5184,0
4924,34.7607,0
4925,38.1968,0
4926,37.9455,0
4927,35.5325,0
4928,39.0425,0
4929,27.0529,0
4930,21.9295,0
4931,25.4927,0
4932,23.4613,0
4933,19.8290,0
4934,22.2716,0
4935,35.4376,0
4936,25.9497,0
4937,22.1875,0
4938,19.4438,0
4939,29.5331,0
4940,32.0284,0
4941,27.7822,0
4942,29.2900,0
4943,33.1566,0
4944,38.3451,0
4945,38.1365,0
4946,41.8985,0
4947,40.8401,0
4948,32.2320,0
4949,36.2074,0
4950,35.9039,0
4951,31.1525,0
4952,29.6757,0
4953,39.5474,0
4954,28.7395,0
4955,32.3048,0
4956,36.6013,0
4957,37.6172,0
4958,52.3872,0
4959,58.8264,0
4960,50.6477,0
4961,41.5535,0
4962,33.9673,0
4963,32.2244,0
4964,29.3407,0
4965,27.1127,0
4966,26.9542,0
4967,31.6730,0
4968,25.0704,0
4969,31.4121,0
4970,33.7279,0
4971,30.1569,0
4972,30.7906,0
4973,33.8364,0
4974,54.7135,0
4975,28.2512,0
4976,40.1011,0
4977,57.5416,0
4978,53.8716,0
4979,32.0587,0
4980,29.2068,0
4981,34.2858,0
4982,32.1853,0
4983,41.6136,0
4984,26.1650,0
4985,40.8931,0
4986,47.6737,0
4987,43.0770,0
4988,44.3594,0
4989,37.0560,0
4990,30.0515,0
4991,33.3977,0
4992,37.0097,0
4993,41.9021,0
4994,58.8951,0
4995,31.1716,0
4996,29.9249,0
4997,34.8032,0
4998,36.7548,0
4999,48.0263,0
5000,38.9543,0
5001,34.9331,0
5002,36.0255,0
5003,28.7635,0
5004,36.2821,0
5005,36.2692,0
5006,33.2913,0
5007,34.9641,0
5008,40.7698,0
5009,43.1428,0
5010,62.3817,0
5011,41.1370,0
5012,35.2681,0
5013,43.4406,0
5014,40.8940,0
5015,35.0437,0
5016,37.5206,0
5017,32.4676,0
5018,35.9974,0
5019,43.1647,0
5020,38.0139,0
5021,37.9388,0
5022,35.4276,0
5023,31.3525,0
5024,27.5657,0
5025,27.7874,0
5026,49.6514,0
5027,49.9673,0
5028,43.8290,0
5029,40.7634,0
5030,39.4807,0
5031,33.3481,0
5032,31.2603,0
5033,42.3145,0
5034,34.9758,0
5035,36.2267,0
5036,53.2432,0
5037,28.1954,0
5038,26.4668,0
5039,37.1747,0
5040,35.9159,0
5041,49.0096,0
5042,33.4082,0
5043,41.8913,0
5044,56.0477,0
5045,51.3997,0
5046,29.8166,0
5047,38.3911,0
5048,32.9292,0
5049,32.3949,0
5050,29.1417,0
5051,34.1196,0
5052,40.1280,0
5053,33.5555,0
5054,37.0362,0
5055,37.0617,0
5056,45.3150,0
5057,55.8848,0
5058,64.3790,0
5059,50.6334,0
5060,34.3840,0
5061,43.9281,0
5062,37.4510,0
5063,45.3782,0
5064,41.3089,0
5065,29.9425,0
5066,26.5522,0
5067,35.2662,0
5068,34.7245,0
5069,40.8142,0
5070,35.4834,0
5071,26.3956,0
5072,34.9662,0
5073,38.1060,0
5074,39.6037,0
5075,51.7306,0
5076,45.6398,0
5077,33.8204,0
5078,30.8685,0
5079,44.2607,0
5080,41.2683,0
5081,31.6005,0
5082,34.9152,0
5083,38.7161,0
5084,37.2913,0
5085,39.6507,0
5086,34.6708,0
5087,37.0445,0
5088,33.2372,0
5089,34.6224,0
5090,31.3158,0
5091,56.8628,0
5092,29.9983,0
5093,28.2636,0
5094,30.9281,0
5095,27.4768,0
5096,28.5439,0
5097,29.2625,0
5098,38.3551,0
5099,35.0049,0
5100,28.1796,0
5101,30.0658,0
5102,31.5866,0
5103,35.0506,0
5104,39.9663,0
5105,36.6755,0
5106,46.0956,0
5107,65.6788,0
5108,44.3485,0
5109,30.6578,0
5110,41.0664,0
5111,37.7560,0
5112,37.3054,0
5113,32.7871,0
5114,27.7832,0
5115,29.6569,0
5116,34.0641,0
5117,33.2875,0
5118,30.0689,0
5119,24.4906,0
5120,36.3591,0
5121,34.6298,0
5122,38.3341,0
5123,41.6729,0
5124,43.2143,0
5125,51.0077,0
5126,50.1688,0
5127,50.6551,0
5128,43.6704,0
5129,50.0152,0
5130,26.3960,0
5131,26.7036,0
5132,26.7534,0
5133,36.8443,0
5134,44.0435,0
5135,32.7296,0
5136,39.2711,0
5137,44.4729,0
5138,35.2213,0
5139,38.3852,0
5140,46.4201,0
5141,37.3189,0
5142,43.2501,0
5143,42.1488,0
5144,37.8780,0
5145,38.2328,0
5146,36.9601,0
5147,27.7789,0
5148,27.9415,0
5149,29.9211,0
5150,30.4234,0
5151,33.3846,0
5152,33.0341,0
5153,27.2956,0
5154,22.1660,0
5155,29.4349,0
5156,37.6189,0
5157,51.8789,0
5158,64.4083,0
5159,53.5839,0
5160,32.2361,0
5161,24.1282,0
5162,24.5650,0
5163,26.8950,0
5164,31.8534,0
5165,43.3776,0
5166,34.2743,0
5167,31.1413,0
5168,32.5327,0
5169,24.4346,0
5170,23.7961,0
5171,32.1438,0
5172,39.5651,0
5173,32.9094,0
5174,43.1564,0
5175,44.7998,0
5176,53.9291,0
5177,40.8833,0
5178,39.8436,0
5179,32.2857,0
5180,31.7061,0
5181,41.7404,0
5182,37.9114,0
5183,41.2493,0
5184,33.1740,0
5185,36.6082,0
5186,33.5023,0
5187,31.8718,0
5188,32.1512,0
5189,26.6380,0
5190,34.8771,0
5191,39.1865,0
5192,62.3789,0
5193,32.4142,0
5194,26.4556,0
5195,30.9155,0
5196,35.5091,0
5197,26.3195,0
5198,26.5608,0
5199,32.2680,0
5200,34.7295,0
5201,34.1153,0
5202,33.5772,0
5203,28.6248,0
5204,32.8133,0
5205,35.3675,0
5206,33.0832,0
5207,41.8501,0
5208,52.5825,0
5209,39.5713,0
5210,33.8120,0
5211,31.3594,0
5212,36.6700,0
5213,27.7085,0
5214,28.4429,0
5215,23.1988,0
5216,33.6416,0
5217,36.9251,0
5218,33.5007,0
5219,36.4063,0
5220,42.1767,0
5221,36.3402,0
5222,35.6996,0
5223,26.6619,0
5224,43.0391,0
5225,44.9173,0
5226,31.0690,0
5227,39.0677,0
5228,28.2650,0
5229,39.5002,0
5230,31.1236,0
5231,28.9457,0
5232,38.5046,0
5233,43.7531,0
5234,29.0437,0
5235,29.7570,0
5236,32.1257,0
5237,39.2582,0
5238,33.0124,0
5239,37.2465,0
5240,38.1315,0
5241,32.7218,0
5242,32.5596,0
5243,31.3950,0
5244,24.7366,0
5245,43.8936,0
5246,35.9187,0
5247,34.4112,0
5248,34.4086,0
5249,34.4341,0
5250,34.2417,0
5251,35.3994,0
5252,43.6964,0
5253,38.3515,0
5254,33.5386,0
5255,34.5056,0
5256,42.0690,0
5257,28.2452,0
5258,29.2039,0
5259,38.1696,0
5260,40.8378,0
5261,37.2303,0
5262,38.2462,0
5263,51.1541,0
5264,31.2407,0
5265,44.1484,0
5266,42.2738,0
5267,22.2929,0
5268,33.7553,0
5269,39.3040,0
5270,28.0888,0
5271,48.3041,0
5272,35.2564,0
5273,39.9156,0
5274,29.1510,0
5275,30.5476,0
5276,42.1579,0
5277,41.8966,0
5278,42.0270,0
5279,39.4850,0
5280,46.4728,0
5281,55.0363,0
5282,34.6546,0
5283,30.3378,0
5284,38.1205,0
5285,38.9299,0
5286,32.6388,0
5287,34.2059,0
5288,34.1349,0
5289,30.1404,0
5290,35.6898,0
5291,32.0556,0
5292,34.2257,0
5293,37.4172,0
5294,31.1949,0
5295,35.5041,0
5296,32.0942,0
5297,37.4916,0
5298,68.6758,0
5299,60.0023,0
5300,40.1068,0
5301,41.8355,0
5302,38.7516,0
5303,33.0701,0
5304,33.5763,0
5305,28.7371,0
5306,29.9494,0
5307,35.1462,0
5308,33.8676,0
5309,39.5739,0
5310,37.3578,0
5311,39.4702,0
5312,32.4810,0
5313,30.0968,0
5314,34.0610,0
5315,32.9187,0
5316,57.5678,0
5317,56.4489,0
5318,52.5274,0
5319,34.7736,0
5320,32.7096,0
5321,33.8795,0
5322,45.6066,0
5323,46.6425,0
5324,47.8728,0
5325,36.5610,0
5326,31.8100,0
5327,43.8595,0
5328,38.0280,0
5329,43.4256,0
5330,49.9327,0
5331,29.9647,0
5332,25.0130,0
5333,32.1016,0
5334,22.5940,0
5335,32.7818,0
5336,33.7000,0
5337,28.1324,0
5338,35.9204,0
5339,25.4979,0
5340,33.6883,0
5341,28.7931,0
5342,33.1230,0
5343,36.1638,0
5344,29.0518,0
5345,28.3895,0
5346,26.3691,0
5347,34.9216,0
5348,35.2137,0
5349,48.5899,0
5350,40.0097,0
5351,33.4725,0
5352,39.8407,0
5353,30.3934,0
5354,40.4205,0
5355,27.0989,0
5356,31.6973,0
5357,41.8217,0
5358,39.7084,0
5359,25.9280,0
5360,30.4995,0
5361,31.5933,0
5362,35.0723,0
5363,26.1188,0
5364,30.6711,0
5365,25.9850,0
5366,31.9016,0
5367,55.8996,0
5368,61.9051,0
5369,55.3071,0
5370,34.9507,0
5371,33.4001,0
5372,36.7894,0
5373,31.9028,0
5374,51.9145,0
5375,38.9223,0
5376,37.2682,0
5377,32.9034,0
5378,37.7822,0
5379,33.2739,0
5380,36.9775,0
5381,38.9948,0
5382,58.2457,0
5383,57.9171,0
5384,38.7862,0
5385,29.4514,0
5386,36.4933,0
5387,24.9050,0
5388,31.1091,0
5389,31.1606,0
5390,42.3486,0
5391,43.3736,0
5392,32.5675,0
5393,33.9735,0
5394,35.4362,0
5395,33.3543,0
5396,28.9233,0
5397,36.5627,0
5398,38.9941,0
5399,38.4288,0
5400,36.4158,0
5401,49.6805,0
5402,41.1592,0
5403,33.8836,0
5404,36.1881,0
5405,29.6700,0
5406,29.6609,0
5407,40.2782,0
5408,45.1424,0
5409,32.2700,0
5410,35.5980,0
5411,37.4815,0
5412,28.0442,0
5413,27.9243,0
5414,34.9379,0
5415,40.7481,0
5416,41.1973,0
5417,55.9700,0
5418,31.4999,0
5419,37.9405,0
5420,32.8801,0
5421,24.5020,0
5422,35.9502,0
5423,31.9228,0
5424,40.7536,0
5425,45.7835,0
5426,35.9509,0
5427,38.7077,0
5428,48.8358,0
5429,36.8407,0
5430,51.7507,0
5431,43.1566,0
5432,49.0091,0
5433,47.9937,0
5434,44.0900,0
5435,26.6764,0
5436,33.9439,0
5437,35.2461,0
5438,45.6610,0
5439,43.6184,0
5440,33.7212,0
5441,32.5491,0
5442,25.1675,0
5443,28.0831,0
5444,31.9424,0
5445,36.1795,0
5446,42.6986,0
5447,33.9737,0
5448,47.2476,0
5449,63.5674,0
5450,47.6632,0
5451,49.9287,0
5452,36.1907,0
5453,36.8366,0
5454,28.6014,0
5455,28.8715,0
5456,35.0680,0
5457,36.3514,0
5458,34.6396,0
5459,44.6708,0
5460,36.5751,0
5461,32.4550,0
5462,32.7291,0
5463,22.0916,0
5464,27.4849,0
5465,50.4801,0
5466,68.1870,0
5467,48.5783,0
5468,46.0949,0
5469,46.3541,0
5470,37.9310,0
5471,35.9116,0
5472,35.0995,0
5473,46.9089,0
5474,35.4412,0
5475,30.1621,0
5476,36.9840,0
5477,36.9778,0
5478,34.9646,0
5479,28.0678,0
5480,27.6723,0
5481,37.9381,0
5482,35.5341,0
5483,32.4800,0
5484,37.7619,0
5485,43.8476,0
5486,46.4175,0
5487,40.1978,0
5488,32.3403,0
5489,37.0541,0
5490,34.3914,0
5491,40.0972,0
5492,34.1196,0
5493,32.6254,0
5494,29.8200,0
5495,33.1559,0
5496,24.5674,0
5497,26.3555,0
5498,50.2594,0
5499,45.6095,0
5500,44.9758,0
5501,40.7505,0
5502,47.1492,0
5503,47.4591,0
5504,38.3151,0
5505,36.5067,0
5506,27.6852,0
5507,39.3445,0
5508,31.8685,0
5509,29.4914,0
5510,31.1637,0
5511,30.3590,0
5512,39.5284,0
5513,32.0489,0
5514,34.1785,0
5515,28.7411,0
5516,43.6497,0
5517,63.5498,0
5518,37.7758,0
5519,29.9861,0
5520,24.1666,0
5521,29.5427,0
5522,25.1167,0
5523,37.5404,0
5524,34.6169,0
5525,38.7871,0
5526,33.6382,0
5527,32.3215,0
5528,28.3501,0
5529,36.4673,0
5530,33.3345,0
5531,27.0596,0
5532,32.8798,0
5533,29.2869,0
5534,22.7115,0
5535,33.8783,0
5536,56.6804,0
5537,49.8629,0
5538,45.8417,0
5539,31.1611,0
5540,27.2143,0
5541,47.6274,0
5542,46.7114,0
5543,40.8442,0
5544,32.2998,0
5545,32.3768,0
5546,43.9229,0
5547,36.0179,0
5548,36.7146,0
5549,34.3802,0
5550,31.7423,0
5551,30.3793,0
5552,59.1393,0
5553,72.7508,0
5554,43.2327,0
5555,31.4317,0
5556,36.0773,0
5557,29.1765,0
5558,26.6809,0
5559,36.8388,0
5560,31.7223,0
5561,40.6420,0
5562,41.4071,0
5563,37.5304,0
5564,44.2102,0
5565,39.4447,0
5566,36.8636,0
5567,42.6674,0
5568,41.5266,0
5569,33.4699,0
5570,40.6206,0
5571,30.8471,0
5572,36.5462,0
5573,29.6872,0
5574,30.9210,0
5575,24.7505,0
5576,26.7379,0
5577,25.8996,0
5578,30.4558,0
5579,32.3446,0
5580,30.5126,0
5581,30.9379,0
5582,31.7247,0
5583,43.2572,0
5584,42.9132,0
5585,42.9246,0
5586,57.7917,0
5587,39.2637,0
5588,48.4924,0
5589,32.6493,0
5590,37.8492,0
5591,38.3673,0
5592,29.0666,0
5593,33.5250,0
5594,44.4953,0
5595,42.1622,0
5596,33.9158,0
5597,42.4647,0
5598,43.3040,0
5599,42.5839,0
5600,41.3046,0
5601,59.2086,0
5602,59.2947,0
5603,49.1316,0
5604,41.4133,0
5605,30.1771,0
5606,35.3572,0
5607,34.4903,0
5608,31.4298,0
5609,38.0559,0
5610,34.7543,0
5611,32.4721,0
5612,32.1236,0
5613,32.1970,0
5614,32.8774,0
5615,38.6620,0
5616,37.1351,0
5617,37.2715,0
5618,35.9025,0
5619,44.8203,0
5620,48.2416,0
5621,29.7360,0
5622,39.2666,0
5623,37.3971,0
5624,38.7161,0
5625,31.5888,0
5626,29.2220,0
5627,34.1060,0
5628,38.6770,0
5629,42.2585,0
5630,28.8479,0
5631,28.6396,0
5632,37.0302,0
5633,32.2261,0
5634,43.8197,0
5635,69.8302,0
5636,50.4239,0
5637,35.1033,0
5638,34.4722,0
5639,31.2498,0
5640,33.8860,0
5641,32.1188,0
5642,30.2727,0
5643,32.8877,0
5644,32.8672,0
5645,42.0611,0
5646,39.9897,0
5647,30.4909,0
5648,31.3106,0
5649,35.8341,0
5650,75.2950,0
5651,77.8999,0
5652,49.1259,0
5653,29.9642,0
5654,30.9203,0
5655,41.8367,0
5656,43.9057,0
5657,32.0637,0
5658,34.6146,0
5659,38.0864,0
5660,35.4869,0
5661,33.9053,0
5662,42.6743,0
5663,43.0977,0
5664,32.2447,0
5665,39.5658,0
5666,55.8555,0
5667,50.0224,0
5668,43.1457,0
5669,33.5064,0
5670,38.7893,0
5671,45.8879,0
5672,49.1669,0
5673,40.2813,0
5674,37.5795,0
5675,37.9610,0
5676,33.4942,0
5677,38.2035,0
5678,43.4551,0
5679,51.0163,0
5680,32.7022,0
5681,62.0472,0
5682,42.1746,0
5683,40.1549,0
5684,29.8746,0
5685,34.9383,0
5686,31.2338,0
5687,34.4968,0
5688,24.7397,0
5689,36.9129,0
5690,43.0977,0
5691,43.7582,0
5692,35.0633,0
5693,30.1504,0
5694,37.2090,0
5695,38.0073,0
5696,22.6271,0
5697,48.1567,0
5698,46.7265,0
5699,40.5893,0
5700,38.4338,0
5701,32.6922,0
5702,27.8668,0
5703,29.8295,0
5704,33.0989,0
5705,29.5541,0
5706,26.8848,0
5707,28.9993,0
5708,26.1991,0
5709,24.0903,0
5710,18.2552,0
5711,20.5703,0
5712,30.3693,0
5713,33.0775,0
5714,33.3111,0
5715,23.7396,0
5716,32.8071,0
5717,33.0970,0
5718,27.2398,0
5719,31.5766,0
5720,58.9259,0
5721,48.1100,0
5722,37.4804,0
5723,34.0459,0
5724,33.7601,0
5725,31.9574,0
5726,38.4250,0
5727,38.7270,0
5728,35.3348,0
5729,32.0759,0
5730,33.1397,0
5731,27.8296,0
5732,28.9736,0
5733,21.7135,0
5734,33.3273,0
5735,37.8535,0
5736,35.7475,0
5737,56.6707,0
5738,53.1018,0
5739,40.0407,0
5740,31.6546,0
5741,32.5956,0
5742,27.5977,0
5743,29.6004,0
5744,26.1354,0
5745,24.6282,0
5746,24.7340,0
5747,25.2476,0
5748,23.2708,0
5749,33.9549,0
5750,31.1699,0
5751,39.3639,0
5752,34.6859,0
5753,44.5118,0
5754,40.7419,0
5755,53.9081,0
5756,44.2960,0
5757,49.5317,0
5758,36.7873,0
5759,37.9744,0
5760,33.3226,0
5761,29.9671,0
5762,19.9060,0
5763,20.2091,0
5764,28.5025,0
5765,30.9844,0
5766,38.2786,0
5767,42.1329,0
5768,43.0958,0
5769,44.2014,0
5770,51.5776,0
5771,52.7563,0
5772,48.2190,0
5773,29.9065,0
5774,26.5036,0
5775,28.1475,0
5776,29.2988,0
5777,30.8402,0
5778,31.9674,0
5779,22.7187,0
5780,27.6916,0
5781,43.8144,0
5782,43.2539,0
5783,34.8384,0
5784,50.4429,0
5785,37.6086,0
5786,37.0567,0
5787,40.1258,0
5788,30.6649,0
5789,42.4738,0
5790,46.0649,0
5791,46.3240,0
5792,35.7397,0
5793,37.6928,0
5794,32.6054,0
5795,34.8060,0
5796,30.4613,0
5797,23.8550,0
5798,28.5654,0
5799,42.5532,0
5800,33.0408,0
5801,28.8677,0
5802,34.1291,0
5803,33.6287,0
5804,33.8910,0
5805,41.4498,0
5806,43.6530,0
5807,36.3376,0
5808,34.3571,0
5809,37.2419,0
5810,40.9839,0
5811,31.7256,0
5812,34.8299,0
5813,30.0999,0
5814,35.4877,0
5815,28.7302,0
5816,32.0735,0
5817,41.9948,0
5818,27.7834,0
5819,34.8148,0
5820,39.8405,0
5821,29.7544,0
5822,38.7404,0
5823,41.4119,0
5824,73.5803,0
5825,61.6283,0
5826,39.1996,0
5827,41.9557,0
5828,42.1956,0
5829,33.2882,0
5830,46.3240,0
5831,32.1910,0
5832,99.6161,0
5833,27.0872,0
5834,25.1954,0
5835,31.1468,0
5836,31.4429,0
5837,54.1484,0
5838,59.4685,0
5839,50.9679,0
5840,30.8731,0
5841,31.6062,0
5842,26.7689,0
5843,35.4936,0
5844,33.7820,0
5845,33.3922,0
5846,38.6832,0
5847,34.5395,0
5848,31.8925,0
5849,34.0335,0
5850,22.6431,0
5851,36.2613,0
5852,35.3398,0
5853,30.8275,0
5854,42.0058,0
5855,47.6015,0
5856,48.6195,0
5857,34.1020,0
5858,46.1333,0
5859,40.8254,0
5860,33.9310,0
5861,33.2417,0
5862,47.8477,0
5863,38.6307,0
5864,38.0073,0
5865,43.5407,0
5866,48.7168,0
5867,45.8658,0
5868,40.8010,0
5869,32.7020,0
5870,34.5340,0
5871,41.0042,0
5872,44.1728,0
5873,53.0369,0
5874,40.6551,0
5875,36.9432,0
5876,30.6213,0
5877,29.7642,0
5878,23.1764,0
5879,26.9291,0
5880,27.9207,0
5881,24.5719,0
5882,24.5256,0
5883,25.0502,0
5884,29.5262,0
5885,22.5382,0
5886,27.4987,0
5887,36.2344,0
5888,47.9171,0
5889,51.1444,0
5890,46.5522,0
5891,37.1938,0
5892,36.7091,0
5893,45.4752,0
5894,39.4778,0
5895,23.7153,0
5896,20.0555,0
5897,31.1174,0
5898,20.5755,0
5899,39.7913,0
5900,38.1947,0
5901,39.4189,0
5902,30.3886,0
5903,32.9671,0
5904,40.4298,0
5905,44.4918,0
5906,31.0400,0
5907,46.2532,0
5908,49.8936,0
5909,39.1378,0
5910,38.6524,0
5911,39.5045,0
5912,40.3879,0
5913,47.1601,0
5914,46.6821,0
5915,37.9188,0
5916,38.8069,0
5917,33.6707,0
5918,30.3013,0
5919,35.2993,0
5920,28.7328,0
5921,28.7557,0
5922,38.5125,0
5923,74.2731,0
5924,39.9466,0
5925,38.0614,0
5926,36.6688,0
5927,34.5371,0
5928,36.1924,0
5929,34.8303,0
5930,34.1542,0
5931,31.2438,0
5932,27.8440,0
5933,34.2700,0
5934,43.2153,0
5935,36.2411,0
5936,32.8779,0
5937,40.2205,0
5938,30.1037,0
5939,47.2550,0
5940,38.2962,0
5941,24.3258,0
5942,35.7292,0
5943,30.0245,0
5944,29.7928,0
5945,37.1614,0
5946,28.3568,0
5947,29.4709,0
5948,27.5941,0
5949,26.8223,0
5950,36.5920,0
5951,36.1836,0
5952,30.8766,0
5953,30.7951,0
5954,36.9120,0
5955,35.6374,0
5956,42.8641,0
5957,57.7843,0
5958,53.4027,0
5959,56.1416,0
5960,27.0293,0
5961,34.6334,0
5962,28.4503,0
5963,39.6261,0
5964,41.1348,0
5965,29.8662,0
5966,35.9461,0
5967,28.2731,0
5968,29.5599,0
5969,29.6738,0
5970,27.7681,0
5971,29.8893,0
5972,32.3691,0
5973,29.8526,0
5974,43.0033,0
5975,31.4548,0
5976,31.9352,0
5977,29.8996,0
5978,30.2927,0
5979,34.1110,0
5980,36.4821,0
5981,38.2659,0
5982,29.4020,0
5983,34.0586,0
5984,32.7721,0
5985,36.3157,0
5986,46.4494,0
5987,37.7285,0
5988,24.5030,0
5989,30.3848,0
5990,27.7355,0
5991,42.7668,0
5992,50.3194,0
5993,44.3771,0
5994,32.7048,0
5995,36.2501,0
5996,26.7591,0
5997,37.4825,0
5998,41.5750,0
5999,31.2004,0
6000,31.5251,0
6001,35.9747,0
6002,38.1968,0
6003,39.6888,0
6004,42.4430,0
6005,34.9257,0
6006,34.6885,0
6007,29.5870,0
6008,48.1744,0
6009,27.4000,0
6010,83.6535,0
6011,29.5532,0
6012,32.9645,0
6013,26.8984,0
6014,41.0881,0
6015,37.4880,0
6016,38.3859,0
6017,44.8146,0
6018,39.1207,0
6019,38.0423,0
6020,34.2228,0
6021,26.8569,0
6022,33.2735,0
6023,42.1114,0
6024,48.1157,0
6025,48.4502,0
6026,44.5676,0
6027,39.3801,0
6028,35.9638,0
6029,41.8410,0
6030,32.9468,0
6031,34.4501,0
6032,26.9763,0
6033,26.5367,0
6034,29.0322,0
6035,30.2367,0
6036,28.6000,0
6037,30.3009,0
6038,29.9408,0
6039,33.6328,0
6040,48.8446,0
6041,32.9034,0
6042,42.3357,0
6043,45.4500,0
6044,39.4204,0
6045,34.9569,0
6046,38.7788,0
6047,41.7047,0
6048,41.0471,0
6049,34.6258,0
6050,35.4652,0
6051,31.0113,0
6052,32.0795,0
6053,23.6268,0
6054,35.1715,0
6055,30.0019,0
6056,31.6689,0
6057,44.9116,0
6058,40.3612,0
6059,52.2914,0
6060,47.2794,0
6061,31.9221,0
6062,33.6103,0
6063,42.9416,0
6064,50.3242,0
6065,43.3714,0
6066,39.5694,0
6067,32.0687,0
6068,29.1877,0
6069,38.5776,0
6070,29.4812,0
6071,26.3731,0
6072,28.5835,0
6073,25.3148,0
6074,22.5883,0
6075,32.0675,0
6076,44.5683,0
6077,46.9770,0
6078,42.9809,0
6079,39.8090,0
6080,27.5104,0
6081,27.4286,0
6082,35.7599,0
6083,32.3267,0
6084,40.9794,0
6085,35.3358,0
6086,40.1042,0
6087,24.5197,0
6088,34.5905,0
6089,30.4143,0
6090,30.0891,0
6091,26.8252,0
6092,26.7494,0
6093,40.9353,0
6094,45.7077,0
6095,32.3591,0
6096,38.5303,0
6097,41.8162,0
6098,37.9961,0
6099,40.1464,0
6100,29.7768,0
6101,30.0064,0
6102,36.6724,0
6103,23.4373,0
6104,20.9403,0
6105,28.0287,0
6106,25.2352,0
6107,19.9208,0
6108,25.2943,0
6109,74.1568,0
6110,39.7806,0
6111,34.3769,0
6112,40.4248,0
6113,59.9823,0
6114,41.5242,0
6115,34.0197,0
6116,39.0337,0
6117,28.5964,0
6118,38.5156,0
6119,26.1996,0
6120,39.6357,0
6121,28.0519,0
6122,30.4565,0
6123,25.0652,0
6124,33.2756,0
6125,36.8702,0
6126,33.7389,0
6127,41.3368,0
6128,42.2590,0
6129,52.5744,0
6130,36.2031,0
6131,32.7437,0
6132,34.3037,0
6133,37.3681,0
6134,34.1825,0
6135,35.7959,0
6136,33.8774,0
6137,29.1703,0
6138,30.0899,0
6139,34.6954,0
6140,36.6004,0
6141,30.1332,0
6142,29.2385,0
6143,49.0768,0
6144,46.9074,0
6145,36.4342,0
6146,59.7415,0
6147,50.8471,0
6148,52.2299,0
6149,36.3593,0
6150,41.4679,0
6151,35.4853,0
6152,32.0480,0
6153,34.7173,0
6154,29.6175,0
6155,30.2234,0
6156,31.7996,0
6157,29.5513,0
6158,24.2996,0
6159,22.4016,0
6160,21.5402,0
6161,38.6071,0
6162,37.3147,0
6163,32.7039,0
6164,43.8647,0
6165,44.6672,0
6166,41.5933,0
6167,38.8377,0
6168,26.3579,0
6169,28.7766,0
6170,28.6074,0
6171,35.6989,0
6172,41.3353,0
6173,34.7610,0
6174,32.5990,0
6175,30.6726,0
6176,35.9390,0
6177,37.0073,0
6178,47.9286,0
6179,58.0204,0
6180,46.7658,0
6181,58.9194,0
6182,41.9309,0
6183,39.1414,0
6184,36.6099,0
6185,49.2902,0
6186,40.0951,0
6187,41.1212,0
6188,34.0223,0
6189,32.4824,0
6190,27.2377,0
6191,32.4121,0
6192,29.8078,0
6193,43.5917,0
6194,37.3461,0
6195,46.2041,0
6196,54.7402,0
6197,52.5637,0
6198,35.3582,0
6199,34.9007,0
6200,28.0755,0
6201,26.9227,0
6202,26.1412,0
6203,27.6997,0
6204,28.9686,0
6205,24.4720,0
6206,32.4047,0
6207,36.1547,0
6208,28.1081,0
6209,32.3048,0
6210,49.0739,0
6211,47.6954,0
6212,68.8825,0
6213,43.0777,0
6214,44.6479,0
6215,26.5892,0
6216,38.2540,0
6217,39.0978,0
6218,28.1129,0
6219,25.5673,0
6220,40.1525,0
6221,28.7297,0
6222,36.0811,0
6223,35.1789,0
6224,38.0943,0
6225,26.3398,0
6226,27.5483,0
6227,34.2107,0
6228,47.1311,0
6229,51.2867,0
6230,37.6949,0
6231,39.2244,0
6232,41.4231,0
6233,35.8491,0
6234,26.5758,0
6235,24.7674,0
6236,28.7766,0
6237,30.5839,0
6238,30.5376,0
6239,30.4792,0
6240,31.5151,0
6241,27.0689,0
6242,36.7587,0
6243,36.3023,0
6244,41.6367,0
6245,48.6059,0
6246,30.1473,0
6247,50.7333,0
6248,45.5110,0
6249,31.9133,0
6250,30.2525,0
6251,32.0346,0
6252,35.0745,0
6253,37.1182,0
6254,34.0805,0
6255,34.2863,0
6256,30.7267,0
6257,38.9304,0
6258,26.1500,0
6259,29.6860,0
6260,37.4033,0
6261,33.8960,0
6262,43.5464,0
6263,60.8754,0
6264,37.9939,0
6265,54.1234,0
6266,43.1292,0
6267,28.2574,0
6268,41.6055,0
6269,37.9770,0
6270,40.9801,0
6271,26.8731,0
6272,27.3964,0
6273,27.5490,0
6274,111.7127,0
6275,108.5494,0
6276,29.5036,0
6277,40.6575,0
6278,51.7344,0
6279,34.4832,0
6280,38.8362,0
6281,42.4089,0
6282,43.7076,0
6283,31.3604,0
6284,36.2144,0
6285,38.3015,0
6286,36.1845,0
6287,38.0013,0
6288,32.4435,0
6289,27.0271,0
6290,28.2464,0
6291,30.6752,0
6292,37.6441,0
6293,34.0652,0
6294,33.3340,0
6295,35.0382,0
6296,36.9053,0
6297,45.8927,0
6298,51.1370,0
6299,38.6064,0
6300,33.0994,0
6301,32.3131,0
6302,26.8757,0
6303,21.1279,0
6304,30.1285,0
6305,32.9485,0
6306,25.5525,0
6307,28.0361,0
6308,35.6739,0
6309,37.5001,0
6310,39.2179,0
6311,37.7254,0
6312,43.6561,0
6313,36.1810,0
6314,40.6854,0
6315,43.0384,0
6316,35.3940,0
6317,32.1591,0
6318,39.7944,0
6319,39.2718,0
6320,30.4756,0
6321,31.1687,0
6322,35.3053,0
6323,30.0016,0
6324,38.7695,0
6325,38.4259,0
6326,30.7291,0
6327,24.5097,0
6328,27.9908,0
6329,38.3039,0
6330,41.9030,0
6331,38.1517,0
6332,42.7673,0
6333,66.5915,0
6334,57.5838,0
6335,38.9163,0
6336,42.3441,0
6337,43.9959,0
6338,37.3740,0
6339,37.7142,0
6340,36.4759,0
6341,34.4822,0
6342,35.1775,0
6343,38.1126,0
6344,30.2548,0
6345,32.9158,0
6346,21.1480,0
6347,37.7026,0
6348,57.3277,0
6349,54.3759,0
6350,43.3505,0
6351,46.9074,0
6352,37.5803,0
6353,37.9074,0
6354,40.8535,0
6355,33.8986,0
6356,29.7785,0
6357,40.1556,0
6358,49.0699,0
6359,41.2846,0
6360,40.1809,0
6361,31.8363,0
6362,31.1131,0
6363,22.5894,0
6364,47.7748,0
6365,27.2901,0
6366,38.8303,0
6367,47.4334,0
6368,46.9337,0
6369,34.7164,0
6370,24.8709,0
6371,32.6626,0
6372,31.7352,0
6373,33.5050,0
6374,24.7362,0
6375,33.3273,0
6376,29.5968,0
6377,25.6658,0
6378,19.9044,0
6379,35.0118,0
6380,26.4089,0
6381,30.0751,0
6382,32.7775,0
6383,45.4378,0
6384,36.9759,0
6385,48.5680,0
6386,36.2742,0
6387,25.0902,0
6388,36.3700,0
6389,37.5915,0
6390,42.6588,0
6391,33.0658,0
6392,29.4697,0
6393,43.7853,0
6394,45.6049,0
6395,32.3727,0
6396,34.2281,0
6397,31.4596,0
6398,32.0590,0
6399,34.6208,0
6400,30.5562,0
6401,40.8056,0
6402,40.9896,0
6403,42.9337,0
6404,32.5811,0
6405,25.6493,0
6406,29.7749,0
6407,33.5178,0
6408,29.8824,0
6409,33.5526,0
6410,36.0475,0
6411,36.9155,0
6412,34.4324,0
6413,37.1265,0
6414,34.7219,0
6415,33.5095,0
6416,39.6676,0
6417,43.8163,0
6418,49.0649,0
6419,52.9375,0
6420,45.4736,0
6421,30.9403,0
6422,35.4791,0
6423,26.5040,0
6424,30.5517,0
6425,33.4721,0
6426,28.9686,0
6427,34.1594,0
6428,38.6479,0
6429,32.9401,0
6430,40.7906,0
6431,32.0542,0
6432,30.8161,0
6433,41.3580,0
6434,37.2059,0
6435,49.5000,0
6436,38.4669,0
6437,47.8911,0
6438,37.0946,0
6439,33.6885,0
6440,24.5512,0
6441,29.8283,0
6442,30.0114,0
6443,33.9830,0
6444,30.6005,0
6445,31.4398,0
6446,37.8430,0
6447,25.4326,0
6448,34.8506,0
6449,40.4942,0
6450,31.5289,0
6451,38.0385,0
6452,37.8122,0
6453,49.2532,0
6454,52.0539,0
6455,35.2798,0
6456,37.7636,0
6457,36.7930,0
6458,35.8298,0
6459,30.2987,0
6460,34.0223,0
6461,33.3087,0
6462,34.1005,0
6463,30.7779,0
6464,41.0273,0
6465,40.8971,0
6466,40.5822,0
6467,43.3195,0
6468,44.1120,0
6469,68.3377,0
6470,33.5221,0
6471,34.8496,0
6472,34.8306,0
6473,31.0707,0
6474,32.1965,0
6475,38.5160,0
6476,30.6532,0
6477,31.2994,0
6478,40.1344,0
6479,36.0353,0
6480,31.8289,0
6481,25.6605,0
6482,30.1044,0
6483,35.4815,0
6484,27.5331,0
6485,21.3532,0
6486,33.4127,0
6487,44.3323,0
6488,47.9314,0
6489,37.5249,0
6490,34.5535,0
6491,32.3780,0
6492,27.4782,0
6493,26.1750,0
6494,30.1080,0
6495,32.8248,0
6496,30.9987,0
6497,27.7679,0
6498,32.2292,0
6499,29.0608,0
6500,29.1982,0
6501,33.3951,0
6502,28.9378,0
6503,27.5159,0
6504,43.6175,0
6505,43.0136,0
6506,41.8599,0
6507,34.5252,0
6508,27.8215,0
6509,32.1672,0
6510,27.8685,0
6511,29.2912,0
6512,37.4472,0
6513,41.9006,0
6514,34.7755,0
6515,32.8765,0
6516,32.8388,0
6517,34.2944,0
6518,33.0508,0
6519,30.1480,0
6520,39.6931,0
6521,56.6721,0
6522,50.9007,0
6523,59.1068,0
6524,56.0486,0
6525,41.4405,0
6526,33.9196,0
6527,34.4942,0
6528,33.4635,0
6529,39.5086,0
6530,29.1343,0
6531,30.1785,0
6532,39.2940,0
6533,36.6445,0
6534,25.3978,0
6535,38.2168,0
6536,34.6277,0
6537,34.9402,0
6538,58.2039,0
6539,45.6724,0
6540,47.0729,0
6541,25.6052,0
6542,28.1606,0
6543,30.3416,0
6544,31.8007,0
6545,24.0126,0
6546,28.5366,0
6547,36.6559,0
6548,35.9235,0
6549,42.7086,0
6550,35.8443,0
6551,31.4145,0
6552,30.8135,0
6553,33.7088,0
6554,32.1183,0
6555,35.1312,0
6556,37.5364,0
6557,49.2125,0
6558,39.3531,0
6559,52.2904,0
6560,41.2660,0
6561,43.1778,0
6562,38.7931,0
6563,42.7384,0
6564,35.4428,0
6565,33.9611,0
6566,30.9978,0
6567,41.4529,0
6568,28.7261,0
6569,31.5292,0
6570,25.8145,0
6571,38.6581,0
6572,48.3732,0
6573,56.4835,0
6574,47.8814,0
6575,49.1414,0
6576,35.1529,0
6577,35.5406,0
6578,34.7564,0
6579,33.6246,0
6580,32.3718,0
6581,30.0887,0
6582,36.1991,0
6583,29.9108,0
6584,39.1979,0
6585,34.7183,0
6586,39.3302,0
6587,40.9112,0
6588,37.0679,0
6589,31.3878,0
6590,59.1640,0
6591,40.5986,0
6592,32.5730,0
6593,37.4956,0
6594,41.0542,0
6595,40.4787,0
6596,39.0875,0
6597,34.3232,0
6598,39.5362,0
6599,41.6422,0
6600,38.9040,0
6601,33.8380,0
6602,30.6201,0
6603,28.5897,0
6604,47.5311,0
6605,48.0077,0
6606,63.1180,0
6607,36.2072,0
6608,17.3571,0
6609,32.6295,0
6610,29.1033,0
6611,29.7613,0
6612,31.5087,0
6613,40.6342,0
6614,45.3210,0
6615,38.0390,0
6616,31.2562,0
6617,35.7399,0
6618,25.8079,0
6619,44.1093,0
6620,42.9690,0
6621,54.6026,0
6622,49.1543,0
6623,38.9104,0
6624,38.7356,0
6625,24.8578,0
6626,26.1078,0
6627,28.3067,0
6628,36.2542,0
6629,32.1264,0
6630,32.6631,0
6631,29.6779,0
6632,42.4840,0
6633,40.8785,0
6634,33.7930,0
6635,39.3233,0
6636,35.8148,0
6637,32.1097,0
6638,34.4341,0
6639,31.5955,0
6640,53.6330,0
6641,48.3606,0
6642,28.9378,0
6643,35.0528,0
6644,37.0581,0
6645,35.3827,0
6646,30.9818,0
6647,39.5825,0
6648,38.2860,0
6649,35.3279,0
6650,42.7701,0
6651,31.3890,0
6652,26.7258,0
6653,30.7498,0
6654,29.9909,0
6655,32.6793,0
6656,39.6757,0
6657,42.4387,0
6658,46.0165,0
6659,34.7159,0
6660,32.0957,0
6661,28.9397,0
6662,28.2142,0
6663,31.6167,0
6664,40.0357,0
6665,30.4270,0
6666,35.1214,0
6667,37.9391,0
6668,31.1732,0
6669,39.3341,0
6670,41.1875,0
6671,34.5089,0
6672,28.0638,0
6673,23.3936,0
6674,37.9705,0
6675,37.5924,0
6676,20.0851,0
6677,29.0554,0
6678,27.5166,0
6679,30.3910,0
6680,41.4405,0
6681,33.5243,0
6682,31.8379,0
6683,28.7757,0
6684,28.6641,0
6685,31.2035,0
6686,33.2665,0
6687,32.0816,0
6688,31.7056,0
6689,35.4383,0
6690,34.0698,0
6691,40.5188,0
6692,34.4579,0
6693,29.7775,0
6694,53.3557,0
6695,45.5666,0
6696,45.4845,0
6697,39.9213,0
6698,40.2274,0
6699,29.9480,0
6700,32.7690,0
6701,26.2370,0
6702,27.9214,0
6703,28.5418,0
6704,28.5633,0
6705,26.9420,0
6706,37.2086,0
6707,42.8550,0
6708,33.4980,0
6709,34.6043,0
6710,32.5384,0
6711,36.1879,0
6712,47.1711,0
6713,59.7916,0
6714,46.2346,0
6715,33.0360,0
6716,32.9747,0
6717,42.5766,0
6718,37.3144,0
6719,28.0275,0
6720,34.0860,0
6721,35.9461,0
6722,24.3325,0
6723,26.3503,0
6724,28.5997,0
6725,30.6549,0
6726,31.1832,0
6727,28.4252,0
6728,39.6807,0
6729,50.7638,0
6730,47.8611,0
6731,45.1615,0
6732,36.2043,0
6733,34.2474,0
6734,30.2701,0
6735,24.0257,0
6736,32.6192,0
6737,32.9769,0
6738,37.2853,0
6739,36.6106,0
6740,35.6572,0
6741,30.4615,0
6742,31.5678,0
6743,35.4207,0
6744,28.7108,0
6745,26.9461,0
6746,30.8018,0
6747,74.9171,0
6748,36.7267,0
6749,39.7394,0
6750,39.2609,0
6751,35.3668,0
6752,30.4534,0
6753,42.8936,0
6754,38.1088,0
6755,31.8975,0
6756,30.1981,0
6757,28.4259,0
6758,30.3564,0
6759,30.9575,0
6760,29.7348,0
6761,29.5255,0
6762,39.1440,0
6763,55.7041,0
6764,38.5365,0
6765,33.7281,0
6766,29.2263,0
6767,40.7777,0
6768,30.6251,0
6769,31.5323,0
6770,34.3957,0
6771,25.7874,0
6772,31.3361,0
6773,33.2365,0
6774,35.0604,0
6775,34.0424,0
6776,34.5027,0
6777,37.4177,0
6778,32.0737,0
6779,42.8498,0
6780,46.9832,0
6781,52.9265,0
6782,33.5121,0
6783,23.7780,0
6784,26.5441,0
6785,42.4125,0
6786,28.2075,0
6787,26.8292,0
6788,25.1403,0
6789,22.1033,0
6790,41.6496,0
6791,40.3695,0
6792,34.3895,0
6793,37.1206,0
6794,31.1952,0
6795,27.5946,0
6796,35.8300,0
6797,37.1819,0
6798,37.7135,0
6799,22.2526,0
6800,37.3995,0
6801,43.1981,0
6802,24.7126,0
6803,41.4116,0
6804,38.9066,0
6805,25.5389,0
6806,36.6445,0
6807,28.2440,0
6808,37.8947,0
6809,27.4360,0
6810,33.2370,0
6811,32.0971,0
6812,30.5395,0
6813,32.0315,0
6814,52.4561,0
6815,43.0906,0
6816,44.7419,0
6817,40.9963,0
6818,43.2680,0
6819,41.7485,0
6820,37.1070,0
6821,37.1726,0
6822,30.2744,0
6823,30.8430,0
6824,31.1897,0
6825,31.7743,0
6826,30.5605,0
6827,19.9223,0
6828,28.8649,0
6829,34.3025,0
6830,30.7145,0
6831,38.9435,0
6832,30.2684,0
6833,36.3610,0
6834,53.3464,0
6835,37.9660,0
6836,32.5451,0
6837,33.5703,0
6838,31.1017,0
6839,27.3609,0
6840,26.5861,0
6841,32.6865,0
6842,31.3034,0
6843,48.3391,0
6844,36.2914,0
6845,35.9514,0
6846,34.9691,0
6847,32.8245,0
6848,36.3162,0
6849,34.5297,0
6850,43.2901,0
6851,44.1189,0
6852,36.4013,0
6853,38.4197,0
6854,34.0693,0
6855,38.3382,0
6856,39.4897,0
6857,34.2066,0
6858,39.8619,0
6859,35.2912,0
6860,39.3460,0
6861,38.9731,0
6862,40.0922,0
6863,33.5810,0
6864,30.9868,0
6865,24.5416,0
6866,29.5818,0
6867,42.4306,0
6868,60.1418,0
6869,47.7996,0
6870,49.8126,0
6871,41.0128,0
6872,35.1253,0
6873,34.2333,0
6874,33.4492,0
6875,42.5236,0
6876,28.9750,0
6877,27.0143,0
6878,31.8503,0
6879,39.8052,0
6880,26.1078,0
6881,37.6287,0
6882,40.2498,0
6883,45.4619,0
6884,32.4962,0
6885,44.3499,0
6886,42.6095,0
6887,32.6939,0
6888,37.8325,0
6889,32.3350,0
6890,37.5295,0
6891,33.5493,0
6892,22.5978,0
6893,25.1734,0
6894,28.1246,0
6895,33.1907,0
6896,40.8483,0
6897,32.7635,0
6898,32.9285,0
6899,31.1322,0
6900,47.4310,0
6901,40.3140,0
6902,38.6217,0
6903,39.0835,0
6904,41.0287,0
6905,34.4229,0
6906,34.8997,0
6907,31.9071,0
6908,43.7047,0
6909,29.6304,0
6910,26.9208,0
6911,31.1515,0
6912,34.5771,0
6913,33.7658,0
6914,22.8071,0
6915,31.1100,0
6916,42.0980,0
6917,29.4569,0
6918,38.1033,0
6919,47.3995,0
6920,42.8438,0
6921,39.5300,0
6922,38.8515,0
6923,35.1145,0
6924,30.8974,0
6925,28.4500,0
6926,36.4766,0
6927,36.7460,0
6928,32.5320,0
6929,38.1985,0
6930,31.3411,0
6931,37.6747,0
6932,38.0690,0
6933,46.7596,0
6934,49.8059,0
6935,42.0156,0
6936,46.0947,0
6937,45.7029,0
6938,43.5178,0
6939,38.4381,0
6940,37.6849,0
6941,31.6432,0
6942,30.9629,0
6943,35.5446,0
6944,36.4823,0
6945,38.2016,0
6946,34.6582,0
6947,33.8557,0
6948,35.7738,0
6949,49.8993,0
6950,42.9652,0
6951,56.9253,0
6952,29.2733,0
6953,28.9798,0
6954,25.5308,0
6955,31.5382,0
6956,38.1594,0
6957,42.2809,0
6958,42.0287,0
6959,40.4651,0
6960,37.5178,0
6961,29.2735,0
6962,36.5767,0
6963,32.4185,0
6964,32.1128,0
6965,31.1444,0
6966,49.8672,0
6967,42.2404,0
6968,32.8078,0
6969,38.0480,0
6970,40.6172,0
6971,32.4204,0
6972,35.0349,0
6973,46.2210,0
6974,24.0638,0
6975,30.0791,0
6976,25.7959,0
6977,42.3791,0
6978,26.4773,0
6979,27.5531,0
6980,41.2884,0
6981,39.9239,0
6982,37.2071,0
6983,39.1006,0
6984,33.8633,0
6985,39.1951,0
6986,44.6515,0
6987,38.1069,0
6988,32.4094,0
6989,45.3641,0
6990,46.9837,0
6991,54.4758,0
6992,40.8821,0
6993,27.2391,0
6994,16.3622,0
6995,20.6125,0
6996,22.5890,0
6997,21.5716,0
6998,20.0210,0
6999,20.7813,0
7000,25.9640,0
7001,39.4070,0
7002,58.7199,0
7003,44.9851,0
7004,44.5132,0
7005,34.8332,0
7006,31.7667,0
7007,30.1206,0
7008,53.6702,0
7009,36.4363,0
7010,40.2110,0
7011,41.2021,0
7012,32.4292,0
7013,35.3372,0
7014,37.5528,0
7015,33.5104,0
7016,20.6797,0
7017,49.0494,0
7018,32.9931,0
7019,47.3828,0
7020,51.1754,0
7021,37.7643,0
7022,41.8174,0
7023,43.4380,0
7024,57.7061,0
7025,54.0783,0
7026,43.7856,0
7027,31.9223,0
7028,41.1918,0
7029,39.5970,0
7030,35.4514,0
7031,39.6810,0
7032,42.9089,0
7033,36.9127,0
7034,34.0223,0
7035,33.8824,0
7036,38.8632,0
7037,28.4412,0
7038,32.3808,0
7039,29.9537,0
7040,29.8245,0
7041,45.5797,0
7042,45.3846,0
7043,29.5429,0
7044,27.0584,0
7045,38.1892,0
7046,33.2642,0
7047,35.4633,0
7048,29.3071,0
7049,46.6161,0
7050,34.4002,0
7051,35.7728,0
7052,32.8639,0
7053,35.5213,0
7054,28.3289,0
7055,29.8104,0
7056,39.9096,0
7057,30.6914,0
7058,30.3955,0
7059,42.4845,0
7060,37.2944,0
7061,37.2958,0
7062,39.0890,0
7063,35.9991,0
7064,34.1768,0
7065,39.0155,0
7066,27.2143,0
7067,31.4789,0
7068,31.9047,0
7069,34.7962,0
7070,29.3708,0
7071,36.4926,0
7072,33.3178,0
7073,37.3454,0
7074,36.6154,0
7075,45.1889,0
7076,43.1547,0
7077,55.2907,0
7078,26.9470,0
7079,21.8937,0
7080,23.6301,0
7081,38.8513,0
7082,27.6573,0
7083,27.8928,0
7084,35.1245,0
7085,39.9160,0
7086,44.6942,0
7087,37.4990,0
7088,27.0205,0
7089,42.5339,0
7090,33.3416,0
7091,32.8827,0
7092,28.7142,0
7093,32.6543,0
7094,33.8161,0
7095,30.5848,0
7096,63.2203,0
7097,37.9920,0
7098,29.2571,0
7099,27.9691,0
7100,29.3891,0
7101,26.1464,0
7102,37.1964,0
7103,39.1736,0
7104,47.5857,0
7105,32.8600,0
7106,36.4773,0
7107,36.1605,0
7108,31.5309,0
7109,29.1564,0
7110,30.6790,0
7111,29.8934,0
7112,34.4462,0
7113,60.1430,0
7114,50.7495,0
7115,41.6751,0
7116,34.8380,0
7117,30.9625,0
7118,25.7156,0
7119,42.3253,0
7120,26.9482,0
7121,41.4667,0
7122,36.1490,0
7123,33.9739,0
7124,33.7002,0
7125,28.3358,0
7126,26.2766,0
7127,30.7784,0
7128,46.5257,0
7129,37.6737,0
7130,34.4985,0
7131,30.5820,0
7132,42.6905,0
7133,47.7319,0
7134,48.6784,0
7135,38.7976,0
7136,37.5917,0
7137,46.5443,0
7138,47.4842,0
7139,31.1270,0
7140,34.6737,0
7141,34.0052,0
7142,28.7464,0
7143,36.3195,0
7144,36.7773,0
7145,35.1453,0
7146,32.8450,0
7147,40.9820,0
7148,37.2128,0
7149,31.5161,0
7150,37.7536,0
7151,56.2611,0
7152,52.7377,0
7153,38.8312,0
7154,45.9592,0
7155,34.1315,0
7156,42.0585,0
7157,27.4422,0
7158,29.3539,0
7159,28.5418,0
7160,28.5110,0
7161,30.4680,0
7162,37.7014,0
7163,38.3370,0
7164,36.7539,0
7165,32.2008,0
7166,25.4045,0
7167,52.5413,0
7168,38.6312,0
7169,42.4478,0
7170,37.7967,0
7171,31.9791,0
7172,52.4712,0
7173,54.5423,0
7174,42.6550,0
7175,30.2501,0
7176,32.5689,0
7177,28.2607,0
7178,38.3081,0
7179,34.3742,0
7180,29.8297,0
7181,30.1313,0
7182,37.3013,0
7183,40.5602,0
7184,36.6220,0
7185,47.7536,0
7186,64.3976,0
7187,62.6652,0
7188,47.9522,0
7189,31.4257,0
7190,36.5839,0
7191,37.4515,0
7192,30.7970,0
7193,31.1360,0
7194,32.4140,0
7195,33.1321,0
7196,30.8590,0
7197,31.7018,0
7198,37.8873,0
7199,24.5481,0
7200,30.6134,0
7201,31.8153,0
7202,38.7800,0
7203,38.5027,0
7204,41.8375,0
7205,42.7237,0
7206,53.0910,0
7207,35.5828,0
7208,32.2742,0
7209,39.9384,0
7210,33.1078,0
7211,32.3989,0
7212,43.0992,0
7213,43.1471,0
7214,28.6191,0
7215,30.6120,0
7216,42.2220,0
7217,33.2899,0
7218,43.9880,0
7219,32.7387,0
7220,42.8884,0
7221,48.3470,0
7222,57.1973,0
7223,47.8148,0
7224,39.1996,0
7225,34.0116,0
7226,29.1636,0
7227,37.3642,0
7228,31.6453,0
7229,34.3678,0
7230,39.4697,0
7231,40.4763,0
7232,47.0228,0
7233,36.5658,0
7234,45.3818,0
7235,44.0660,0
7236,49.3810,0
7237,49.3562,0
7238,48.6345,0
7239,49.6709,0
7240,45.9673,0
7241,40.0193,0
7242,43.8223,0
7243,45.5730,0
7244,45.8746,0
7245,39.6218,0
7246,35.5849,0
7247,29.3894,0
7248,45.0613,0
7249,44.9889,0
7250,36.6216,0
7251,51.9283,0
7252,52.8862,0
7253,50.6008,0
7254,45.4340,0
7255,33.4120,0
7256,48.0859,0
7257,44.9932,0
7258,37.9803,0
7259,31.2252,0
7260,35.6913,0
7261,34.4737,0
7262,32.9535,0
7263,28.6300,0
7264,28.8956,0
7265,28.3887,0
7266,32.6686,0
7267,21.2555,0
7268,32.0032,0
7269,36.3352,0
7270,45.4075,0
7271,39.8097,0
7272,38.5246,0
7273,38.5430,0
7274,28.2650,0
7275,37.7402,0
7276,34.9300,0
7277,31.5340,0
7278,27.3881,0
7279,33.8252,0
7280,32.9163,0
7281,29.2797,0
7282,31.1584,0
7283,34.4312,0
7284,28.2431,0
7285,31.5602,0
7286,34.0490,0
7287,55.4011,0
7288,43.5448,0
7289,46.5963,0
7290,49.0561,0
7291,43.0894,0
7292,41.0218,0
7293,28.2362,0
7294,32.8748,0
7295,39.5932,0
7296,32.2733,0
7297,30.6289,0
7298,30.6869,0
7299,33.1936,0
7300,36.0796,0
7301,45.6374,0
7302,31.7743,0
7303,37.5814,0
7304,38.7115,0
7305,37.9248,0
7306,54.9355,0
7307,42.6323,0
7308,37.1451,0
7309,38.2173,0
7310,38.1277,0
7311,36.0935,0
7312,43.2212,0
7313,42.9015,0
7314,40.9310,0
7315,32.4204,0
7316,36.1302,0
7317,29.2780,0
7318,36.4225,0
7319,46.4809,0
7320,49.1927,0
7321,40.3965,0
7322,44.0290,0
7323,44.9772,0
7324,44.7860,0
7325,39.3369,0
7326,34.8730,0
7327,39.2616,0
7328,46.9880,0
7329,30.3340,0
7330,35.8384,0
7331,35.1696,0
7332,38.1670,0
7333,37.5869,0
7334,36.0668,0
7335,32.5377,0
7336,39.8095,0
7337,55.9831,0
7338,59.3960,0
7339,52.7921,0
7340,37.0071,0
7341,33.6161,0
7342,34.7755,0
7343,38.1444,0
7344,30.0207,0
7345,29.5796,0
7346,36.2351,0
7347,32.9363,0
7348,36.2656,0
7349,26.7265,0
7350,31.9846,0
7351,40.4584,0
7352,48.5065,0
7353,50.9608,0
7354,41.7562,0
7355,53.6497,0
7356,45.2721,0
7357,30.7999,0
7358,32.1789,0
7359,41.3277,0
7360,37.9806,0
7361,43.2489,0
7362,36.0525,0
7363,44.2119,0
7364,43.7875,0
7365,32.1865,0
7366,31.1024,0
7367,31.7554,0
7368,42.7341,0
7369,53.3278,0
7370,56.3109,0
7371,36.2618,0
7372,43.6289,0
7373,41.5790,0
7374,37.8630,0
7375,27.2250,0
7376,36.3193,0
7377,39.3581,0
7378,38.5001,0
7379,23.3946,0
7380,26.4962,0
7381,29.9771,0
7382,31.1358,0
7383,28.4841,0
7384,42.8970,0
7385,49.1271,0
7386,49.0794,0
7387,61.3441,0
7388,52.9227,0
7389,40.5769,0
7390,32.0625,0
7391,41.3275,0
7392,45.2046,0
7393,44.4682,0
7394,34.0662,0
7395,31.9099,0
7396,35.6305,0
7397,33.6976,0
7398,34.3306,0
7399,34.7314,0
7400,58.9676,0
7401,46.4065,0
7402,56.4566,0
7403,54.2433,0
7404,44.9662,0
7405,27.8492,0
7406,39.0708,0
7407,44.1854,0
7408,39.8490,0
7409,37.6065,0
7410,36.3386,0
7411,37.0448,0
7412,37.7069,0
7413,28.9509,0
7414,34.3025,0
7415,39.2222,0
7416,58.5282,0
7417,48.0843,0
7418,39.8207,0
7419,57.5137,0
7420,25.7103,0
7421,26.3906,0
7422,34.5109,0
7423,35.9426,0
7424,36.6237,0
7425,32.7077,0
7426,30.4778,0
7427,29.8173,0
7428,33.9494,0
7429,31.4257,0
7430,32.0230,0
7431,33.4508,0
7432,41.9965,0
7433,48.8610,0
7434,65.1867,0
7435,48.5177,0
7436,44.2922,0
7437,45.2988,0
7438,43.3688,0
7439,38.8532,0
7440,40.0393,0
7441,45.3992,0
7442,36.5734,0
7443,32.1219,0
7444,35.0685,0
7445,27.4634,0
7446,37.3502,0
7447,32.9995,0
7448,41.8971,0
7449,40.1895,0
7450,22.2619,0
7451,47.0493,0
7452,35.9831,0
7453,35.8844,0
7454,34.7493,0
7455,35.5263,0
7456,20.9994,0
7457,30.9577,0
7458,27.0226,0
7459,29.6340,0
7460,36.8450,0
7461,35.7451,0
7462,25.0151,0
7463,39.0010,0
7464,26.3369,0
7465,32.3346,0
7466,35.5206,0
7467,28.0840,0
7468,34.8356,0
7469,56.9875,0
7470,37.8795,0
7471,38.4963,0
7472,35.7335,0
7473,33.9925,0
7474,35.6426,0
7475,33.3486,0
7476,39.7885,0
7477,38.1107,0
7478,39.4154,0
7479,31.0338,0
7480,39.6764,0
7481,43.2642,0
7482,40.8216,0
7483,39.8781,0
7484,36.3019,0
7485,54.2936,0
7486,44.9698,0
7487,37.9853,0
7488,37.7460,0
7489,27.2930,0
7490,23.2055,0
7491,25.1327,0
7492,25.7111,0
7493,35.3568,0
7494,34.8599,0
7495,36.9077,0
7496,38.0423,0
7497,40.0097,0
7498,22.9399,0
7499,23.8216,0
7500,48.5871,0
7501,46.2973,0
7502,36.5503,0
7503,31.6467,0
7504,49.1607,0
7505,52.3398,0
7506,49.0863,0
7507,37.0378,0
7508,53.9443,0
7509,33.1497,0
7510,36.0882,0
7511,31.0516,0
7512,36.4108,0
7513,42.9595,0
7514,44.5461,0
7515,39.3503,0
7516,35.1660,0
7517,43.6780,0
7518,57.3919,0
7519,50.0340,0
7520,36.0508,0
7521,30.9801,0
7522,35.6913,0
7523,34.9214,0
7524,41.0700,0
7525,36.8710,0
7526,34.4577,0
7527,33.1190,0
7528,33.7601,0
7529,29.3145,0
7530,29.6068,0
7531,19.7616,0
7532,30.9780,0
7533,39.2463,0
7534,46.1469,0
7535,29.6097,0
7536,57.0030,0
7537,36.5603,0
7538,23.4377,0
7539,21.6844,0
7540,36.9699,0
7541,31.1513,0
7542,31.1708,0
7543,34.9753,0
7544,31.5988,0
7545,30.0086,0
7546,29.4075,0
7547,39.2807,0
7548,42.6767,0
7549,50.1769,0
7550,30.4108,0
7551,39.6547,0
7552,58.9769,0
7553,55.9485,0
7554,46.4289,0
7555,43.7789,0
7556,29.2201,0
7557,31.9445,0
7558,37.3175,0
7559,36.2110,0
7560,32.6755,0
7561,34.4379,0
7562,40.1015,0
