id,t_pub_ms,qos
1,9.1360,-1
2,43.4651,-1
3,117.8572,-1
4,131.5262,-1
5,132.1163,-1
6,152.6954,-1
7,193.0134,-1
8,205.5480,-1
9,235.3096,-1
10,258.1964,-1
11,339.4425,-1
12,370.7106,-1
13,500.3114,-1
14,499.8372,-1
15,548.6801,-1
16,548.2085,-1
17,548.1007,-1
18,547.4315,-1
19,548.0571,-1
20,547.1396,-1
21,547.6501,-1
22,614.4333,-1
23,633.9390,-1
24,693.4786,-1
25,728.7922,-1
26,807.5686,-1
27,816.5929,-1
28,834.5654,-1
29,835.0024,-1
30,834.9211,-1
31,835.0410,-1
32,834.8696,-1
33,835.6652,-1
34,835.8355,-1
35,837.2967,-1
36,879.8518,-1
37,908.0529,-1
38,949.1837,-1
39,967.7942,-1
40,970.9699,-1
41,1035.8696,-1
42,1055.3207,-1
43,1087.3106,-1
44,1195.6034,-1
45,1194.5472,-1
46,1194.8280,-1
47,1194.1049,-1
48,1193.8725,-1
49,1192.8673,-1
50,1193.0149,-1
51,1292.7017,-1
52,1396.9960,-1
53,1453.6366,-1
54,1672.7500,-1
55,1673.9595,-1
56,1673.0793,-1
57,1672.9853,-1
58,1757.6241,-1
59,1793.9062,-1
60,1794.1501,-1
61,1794.5607,-1
62,1795.6567,-1
63,1795.3594,-1
64,1794.9107,-1
65,1794.6565,-1
66,1794.1573,-1
67,1794.6730,-1
68,1795.3672,-1
69,1795.1264,-1
70,1796.4289,-1
71,1796.8132,-1
72,1797.5931,-1
73,1798.1806,-1
74,1798.6920,-1
75,1799.6254,-1
76,1804.0872,-1
77,1803.0634,-1
78,1802.0055,-1
79,1803.6673,-1
80,1804.2586,-1
81,1806.8483,-1
82,1807.5910,-1
83,1810.0588,-1
84,1810.7340,-1
85,1811.7249,-1
86,1813.1397,-1
87,2000.1004,-1
88,2000.5057,-1
89,1999.7792,-1
90,1998.7071,-1
91,2003.0406,-1
92,2002.1276,-1
93,2000.8905,-1
94,2000.4911,-1
95,2000.2811,-1
96,2000.1059,-1
97,2000.6816,-1
98,2000.3400,-1
99,2000.0799,-1
100,2000.1643,-1
101,1999.8915,-1
102,2000.8504,-1
103,2000.8516,-1
104,1999.0606,-1
105,1999.7945,-1
106,2045.4621,-1
107,2107.8112,-1
108,2151.1133,-1
109,2152.2710,-1
110,2153.4495,-1
111,2155.1504,-1
112,2155.6292,-1
113,2156.2431,-1
114,2156.2190,-1
115,2157.4309,-1
116,2165.3881,-1
117,2164.2058,-1
118,2163.0778,-1
119,2162.0603,-1
120,2162.5109,-1
121,2264.9875,-1
122,2266.1684,-1
123,2381.3624,-1
124,2378.5257,-1
125,2378.5086,-1
126,2377.7514,-1
127,2376.9977,-1
128,2376.6687,-1
129,2377.5573,-1
130,2377.9294,-1
131,2380.0988,-1
132,2382.1311,-1
133,2385.1180,-1
134,2385.4206,-1
135,2385.5636,-1
136,2385.5689,-1
137,2385.2251,-1
138,2386.0207,-1
139,2388.8733,-1
140,2447.9949,-1
141,2449.7294,-1
142,2451.9055,-1
143,2487.3276,-1
144,2530.5002,-1
145,2571.9566,-1
146,2575.4294,-1
147,2577.5766,-1
148,2582.9856,-1
149,2581.7821,-1
150,2580.7772,-1
151,2579.7381,-1
152,2578.7387,-1
153,2609.4582,-1
154,2610.5905,-1
155,2650.5373,-1
156,2654.1748,-1
157,2657.1767,-1
158,2659.7021,-1
159,2686.0332,-1
160,2688.2720,-1
161,2691.8287,-1
162,2692.4009,-1
163,2693.3751,-1
164,2695.7211,-1
165,2698.0243,-1
166,2698.8542,-1
167,2699.7881,-1
168,2700.1700,-1
169,2701.2253,-1
170,2701.7305,-1
171,2702.5280,-1
172,2703.6138,-1
173,2704.4609,-1
174,2704.8094,-1
175,2707.0138,-1
176,2752.4614,-1
177,2752.3732,-1
178,2753.8109,-1
179,2756.6113,-1
180,2762.1999,-1
181,2764.0464,-1
182,2766.0568,-1
183,2767.7817,-1
184,2767.8993,-1
185,2767.5164,-1
186,2766.3343,-1
187,2766.5830,-1
188,2769.2866,-1
189,2771.6532,-1
190,2954.1655,-1
191,3002.4693,-1
192,3008.5435,-1
193,3008.9834,-1
194,3009.2521,-1
195,3009.1105,-1
196,3009.3231,-1
197,3009.5448,-1
198,3010.0915,-1
199,3011.0807,-1
200,3010.8557,-1
201,3011.7750,-1
202,3012.6317,-1
203,3012.5256,-1
204,3012.0656,-1
205,3012.1918,-1
206,3012.0363,-1
207,3013.0818,-1
208,3013.7632,-1
209,3013.4013,-1
210,3016.0177,-1
211,3016.1927,-1
212,3018.2710,-1
213,3020.0834,-1
214,3154.7666,-1
215,3155.5796,-1
216,3154.9954,-1
217,3154.8338,-1
218,3154.3903,-1
219,3155.0663,-1
220,3155.5812,-1
221,3222.3649,-1
222,3223.5417,-1
223,3225.0340,-1
224,3224.5367,-1
225,3225.0221,-1
226,3226.2063,-1
227,3227.1817,-1
228,3226.3412,-1
229,3226.8748,-1
230,3228.0276,-1
231,3229.1291,-1
232,3230.1188,-1
233,3230.9203,-1
234,3231.8282,-1
235,3232.4171,-1
236,3233.1018,-1
237,3234.0322,-1
238,3328.8157,-1
239,3328.8047,-1
240,3330.1451,-1
241,3330.9188,-1
242,3535.2149,-1
243,3538.6796,-1
244,3597.1391,-1
245,3597.7924,-1
246,3597.9884,-1
247,3598.6247,-1
248,3598.6784,-1
249,3599.2205,-1
250,3599.8878,-1
251,3600.5988,-1
252,3601.1794,-1
253,3601.7604,-1
254,3601.8541,-1
255,3602.5703,-1
256,3603.0774,-1
257,3604.4700,-1
258,3605.9811,-1
259,3607.0502,-1
260,3607.2607,-1
261,3610.0948,-1
262,3610.9998,-1
263,3610.2290,-1
264,3613.1389,-1
265,3612.8573,-1
266,3614.4962,-1
267,3614.9805,-1
268,3616.9896,-1
269,3775.0995,-1
270,3774.8988,-1
271,3775.7201,-1
272,3776.4709,-1
273,3781.8458,-1
274,3781.0941,-1
275,3781.9479,-1
276,3783.1266,-1
277,3785.2294,-1
278,3786.5763,-1
279,3785.7752,-1
280,3786.3793,-1
281,3787.6272,-1
282,3783.7317,-1
283,3785.8019,-1
284,3788.2729,-1
285,3793.2172,-1
286,3798.8186,-1
287,3800.7293,-1
288,3805.9068,-1
289,3811.3394,-1
290,3814.8792,-1
291,3816.9084,-1
292,3826.5781,-1
293,3827.5769,-1
294,3832.0045,-1
295,3835.7506,-1
296,3832.8876,-1
297,3836.6985,-1
298,3837.2579,-1
299,3836.7817,-1
300,3836.9267,-1
301,3837.3146,-1
302,3844.6603,-1
303,3843.8969,-1
304,3844.1210,-1
305,3850.2369,-1
306,3852.6492,-1
307,3850.4612,-1
308,3833.2884,-1
309,3834.1463,-1
310,3834.7187,-1
311,3835.7525,-1
312,3836.6034,-1
313,3836.6187,-1
314,3837.4872,-1
315,3839.8933,-1
316,3842.2327,-1
317,3841.4302,-1
318,3845.3102,-1
319,3844.9352,-1
320,3846.6830,-1
321,3846.8735,-1
322,3846.6902,-1
323,3845.1369,-1
324,3845.6702,-1
325,3847.6036,-1
326,3850.6584,-1
327,3850.5578,-1
328,3851.2912,-1
329,3892.6270,-1
330,3891.5274,-1
331,3891.7832,-1
332,3892.1275,-1
333,3894.2993,-1
334,3894.0160,-1
335,3894.0864,-1
336,3895.0100,-1
337,3895.8600,-1
338,4003.7968,-1
339,4004.4727,-1
340,4078.6855,-1
341,4079.8588,-1
342,4080.7407,-1
343,4082.3770,-1
344,4083.9696,-1
345,4087.4665,-1
346,4086.2653,-1
347,4084.6269,-1
348,4083.5176,-1
349,4082.4223,-1
350,4082.4313,-1
351,4081.5086,-1
352,4081.4688,-1
353,4081.4710,-1
354,4107.0547,-1
355,4106.9500,-1
356,4107.3477,-1
357,4106.2214,-1
358,4104.7409,-1
359,4104.7134,-1
360,4104.4736,-1
361,4104.4810,-1
362,4104.4569,-1
363,4103.9152,-1
364,4103.8616,-1
365,4092.1266,-1
366,4092.0458,-1
367,4091.8849,-1
368,4091.7349,-1
369,4091.6154,-1
370,4090.6529,-1
371,4088.3508,-1
372,4088.2356,-1
373,4087.9922,-1
374,4111.6834,-1
375,4110.6937,-1
376,4109.9348,-1
377,4110.0645,-1
378,4110.5273,-1
379,4110.3594,-1
380,4111.9106,-1
381,4112.0188,-1
382,4139.1175,-1
383,4139.7493,-1
384,4135.6280,-1
385,4117.2605,-1
386,4150.4626,-1
387,4152.1020,-1
388,4154.3381,-1
389,4157.0547,-1
390,4155.7946,-1
391,4156.8730,-1
392,4157.3248,-1
393,4157.4767,-1
394,4157.4430,-1
395,4157.3310,-1
396,4157.8126,-1
397,4157.8989,-1
398,4163.1052,-1
399,4163.2810,-1
400,4163.6319,-1
401,4164.8114,-1
402,4166.2886,-1
403,4168.6575,-1
404,4170.8782,-1
405,4173.7256,-1
406,4173.2314,-1
407,4172.7252,-1
408,4172.1613,-1
409,4172.6277,-1
410,4173.6615,-1
411,4174.4914,-1
412,4174.7186,-1
413,4177.0210,-1
414,4176.0130,-1
415,4175.1187,-1
416,4177.4185,-1
417,4176.6229,-1
418,4177.1181,-1
419,4177.6903,-1
420,4306.8407,-1
421,4306.5724,-1
422,4305.7954,-1
423,4306.1633,-1
424,4305.1419,-1
425,4305.0795,-1
426,4304.8189,-1
427,4304.7261,-1
428,4304.4810,-1
429,4304.3439,-1
430,4303.8940,-1
431,4303.5324,-1
432,4304.0257,-1
433,4304.4074,-1
434,4304.5833,-1
435,4305.0039,-1
436,4305.1746,-1
437,4305.4059,-1
438,4306.5484,-1
439,4306.7734,-1
440,4307.1060,-1
441,4307.4572,-1
442,4308.0165,-1
443,4309.5901,-1
444,4310.1413,-1
445,4310.6911,-1
446,4311.1444,-1
447,4313.5028,-1
448,4313.9901,-1
449,4314.9376,-1
450,4316.5781,-1
451,4316.4456,-1
452,4316.9289,-1
453,4317.7867,-1
454,4319.0048,-1
455,4320.8215,-1
456,4319.7672,-1
457,4321.3856,-1
458,4321.7375,-1
459,4321.5785,-1
460,4321.5845,-1
461,4322.0556,-1
462,4323.4107,-1
463,4373.1871,-1
464,4372.3903,-1
465,4373.6143,-1
466,4374.3994,-1
467,4456.6698,-1
468,4457.2227,-1
469,4458.4208,-1
470,4483.1214,-1
471,4484.5576,-1
472,4486.2163,-1
473,4486.4106,-1
474,4487.2561,-1
475,4486.5525,-1
476,4495.6727,-1
477,4499.4287,-1
478,4498.3246,-1
479,4497.2069,-1
480,4498.2021,-1
481,4497.2167,-1
482,4501.5502,-1
483,4501.2901,-1
484,4500.8397,-1
485,4556.9725,-1
486,4557.3394,-1
487,4559.4442,-1
488,4561.4822,-1
489,4561.0032,-1
490,4561.4481,-1
491,5616.1687,-1
492,5616.0161,-1
493,5617.1589,-1
494,5616.7817,-1
495,5615.8607,-1
496,5614.8942,-1
497,5614.0146,-1
498,5613.0128,-1
499,5611.6211,-1
500,5610.7409,-1
501,5609.5247,-1
502,5609.2556,-1
503,5608.5379,-1
504,5607.6241,-1
505,5606.9822,-1
506,5606.2715,-1
507,5605.5264,-1
508,5605.6867,-1
509,5604.9697,-1
510,5604.0399,-1
511,5603.7896,-1
512,5603.4143,-1
513,5602.8247,-1
514,5601.8183,-1
515,5602.2732,-1
516,5601.7613,-1
517,5601.3422,-1
518,5600.5523,-1
519,5599.3226,-1
520,5598.6805,-1
521,5598.2413,-1
522,5598.8927,-1
523,5596.9284,-1
524,5595.2997,-1
525,5594.6712,-1
526,5594.0785,-1
527,5593.8184,-1
528,5593.5342,-1
529,5592.6743,-1
530,5592.3066,-1
531,5591.9707,-1
532,5591.2404,-1
533,5590.8084,-1
534,5590.4682,-1
535,5589.7837,-1
536,5589.4845,-1
537,5588.8350,-1
538,5588.5417,-1
539,5589.4303,-1
540,5588.9859,-1
541,5588.3694,-1
542,5587.0562,-1
543,5586.9577,-1
544,5586.4420,-1
545,5585.9590,-1
546,5585.4023,-1
547,5584.8246,-1
548,5585.2792,-1
549,5584.9910,-1
550,5586.0631,-1
551,5585.5904,-1
552,5584.9712,-1
553,5584.4648,-1
554,5584.2142,-1
555,5585.2225,-1
556,5584.9571,-1
557,5584.8312,-1
558,6669.1334,-1
559,6669.1236,-1
560,6668.8044,-1
561,6668.6063,-1
562,6668.1693,-1
563,6667.3937,-1
564,6667.7880,-1
565,6667.1615,-1
566,6666.9750,-1
567,6666.3859,-1
568,6666.3473,-1
569,6665.6206,-1
570,6664.3615,-1
571,6664.1548,-1
572,6663.6479,-1
573,6663.2173,-1
574,6663.5294,-1
575,6662.7746,-1
576,6661.9449,-1
577,6661.7191,-1
578,6662.1206,-1
579,6661.8390,-1
580,6661.3841,-1
581,6661.0730,-1
582,6660.3124,-1
583,6659.0898,-1
584,6658.5662,-1
585,6657.9156,-1
586,6657.4085,-1
587,6642.0145,-1
588,6641.0737,-1
589,6640.1966,-1
590,6639.0383,-1
591,6643.4453,-1
592,6640.8985,-1
593,6639.8213,-1
594,6638.9160,-1
595,6637.8746,-1
596,6636.6799,-1
597,6635.6404,-1
598,6634.6571,-1
599,6633.7221,-1
600,6636.9481,-1
601,6636.7996,-1
602,6636.2035,-1
603,6635.6037,-1
604,6634.7716,-1
605,6634.1960,-1
606,6633.3349,-1
607,6632.3931,-1
608,6631.6993,-1
609,6631.0544,-1
610,6630.3115,-1
611,6630.9648,-1
612,6630.4784,-1
613,6630.0664,-1
614,6629.9682,-1
615,6629.2908,-1
616,6628.4761,-1
617,6628.2496,-1
618,6628.4831,-1
619,6627.7657,-1
620,6627.1236,-1
621,6627.0049,-1
622,6626.3154,-1
623,6626.2565,-1
624,6625.4900,-1
625,6622.1039,-1
626,6620.9481,-1
627,6620.0416,-1
628,6618.7060,-1
629,6617.9290,-1
630,6617.3134,-1
631,6616.4272,-1
632,6619.8301,-1
633,6616.9195,-1
634,6620.8630,-1
635,6620.1422,-1
636,6619.2629,-1
637,6618.1936,-1
638,6617.1877,-1
639,6616.0913,-1
640,6615.2036,-1
641,6614.0425,-1
642,6612.9346,-1
643,6608.6552,-1
644,6605.9363,-1
645,6605.1488,-1
646,6605.8033,-1
647,6605.0179,-1
648,6604.4898,-1
649,6603.5984,-1
650,6603.5452,-1
651,6603.0326,-1
652,6602.7594,-1
653,6602.4425,-1
654,6602.0713,-1
655,6601.5334,-1
656,6600.0857,-1
657,6599.8254,-1
658,6599.4318,-1
659,6598.8677,-1
660,6597.5208,-1
661,6597.0767,-1
662,6596.4930,-1
663,6595.8729,-1
664,6591.2492,-1
665,6590.5874,-1
666,6589.9611,-1
667,6589.1426,-1
668,6588.4988,-1
669,6587.8806,-1
670,6587.1899,-1
671,6586.4525,-1
672,6585.9118,-1
673,6584.8773,-1
674,6584.2433,-1
675,6583.4632,-1
676,6581.7060,-1
677,6581.1677,-1
678,6580.6000,-1
679,6580.0679,-1
680,6579.4039,-1
681,6578.8476,-1
682,6578.0284,-1
683,6577.3149,-1
684,6576.8671,-1
685,6576.5328,-1
686,6575.8092,-1
687,6574.9059,-1
688,6574.0442,-1
689,6573.2081,-1
690,6572.8981,-1
691,6572.3128,-1
692,6571.9874,-1
693,6571.7440,-1
694,6571.6336,-1
695,6571.7795,-1
696,6571.6822,-1
697,6571.6658,-1
698,6571.4631,-1
699,6571.3508,-1
700,6571.0502,-1
701,6570.7965,-1
702,6570.6778,-1
703,6569.7973,-1
704,6569.2701,-1
705,6568.6433,-1
706,6567.7145,-1
707,6566.6368,-1
708,6565.9299,-1
709,6565.3493,-1
710,6564.6968,-1
711,6564.1847,-1
712,6563.2401,-1
713,6562.6154,-1
714,6562.0387,-1
715,6561.2998,-1
716,6560.7886,-1
717,6560.1950,-1
718,6559.3507,-1
719,6558.7952,-1
720,6558.2128,-1
721,6557.5469,-1
722,6495.4925,-1
723,6494.8962,-1
724,6494.2946,-1
725,6492.2457,-1
726,6491.5078,-1
727,6490.6881,-1
728,6490.1631,-1
729,6489.3689,-1
730,6488.5206,-1
731,6487.2212,-1
732,6486.6159,-1
733,6485.7187,-1
734,6484.8204,-1
735,6484.1361,-1
736,6483.3744,-1
737,6482.6815,-1
738,6482.0147,-1
739,6481.2400,-1
740,6480.4878,-1
741,6479.8338,-1
742,6479.3119,-1
743,6478.6766,-1
744,6478.1041,-1
745,6477.4570,-1
746,6476.9051,-1
747,6476.3155,-1
748,6475.6846,-1
749,6475.5809,-1
750,6475.3675,-1
751,6475.2295,-1
752,6475.0195,-1
753,6474.7705,-1
754,6474.6594,-1
755,6474.3872,-1
756,6474.2265,-1
757,6474.4511,-1
758,6475.4341,-1
759,6475.4226,-1
760,6475.9271,-1
761,6476.7394,-1
762,6476.7599,-1
763,6477.0460,-1
764,6476.4202,-1
765,6475.8835,-1
766,6475.5883,-1
767,6474.7779,-1
768,6474.3731,-1
769,6473.0654,-1
770,6472.6288,-1
771,6472.1396,-1
772,6470.8638,-1
773,6470.3050,-1
774,6469.7475,-1
775,6469.0812,-1
776,6468.2229,-1
777,6467.5648,-1
778,6465.7540,-1
779,6465.0762,-1
780,6463.9170,-1
781,6199.1673,-1
782,6196.3489,-1
783,6193.4259,-1
784,6192.8227,-1
785,6180.4366,-1
786,6179.3754,-1
787,6178.2160,-1
788,6177.6264,-1
789,6281.5349,-1
790,6273.2112,-1
791,6262.0630,-1
792,6288.7940,-1
793,6286.5357,-1
794,6285.5182,-1
795,6292.3889,-1
796,6291.4124,-1
797,6290.1661,-1
798,6286.2463,-1
799,6285.1751,-1
800,6284.2860,-1
801,6283.2789,-1
802,6282.4664,-1
803,6281.6398,-1
804,6280.5414,-1
805,6280.2293,-1
806,6280.2873,-1
807,6279.8910,-1
808,6279.0694,-1
809,6280.3915,-1
810,6279.1963,-1
811,6277.6735,-1
812,6273.3655,-1
813,6271.3506,-1
814,6270.3047,-1
815,6399.9674,-1
816,6399.4789,-1
817,6399.1473,-1
818,6398.4928,-1
819,6395.0937,-1
820,6394.5637,-1
821,6394.2783,-1
822,6394.0644,-1
823,6393.6946,-1
824,6393.2552,-1
825,6392.8852,-1
826,6392.6351,-1
827,6391.3648,-1
828,6390.5363,-1
829,6389.6370,-1
830,6388.9232,-1
831,6388.5455,-1
832,6388.0312,-1
833,6387.5678,-1
834,6386.8461,-1
835,6386.3366,-1
836,6386.2791,-1
837,6385.9234,-1
838,6386.2894,-1
839,6446.1775,-1
840,6445.6611,-1
841,6445.1001,-1
842,6443.5225,-1
843,6443.3768,-1
844,6443.0838,-1
845,6447.5341,-1
846,6447.3431,-1
847,6446.9230,-1
848,6446.6813,-1
849,6446.3954,-1
850,6446.0714,-1
851,6445.7762,-1
852,6447.1409,-1
853,6446.8589,-1
854,6445.8735,-1
855,6445.7538,-1
856,6445.1673,-1
857,6445.3461,-1
858,6444.3777,-1
859,6444.7663,-1
860,6443.9931,-1
861,6443.4242,-1
862,6522.5279,-1
863,6522.3231,-1
864,6522.4054,-1
865,6522.1136,-1
866,6522.0017,-1
867,6521.4024,-1
868,6520.3059,-1
869,6520.1039,-1
870,6519.7670,-1
871,6519.2068,-1
872,6518.7621,-1
873,6518.5020,-1
874,6518.2078,-1
875,6518.1580,-1
876,6517.6647,-1
877,6517.6454,-1
878,6517.2465,-1
879,6520.7584,-1
880,6519.5792,-1
881,6519.8703,-1
882,6518.8439,-1
883,6518.2245,-1
884,6519.4032,-1
885,7049.3491,-1
886,7023.6371,-1
887,6998.4791,-1
888,6918.3862,-1
889,6887.7912,-1
890,6847.4841,-1
891,6811.7146,-1
892,6794.5065,-1
893,6833.0269,-1
894,6836.7436,-1
895,6831.3580,-1
896,6831.3580,-1
897,6728.5144,-1
898,6729.7769,-1
899,6701.8685,-1
900,6694.2520,-1
901,6638.0112,-1
902,6636.9388,-1
903,6605.0279,-1
904,6520.3230,-1
905,7122.5393,-1
906,7122.2475,-1
907,7119.6482,-1
908,7118.4270,-1
909,7117.3301,-1
910,7117.1863,-1
911,7116.0374,-1
912,7114.6798,-1
913,7114.5799,-1
914,7112.3207,-1
915,7110.8718,-1
916,7108.4297,-1
917,7107.0044,-1
918,7105.5572,-1
919,7105.1171,-1
920,7103.5519,-1
921,7103.3649,-1
922,7099.7868,-1
923,7099.5862,-1
924,7099.4494,-1
925,7099.2656,-1
926,7098.9058,-1
927,7098.5165,-1
928,7098.1474,-1
929,8385.4098,-1
930,8381.2487,-1
931,8403.5394,-1
932,8441.0405,-1
933,8437.7649,-1
934,8435.5278,-1
935,8432.5407,-1
936,8429.0662,-1
937,8428.3321,-1
938,8426.7714,-1
939,8425.8828,-1
940,8394.0637,-1
941,8485.2183,-1
942,8482.9237,-1
943,8480.5472,-1
944,8477.0906,-1
945,8474.4406,-1
946,8473.2318,-1
947,8473.0840,-1
948,8473.3114,-1
949,8472.8134,-1
950,8472.9276,-1
951,8472.3365,-1
952,8470.6533,-1
953,8470.1228,-1
954,8469.5852,-1
955,8468.5640,-1
956,8467.9303,-1
957,8467.9072,-1
958,8467.7157,-1
959,8467.1314,-1
960,8466.6772,-1
961,8465.9598,-1
962,8466.1400,-1
963,8465.2491,-1
964,8459.8401,-1
965,8457.0756,-1
966,8455.7683,-1
967,8454.3695,-1
968,8454.8962,-1
969,8453.1164,-1
970,8451.5321,-1
971,8450.2704,-1
972,8450.3396,-1
973,8449.4307,-1
974,8445.1768,-1
975,8445.0104,-1
976,8443.8758,-1
977,8442.1389,-1
978,8442.2216,-1
979,8441.0226,-1
980,8440.5849,-1
981,8439.1494,-1
982,8436.9450,-1
983,8432.8303,-1
984,8431.6916,-1
985,8430.4907,-1
986,8426.3914,-1
987,8420.4993,-1
988,8416.5773,-1
989,8411.4065,-1
990,8406.4317,-1
991,8406.0905,-1
992,8407.4271,-1
993,8407.5356,-1
994,8402.3232,-1
995,8400.0130,-1
996,8401.3906,-1
997,8402.5824,-1
998,8405.6432,-1
999,8406.0104,-1
1000,8405.3650,-1
1001,8418.9639,-1
1002,8425.8692,-1
1003,8428.2975,-1
1004,8428.8621,-1
1005,8430.3305,-1
1006,8430.7756,-1
1007,8430.8920,-1
1008,8431.8705,-1
1009,8431.1409,-1
1010,8431.6206,-1
1011,8434.8028,-1
1012,8433.4993,-1
1013,8427.7802,-1
1014,8426.9276,-1
1015,8425.0848,-1
1016,8424.1412,-1
1017,8423.1889,-1
1018,8423.2392,-1
1019,8422.5101,-1
1020,8425.4160,-1
1021,8424.4037,-1
1022,8423.9621,-1
1023,8293.7446,-1
1024,8292.9666,-1
1025,8291.8124,-1
1026,8290.0884,-1
1027,8288.8625,-1
1028,8288.8176,-1
1029,8290.0298,-1
1030,8286.8931,-1
1031,8283.6614,-1
1032,8283.2682,-1
1033,8281.8825,-1
1034,8281.4846,-1
1035,8279.5913,-1
1036,8278.0097,-1
1037,8276.0108,-1
1038,8274.7421,-1
1039,8274.1442,-1
1040,8272.9018,-1
1041,8272.8231,-1
1042,8271.2297,-1
1043,8270.8435,-1
1044,8270.4573,-1
1045,8267.7736,-1
1046,8268.8568,-1
1047,8266.5920,-1
1048,8265.7409,-1
1049,8263.8066,-1
1050,8263.0048,-1
1051,8262.8703,-1
1052,8263.1259,-1
1053,8261.0574,-1
1054,8260.0098,-1
1055,8258.8427,-1
1056,8258.5120,-1
1057,8257.2675,-1
1058,8257.0498,-1
1059,8256.6578,-1
1060,8255.5017,-1
1061,8255.0440,-1
1062,8253.2010,-1
1063,8252.1257,-1
1064,8252.6250,-1
1065,8254.5815,-1
1066,8253.3941,-1
1067,8253.3033,-1
1068,8252.5127,-1
1069,8252.8522,-1
1070,8251.4293,-1
1071,8250.2394,-1
1072,8248.9746,-1
1073,8250.1287,-1
1074,8249.5112,-1
1075,8247.7260,-1
1076,8246.5460,-1
1077,8246.7034,-1
1078,8246.1600,-1
1079,8245.0860,-1
1080,8244.7906,-1
1081,8244.3669,-1
1082,8244.0250,-1
1083,8244.2255,-1
1084,8243.7351,-1
1085,8243.4056,-1
1086,8243.3181,-1
1087,8243.6261,-1
1088,8243.4535,-1
1089,8246.2542,-1
1090,8245.8007,-1
1091,8245.2688,-1
1092,8244.8390,-1
1093,8244.0565,-1
1094,8243.4919,-1
1095,8243.0904,-1
1096,8242.6913,-1
1097,8241.9591,-1
1098,8241.2169,-1
1099,8241.3802,-1
1100,8240.8757,-1
1101,8240.4764,-1
1102,8240.5214,-1
1103,8239.8555,-1
1104,8239.5995,-1
1105,8239.4366,-1
1106,8241.6368,-1
1107,8240.2973,-1
1108,8240.2947,-1
1109,8240.0079,-1
1110,8239.2547,-1
1111,8239.1784,-1
1112,8238.8680,-1
1113,8238.5097,-1
1114,8238.1432,-1
1115,8237.9243,-1
1116,8237.7722,-1
1117,8237.7019,-1
1118,8235.8246,-1
1119,8235.7049,-1
1120,8235.4779,-1
1121,8237.5829,-1
1122,8285.7146,-1
1123,8285.5384,-1
1124,8282.7513,-1
1125,8282.5820,-1
1126,8280.9973,-1
1127,8279.6297,-1
1128,8277.0066,-1
1129,8275.4691,-1
1130,8274.7810,-1
1131,8272.3591,-1
1132,8269.9149,-1
1133,8269.6953,-1
1134,8268.2145,-1
1135,8269.1100,-1
1136,8267.9603,-1
1137,8266.4802,-1
1138,8264.1044,-1
1139,8263.9887,-1
1140,8262.3162,-1
1141,8259.5417,-1
1142,8257.1542,-1
1143,8253.4504,-1
1144,8250.8337,-1
1145,8249.4912,-1
1146,8249.1293,-1
1147,8246.9580,-1
1148,8246.7499,-1
1149,8245.3310,-1
1150,8241.4145,-1
1151,8243.5217,-1
1152,8243.3786,-1
1153,8242.7042,-1
1154,8241.1382,-1
1155,8239.5270,-1
1156,8239.0625,-1
1157,8238.5197,-1
1158,8236.8567,-1
1159,8235.3678,-1
1160,8234.9842,-1
1161,8233.6648,-1
1162,8232.6581,-1
1163,8231.3268,-1
1164,8230.9122,-1
1165,8229.3878,-1
1166,8228.1966,-1
1167,8227.9267,-1
1168,8226.5027,-1
1169,8226.3720,-1
1170,8226.0296,-1
1171,8225.7805,-1
1172,8223.6888,-1
1173,8222.8394,-1
1174,8221.9267,-1
1175,8219.2402,-1
1176,8219.4462,-1
1177,8219.1925,-1
1178,8218.3988,-1
1179,8216.1388,-1
1180,8215.9469,-1
1181,8216.1767,-1
1182,8215.9145,-1
1183,8214.7112,-1
1184,8214.5252,-1
1185,8212.3594,-1
1186,8212.6620,-1
1187,8213.9952,-1
1188,8212.1699,-1
1189,8211.7448,-1
1190,8211.7593,-1
1191,8209.0602,-1
1192,8208.7872,-1
1193,8208.4339,-1
1194,8206.5902,-1
1195,8206.4610,-1
1196,8205.6768,-1
1197,8206.1863,-1
1198,8205.6568,-1
1199,8204.3221,-1
1200,8203.8989,-1
1201,8203.6953,-1
1202,8202.2014,-1
1203,8200.0737,-1
1204,8199.3914,-1
1205,8197.7561,-1
1206,8198.0419,-1
1207,8194.2413,-1
1208,8192.7328,-1
1209,8192.4312,-1
1210,8191.8023,-1
1211,8192.4248,-1
1212,8194.4745,-1
1213,8194.6039,-1
1214,8193.4590,-1
1215,8192.4264,-1
1216,8194.6912,-1
1217,8194.0167,-1
1218,8186.7070,-1
1219,8184.8147,-1
1220,8185.4341,-1
1221,8199.9879,-1
1222,8199.6398,-1
1223,8199.4934,-1
1224,8217.0320,-1
1225,8217.9828,-1
1226,8217.0978,-1
1227,8216.2576,-1
1228,8217.8946,-1
1229,8208.0057,-1
1230,8207.3002,-1
1231,8206.9750,-1
1232,8206.6944,-1
1233,8206.7249,-1
1234,8207.3679,-1
1235,8213.5973,-1
1236,8212.7783,-1
1237,8212.0101,-1
1238,8210.8293,-1
1239,8210.0065,-1
1240,8210.5155,-1
1241,8211.5149,-1
1242,8212.7283,-1
1243,8210.6626,-1
1244,8234.6382,-1
1245,8237.3803,-1
1246,8238.3385,-1
1247,8209.9719,-1
1248,8209.6207,-1
1249,8207.7215,-1
1250,8162.5524,-1
1251,8154.9926,-1
1252,8139.0810,-1
1253,8074.8093,-1
1254,8068.8722,-1
1255,8065.9218,-1
1256,8063.4046,-1
1257,8038.6503,-1
1258,8038.0416,-1
1259,8037.4725,-1
1260,8037.0700,-1
1261,8036.5243,-1
1262,8036.1347,-1
1263,8036.2866,-1
1264,8037.0126,-1
1265,8036.3753,-1
1266,8036.2675,-1
1267,8036.4051,-1
1268,8036.2358,-1
1269,8036.1021,-1
1270,7946.2950,-1
1271,7942.4510,-1
1272,7912.1795,-1
1273,7913.6484,-1
1274,7909.5161,-1
1275,7903.1069,-1
1276,7891.7203,-1
1277,7886.5051,-1
1278,7883.1825,-1
1279,7882.5960,-1
1280,7879.5867,-1
1281,7876.7374,-1
1282,7873.0829,-1
1283,7869.1881,-1
1284,7865.3224,-1
1285,7861.8970,-1
1286,7860.3215,-1
1287,7856.5252,-1
1288,7857.2586,-1
1289,7854.1133,-1
1290,7851.1918,-1
1291,7846.0486,-1
1292,7841.1200,-1
1293,7837.9457,-1
1294,7833.2708,-1
1295,7789.1810,-1
1296,7780.4763,-1
1297,7779.1107,-1
1298,7773.0043,-1
1299,7767.1809,-1
1300,7764.9877,-1
1301,7762.4681,-1
1302,7757.6513,-1
1303,7756.3567,-1
1304,7749.2580,-1
1305,7747.3922,-1
1306,7750.4268,-1
1307,7748.3196,-1
1308,7746.5780,-1
1309,7747.7086,-1
1310,7742.3947,-1
1311,7739.1689,-1
1312,7735.2426,-1
1313,7735.3795,-1
1314,7732.0406,-1
1315,7726.5058,-1
1316,7721.5745,-1
1317,7704.8492,-1
1318,7669.1213,-1
1319,7667.3691,-1
1320,7652.3054,-1
1321,7648.1297,-1
1322,7631.4578,-1
1323,7614.5837,-1
1324,7604.0664,-1
1325,8019.6671,-1
1326,8019.1720,-1
1327,8018.1332,-1
1328,8017.3571,-1
1329,8016.7077,-1
1330,8015.9390,-1
1331,8015.8632,-1
1332,8015.2547,-1
1333,8014.1439,-1
1334,8013.0641,-1
1335,8012.1586,-1
1336,8008.8091,-1
1337,8007.7820,-1
1338,8006.9466,-1
1339,8005.9555,-1
1340,8005.0483,-1
1341,8003.9668,-1
1342,8095.5236,-1
1343,8095.4559,-1
1344,8095.6776,-1
1345,8097.0902,-1
1346,8096.6585,-1
1347,8101.2170,-1
1348,8100.1821,-1
1349,8099.2329,-1
1350,8097.9612,-1
1351,8101.9645,-1
1352,8101.5744,-1
1353,8100.5280,-1
1354,8099.6754,-1
1355,8098.6664,-1
1356,8098.3596,-1
1357,8097.9424,-1
1358,8096.9849,-1
1359,8188.7000,-1
1360,8189.7144,-1
1361,8192.6389,-1
1362,8193.8362,-1
1363,8194.1459,-1
1364,8194.5903,-1
1365,8194.6020,-1
1366,8194.5395,-1
1367,8193.2635,-1
1368,8193.1262,-1
1369,8192.3010,-1
1370,8192.4391,-1
1371,8192.4953,-1
1372,8191.5843,-1
1373,8192.1942,-1
1374,8192.7519,-1
1375,8193.6185,-1
1376,8188.3955,-1
1377,8187.4044,-1
1378,8188.0155,-1
1379,8188.3237,-1
1380,8187.0246,-1
1381,8186.7552,-1
1382,8186.7294,-1
1383,8186.3165,-1
1384,8185.6623,-1
1385,8185.1220,-1
1386,8185.1964,-1
1387,8185.6437,-1
1388,8185.2365,-1
1389,8184.7570,-1
1390,8184.0341,-1
1391,8183.2647,-1
1392,8183.2926,-1
1393,8183.0487,-1
1394,8182.8220,-1
1395,8182.8301,-1
1396,8182.5495,-1
1397,8183.6615,-1
1398,8185.6759,-1
1399,8185.2713,-1
1400,8185.0445,-1
1401,8185.6279,-1
1402,8185.3018,-1
1403,8184.6092,-1
1404,8184.3412,-1
1405,8185.9322,-1
1406,8184.9992,-1
1407,8184.2620,-1
1408,8184.6445,-1
1409,8183.9256,-1
1410,8183.6734,-1
1411,8183.3448,-1
1412,8181.6449,-1
1413,8179.1651,-1
1414,8178.8621,-1
1415,8178.5271,-1
1416,8178.5662,-1
1417,8178.6897,-1
1418,8177.5210,-1
1419,8176.9156,-1
1420,8176.0111,-1
1421,8173.2464,-1
1422,8172.3347,-1
1423,8171.8192,-1
1424,8171.3476,-1
1425,8170.7757,-1
1426,8170.3856,-1
1427,8169.9359,-1
1428,8169.7118,-1
1429,8169.2662,-1
1430,8169.0533,-1
1431,8168.2770,-1
1432,8166.9111,-1
1433,8167.2308,-1
1434,8165.6196,-1
1435,8164.0985,-1
1436,8162.8721,-1
1437,8162.5776,-1
1438,8162.2748,-1
1439,8162.0300,-1
1440,8161.3586,-1
1441,8160.8536,-1
1442,8160.5322,-1
1443,8160.1214,-1
1444,8159.8849,-1
1445,8159.2042,-1
1446,8158.0408,-1
1447,8155.3752,-1
1448,8154.1841,-1
1449,8154.0728,-1
1450,8153.5304,-1
1451,8152.4861,-1
1452,8151.9635,-1
1453,8151.7925,-1
1454,8150.9643,-1
1455,8150.4478,-1
1456,8150.3339,-1
1457,8150.2442,-1
1458,8150.1079,-1
1459,8327.2128,-1
1460,8332.0282,-1
1461,8331.6786,-1
1462,8331.2333,-1
1463,8331.2478,-1
1464,8330.5583,-1
1465,8330.1916,-1
1466,8329.3896,-1
1467,8329.3033,-1
1468,8329.0462,-1
1469,8329.1001,-1
1470,8328.5534,-1
1471,8328.1896,-1
1472,8327.7192,-1
1473,8327.3566,-1
1474,8327.2734,-1
1475,8326.7086,-1
1476,8326.2677,-1
1477,8325.7015,-1
1478,8325.0878,-1
1479,8324.7430,-1
1480,8324.4123,-1
1481,8321.5384,-1
1482,8321.1350,-1
1483,8474.1271,-1
1484,8473.3253,-1
1485,8472.3406,-1
1486,8471.8194,-1
1487,8471.8475,-1
1488,8470.9520,-1
1489,8471.1087,-1
1490,8471.1652,-1
1491,8471.6487,-1
1492,8471.3063,-1
1493,8471.2186,-1
1494,8471.6501,-1
1495,8471.8978,-1
1496,8471.7679,-1
1497,8471.4503,-1
1498,8471.3416,-1
1499,8471.4215,-1
1500,8471.2851,-1
1501,8471.1540,-1
1502,8471.0021,-1
1503,8470.8717,-1
1504,8471.3295,-1
1505,8470.7000,-1
1506,8470.4747,-1
1507,8470.3872,-1
1508,8470.2942,-1
1509,8470.0944,-1
1510,8470.0284,-1
1511,8470.2492,-1
1512,8470.1395,-1
1513,8470.1149,-1
1514,8469.9280,-1
1515,8469.7790,-1
1516,8469.6696,-1
1517,8469.5849,-1
1518,8469.5334,-1
1519,8469.3997,-1
1520,8469.2712,-1
1521,8469.0893,-1
1522,8472.7516,-1
1523,8472.6136,-1
1524,8472.5721,-1
1525,8472.5351,-1
1526,8472.6830,-1
1527,8474.3385,-1
1528,8473.3429,-1
1529,8472.4000,-1
1530,8472.0814,-1
1531,8471.9605,-1
1532,8471.9100,-1
1533,8474.0446,-1
1534,8473.8779,-1
1535,8473.0561,-1
1536,8473.4392,-1
1537,8472.8177,-1
1538,8474.1650,-1
1539,8474.5369,-1
1540,8474.0224,-1
1541,8473.6836,-1
1542,8473.1483,-1
1543,8472.5449,-1
1544,8471.5700,-1
1545,8476.9542,-1
1546,8476.6653,-1
1547,8476.2251,-1
1548,8475.7102,-1
1549,8476.7008,-1
1550,8476.3238,-1
1551,8476.2444,-1
1552,8475.9073,-1
1553,8475.6725,-1
1554,8475.4901,-1
1555,8475.2686,-1
1556,8475.1229,-1
1557,8476.2585,-1
1558,8475.4436,-1
1559,8474.9534,-1
1560,8474.0841,-1
1561,8473.3014,-1
1562,8472.3890,-1
1563,8471.5552,-1
1564,8471.0658,-1
1565,8470.3343,-1
1566,8470.0038,-1
1567,8469.9891,-1
1568,8469.4090,-1
1569,8469.1513,-1
1570,8469.1875,-1
1571,8468.6360,-1
1572,8468.2190,-1
1573,8467.6714,-1
1574,8466.8818,-1
1575,8465.5714,-1
1576,8464.9510,-1
1577,8464.6132,-1
1578,8464.1855,-1
1579,8463.7737,-1
1580,8463.1228,-1
1581,8465.0962,-1
1582,8464.5705,-1
1583,8464.2637,-1
1584,8463.8646,-1
1585,8463.1414,-1
1586,8462.7614,-1
1587,8462.2097,-1
1588,8461.8788,-1
1589,8461.4406,-1
1590,8581.5902,-1
1591,8580.8914,-1
1592,8580.1065,-1
1593,8579.5445,-1
1594,8580.1449,-1
1595,8579.4187,-1
1596,8579.0663,-1
1597,8579.2427,-1
1598,8579.0846,-1
1599,8578.6080,-1
1600,8578.3780,-1
1601,8577.9977,-1
1602,8577.5647,-1
1603,8577.4083,-1
1604,8577.0366,-1
1605,8576.6823,-1
1606,8576.3261,-1
1607,8576.0121,-1
1608,8575.5861,-1
1609,8575.2418,-1
1610,8574.5075,-1
1611,8574.0612,-1
1612,8573.7615,-1
1613,8573.3790,-1
1614,8573.0629,-1
1615,8572.6719,-1
1616,8573.2632,-1
1617,8572.2463,-1
1618,8572.1440,-1
1619,8571.5871,-1
1620,8571.2719,-1
1621,8571.1913,-1
1622,8570.8165,-1
1623,8570.6041,-1
1624,8570.3340,-1
1625,8570.3220,-1
1626,8570.2879,-1
1627,8570.3619,-1
1628,8570.1690,-1
1629,8570.0634,-1
1630,8570.0333,-1
1631,8570.1616,-1
1632,8569.8042,-1
1633,8569.6337,-1
1634,8569.5832,-1
1635,8569.5646,-1
1636,8568.9771,-1
1637,8568.3331,-1
1638,8568.0437,-1
1639,8572.0546,-1
1640,8571.6977,-1
1641,8571.3539,-1
1642,8570.9844,-1
1643,8570.5140,-1
1644,8570.5683,-1
1645,8570.4162,-1
1646,8571.3055,-1
1647,8571.3375,-1
1648,8571.3120,-1
1649,8571.2175,-1
1650,8571.1932,-1
1651,8571.1639,-1
1652,8570.8838,-1
1653,8570.5583,-1
1654,8570.4854,-1
1655,8569.7367,-1
1656,8569.5453,-1
1657,8569.2463,-1
1658,8569.1211,-1
1659,8568.8527,-1
1660,8568.6390,-1
1661,8568.3203,-1
1662,8568.8665,-1
1663,8568.8820,-1
1664,8568.8169,-1
1665,8568.4021,-1
1666,8570.3065,-1
1667,8569.2396,-1
1668,8568.1138,-1
1669,8567.6003,-1
1670,8567.2526,-1
1671,8566.8638,-1
1672,8566.4666,-1
1673,8566.2360,-1
1674,8566.1011,-1
1675,8565.8557,-1
1676,8565.4969,-1
1677,8565.2838,-1
1678,8564.9137,-1
1679,8564.2722,-1
1680,8563.8483,-1
1681,8563.6077,-1
1682,8562.9077,-1
1683,8562.3786,-1
1684,8573.7672,-1
1685,8572.7994,-1
1686,8572.8171,-1
1687,8571.7180,-1
1688,8570.5092,-1
1689,8569.4489,-1
1690,8568.4350,-1
1691,8567.3263,-1
1692,8566.1700,-1
1693,8565.0628,-1
1694,8563.9806,-1
1695,8562.8579,-1
1696,8563.6742,-1
1697,8561.4681,-1
1698,8560.1234,-1
1699,8559.1555,-1
1700,8558.0826,-1
1701,8556.8852,-1
1702,8555.7225,-1
1703,8554.6708,-1
1704,8554.5149,-1
1705,8554.2843,-1
1706,8554.0733,-1
1707,8553.3993,-1
1708,8552.9983,-1
1709,8552.5172,-1
1710,8551.9066,-1
1711,8551.6624,-1
1712,8551.4445,-1
1713,8551.0688,-1
1714,8550.8621,-1
1715,8550.6933,-1
1716,8550.2481,-1
1717,8549.7251,-1
1718,8549.2363,-1
1719,8548.8460,-1
1720,9188.4658,-1
1721,9189.7430,-1
1722,9188.0884,-1
1723,9187.8247,-1
1724,9187.7952,-1
1725,9187.5260,-1
1726,9187.4492,-1
1727,9187.5160,-1
1728,9187.6481,-1
1729,9188.0822,-1
1730,9188.3683,-1
1731,9189.4460,-1
1732,9189.0109,-1
1733,9188.6263,-1
1734,9188.4649,-1
1735,9187.9923,-1
1736,9187.2766,-1
1737,9186.9879,-1
1738,9186.7304,-1
1739,9186.9843,-1
1740,9186.7266,-1
1741,9186.3227,-1
1742,9186.0230,-1
1743,9186.0340,-1
1744,9186.7287,-1
1745,9186.0120,-1
1746,9186.0096,-1
1747,9185.7848,-1
1748,9184.8743,-1
1749,9184.1018,-1
1750,9187.1779,-1
1751,9186.2545,-1
1752,9185.3347,-1
1753,9185.3423,-1
1754,9188.0403,-1
1755,9187.9470,-1
1756,9187.4218,-1
1757,9187.0499,-1
1758,9186.4054,-1
1759,9186.2490,-1
1760,9185.7162,-1
1761,9185.7805,-1
1762,9185.2827,-1
1763,9185.0092,-1
1764,9184.8974,-1
1765,9184.8464,-1
1766,9185.0660,-1
1767,9185.2038,-1
1768,9185.2953,-1
1769,9185.8530,-1
1770,9181.8354,-1
1771,9181.3126,-1
1772,9184.2201,-1
1773,9184.0930,-1
1774,9185.7891,-1
1775,9187.1588,-1
1776,9186.2953,-1
1777,9185.3871,-1
1778,9184.6161,-1
1779,9183.7757,-1
1780,9184.5272,-1
1781,9184.0456,-1
1782,9186.0042,-1
1783,9185.6618,-1
1784,9185.4749,-1
1785,9184.6278,-1
1786,9183.8295,-1
1787,9174.0828,-1
1788,9153.2652,-1
1789,9121.3131,-1
1790,9091.5239,-1
1791,9090.9243,-1
1792,9090.6589,-1
1793,9090.2371,-1
1794,9089.8647,-1
1795,9089.2701,-1
1796,9088.8054,-1
1797,9088.1715,-1
1798,9088.0287,-1
1799,9084.9378,-1
1800,9084.6286,-1
1801,9084.1622,-1
1802,9084.1250,-1
1803,9083.0119,-1
1804,9083.3011,-1
1805,9083.5612,-1
1806,9083.4260,-1
1807,9082.9492,-1
1808,9082.7887,-1
1809,9082.6283,-1
1810,9082.0231,-1
1811,9075.2497,-1
1812,9073.8873,-1
1813,9073.3292,-1
1814,9071.1627,-1
1815,9071.2268,-1
1816,9069.2647,-1
1817,9069.0250,-1
1818,9068.7437,-1
1819,9068.3148,-1
1820,9068.1167,-1
1821,9068.0239,-1
1822,9067.7423,-1
1823,9066.4191,-1
1824,9065.4202,-1
1825,9065.3963,-1
1826,9065.2590,-1
1827,9065.6383,-1
1828,9065.4213,-1
1829,9065.1958,-1
1830,9065.3281,-1
1831,9064.5552,-1
1832,9064.2271,-1
1833,9064.1270,-1
1834,9064.8713,-1
1835,9063.3366,-1
1836,9062.7296,-1
1837,9062.5615,-1
1838,9062.4869,-1
1839,9061.7392,-1
1840,9061.6131,-1
1841,9061.5153,-1
1842,9061.3978,-1
1843,9060.9548,-1
1844,9060.6580,-1
1845,9060.4637,-1
1846,9060.4582,-1
1847,9060.3466,-1
1848,9060.1263,-1
1849,9059.4537,-1
1850,9060.0357,-1
1851,9060.1466,-1
1852,9060.2005,-1
1853,9060.4880,-1
1854,9061.2006,-1
1855,9061.0187,-1
1856,9061.8067,-1
1857,9061.8091,-1
1858,9062.4835,-1
1859,9064.3268,-1
1860,9064.2958,-1
1861,9064.3356,-1
1862,9064.1272,-1
1863,9063.9455,-1
1864,9063.7028,-1
1865,9063.5905,-1
1866,9063.5633,-1
1867,9063.4108,-1
1868,9063.3013,-1
1869,9063.2677,-1
1870,9063.3516,-1
1871,9063.3202,-1
1872,9063.2024,-1
1873,9063.0739,-1
1874,9063.0915,-1
1875,9063.0436,-1
1876,9062.7282,-1
1877,9063.0138,-1
1878,9062.4850,-1
1879,9062.1698,-1
1880,9062.0360,-1
1881,9062.0747,-1
1882,9062.3059,-1
1883,9061.8403,-1
1884,9061.4910,-1
1885,9054.1179,-1
1886,9041.8012,-1
1887,9036.3665,-1
1888,8990.5066,-1
1889,8959.8682,-1
1890,8959.3732,-1
1891,8959.1284,-1
1892,8959.3475,-1
1893,8960.7487,-1
1894,8960.4340,-1
1895,8960.0182,-1
1896,8960.0518,-1
1897,8957.9594,-1
1898,8958.5729,-1
1899,8958.7188,-1
1900,8958.6561,-1
1901,8958.8988,-1
1902,8958.9310,-1
1903,8958.5962,-1
1904,8958.3578,-1
1905,8957.8881,-1
1906,8958.0240,-1
1907,8958.0593,-1
1908,8958.0746,-1
1909,8958.1251,-1
1910,8964.4775,-1
1911,8963.9511,-1
1912,8963.4354,-1
1913,8962.9035,-1
1914,8962.3623,-1
1915,8961.7465,-1
1916,8960.6724,-1
1917,8960.1574,-1
1918,8959.5673,-1
1919,8958.8974,-1
1920,8958.3054,-1
1921,8957.8304,-1
1922,8957.3503,-1
1923,8955.7681,-1
1924,8955.1153,-1
1925,8954.5884,-1
1926,8954.2332,-1
1927,8953.7733,-1
1928,8953.2697,-1
1929,8952.5685,-1
1930,8951.9503,-1
1931,8951.1545,-1
1932,8950.5713,-1
1933,8950.7890,-1
1934,8950.3655,-1
1935,8949.9917,-1
1936,8949.3148,-1
1937,8948.6036,-1
1938,8948.3588,-1
1939,8948.0622,-1
1940,8947.9244,-1
1941,8947.8035,-1
1942,8947.4359,-1
1943,8947.0365,-1
1944,8946.7480,-1
1945,8946.6326,-1
1946,8946.5380,-1
1947,8946.2719,-1
1948,8946.1577,-1
1949,8945.7879,-1
1950,8945.4570,-1
1951,8945.1578,-1
1952,8944.6304,-1
1953,8944.2160,-1
1954,8943.7242,-1
1955,8944.8447,-1
1956,8943.6536,-1
1957,8942.9131,-1
1958,8942.2770,-1
1959,8941.5963,-1
1960,8941.5584,-1
1961,8940.8350,-1
1962,8940.2356,-1
1963,8939.6834,-1
1964,8939.1332,-1
1965,8938.8564,-1
1966,8938.7197,-1
1967,8938.5474,-1
1968,8938.5037,-1
1969,8946.3508,-1
1970,8945.4908,-1
1971,8944.4444,-1
1972,8943.3513,-1
1973,8942.5762,-1
1974,8942.0197,-1
1975,8941.6907,-1
1976,8941.3841,-1
1977,8941.1948,-1
1978,8941.2141,-1
1979,8940.7277,-1
1980,8939.2304,-1
1981,8938.7920,-1
1982,8938.3564,-1
1983,8937.8033,-1
1984,8937.5546,-1
1985,8937.2671,-1
1986,8937.0193,-1
1987,8936.0912,-1
1988,8936.1918,-1
1989,8936.0261,-1
1990,8935.8966,-1
1991,8935.4758,-1
1992,8935.5989,-1
1993,8937.6025,-1
1994,8936.5368,-1
1995,8935.4515,-1
1996,8935.7615,-1
1997,8935.7064,-1
1998,8935.9272,-1
1999,8936.3298,-1
2000,8936.5757,-1
2001,8936.8682,-1
2002,8936.7862,-1
2003,8937.2947,-1
2004,8937.1405,-1
2005,8936.9385,-1
2006,8936.6231,-1
2007,8936.4650,-1
2008,8935.3228,-1
2009,8935.1621,-1
2010,8935.0531,-1
2011,8935.2458,-1
2012,8935.5931,-1
2013,8936.5849,-1
2014,8937.3250,-1
2015,8937.1839,-1
2016,8936.8863,-1
2017,8936.6326,-1
2018,8944.4792,-1
2019,8943.4395,-1
2020,8942.3552,-1
2021,8944.3455,-1
2022,8945.0982,-1
2023,8945.1017,-1
2024,8944.7315,-1
2025,8944.6545,-1
2026,8944.1345,-1
2027,8944.9189,-1
2028,8943.8448,-1
2029,8943.3830,-1
2030,8943.0707,-1
2031,8942.6630,-1
2032,8942.3051,-1
2033,8941.9043,-1
2034,8945.1125,-1
2035,8945.8795,-1
2036,8945.4420,-1
2037,8945.7769,-1
2038,8945.4923,-1
2039,8945.5149,-1
2040,8945.5602,-1
2041,8945.6143,-1
2042,8945.4641,-1
2043,8945.3483,-1
2044,8944.8388,-1
2045,8944.1552,-1
2046,8943.3761,-1
2047,8946.0957,-1
2048,8945.6320,-1
2049,8945.2822,-1
2050,8947.3300,-1
2051,8947.3779,-1
2052,8946.2874,-1
2053,8946.0044,-1
2054,8946.2314,-1
2055,8945.3890,-1
2056,8945.2775,-1
2057,8945.3664,-1
2058,8945.2364,-1
2059,8944.7796,-1
2060,8947.3495,-1
2061,8946.4965,-1
2062,8945.9600,-1
2063,8945.5910,-1
2064,8944.5584,-1
2065,8943.6173,-1
2066,8943.5291,-1
2067,8943.0854,-1
2068,8942.9026,-1
2069,8942.6303,-1
2070,8942.6241,-1
2071,8942.4677,-1
2072,8942.4567,-1
2073,8942.7373,-1
2074,8942.4822,-1
2075,8942.5833,-1
2076,8942.9877,-1
2077,8942.9936,-1
2078,8943.3451,-1
2079,8943.1481,-1
2080,8942.9567,-1
2081,8943.1229,-1
2082,8942.3449,-1
2083,8943.5673,-1
2084,8943.9907,-1
2085,8944.4799,-1
2086,8944.8030,-1
2087,8942.9932,-1
2088,8941.8452,-1
2089,8940.7682,-1
2090,8941.1166,-1
2091,8940.9709,-1
2092,8940.8109,-1
2093,8939.9354,-1
2094,8939.6472,-1
2095,8939.4772,-1
2096,8939.2879,-1
2097,8947.8168,-1
2098,8946.7821,-1
2099,8944.6774,-1
2100,8943.5737,-1
2101,8942.4355,-1
2102,8941.1414,-1
2103,8940.0125,-1
2104,8938.8857,-1
2105,8937.6602,-1
2106,8936.7728,-1
2107,8937.7825,-1
2108,8936.4936,-1
2109,8935.7467,-1
2110,8935.0808,-1
2111,8934.8257,-1
2112,8937.3906,-1
2113,8936.9190,-1
2114,8936.3940,-1
2115,8935.0066,-1
2116,8934.7966,-1
2117,8934.6688,-1
2118,8935.1053,-1
2119,8934.7994,-1
2120,8934.7026,-1
2121,8934.3483,-1
2122,8934.2952,-1
2123,8933.7513,-1
2124,8933.4593,-1
2125,8933.3584,-1
2126,8934.0494,-1
2127,8933.8679,-1
2128,8940.3265,-1
2129,8939.3597,-1
2130,8937.9964,-1
2131,8937.0103,-1
2132,8935.9338,-1
2133,8935.5428,-1
2134,8935.2620,-1
2135,8934.4332,-1
2136,8933.9445,-1
2137,8933.3904,-1
2138,8933.2776,-1
2139,8932.6200,-1
2140,8931.9634,-1
2141,8931.2291,-1
2142,8929.9457,-1
2143,8929.2340,-1
2144,8928.9653,-1
2145,8928.3426,-1
2146,8928.0703,-1
2147,8927.0475,-1
2148,8927.0155,-1
2149,8927.0248,-1
2150,8926.2700,-1
2151,8925.8130,-1
2152,8925.7214,-1
2153,8925.5884,-1
2154,8925.0681,-1
2155,8924.6140,-1
2156,8924.1610,-1
2157,8923.7607,-1
2158,8923.6143,-1
2159,8922.7166,-1
2160,8922.4684,-1
2161,8921.9453,-1
2162,8921.4559,-1
2163,8921.2813,-1
2164,8921.2706,-1
2165,8920.9034,-1
2166,8920.1472,-1
2167,8919.8699,-1
2168,8919.4946,-1
2169,8919.2290,-1
2170,8919.5282,-1
2171,8919.4400,-1
2172,8919.1935,-1
2173,8919.4543,-1
2174,8918.9377,-1
2175,8918.5932,-1
2176,8918.8979,-1
2177,8918.3493,-1
2178,8918.0496,-1
2179,8917.7482,-1
2180,8917.5644,-1
2181,8917.3696,-1
2182,8917.2177,-1
2183,8917.1019,-1
2184,8916.8007,-1
2185,8916.7471,-1
2186,8919.2860,-1
2187,8918.4878,-1
2188,8917.9745,-1
2189,8916.9669,-1
2190,8916.2672,-1
2191,8915.7104,-1
2192,8915.0422,-1
2193,8914.2771,-1
2194,8913.8386,-1
2195,8913.4643,-1
2196,8913.1196,-1
2197,8913.0981,-1
2198,8913.0144,-1
2199,8912.6062,-1
2200,8912.4525,-1
2201,8912.1130,-1
2202,8911.9060,-1
2203,8911.9174,-1
2204,8911.4182,-1
2205,8911.1953,-1
2206,8911.5701,-1
2207,8911.3421,-1
2208,8910.8002,-1
2209,8911.3522,-1
2210,8910.8503,-1
2211,8910.2051,-1
2212,8910.3317,-1
2213,8909.9622,-1
2214,8909.6506,-1
2215,8909.3947,-1
2216,8909.1160,-1
2217,8908.5536,-1
2218,8908.2754,-1
2219,8907.9444,-1
2220,8907.7139,-1
2221,8907.4035,-1
2222,8907.2714,-1
2223,8907.2452,-1
2224,8907.2843,-1
2225,8907.3730,-1
2226,8907.0725,-1
2227,8906.6653,-1
2228,8906.2588,-1
2229,8907.0258,-1
2230,8906.5003,-1
2231,8906.1306,-1
2232,8905.5617,-1
2233,8905.3769,-1
2234,8905.2610,-1
2235,8905.0949,-1
2236,8904.7704,-1
2237,8904.3550,-1
2238,8903.8420,-1
2239,8903.7097,-1
2240,8903.0626,-1
2241,8902.6589,-1
2242,8902.4878,-1
2243,8902.9496,-1
2244,8903.7457,-1
2245,8903.7778,-1
2246,8903.5082,-1
2247,8904.0663,-1
2248,8904.2108,-1
2249,8904.4001,-1
2250,8904.4120,-1
2251,8904.7425,-1
2252,8904.5174,-1
2253,8904.6669,-1
2254,8904.7883,-1
2255,8904.8829,-1
2256,8905.0493,-1
2257,8905.1816,-1
2258,8904.9613,-1
2259,8904.4755,-1
2260,8903.9297,-1
2261,8903.2779,-1
2262,8902.6620,-1
2263,8902.3802,-1
2264,8903.4224,-1
2265,8903.0485,-1
2266,8902.0276,-1
2267,8900.9979,-1
2268,8899.8899,-1
2269,8898.8087,-1
2270,8898.2158,-1
2271,8897.9716,-1
2272,8897.7242,-1
2273,8897.2316,-1
2274,8897.0697,-1
2275,8897.0971,-1
2276,8896.0428,-1
2277,8895.4411,-1
2278,8895.2084,-1
2279,8895.2594,-1
2280,8894.5837,-1
2281,8894.2966,-1
2282,8894.0103,-1
2283,8892.9486,-1
2284,8893.6501,-1
2285,8893.4286,-1
2286,8892.9427,-1
2287,8891.9764,-1
2288,8891.8433,-1
2289,8891.4902,-1
2290,8891.5219,-1
2291,8890.6307,-1
2292,8890.1334,-1
2293,8889.3602,-1
2294,8889.0011,-1
2295,8888.5798,-1
2296,8888.2906,-1
2297,8888.0091,-1
2298,8887.6264,-1
2299,8887.4028,-1
2300,8887.0099,-1
2301,8886.7531,-1
2302,8887.8865,-1
2303,8886.7767,-1
2304,8885.7045,-1
2305,8885.0381,-1
2306,8884.7914,-1
2307,8884.2156,-1
2308,8887.4393,-1
2309,8886.6518,-1
2310,8885.7253,-1
2311,8884.6743,-1
2312,8883.8315,-1
2313,8882.9260,-1
2314,8881.9935,-1
2315,8881.0818,-1
2316,8880.1451,-1
2317,8879.1945,-1
2318,8877.9619,-1
2319,8820.1563,-1
2320,8819.6938,-1
2321,8819.1748,-1
2322,8818.5654,-1
2323,8818.2938,-1
2324,8817.9481,-1
2325,8817.1279,-1
2326,8816.1800,-1
2327,8815.2034,-1
2328,8814.7855,-1
2329,8813.7753,-1
2330,8813.2334,-1
2331,8812.8080,-1
2332,8811.8863,-1
2333,8811.0948,-1
2334,8810.4956,-1
2335,8809.9604,-1
2336,8809.4063,-1
2337,8808.7623,-1
2338,8807.9746,-1
2339,8807.1246,-1
2340,8806.6397,-1
2341,8806.2418,-1
2342,8806.2913,-1
2343,8805.8989,-1
2344,8804.5611,-1
2345,8803.5951,-1
2346,8803.0803,-1
2347,8802.6109,-1
2348,8802.2089,-1
2349,8801.6722,-1
2350,8800.9892,-1
2351,8800.6878,-1
2352,8799.8376,-1
2353,8799.4180,-1
2354,8798.1749,-1
2355,8797.5242,-1
2356,8796.8817,-1
2357,8796.3691,-1
2358,8795.8753,-1
2359,8795.4407,-1
2360,8794.9743,-1
2361,8794.4245,-1
2362,8793.7415,-1
2363,8792.9866,-1
2364,8792.5885,-1
2365,8791.9636,-1
2366,8791.2650,-1
2367,8790.7522,-1
2368,8791.6694,-1
2369,8790.8187,-1
2370,8790.7450,-1
2371,8790.0560,-1
2372,8789.4051,-1
2373,8789.1428,-1
2374,8788.1906,-1
2375,8787.4355,-1
2376,8786.7808,-1
2377,8786.1705,-1
2378,8785.6004,-1
2379,8785.0032,-1
2380,8784.3306,-1
2381,8783.8318,-1
2382,8783.2186,-1
2383,8782.6788,-1
2384,8782.0613,-1
2385,8781.4345,-1
2386,8780.8173,-1
2387,8780.2174,-1
2388,8779.6700,-1
2389,8779.0771,-1
2390,8778.5311,-1
2391,8777.9560,-1
2392,8777.3800,-1
2393,8776.7713,-1
2394,8776.1326,-1
2395,8775.5778,-1
2396,8775.0626,-1
2397,8774.5228,-1
2398,8773.9582,-1
2399,8773.2503,-1
2400,8772.7699,-1
2401,8772.2037,-1
2402,8771.6315,-1
2403,7764.4224,0
2404,1662.3287,0
2405,27.3330,0
2406,21.9028,0
2407,30.9560,0
2408,31.9052,0
2409,46.3986,0
2410,29.6626,0
2411,40.2999,0
2412,39.9365,0
2413,38.6922,0
2414,43.7429,0
2415,37.4413,0
2416,32.9456,0
2417,25.9044,0
2418,31.0438,0
2419,31.4209,0
2420,34.9209,0
2421,34.8198,0
2422,28.1904,0
2423,31.0111,0
2424,26.4022,0
2425,33.5426,0
2426,29.1381,0
2427,31.0941,0
2428,40.3812,0
2429,33.0305,0
2430,33.3493,0
2431,29.9954,0
2432,37.2951,0
2433,29.8216,0
2434,32.9149,0
2435,25.9340,0
2436,24.3111,0
2437,25.6131,0
2438,25.5609,0
2439,33.9029,0
2440,33.7234,0
2441,25.0351,0
2442,35.8737,0
2443,49.4978,0
2444,37.3197,0
2445,41.6033,0
2446,32.7635,0
2447,23.6161,0
2448,34.5449,0
2449,38.9540,0
2450,43.7849,0
2451,29.3405,0
2452,27.6000,0
2453,29.7253,0
2454,29.6533,0
2455,36.1362,0
2456,31.7881,0
2457,35.8925,0
2458,26.4971,0
2459,27.8993,0
2460,34.1165,0
2461,38.8198,0
2462,33.3145,0
2463,38.4104,0
2464,27.6504,0
2465,37.3988,0
2466,37.4324,0
2467,39.2337,0
2468,36.7954,0
2469,26.8259,0
2470,20.2856,0
2471,22.6207,0
2472,26.5567,0
2473,26.1862,0
2474,23.6146,0
2475,25.8994,0
2476,27.0839,0
2477,27.8826,0
2478,38.7912,0
2479,35.8920,0
2480,20.0102,0
2481,31.7888,0
2482,29.6478,0
2483,30.2668,0
2484,29.3903,0
2485,32.1970,0
2486,41.7895,0
2487,29.5949,0
2488,34.2844,0
2489,26.2764,0
2490,21.0211,0
2491,33.0291,0
2492,21.9064,0
2493,23.7632,0
2494,32.8560,0
2495,27.5311,0
2496,26.3712,0
2497,44.0695,0
2498,31.8823,0
2499,25.7826,0
2500,32.3584,0
2501,40.6663,0
2502,33.3998,0
2503,35.5375,0
2504,37.0600,0
2505,40.2083,0
2506,35.2602,0
2507,47.1199,0
2508,40.0190,0
2509,35.8779,0
2510,34.5864,0
2511,32.0473,0
2512,32.5215,0
2513,25.7895,0
2514,24.4677,0
2515,38.2946,0
2516,39.6523,0
2517,36.7489,0
2518,33.6969,0
2519,33.8449,0
2520,31.9660,0
2521,28.6746,0
2522,31.1596,0
2523,29.4840,0
2524,31.4717,0
2525,36.5212,0
2526,29.4025,0
2527,25.6412,0
2528,28.7273,0
2529,29.4905,0
2530,24.0893,0
2531,24.2863,0
2532,26.3019,0
2533,31.5034,0
2534,33.1917,0
2535,32.7139,0
2536,29.9537,0
2537,22.7082,0
2538,24.8497,0
2539,22.9664,0
2540,21.0450,0
2541,24.7045,0
2542,33.5376,0
2543,35.3594,0
2544,24.5497,0
2545,22.1453,0
2546,31.5650,0
2547,40.4122,0
2548,40.3786,0
2549,32.7008,0
2550,24.3123,0
2551,25.4211,0
2552,26.2902,0
2553,47.4274,0
2554,32.3596,0
2555,28.3403,0
2556,29.6159,0
2557,32.1820,0
2558,24.4188,0
2559,26.6557,0
2560,24.1249,0
2561,33.6771,0
2562,25.8121,0
2563,32.7916,0
2564,26.1536,0
2565,34.1856,0
2566,39.0923,0
2567,24.6880,0
2568,22.5620,0
2569,27.2963,0
2570,23.4923,0
2571,27.5757,0
2572,36.6864,0
2573,31.9061,0
2574,36.1886,0
2575,31.2719,0
2576,28.9345,0
2577,34.9021,0
2578,24.1148,0
2579,24.1868,0
2580,23.6318,0
2581,39.3715,0
2582,30.1025,0
2583,26.9892,0
2584,43.7260,0
2585,41.2579,0
2586,28.9183,0
2587,27.2377,0
2588,30.8235,0
2589,30.1056,0
2590,25.0564,0
2591,25.9490,0
2592,35.9030,0
2593,25.2173,0
2594,28.0814,0
2595,27.2133,0
2596,26.2930,0
2597,23.3023,0
2598,29.9151,0
2599,32.0866,0
2600,30.6678,0
2601,25.8598,0
2602,32.0127,0
2603,32.5723,0
2604,20.5164,0
2605,29.3126,0
2606,28.3620,0
2607,32.5298,0
2608,33.1523,0
2609,27.6678,0
2610,23.0875,0
2611,28.0313,0
2612,40.2718,0
2613,34.6837,0
2614,34.5964,0
2615,37.5519,0
2616,27.3843,0
2617,26.1266,0
2618,38.0287,0
2619,35.3825,0
2620,30.0891,0
2621,26.2494,0
2622,36.4587,0
2623,29.8476,0
2624,26.2079,0
2625,32.8712,0
2626,36.2780,0
2627,33.4160,0
2628,31.0810,0
2629,34.8806,0
2630,20.8914,0
2631,30.8285,0
2632,31.9386,0
2633,35.8336,0
2634,29.4619,0
2635,35.5663,0
2636,34.7776,0
2637,28.9454,0
2638,24.4260,0
2639,27.6403,0
2640,27.6213,0
2641,24.5094,0
2642,44.2483,0
2643,49.9592,0
2644,30.1216,0
2645,25.9919,0
2646,27.3230,0
2647,31.8923,0
2648,29.7067,0
2649,45.3780,0
2650,38.0878,0
2651,23.9115,0
2652,23.2418,0
2653,26.6190,0
2654,23.0708,0
2655,26.1281,0
2656,31.4231,0
2657,32.4564,0
2658,29.8400,0
2659,29.7222,0
2660,34.4310,0
2661,34.3232,0
2662,40.1485,0
2663,55.7921,0
2664,28.6062,0
2665,30.4611,0
2666,24.1060,0
2667,24.6229,0
2668,29.3286,0
2669,23.0784,0
2670,27.1564,0
2671,34.4653,0
2672,33.1957,0
2673,35.9101,0
2674,29.0720,0
2675,29.3880,0
2676,24.5600,0
2677,30.7171,0
2678,31.8429,0
2679,34.1189,0
2680,23.2661,0
2681,35.4104,0
2682,36.8021,0
2683,27.1466,0
2684,32.5298,0
2685,31.5034,0
2686,30.2267,0
2687,24.0219,0
2688,23.3805,0
2689,25.4719,0
2690,40.0558,0
2691,37.9641,0
2692,28.9438,0
2693,25.4514,0
2694,28.6596,0
2695,26.9659,0
2696,28.7914,0
2697,29.9902,0
2698,33.2744,0
2699,23.7966,0
2700,22.1705,0
2701,30.0074,0
2702,40.2868,0
2703,33.7520,0
2704,23.2272,0
2705,28.3070,0
2706,28.6887,0
2707,22.7807,0
2708,24.4977,0
2709,27.4949,0
2710,24.2896,0
2711,23.6423,0
2712,40.2107,0
2713,33.3004,0
2714,35.2824,0
2715,29.6628,0
2716,25.7976,0
2717,36.8328,0
2718,32.1193,0
2719,24.2736,0
2720,20.8459,0
2721,33.4699,0
2722,33.9777,0
2723,27.6403,0
2724,24.0481,0
2725,28.8911,0
2726,25.3654,0
2727,21.8081,0
2728,18.6939,0
2729,21.8952,0
2730,27.9317,0
2731,32.3117,0
2732,24.8556,0
2733,39.9487,0
2734,27.5466,0
2735,31.9662,0
2736,25.8307,0
2737,32.5432,0
2738,28.1687,0
2739,29.1998,0
2740,30.3376,0
2741,28.3177,0
2742,29.9437,0
2743,35.2848,0
2744,32.3536,0
2745,30.7050,0
2746,31.0404,0
2747,34.4014,0
2748,27.9009,0
2749,28.5854,0
2750,32.0933,0
2751,29.7401,0
2752,26.5138,0
2753,22.9037,0
2754,42.0532,0
2755,31.2552,0
2756,33.4668,0
2757,28.6932,0
2758,22.4960,0
2759,26.3743,0
2760,32.1932,0
2761,35.8489,0
2762,32.5763,0
2763,33.7856,0
2764,36.2635,0
2765,32.5835,0
2766,27.0367,0
2767,30.4697,0
2768,34.9660,0
2769,30.0288,0
2770,31.7543,0
2771,25.0273,0
2772,27.8380,0
2773,36.3684,0
2774,32.0764,0
2775,33.4778,0
2776,27.8578,0
2777,33.1125,0
2778,29.0840,0
2779,36.6175,0
2780,30.2498,0
2781,38.5258,0
2782,38.7304,0
2783,29.9616,0
2784,34.6339,0
2785,38.2574,0
2786,27.7450,0
2787,24.1930,0
2788,23.5035,0
2789,29.2659,0
2790,27.0889,0
2791,32.0671,0
2792,36.8087,0
2793,28.2245,0
2794,35.9139,0
2795,25.3763,0
2796,31.0569,0
2797,33.9446,0
2798,32.8128,0
2799,25.3158,0
2800,29.3472,0
2801,35.4552,0
2802,36.1006,0
2803,22.8496,0
2804,34.6375,0
2805,38.4910,0
2806,38.3244,0
2807,29.4843,0
2808,42.8593,0
2809,56.0453,0
2810,44.0834,0
2811,33.9944,0
2812,33.3257,0
2813,38.7602,0
2814,30.6168,0
2815,26.0983,0
2816,28.9683,0
2817,38.3713,0
2818,25.2244,0
2819,28.4553,0
2820,30.5958,0
2821,29.4330,0
2822,31.5983,0
2823,32.0022,0
2824,28.6317,0
2825,29.0935,0
2826,31.7194,0
2827,38.3039,0
2828,36.0584,0
2829,27.5450,0
2830,30.1702,0
2831,25.6619,0
2832,34.5840,0
2833,34.1990,0
2834,48.0096,0
2835,32.8248,0
2836,21.9636,0
2837,22.8515,0
2838,20.3238,0
2839,24.0324,0
2840,31.6486,0
2841,32.2270,0
2842,24.4887,0
2843,35.5906,0
2844,33.6790,0
2845,49.7208,0
2846,31.8961,0
2847,28.3136,0
2848,32.7446,0
2849,42.6342,0
2850,29.9649,0
2851,27.8275,0
2852,29.1934,0
2853,46.5016,0
2854,46.6995,0
2855,31.5056,0
2856,33.2265,0
2857,25.2414,0
2858,26.0158,0
2859,19.8581,0
2860,28.7712,0
2861,32.4855,0
2862,24.6172,0
2863,23.6168,0
2864,20.6780,0
2865,33.4387,0
2866,30.7288,0
2867,29.7871,0
2868,25.1639,0
2869,34.6763,0
2870,30.5717,0
2871,37.0777,0
2872,40.6969,0
2873,27.3657,0
2874,21.0419,0
2875,25.8665,0
2876,29.5432,0
2877,31.3995,0
2878,21.8995,0
2879,28.0888,0
2880,19.8414,0
2881,27.7843,0
2882,26.2084,0
2883,30.4480,0
2884,35.3754,0
2885,27.7710,0
2886,25.4281,0
2887,27.9422,0
2888,47.6818,0
2889,27.0445,0
2890,49.2635,0
2891,28.0156,0
2892,32.1333,0
2893,35.7680,0
2894,29.4540,0
2895,36.0246,0
2896,34.6255,0
2897,29.5656,0
2898,27.8289,0
2899,33.2382,0
2900,24.0068,0
2901,27.7717,0
2902,28.7549,0
2903,37.0767,0
2904,30.7519,0
2905,31.7900,0
2906,26.4032,0
2907,36.4177,0
2908,43.3791,0
2909,32.5861,0
2910,27.4723,0
2911,26.7737,0
2912,26.1819,0
2913,26.8960,0
2914,23.4249,0
2915,24.0967,0
2916,31.6119,0
2917,35.8109,0
2918,31.6110,0
2919,29.1522,0
2920,26.1993,0
2921,34.8680,0
2922,33.9279,0
2923,19.3803,0
2924,24.6673,0
2925,18.5168,0
2926,33.6378,0
2927,21.2090,0
2928,44.6074,0
2929,28.9836,0
2930,54.0493,0
2931,22.5809,0
2932,34.0600,0
2933,41.5735,0
2934,30.2875,0
2935,28.6272,0
2936,29.3846,0
2937,25.2903,0
2938,33.1593,0
2939,34.1926,0
2940,36.8168,0
2941,28.8687,0
2942,39.4578,0
2943,33.2959,0
2944,25.1267,0
2945,29.9017,0
2946,22.9125,0
2947,27.8351,0
2948,35.9092,0
2949,28.7800,0
2950,25.5420,0
2951,35.6519,0
2952,28.0039,0
2953,18.7316,0
2954,26.5176,0
2955,32.1631,0
2956,28.9602,0
2957,34.6608,0
2958,29.7015,0
2959,41.3113,0
2960,28.4240,0
2961,26.9759,0
2962,40.9496,0
2963,44.8155,0
2964,29.1386,0
2965,43.1223,0
2966,26.3155,0
2967,23.1879,0
2968,22.6898,0
2969,28.2478,0
2970,29.6886,0
2971,31.2626,0
2972,25.3298,0
2973,25.5241,0
2974,23.4151,0
2975,24.9627,0
2976,30.5517,0
2977,24.3909,0
2978,21.1051,0
2979,25.9318,0
2980,23.3116,0
2981,26.7534,0
2982,42.3014,0
2983,24.9360,0
2984,34.5211,0
2985,39.2187,0
2986,29.5196,0
2987,35.6517,0
2988,31.1136,0
2989,20.3476,0
2990,30.3068,0
2991,27.7874,0
2992,24.4906,0
2993,22.1756,0
2994,25.7530,0
2995,23.5021,0
2996,29.7704,0
2997,37.5388,0
2998,34.9128,0
2999,35.9769,0
3000,41.7039,0
3001,29.5386,0
3002,44.7190,0
3003,39.1963,0
3004,40.7357,0
3005,33.2131,0
3006,30.7877,0
3007,36.7067,0
3008,31.5702,0
3009,24.6763,0
3010,20.4608,0
3011,22.5828,0
3012,32.8615,0
3013,31.4960,0
3014,24.8232,0
3015,26.1304,0
3016,36.2232,0
3017,30.9021,0
3018,19.0785,0
3019,27.3020,0
3020,30.9863,0
3021,44.1585,0
3022,38.2280,0
3023,40.9138,0
3024,36.9608,0
3025,33.6742,0
3026,29.6712,0
3027,28.6224,0
3028,25.0728,0
3029,35.0041,0
3030,23.1850,0
3031,34.8935,0
3032,29.5091,0
3033,29.1662,0
3034,26.0036,0
3035,18.9061,0
3036,21.6677,0
3037,26.2775,0
3038,23.3843,0
3039,24.2364,0
3040,31.0791,0
3041,45.8529,0
3042,29.3953,0
3043,32.3122,0
3044,31.4507,0
3045,27.8177,0
3046,26.7103,0
3047,24.3673,0
3048,32.8736,0
3049,27.2355,0
3050,22.4373,0
3051,37.0884,0
3052,28.9516,0
3053,23.5877,0
3054,37.0953,0
3055,27.6394,0
3056,30.8478,0
3057,28.7831,0
3058,29.4938,0
3059,27.5164,0
3060,26.5353,0
3061,48.8393,0
3062,38.5587,0
3063,47.9853,0
3064,22.6071,0
3065,21.0128,0
3066,28.2016,0
3067,21.0822,0
3068,26.6373,0
3069,22.7876,0
3070,21.1096,0
3071,20.6096,0
3072,23.6287,0
3073,27.2439,0
3074,24.0757,0
3075,31.4882,0
3076,33.2131,0
3077,34.9519,0
3078,28.7893,0
3079,29.9399,0
3080,38.1689,0
3081,54.3530,0
3082,37.1096,0
3083,35.2333,0
3084,29.5930,0
3085,33.0865,0
3086,34.3177,0
3087,38.5010,0
3088,32.1112,0
3089,29.9602,0
3090,21.7850,0
3091,25.0156,0
3092,19.8374,0
3093,22.5499,0
3094,14.7798,0
3095,25.2280,0
3096,23.1586,0
3097,29.8505,0
3098,33.5300,0
3099,22.0897,0
3100,44.5178,0
3101,49.4568,0
3102,36.5288,0
3103,31.7245,0
3104,24.5683,0
3105,23.2773,0
3106,35.1081,0
3107,33.4113,0
3108,33.0982,0
3109,35.3034,0
3110,31.9118,0
3111,31.3520,0
3112,26.4254,0
3113,19.5076,0
3114,25.5890,0
3115,34.0369,0
3116,33.2353,0
3117,27.6442,0
3118,58.8329,0
3119,37.7526,0
3120,25.5067,0
3121,26.7906,0
3122,32.0885,0
3123,22.4195,0
3124,24.1046,0
3125,26.4027,0
3126,30.3147,0
3127,30.1836,0
3128,29.0682,0
3129,33.9754,0
3130,37.5600,0
3131,32.1193,0
3132,38.8989,0
3133,44.0700,0
3134,31.9471,0
3135,41.7795,0
3136,50.6887,0
3137,46.7296,0
3138,38.9588,0
3139,28.7483,0
3140,22.8665,0
3141,30.1611,0
3142,30.9212,0
3143,32.1467,0
3144,36.3016,0
3145,42.1913,0
3146,35.9581,0
3147,29.8245,0
3148,29.2277,0
3149,39.6154,0
3150,32.8183,0
3151,38.5869,0
3152,45.8186,0
3153,52.4096,0
3154,36.8395,0
3155,17.7031,0
3156,22.0771,0
3157,32.0861,0
3158,26.2964,0
3159,30.8070,0
3160,36.9196,0
3161,37.5805,0
3162,40.0107,0
3163,36.4702,0
3164,29.5141,0
3165,27.7045,0
3166,27.1883,0
3167,34.5006,0
3168,23.5171,0
3169,24.3628,0
3170,45.1074,0
3171,46.6707,0
3172,30.9479,0
3173,31.8415,0
3174,29.6247,0
3175,31.1108,0
3176,29.9354,0
3177,28.1975,0
3178,33.2594,0
3179,32.1190,0
3180,29.2306,0
3181,22.6581,0
3182,26.8853,0
3183,36.1872,0
3184,29.5246,0
3185,32.0077,0
3186,36.8664,0
3187,30.3752,0
3188,32.2809,0
3189,44.0905,0
3190,48.4917,0
3191,32.4175,0
3192,25.0134,0
3193,39.9950,0
3194,45.3553,0
3195,39.6035,0
3196,38.3019,0
3197,30.6420,0
3198,31.9176,0
3199,29.9354,0
3200,28.5532,0
3201,30.6373,0
3202,44.7516,0
3203,30.9126,0
3204,25.7585,0
3205,26.3813,0
3206,25.7616,0
3207,39.9926,0
3208,59.9437,0
3209,45.9189,0
3210,37.8904,0
3211,38.9714,0
3212,35.0175,0
3213,24.0757,0
3214,27.0913,0
3215,20.6492,0
3216,44.7345,0
3217,38.2795,0
3218,37.9899,0
3219,36.5047,0
3220,35.8665,0
3221,27.0126,0
3222,27.9658,0
3223,61.2464,0
3224,46.9098,0
3225,34.1842,0
3226,33.8268,0
3227,34.3957,0
3228,27.9913,0
3229,33.7622,0
3230,30.7627,0
3231,19.6760,0
3232,21.2677,0
3233,24.9240,0
3234,30.9720,0
3235,31.7738,0
3236,34.6961,0
3237,41.0969,0
3238,42.8572,0
3239,31.7650,0
3240,44.2002,0
3241,40.7743,0
3242,31.6005,0
3243,31.4245,0
3244,28.7254,0
3245,28.8787,0
3246,27.1471,0
3247,28.4927,0
3248,26.3536,0
3249,28.8498,0
3250,25.5578,0
3251,28.9807,0
3252,25.3377,0
3253,26.3050,0
3254,23.6437,0
3255,24.7808,0
3256,19.2924,0
3257,33.1826,0
3258,41.3377,0
3259,53.8919,0
3260,55.6066,0
3261,42.2425,0
3262,31.0857,0
3263,33.3683,0
3264,31.6615,0
3265,26.5977,0
3266,27.1420,0
3267,35.4810,0
3268,34.4596,0
3269,37.8089,0
3270,39.1793,0
3271,24.4081,0
3272,32.6557,0
3273,47.3678,0
3274,37.6537,0
3275,40.7321,0
3276,34.5244,0
3277,28.8291,0
3278,41.8034,0
3279,35.1064,0
3280,33.2839,0
3281,30.5405,0
3282,35.2614,0
3283,35.0285,0
3284,31.4598,0
3285,38.3604,0
3286,28.6739,0
3287,33.3350,0
3288,28.7218,0
3289,38.9452,0
3290,38.2855,0
3291,37.8463,0
3292,34.8830,0
3293,45.9723,0
3294,32.1906,0
3295,33.3714,0
3296,31.9924,0
3297,25.9855,0
3298,33.2940,0
3299,35.7728,0
3300,33.3655,0
3301,33.4122,0
3302,30.0851,0
3303,37.3840,0
3304,31.4407,0
3305,33.5546,0
3306,37.6418,0
3307,30.2446,0
3308,28.8167,0
3309,29.8722,0
3310,43.8387,0
3311,39.5973,0
3312,34.5454,0
3313,29.2659,0
3314,22.1477,0
3315,33.6263,0
3316,31.5864,0
3317,24.1969,0
3318,21.7247,0
3319,27.6749,0
3320,26.3138,0
3321,20.9281,0
3322,27.1351,0
3323,27.4098,0
3324,30.1681,0
3325,28.4967,0
3326,25.2800,0
3327,29.7277,0
3328,33.5286,0
3329,49.6359,0
3330,49.3288,0
3331,57.8167,0
3332,44.2257,0
3333,36.2062,0
3334,44.7650,0
3335,39.7840,0
3336,41.3878,0
3337,37.2539,0
3338,42.8977,0
3339,34.2472,0
3340,28.6019,0
3341,31.6222,0
3342,33.2940,0
3343,30.4966,0
3344,21.3881,0
3345,40.6065,0
3346,30.4692,0
3347,41.3032,0
3348,24.4489,0
3349,28.2621,0
3350,30.4883,0
3351,24.0993,0
3352,32.6562,0
3353,31.4724,0
3354,46.3700,0
3355,38.5418,0
3356,27.3588,0
3357,32.5465,0
3358,35.4123,0
3359,29.5336,0
3360,31.3983,0
3361,22.5182,0
3362,22.5651,0
3363,37.1439,0
3364,51.2269,0
3365,26.9690,0
3366,41.8460,0
3367,23.9265,0
3368,38.4552,0
3369,35.5632,0
3370,28.0223,0
3371,34.2491,0
3372,24.1950,0
3373,26.1881,0
3374,32.9809,0
3375,27.9713,0
3376,38.5215,0
3377,33.5889,0
3378,39.9969,0
3379,40.5118,0
3380,41.8210,0
3381,40.6878,0
3382,33.3385,0
3383,42.0015,0
3384,40.5695,0
3385,36.4308,0
3386,31.5921,0
3387,34.4713,0
3388,19.7580,0
3389,35.0277,0
3390,39.0017,0
3391,33.6001,0
3392,27.2021,0
3393,25.7218,0
3394,31.9626,0
3395,29.1209,0
3396,24.1547,0
3397,25.9275,0
3398,41.5146,0
3399,40.2348,0
3400,36.5779,0
3401,42.3720,0
3402,33.6709,0
3403,21.8544,0
3404,22.9340,0
3405,25.1718,0
3406,25.8470,0
3407,25.6510,0
3408,26.9401,0
3409,28.5490,0
3410,31.9850,0
3411,30.2691,0
3412,33.4408,0
3413,27.4093,0
3414,31.0323,0
3415,28.4834,0
3416,17.4644,0
3417,36.2747,0
3418,32.7511,0
3419,45.9187,0
3420,40.2668,0
3421,36.3560,0
3422,40.1905,0
3423,32.4562,0
3424,53.0579,0
3425,27.3066,0
3426,19.1629,0
3427,21.7869,0
3428,24.0412,0
3429,25.8803,0
3430,35.5334,0
3431,39.4635,0
3432,38.0895,0
3433,39.5904,0
3434,41.0471,0
3435,47.2276,0
3436,41.3139,0
3437,31.7881,0
3438,38.2299,0
3439,31.9717,0
3440,41.0764,0
3441,34.8079,0
3442,28.9395,0
3443,29.4569,0
3444,37.9922,0
3445,36.6864,0
3446,31.0900,0
3447,27.0791,0
3448,37.6399,0
3449,38.2421,0
3450,34.7211,0
3451,30.5181,0
3452,36.8304,0
3453,28.7814,0
3454,39.3038,0
3455,31.9612,0
3456,27.5514,0
3457,29.6409,0
3458,23.9048,0
3459,25.0309,0
3460,31.5301,0
3461,31.9829,0
3462,31.5363,0
3463,31.5080,0
3464,39.9241,0
3465,31.6222,0
3466,42.7558,0
3467,45.1968,0
3468,39.1400,0
3469,46.9611,0
3470,53.0140,0
3471,32.9921,0
3472,36.6907,0
3473,29.8681,0
3474,30.1785,0
3475,30.8661,0
3476,31.4250,0
3477,35.4600,0
3478,26.3662,0
3479,36.3188,0
3480,25.0018,0
3481,27.8327,0
3482,27.1256,0
3483,35.4965,0
3484,33.3357,0
3485,39.8858,0
3486,29.6066,0
3487,27.3850,0
3488,47.6832,0
3489,50.9620,0
3490,46.9987,0
3491,35.2964,0
3492,35.9206,0
3493,43.2820,0
3494,37.2176,0
3495,66.5710,0
3496,38.4026,0
3497,32.7268,0
3498,31.4085,0
3499,26.4659,0
3500,33.5712,0
3501,26.0465,0
3502,36.1736,0
3503,39.0801,0
3504,28.1150,0
3505,43.5050,0
3506,40.0326,0
3507,37.5752,0
3508,32.0513,0
3509,33.8056,0
3510,30.3545,0
3511,30.8061,0
3512,23.9551,0
3513,31.0979,0
3514,33.0074,0
3515,31.3604,0
3516,30.6931,0
3517,33.7229,0
3518,30.7252,0
3519,27.0312,0
3520,32.0961,0
3521,30.9453,0
3522,25.9151,0
3523,44.0290,0
3524,39.7508,0
3525,41.2962,0
3526,32.7179,0
3527,34.7462,0
3528,30.2560,0
3529,33.1650,0
3530,26.4573,0
3531,33.4523,0
3532,37.3230,0
3533,34.2822,0
3534,33.5701,0
3535,29.8233,0
3536,32.5587,0
3537,30.4611,0
3538,44.0402,0
3539,38.5940,0
3540,29.1824,0
3541,31.0273,0
3542,21.8413,0
3543,23.7758,0
3544,29.2354,0
3545,23.9005,0
3546,39.5658,0
3547,38.1439,0
3548,39.5632,0
3549,39.5174,0
3550,41.8146,0
3551,37.5497,0
3552,34.0195,0
3553,23.8769,0
3554,22.4352,0
3555,28.5041,0
3556,23.7255,0
3557,31.4503,0
3558,47.0691,0
3559,36.7928,0
3560,28.7483,0
3561,27.6928,0
3562,33.2956,0
3563,28.7342,0
3564,20.0748,0
3565,21.9314,0
3566,29.5165,0
3567,28.7042,0
3568,30.2360,0
3569,26.7882,0
3570,30.4000,0
3571,32.6428,0
3572,32.5973,0
3573,29.2680,0
3574,28.8942,0
3575,34.8847,0
3576,48.4242,0
3577,56.6282,0
3578,43.4995,0
3579,41.4231,0
3580,31.4977,0
3581,28.5523,0
3582,41.4457,0
3583,38.7182,0
3584,36.1168,0
3585,34.2176,0
3586,27.6146,0
3587,21.6484,0
3588,29.9478,0
3589,37.5314,0
3590,38.5873,0
3591,30.3259,0
3592,25.2113,0
3593,54.8422,0
3594,60.2334,0
3595,32.8920,0
3596,34.0328,0
3597,32.3653,0
3598,33.7167,0
3599,40.1714,0
3600,31.2059,0
3601,34.6556,0
3602,35.8675,0
3603,32.2621,0
3604,27.6792,0
3605,42.7229,0
3606,42.9025,0
3607,34.5438,0
3608,28.5149,0
3609,35.9411,0
3610,51.0719,0
3611,54.5237,0
3612,46.6306,0
3613,35.5535,0
3614,30.4725,0
3615,29.0024,0
3616,30.8247,0
3617,21.8067,0
3618,30.1039,0
3619,33.1106,0
3620,43.1907,0
3621,30.9796,0
3622,29.8207,0
3623,28.7127,0
3624,35.1288,0
3625,34.4045,0
3626,24.4951,0
3627,58.2929,0
3628,33.5207,0
3629,33.5820,0
3630,36.0882,0
3631,26.7730,0
3632,26.1381,0
3633,35.4087,0
3634,32.4364,0
3635,31.3308,0
3636,30.7212,0
3637,34.6651,0
3638,36.8569,0
3639,31.9650,0
3640,30.1511,0
3641,35.9044,0
3642,35.5043,0
3643,55.2621,0
3644,37.9696,0
3645,33.6213,0
3646,32.1391,0
3647,29.2916,0
3648,44.2483,0
3649,29.4683,0
3650,39.9246,0
3651,33.7884,0
3652,32.5592,0
3653,35.2752,0
3654,38.1994,0
3655,28.1248,0
3656,32.9580,0
3657,25.0611,0
3658,25.8710,0
3659,34.2269,0
3660,41.6083,0
3661,46.4778,0
3662,40.3364,0
3663,34.7543,0
3664,36.2363,0
3665,31.9135,0
3666,39.3281,0
3667,25.0521,0
3668,33.9222,0
3669,38.3449,0
3670,41.7223,0
3671,31.8325,0
3672,40.3762,0
3673,28.8596,0
3674,36.4587,0
3675,29.8917,0
3676,38.4650,0
3677,42.4385,0
3678,59.2351,0
3679,36.1366,0
3680,37.8952,0
3681,30.4329,0
3682,38.3315,0
3683,31.8942,0
3684,33.7689,0
3685,25.4879,0
3686,25.2793,0
3687,17.8483,0
3688,19.6579,0
3689,28.4741,0
3690,26.8309,0
3691,37.7491,0
3692,30.0319,0
3693,38.5640,0
3694,50.0731,0
3695,51.0757,0
3696,43.1240,0
3697,32.3818,0
3698,32.1395,0
3699,27.3488,0
3700,29.3829,0
3701,34.7595,0
3702,30.1223,0
3703,33.1914,0
3704,33.4089,0
3705,26.5591,0
3706,34.0099,0
3707,30.9589,0
3708,29.8469,0
3709,35.3837,0
3710,29.9227,0
3711,30.5831,0
3712,38.1324,0
3713,40.7195,0
3714,34.3850,0
3715,34.6134,0
3716,35.4245,0
3717,31.4233,0
3718,38.6746,0
3719,29.7823,0
3720,28.4190,0
3721,29.4530,0
3722,26.6986,0
3723,25.0649,0
3724,27.8859,0
3725,19.0141,0
3726,33.6666,0
3727,24.5936,0
3728,21.9572,0
3729,23.5159,0
3730,31.8904,0
3731,42.5026,0
3732,34.7195,0
3733,46.1156,0
3734,43.4649,0
3735,29.1595,0
3736,33.6812,0
3737,30.9176,0
3738,26.8464,0
3739,33.6084,0
3740,41.9447,0
3741,33.1094,0
3742,31.0378,0
3743,41.8978,0
3744,43.1602,0
3745,30.0059,0
3746,33.6573,0
3747,31.9529,0
3748,32.2754,0
3749,46.7525,0
3750,63.8950,0
3751,50.8075,0
3752,34.3757,0
3753,37.1904,0
3754,36.9027,0
3755,35.2252,0
3756,29.6173,0
3757,30.2258,0
3758,19.3422,0
3759,22.0222,0
3760,28.0731,0
3761,26.9327,0
3762,29.9335,0
3763,29.7019,0
3764,32.4700,0
3765,31.7321,0
3766,34.2832,0
3767,37.7262,0
3768,56.0174,0
3769,39.4001,0
3770,41.8618,0
3771,31.2510,0
3772,37.6945,0
3773,36.6738,0
3774,34.6417,0
3775,30.9415,0
3776,31.1065,0
3777,31.9736,0
3778,33.3707,0
3779,41.9669,0
3780,30.4217,0
3781,29.3348,0
3782,35.2473,0
3783,29.4096,0
3784,47.3020,0
3785,44.7726,0
3786,40.0267,0
3787,38.3289,0
3788,34.9538,0
3789,28.0366,0
3790,27.5760,0
3791,34.8785,0
3792,36.5362,0
3793,34.7230,0
3794,37.4908,0
3795,24.0333,0
3796,35.3646,0
3797,32.6018,0
3798,29.4087,0
3799,33.4544,0
3800,27.1077,0
3801,24.7705,0
3802,31.3785,0
3803,42.2397,0
3804,51.6536,0
3805,51.3375,0
3806,36.7811,0
3807,31.3277,0
3808,33.0198,0
3809,35.9209,0
3810,35.1443,0
3811,33.3536,0
3812,28.9702,0
3813,37.5919,0
3814,40.8633,0
3815,39.6867,0
3816,30.5638,0
3817,31.5883,0
3818,41.1038,0
3819,41.6677,0
3820,37.4048,0
3821,27.5817,0
3822,33.9215,0
3823,54.1368,0
3824,42.1212,0
3825,42.1777,0
3826,37.7936,0
3827,29.6562,0
3828,30.6134,0
3829,27.0348,0
3830,31.4243,0
3831,29.2981,0
3832,27.8463,0
3833,33.4020,0
3834,25.0776,0
3835,34.2865,0
3836,28.0023,0
3837,26.0417,0
3838,37.9932,0
3839,41.1739,0
3840,42.3169,0
3841,42.6033,0
3842,33.8326,0
3843,43.6270,0
3844,36.0706,0
3845,27.7143,0
3846,36.8526,0
3847,45.6045,0
3848,31.9686,0
3849,46.6096,0
3850,39.9759,0
3851,25.1131,0
3852,39.3720,0
3853,44.3234,0
3854,55.6591,0
3855,41.5995,0
3856,28.6140,0
3857,50.6287,0
3858,39.6638,0
3859,30.5617,0
3860,33.6998,0
3861,24.6999,0
3862,24.9147,0
3863,31.4374,0
3864,37.2739,0
3865,28.3618,0
3866,24.1315,0
3867,31.3621,0
3868,29.5925,0
3869,30.4813,0
3870,35.2345,0
3871,37.8034,0
3872,41.9724,0
3873,31.5881,0
3874,45.8951,0
3875,45.8882,0
3876,46.8419,0
3877,31.9045,0
3878,36.4771,0
3879,49.6674,0
3880,40.4181,0
3881,35.8663,0
3882,28.8517,0
3883,40.1356,0
3884,34.3094,0
3885,23.6547,0
3886,42.4433,0
3887,30.4337,0
3888,19.2738,0
3889,35.0072,0
3890,39.2106,0
3891,30.5481,0
3892,31.6186,0
3893,31.7428,0
3894,30.5898,0
3895,27.1113,0
3896,40.1750,0
3897,36.0456,0
3898,33.1552,0
3899,31.4512,0
3900,28.3594,0
3901,36.1512,0
3902,31.7366,0
3903,51.5246,0
3904,35.1329,0
3905,32.9602,0
3906,37.1318,0
3907,42.9218,0
3908,38.0735,0
3909,36.0379,0
3910,40.5426,0
3911,32.2843,0
3912,21.1091,0
3913,37.7188,0
3914,39.6459,0
3915,27.7855,0
3916,26.4642,0
3917,21.1627,0
3918,31.9943,0
3919,26.3069,0
3920,29.7484,0
3921,34.1923,0
3922,31.6293,0
3923,41.5418,0
3924,34.3187,0
3925,52.9275,0
3926,39.5298,0
3927,34.1663,0
3928,29.6664,0
3929,32.1572,0
3930,35.2120,0
3931,34.3370,0
3932,32.4059,0
3933,30.4103,0
3934,27.2162,0
3935,23.5603,0
3936,34.1902,0
3937,47.6260,0
3938,47.8227,0
3939,28.6870,0
3940,42.1443,0
3941,24.8148,0
3942,41.6169,0
3943,36.5057,0
3944,35.6305,0
3945,28.5580,0
3946,32.1171,0
3947,35.2564,0
3948,184.5653,0
3949,26.9995,0
3950,34.9751,0
3951,39.4700,0
3952,39.9952,0
3953,33.0157,0
3954,37.5168,0
3955,41.8718,0
3956,41.6028,0
3957,36.8586,0
3958,40.4589,0
3959,38.3303,0
3960,24.3452,0
3961,28.9440,0
3962,27.1714,0
3963,22.7191,0
3964,27.2837,0
3965,27.3974,0
3966,32.3515,0
3967,28.5699,0
3968,38.3484,0
3969,33.5183,0
3970,23.8850,0
3971,29.4187,0
3972,36.5098,0
3973,28.3470,0
3974,34.8051,0
3975,40.1483,0
3976,25.7132,0
3977,37.7266,0
3978,29.0213,0
3979,34.1396,0
3980,32.8226,0
3981,36.5734,0
3982,30.8278,0
3983,39.2869,0
3984,36.6890,0
3985,36.9473,0
3986,36.1793,0
3987,21.3442,0
3988,29.3422,0
3989,35.8958,0
3990,30.8042,0
3991,29.6879,0
3992,44.0524,0
3993,42.9115,0
3994,32.0094,0
3995,33.3927,0
3996,29.4580,0
3997,30.4315,0
3998,33.0956,0
3999,32.3863,0
4000,36.3662,0
4001,24.6148,0
4002,25.4884,0
4003,23.8428,0
4004,35.5022,0
4005,44.0633,0
4006,44.0948,0
4007,41.9524,0
4008,48.6245,0
4009,44.8360,0
4010,41.5211,0
4011,42.7594,0
4012,30.4182,0
4013,25.9867,0
4014,34.4882,0
4015,32.8724,0
4016,36.9527,0
4017,29.9733,0
4018,32.5017,0
4019,37.5862,0
4020,35.0215,0
4021,31.2657,0
4022,33.1385,0
4023,35.0780,0
4024,37.0080,0
4025,34.9994,0
4026,39.7322,0
4027,45.1412,0
4028,39.6757,0
4029,44.1630,0
4030,29.1200,0
4031,34.0769,0
4032,28.3618,0
4033,19.3667,0
4034,28.8067,0
4035,34.2019,0
4036,36.2041,0
4037,37.8814,0
4038,28.6565,0
4039,47.5025,0
4040,25.6660,0
4041,33.4299,0
4042,35.6152,0
4043,34.1351,0
4044,22.0497,0
4045,26.8810,0
4046,48.6546,0
4047,32.6631,0
4048,32.4059,0
4049,37.3228,0
4050,32.7191,0
4051,21.7137,0
4052,25.8710,0
4053,26.8397,0
4054,21.0464,0
4055,32.3756,0
4056,30.2360,0
4057,37.1788,0
4058,35.7714,0
4059,37.6391,0
4060,31.7037,0
4061,25.9881,0
4062,21.2951,0
4063,29.2194,0
4064,31.1916,0
4065,48.0649,0
4066,48.1095,0
4067,26.5296,0
4068,28.2927,0
4069,27.6041,0
4070,28.3890,0
4071,30.0117,0
4072,25.6226,0
4073,25.4951,0
4074,35.8405,0
4075,56.9215,0
4076,50.5726,0
4077,31.6389,0
4078,27.3225,0
4079,23.4616,0
4080,28.9190,0
4081,30.5624,0
4082,41.9743,0
4083,35.2840,0
4084,35.6212,0
4085,27.5307,0
4086,29.7620,0
4087,38.3234,0
4088,26.3498,0
4089,27.4017,0
4090,26.9516,0
4091,26.1536,0
4092,27.5340,0
4093,32.9657,0
4094,33.8106,0
4095,34.7805,0
4096,37.2951,0
4097,39.7520,0
4098,28.0983,0
4099,29.5274,0
4100,34.6210,0
4101,37.6415,0
4102,49.6898,0
4103,49.4988,0
4104,36.7479,0
4105,37.2128,0
4106,28.2016,0
4107,36.3908,0
4108,33.1230,0
4109,40.0069,0
4110,27.0367,0
4111,49.2117,0
4112,43.6983,0
4113,30.5033,0
4114,34.9078,0
4115,53.5901,0
4116,33.0408,0
4117,42.7320,0
4118,58.7237,0
4119,37.3576,0
4120,35.7666,0
4121,35.1043,0
4122,33.7939,0
4123,29.0534,0
4124,31.2657,0
4125,33.8452,0
4126,27.2465,0
4127,42.3434,0
4128,45.8059,0
4129,36.0539,0
4130,33.5870,0
4131,31.5404,0
4132,31.2557,0
4133,40.1592,0
4134,49.1624,0
4135,51.3687,0
4136,38.6913,0
4137,43.2863,0
4138,30.7338,0
4139,30.2079,0
4140,34.0314,0
4141,37.1087,0
4142,32.5165,0
4143,32.2926,0
4144,40.2677,0
4145,39.4278,0
4146,37.5199,0
4147,34.7164,0
4148,37.4405,0
4149,36.3035,0
4150,27.6096,0
4151,28.7230,0
4152,27.0610,0
4153,35.9068,0
4154,32.0864,0
4155,31.7628,0
4156,31.4195,0
4157,28.2900,0
4158,29.7337,0
4159,31.8167,0
4160,25.4049,0
4161,26.4242,0
4162,30.2315,0
4163,30.1747,0
4164,31.8511,0
4165,45.3553,0
4166,44.1418,0
4167,43.9510,0
4168,37.7800,0
4169,36.0472,0
4170,24.2655,0
4171,37.6232,0
4172,21.0116,0
4173,37.9472,0
4174,37.4603,0
4175,39.8929,0
4176,30.0007,0
4177,32.9947,0
4178,32.4163,0
4179,28.6815,0
4180,35.2843,0
4181,39.8674,0
4182,32.2580,0
4183,37.1377,0
4184,46.4211,0
4185,47.9012,0
4186,36.7744,0
4187,33.0973,0
4188,33.1018,0
4189,25.8603,0
4190,25.2798,0
4191,31.4794,0
4192,24.1508,0
4193,27.5290,0
4194,32.3431,0
4195,27.1688,0
4196,29.4261,0
4197,21.1778,0
4198,22.0778,0
4199,35.6426,0
4200,33.8118,0
4201,30.8702,0
4202,29.1266,0
4203,48.0831,0
4204,35.2159,0
4205,37.5831,0
4206,40.1695,0
4207,42.5422,0
4208,39.3355,0
4209,39.1893,0
4210,46.5477,0
4211,42.4514,0
4212,32.1732,0
4213,37.8256,0
4214,30.4494,0
4215,26.8867,0
4216,42.0918,0
4217,32.6111,0
4218,37.5061,0
4219,52.0411,0
4220,34.9119,0
4221,35.3863,0
4222,31.6424,0
4223,17.3578,0
4224,18.5730,0
4225,30.9961,0
4226,28.8384,0
4227,23.7212,0
4228,29.9795,0
4229,28.4863,0
4230,26.7653,0
4231,23.0949,0
4232,32.3129,0
4233,31.1394,0
4234,32.7401,0
4235,30.3938,0
4236,42.4194,0
4237,39.4568,0
4238,48.5482,0
4239,58.4195,0
4240,54.1034,0
4241,40.5574,0
4242,34.7245,0
4243,46.4730,0
4244,40.8463,0
4245,31.2970,0
4246,34.0736,0
4247,40.0705,0
4248,35.4602,0
4249,29.4528,0
4250,23.4356,0
4251,43.7658,0
4252,31.1213,0
4253,36.5155,0
4254,32.3608,0
4255,48.4672,0
4256,48.0874,0
4257,44.8384,0
4258,37.2281,0
4259,54.8544,0
4260,30.8568,0
4261,40.1490,0
4262,43.1340,0
4263,47.2507,0
4264,46.1521,0
4265,49.8497,0
4266,53.2613,0
4267,40.2586,0
4268,31.3191,0
4269,30.4046,0
4270,27.3747,0
4271,46.0036,0
4272,31.7428,0
4273,27.8416,0
4274,37.3349,0
4275,35.6941,0
4276,36.7458,0
4277,40.1232,0
4278,39.2966,0
4279,38.3415,0
4280,29.9547,0
4281,33.5207,0
4282,44.2460,0
4283,38.9929,0
4284,36.3436,0
4285,38.9574,0
4286,44.0130,0
4287,53.6816,0
4288,40.4441,0
4289,35.4745,0
4290,37.8489,0
4291,32.4340,0
4292,41.1212,0
4293,28.9736,0
4294,32.3682,0
4295,46.2320,0
4296,34.0481,0
4297,35.0828,0
4298,46.7384,0
4299,43.4012,0
4300,45.2487,0
4301,39.0844,0
4302,31.1995,0
4303,28.3139,0
4304,33.2482,0
4305,43.9963,0
4306,32.2270,0
4307,36.3598,0
4308,36.1981,0
4309,28.4271,0
4310,31.2879,0
4311,26.2208,0
4312,29.0680,0
4313,22.2564,0
4314,32.2566,0
4315,33.2968,0
4316,46.1965,0
4317,41.3823,0
4318,38.0599,0
4319,34.3561,0
4320,39.3512,0
4321,37.7223,0
4322,32.3527,0
4323,39.9520,0
4324,47.5695,0
4325,32.7139,0
4326,42.6188,0
4327,24.3666,0
4328,29.6471,0
4329,33.9050,0
4330,36.0613,0
4331,35.5704,0
4332,33.6132,0
4333,35.7134,0
4334,34.6515,0
4335,34.3235,0
4336,28.5311,0
4337,27.9551,0
4338,34.0223,0
4339,31.8632,0
4340,33.9859,0
4341,38.5003,0
4342,40.1764,0
4343,45.1393,0
4344,31.7943,0
4345,36.4087,0
4346,31.9521,0
4347,29.1262,0
4348,43.4718,0
4349,43.8676,0
4350,37.7703,0
4351,32.5668,0
4352,36.3641,0
4353,25.3627,0
4354,35.2588,0
4355,26.9835,0
4356,22.6836,0
4357,40.4489,0
4358,28.4224,0
4359,37.5693,0
4360,35.1579,0
4361,35.1329,0
4362,32.4726,0
4363,31.9390,0
4364,32.1946,0
4365,23.8431,0
4366,45.5918,0
4367,41.1069,0
4368,25.8253,0
4369,27.5400,0
4370,36.7808,0
4371,42.4969,0
4372,37.6277,0
4373,40.8454,0
4374,25.8207,0
4375,34.8125,0
4376,34.1527,0
4377,47.4663,0
4378,46.5295,0
4379,37.4119,0
4380,30.9491,0
4381,30.6740,0
4382,39.8014,0
4383,29.6836,0
4384,24.6704,0
4385,32.7427,0
4386,36.6106,0
4387,25.9688,0
4388,33.6013,0
4389,33.2839,0
4390,46.0451,0
4391,27.9725,0
4392,24.3027,0
4393,42.0418,0
4394,50.5216,0
4395,46.1137,0
4396,33.6759,0
4397,43.1089,0
4398,29.1502,0
4399,50.7255,0
4400,46.8161,0
4401,41.5690,0
4402,49.9985,0
4403,36.7846,0
4404,34.6022,0
4405,28.5184,0
4406,32.4244,0
4407,41.5392,0
4408,39.3126,0
4409,40.5140,0
4410,39.6194,0
4411,27.6749,0
4412,27.6608,0
4413,29.5806,0
4414,28.5718,0
4415,31.6250,0
4416,31.0469,0
4417,47.0624,0
4418,45.4710,0
4419,28.2075,0
4420,35.6801,0
4421,29.7832,0
4422,25.6188,0
4423,35.2337,0
4424,36.5751,0
4425,39.6004,0
4426,45.5830,0
4427,30.3428,0
4428,30.2918,0
4429,37.6301,0
4430,39.3705,0
4431,29.1126,0
4432,31.0516,0
4433,29.4271,0
4434,41.6512,0
4435,30.1447,0
4436,39.4022,0
4437,28.5478,0
4438,36.3729,0
4439,29.0909,0
4440,25.3336,0
4441,25.3048,0
4442,36.7107,0
4443,35.5117,0
4444,40.8375,0
4445,25.0816,0
4446,31.2750,0
4447,35.2137,0
4448,35.0223,0
4449,34.8263,0
4450,31.4405,0
4451,28.3382,0
4452,41.4901,0
4453,34.1001,0
4454,55.7392,0
4455,34.4596,0
4456,40.5068,0
4457,36.3662,0
4458,20.9706,0
4459,32.1445,0
4460,53.5774,0
4461,44.6949,0
4462,40.9281,0
4463,41.9438,0
4464,33.0927,0
4465,33.5553,0
4466,24.5223,0
4467,34.6277,0
4468,32.4075,0
4469,40.8916,0
4470,46.1299,0
4471,38.0418,0
4472,37.2429,0
4473,35.3649,0
4474,40.9827,0
4475,37.0584,0
4476,38.1742,0
4477,47.1802,0
4478,38.7390,0
4479,31.4159,0
4480,35.0699,0
4481,29.0456,0
4482,28.7955,0
4483,26.2294,0
4484,27.6630,0
4485,39.8281,0
4486,53.2987,0
4487,34.6255,0
4488,40.6919,0
4489,32.2297,0
4490,34.1861,0
4491,30.5564,0
4492,34.2293,0
4493,38.1079,0
4494,47.9741,0
4495,43.9169,0
4496,38.7714,0
4497,27.2932,0
4498,30.4997,0
4499,48.9242,0
4500,29.0279,0
4501,37.6062,0
4502,30.5791,0
4503,42.4559,0
4504,34.2515,0
4505,33.5155,0
4506,22.0797,0
4507,34.0860,0
4508,42.3427,0
4509,37.8742,0
4510,48.3811,0
4511,44.7800,0
4512,36.8090,0
4513,30.2911,0
4514,37.7185,0
4515,39.2089,0
4516,38.1408,0
4517,28.4591,0
4518,33.7050,0
4519,30.5171,0
4520,39.5477,0
4521,35.0418,0
4522,30.9846,0
4523,38.1362,0
4524,34.1148,0
4525,33.6828,0
4526,35.9321,0
4527,42.2316,0
4528,42.5119,0
4529,40.5111,0
4530,35.1052,0
4531,28.6670,0
4532,28.6672,0
4533,40.4725,0
4534,27.3192,0
4535,37.7975,0
4536,51.7550,0
4537,49.1250,0
4538,27.8254,0
4539,48.1467,0
4540,52.9330,0
4541,29.0399,0
4542,38.0836,0
4543,45.1934,0
4544,36.0496,0
4545,21.4128,0
4546,40.3531,0
4547,28.1715,0
4548,34.5206,0
4549,31.5580,0
4550,26.8791,0
4551,31.6968,0
4552,46.7215,0
4553,44.0032,0
4554,38.2183,0
4555,43.6962,0
4556,43.6473,0
4557,29.8696,0
4558,34.3525,0
4559,33.0865,0
4560,47.0984,0
4561,32.9735,0
4562,30.0665,0
4563,34.3139,0
4564,35.6555,0
4565,35.6553,0
4566,26.5243,0
4567,28.1808,0
4568,20.6597,0
4569,26.9258,0
4570,38.9287,0
4571,41.8808,0
4572,22.7108,0
4573,28.2118,0
4574,26.3052,0
4575,31.5046,0
4576,33.7293,0
4577,41.3666,0
4578,42.0322,0
4579,38.5976,0
4580,32.8193,0
4581,29.6936,0
4582,35.2128,0
4583,29.9456,0
4584,33.7331,0
4585,33.4675,0
4586,26.7010,0
4587,28.2993,0
4588,40.6778,0
4589,36.4606,0
4590,37.8962,0
4591,41.1379,0
4592,40.9155,0
4593,35.2912,0
4594,32.1059,0
4595,56.1495,0
4596,31.6250,0
4597,44.5173,0
4598,51.2209,0
4599,39.4034,0
4600,37.9984,0
4601,29.4271,0
4602,31.1730,0
4603,31.4376,0
4604,30.3581,0
4605,37.6096,0
4606,38.9853,0
4607,36.8659,0
4608,30.5028,0
4609,32.7249,0
4610,36.4497,0
4611,37.5438,0
4612,35.2206,0
4613,36.8128,0
4614,28.2674,0
4615,28.1510,0
4616,35.0609,0
4617,29.9299,0
4618,35.1965,0
4619,36.5002,0
4620,36.4161,0
4621,26.0618,0
4622,26.8714,0
4623,32.4731,0
4624,27.7650,0
4625,29.0349,0
4626,29.5706,0
4627,44.8308,0
4628,36.8464,0
4629,46.0763,0
4630,36.6571,0
4631,34.4677,0
4632,30.9331,0
4633,36.8190,0
4634,39.0151,0
4635,37.1885,0
4636,37.5671,0
4637,34.5974,0
4638,36.7954,0
4639,40.8452,0
4640,41.8308,0
4641,47.2844,0
4642,33.2537,0
4643,33.6370,0
4644,48.7912,0
4645,38.6212,0
4646,45.3997,0
4647,32.7957,0
4648,31.0254,0
4649,30.5700,0
4650,34.3308,0
4651,40.6024,0
4652,41.4348,0
4653,29.4216,0
4654,25.9318,0
4655,26.8872,0
4656,30.0639,0
4657,29.5341,0
4658,37.5648,0
4659,40.3385,0
4660,25.8582,0
4661,39.4835,0
4662,46.9501,0
4663,26.7873,0
4664,37.9610,0
4665,38.2478,0
4666,41.0295,0
4667,29.8314,0
4668,39.3569,0
4669,30.9389,0
4670,26.1848,0
4671,32.4709,0
4672,41.5061,0
4673,31.5259,0
4674,45.3620,0
4675,39.4611,0
4676,51.6174,0
4677,33.2208,0
4678,31.1236,0
4679,52.3870,0
4680,44.9464,0
4681,45.0211,0
4682,36.7911,0
4683,37.2002,0
4684,43.1759,0
4685,43.9672,0
4686,39.1793,0
4687,36.0758,0
4688,33.5221,0
4689,39.8753,0
4690,45.8188,0
4691,44.4992,0
4692,24.0903,0
4693,31.5893,0
4694,46.9387,0
4695,32.9988,0
4696,33.9530,0
4697,42.9065,0
4698,31.2600,0
4699,30.3378,0
4700,30.6473,0
4701,27.4372,0
4702,35.2187,0
4703,26.3293,0
4704,28.8990,0
4705,34.0929,0
4706,23.2723,0
4707,38.8715,0
4708,31.7721,0
4709,29.6338,0
4710,27.5612,0
4711,25.7206,0
4712,49.0961,0
4713,36.3057,0
4714,40.4117,0
4715,33.2055,0
4716,36.8459,0
4717,23.2341,0
4718,21.5371,0
4719,28.9927,0
4720,27.8254,0
4721,28.9452,0
4722,28.0619,0
4723,29.2792,0
4724,38.0697,0
4725,50.0829,0
4726,44.0648,0
4727,35.7723,0
4728,35.1338,0
4729,50.9875,0
4730,35.8639,0
4731,13.3739,0
4732,20.7236,0
4733,20.6964,0
4734,33.7944,0
4735,30.8919,0
4736,28.2483,0
4737,40.0362,0
4738,47.5509,0
4739,36.1974,0
4740,39.4523,0
4741,30.2851,0
4742,37.4050,0
4743,52.1357,0
4744,35.2566,0
4745,35.2108,0
4746,33.4895,0
4747,36.9830,0
4748,29.3200,0
4749,30.7589,0
4750,36.6259,0
4751,39.2625,0
4752,32.9413,0
4753,35.9712,0
4754,39.5877,0
4755,32.0148,0
4756,34.9665,0
4757,27.8821,0
4758,29.6021,0
4759,42.9885,0
4760,39.6519,0
4761,33.0656,0
4762,28.7714,0
4763,29.4106,0
4764,31.6601,0
4765,36.4459,0
4766,35.5694,0
4767,32.9351,0
4768,37.3707,0
4769,27.2810,0
4770,23.5963,0
4771,24.0850,0
4772,22.6798,0
4773,19.4590,0
4774,20.2894,0
4775,32.5162,0
4776,28.5916,0
4777,20.6978,0
4778,17.4251,0
4779,25.5477,0
4780,30.3032,0
4781,24.2498,0
4782,27.6558,0
4783,28.9207,0
4784,36.0417,0
4785,35.8834,0
4786,38.8713,0
4787,43.0167,0
4788,29.9478,0
4789,34.5943,0
4790,26.7365,0
4791,32.3355,0
4792,31.7242,0
4793,36.9432,0
4794,28.5261,0
4795,30.7114,0
4796,35.2807,0
4797,39.1080,0
4798,54.9812,0
4799,55.6996,0
4800,48.5420,0
4801,43.8349,0
4802,31.7373,0
4803,26.1202,0
4804,25.3599,0
4805,25.8951,0
4806,25.7516,0
4807,28.6925,0
4808,25.2743,0
4809,28.6353,0
4810,32.4123,0
4811,26.5720,0
4812,28.5463,0
4813,32.2905,0
4814,52.5289,0
4815,33.2973,0
4816,39.9399,0
4817,55.4466,0
4818,49.5012,0
4819,30.3049,0
4820,28.0221,0
4821,27.3831,0
4822,30.5727,0
4823,38.9245,0
4824,31.6215,0
4825,35.2311,0
4826,43.8411,0
4827,41.3308,0
4828,40.2555,0
4829,35.4536,0
4830,27.9608,0
4831,29.0592,0
4832,33.3650,0
4833,37.9202,0
4834,55.9013,0
4835,30.9691,0
4836,27.3607,0
4837,33.5038,0
4838,33.0555,0
4839,44.7476,0
4840,37.5397,0
4841,33.2413,0
4842,38.3990,0
4843,25.5075,0
4844,33.8550,0
4845,39.0787,0
4846,37.1547,0
4847,32.8035,0
4848,39.2692,0
4849,30.3388,0
4850,58.7358,0
4851,36.5345,0
4852,38.3387,0
4853,39.0911,0
4854,39.8839,0
4855,33.7200,0
4856,33.8509,0
4857,28.9996,0
4858,29.4387,0
4859,40.6985,0
4860,36.2067,0
4861,34.5199,0
4862,35.1889,0
4863,29.7844,0
4864,33.6442,0
4865,32.5868,0
4866,37.5936,0
4867,46.4168,0
4868,42.2058,0
4869,37.8838,0
4870,39.0782,0
4871,28.4014,0
4872,29.7537,0
4873,38.0943,0
4874,36.2051,0
4875,32.5882,0
4876,54.4486,0
4877,26.3233,0
4878,30.2279,0
4879,35.4869,0
4880,34.1036,0
4881,43.4241,0
4882,28.2812,0
4883,40.0834,0
4884,50.5738,0
4885,48.5950,0
4886,29.9459,0
4887,37.3003,0
4888,32.7454,0
4889,30.6773,0
4890,34.2381,0
4891,38.6014,0
4892,35.9781,0
4893,28.3182,0
4894,33.0162,0
4895,32.3365,0
4896,40.9818,0
4897,54.1644,0
4898,68.3088,0
4899,49.0673,0
4900,32.6312,0
4901,42.2785,0
4902,35.3019,0
4903,43.9773,0
4904,38.4946,0
4905,28.7795,0
4906,25.3921,0
4907,36.1636,0
4908,37.4858,0
4909,39.0685,0
4910,32.8133,0
4911,24.3957,0
4912,32.3803,0
4913,36.7014,0
4914,34.6594,0
4915,43.0582,0
4916,47.3034,0
4917,33.1140,0
4918,29.8507,0
4919,43.2673,0
4920,39.9091,0
4921,29.9580,0
4922,33.6213,0
4923,37.5001,0
4924,34.9815,0
4925,38.6524,0
4926,32.9101,0
4927,35.6967,0
4928,29.5737,0
4929,34.2095,0
4930,28.9774,0
4931,55.0053,0
4932,24.7314,0
4933,27.8125,0
4934,29.5820,0
4935,25.7113,0
4936,21.9989,0
4937,25.4197,0
4938,31.1737,0
4939,33.0184,0
4940,26.5369,0
4941,27.3397,0
4942,29.4056,0
4943,32.9447,0
4944,37.3180,0
4945,34.4944,0
4946,47.0693,0
4947,63.2861,0
4948,42.9842,0
4949,28.8296,0
4950,38.3523,0
4951,37.3421,0
4952,34.7869,0
4953,33.7100,0
4954,25.6996,0
4955,28.2154,0
4956,32.6862,0
4957,32.2325,0
4958,28.7547,0
4959,23.2613,0
4960,34.7610,0
4961,32.6686,0
4962,37.0777,0
4963,37.6139,0
4964,41.9991,0
4965,59.0127,0
4966,47.1535,0
4967,48.2709,0
4968,38.5358,0
4969,49.3751,0
4970,23.6406,0
4971,25.2256,0
4972,32.9885,0
4973,34.3869,0
4974,41.0135,0
4975,32.4528,0
4976,41.4336,0
4977,46.4988,0
4978,33.5135,0
4979,34.9250,0
4980,43.8926,0
4981,34.5962,0
4982,40.2544,0
4983,41.7461,0
4984,34.7815,0
4985,34.2207,0
4986,34.6501,0
4987,26.5532,0
4988,23.3507,0
4989,29.2411,0
4990,28.3475,0
4991,30.6692,0
4992,37.5915,0
4993,24.7619,0
4994,21.1947,0
4995,27.5090,0
4996,40.2198,0
4997,51.2547,0
4998,66.2253,0
4999,49.8984,0
5000,27.6680,0
5001,21.4896,0
5002,25.9652,0
5003,25.4583,0
5004,32.6209,0
5005,41.4789,0
5006,32.3017,0
5007,29.0890,0
5008,31.5824,0
5009,23.4253,0
5010,23.1922,0
5011,30.6680,0
5012,37.9171,0
5013,37.0309,0
5014,42.6261,0
5015,42.7308,0
5016,52.2230,0
5017,36.8116,0
5018,43.8728,0
5019,34.7688,0
5020,36.4373,0
5021,37.6468,0
5022,33.9081,0
5023,38.9905,0
5024,29.7046,0
5025,32.4523,0
5026,32.2583,0
5027,33.0451,0
5028,30.1020,0
5029,24.9596,0
5030,32.2292,0
5031,37.2617,0
5032,60.3430,0
5033,31.1418,0
5034,23.7398,0
5035,28.4550,0
5036,33.3395,0
5037,27.6425,0
5038,35.9652,0
5039,30.8337,0
5040,31.7950,0
5041,31.5235,0
5042,32.2390,0
5043,26.8710,0
5044,35.0871,0
5045,33.1030,0
5046,32.4552,0
5047,40.3645,0
5048,48.5618,0
5049,40.8649,0
5050,31.1553,0
5051,24.8134,0
5052,35.3141,0
5053,26.2725,0
5054,28.2400,0
5055,25.7449,0
5056,35.8973,0
5057,33.4229,0
5058,36.0844,0
5059,34.1706,0
5060,37.4451,0
5061,39.0553,0
5062,34.5421,0
5063,29.1872,0
5064,39.9690,0
5065,41.2865,0
5066,32.2616,0
5067,37.6084,0
5068,24.0266,0
5069,36.2878,0
5070,29.3639,0
5071,24.9801,0
5072,35.9471,0
5073,41.4572,0
5074,36.1702,0
5075,30.3717,0
5076,29.2614,0
5077,37.3204,0
5078,31.7061,0
5079,33.9332,0
5080,34.1403,0
5081,29.9594,0
5082,33.5443,0
5083,30.4563,0
5084,26.1753,0
5085,38.6674,0
5086,33.6809,0
5087,29.0668,0
5088,30.7379,0
5089,33.1547,0
5090,43.1185,0
5091,33.6385,0
5092,41.7755,0
5093,34.2402,0
5094,36.1807,0
5095,30.4909,0
5096,40.0739,0
5097,31.5180,0
5098,28.2543,0
5099,35.5752,0
5100,40.1325,0
5101,33.4239,0
5102,61.1665,0
5103,52.2382,0
5104,29.3078,0
5105,41.4684,0
5106,43.8066,0
5107,22.9840,0
5108,38.0075,0
5109,38.1372,0
5110,27.4012,0
5111,47.1613,0
5112,32.5556,0
5113,33.6177,0
5114,27.9102,0
5115,29.2480,0
5116,31.5957,0
5117,40.2584,0
5118,46.6130,0
5119,38.5706,0
5120,45.1190,0
5121,54.1017,0
5122,33.7460,0
5123,38.2185,0
5124,35.3401,0
5125,37.3948,0
5126,31.5557,0
5127,37.0827,0
5128,32.5854,0
5129,36.9623,0
5130,33.7045,0
5131,28.7175,0
5132,32.1615,0
5133,29.7403,0
5134,30.1204,0
5135,31.2760,0
5136,29.6240,0
5137,30.9229,0
5138,42.2158,0
5139,56.0477,0
5140,37.3111,0
5141,38.9192,0
5142,41.8310,0
5143,31.4786,0
5144,32.2139,0
5145,22.6007,0
5146,28.7364,0
5147,33.1514,0
5148,31.8840,0
5149,32.7170,0
5150,35.2676,0
5151,36.9761,0
5152,31.4519,0
5153,28.7251,0
5154,32.8598,0
5155,27.0746,0
5156,52.8429,0
5157,56.5095,0
5158,57.8730,0
5159,36.5758,0
5160,35.8391,0
5161,31.4772,0
5162,43.2930,0
5163,42.1705,0
5164,46.4895,0
5165,31.1222,0
5166,30.5898,0
5167,39.1765,0
5168,35.7387,0
5169,40.7746,0
5170,43.9579,0
5171,29.4628,0
5172,22.2311,0
5173,32.2382,0
5174,20.6497,0
5175,30.5815,0
5176,32.2239,0
5177,36.6690,0
5178,31.6625,0
5179,28.1312,0
5180,32.0272,0
5181,27.5903,0
5182,29.6686,0
5183,33.6308,0
5184,27.2102,0
5185,23.4468,0
5186,27.6735,0
5187,36.8032,0
5188,33.7737,0
5189,48.3646,0
5190,35.4252,0
5191,36.4590,0
5192,46.9999,0
5193,31.9698,0
5194,34.9920,0
5195,24.3635,0
5196,22.2473,0
5197,40.9188,0
5198,37.0047,0
5199,26.1841,0
5200,28.1923,0
5201,29.3298,0
5202,32.7015,0
5203,22.1624,0
5204,28.7936,0
5205,25.5797,0
5206,34.5221,0
5207,47.1098,0
5208,63.7779,0
5209,51.2054,0
5210,32.2678,0
5211,30.4992,0
5212,36.4225,0
5213,30.9196,0
5214,48.7771,0
5215,34.1768,0
5216,31.9393,0
5217,29.3069,0
5218,37.8201,0
5219,33.0451,0
5220,34.8177,0
5221,39.3484,0
5222,37.0841,0
5223,50.8101,0
5224,37.6613,0
5225,30.6134,0
5226,35.1014,0
5227,21.8050,0
5228,26.5934,0
5229,29.9060,0
5230,37.9508,0
5231,41.4577,0
5232,29.3288,0
5233,32.2087,0
5234,33.6370,0
5235,31.6176,0
5236,27.1778,0
5237,35.6393,0
5238,37.2562,0
5239,33.8416,0
5240,37.8973,0
5241,48.2910,0
5242,39.6361,0
5243,31.9924,0
5244,34.8358,0
5245,28.5687,0
5246,28.0726,0
5247,37.8747,0
5248,45.3348,0
5249,35.6822,0
5250,40.6814,0
5251,34.3456,0
5252,29.1641,0
5253,25.5487,0
5254,39.1684,0
5255,41.2698,0
5256,39.6440,0
5257,52.0585,0
5258,34.0836,0
5259,38.4591,0
5260,32.5046,0
5261,23.7794,0
5262,33.4718,0
5263,30.8034,0
5264,33.7582,0
5265,44.6923,0
5266,33.7529,0
5267,36.9730,0
5268,43.3445,0
5269,35.2445,0
5270,50.0760,0
5271,40.3185,0
5272,47.7726,0
5273,46.2687,0
5274,41.8212,0
5275,29.1626,0
5276,31.8143,0
5277,33.4146,0
5278,43.4010,0
5279,42.7544,0
5280,32.5255,0
5281,31.2169,0
5282,25.8696,0
5283,26.5851,0
5284,30.9517,0
5285,31.2846,0
5286,40.7629,0
5287,30.6933,0
5288,44.4276,0
5289,60.9455,0
5290,39.7427,0
5291,48.5265,0
5292,34.0774,0
5293,31.1081,0
5294,27.2446,0
5295,27.5064,0
5296,33.8633,0
5297,34.1189,0
5298,32.7439,0
5299,42.5150,0
5300,35.2006,0
5301,30.6661,0
5302,31.5585,0
5303,21.2371,0
5304,39.2268,0
5305,49.3188,0
5306,67.9078,0
5307,44.6136,0
5308,42.0740,0
5309,41.5909,0
5310,35.6162,0
5311,34.4625,0
5312,33.6452,0
5313,44.3165,0
5314,32.3157,0
5315,28.5807,0
5316,28.4228,0
5317,35.9273,0
5318,36.7851,0
5319,34.1949,0
5320,28.0142,0
5321,36.4387,0
5322,31.1799,0
5323,32.1388,0
5324,34.2224,0
5325,46.2980,0
5326,42.2220,0
5327,33.7923,0
5328,31.7543,0
5329,35.9488,0
5330,28.4512,0
5331,40.9567,0
5332,39.3755,0
5333,30.7534,0
5334,28.7564,0
5335,30.5114,0
5336,23.4213,0
5337,24.1392,0
5338,46.0658,0
5339,43.5419,0
5340,39.4497,0
5341,38.0516,0
5342,42.0496,0
5343,43.7105,0
5344,34.6181,0
5345,34.1673,0
5346,29.4678,0
5347,34.4286,0
5348,30.3721,0
5349,25.2938,0
5350,29.3760,0
5351,27.4522,0
5352,37.0710,0
5353,29.9916,0
5354,31.8103,0
5355,28.3799,0
5356,41.6329,0
5357,63.3028,0
5358,35.8891,0
5359,28.6853,0
5360,22.3286,0
5361,21.7712,0
5362,19.2778,0
5363,34.7281,0
5364,32.1784,0
5365,32.9933,0
5366,31.6212,0
5367,30.4055,0
5368,26.1996,0
5369,35.6772,0
5370,31.2636,0
5371,25.9411,0
5372,31.1007,0
5373,28.0819,0
5374,29.1979,0
5375,40.7186,0
5376,45.9366,0
5377,45.5933,0
5378,45.0308,0
5379,33.9031,0
5380,24.7805,0
5381,43.7062,0
5382,45.9592,0
5383,33.4678,0
5384,29.0780,0
5385,29.0701,0
5386,43.5827,0
5387,33.6199,0
5388,35.6739,0
5389,33.1495,0
5390,32.3591,0
5391,28.6779,0
5392,30.1323,0
5393,70.2131,0
5394,40.2372,0
5395,28.3003,0
5396,32.9189,0
5397,26.1695,0
5398,26.7971,0
5399,35.1672,0
5400,27.8146,0
5401,39.0675,0
5402,38.8651,0
5403,35.0759,0
5404,42.3272,0
5405,38.7044,0
5406,35.9910,0
5407,36.7069,0
5408,39.6349,0
5409,46.7253,0
5410,44.8005,0
5411,28.8563,0
5412,35.7225,0
5413,27.8780,0
5414,29.0082,0
5415,22.6488,0
5416,24.3950,0
5417,21.9920,0
5418,29.2044,0
5419,30.9315,0
5420,29.1829,0
5421,28.2016,0
5422,29.1879,0
5423,41.4724,0
5424,40.2529,0
5425,44.6913,0
5426,56.6659,0
5427,38.0807,0
5428,42.6822,0
5429,35.1465,0
5430,34.9727,0
5431,31.7948,0
5432,26.0937,0
5433,31.4341,0
5434,38.4881,0
5435,37.8861,0
5436,27.9291,0
5437,41.9419,0
5438,43.2522,0
5439,40.7116,0
5440,35.4173,0
5441,62.8226,0
5442,55.5232,0
5443,42.7737,0
5444,39.3150,0
5445,26.6249,0
5446,32.9826,0
5447,35.6247,0
5448,33.7870,0
5449,37.0467,0
5450,30.9780,0
5451,31.6844,0
5452,30.6649,0
5453,30.1998,0
5454,31.0140,0
5455,36.7377,0
5456,35.8524,0
5457,32.9123,0
5458,36.9077,0
5459,41.9290,0
5460,44.9412,0
5461,28.3487,0
5462,38.4402,0
5463,32.6927,0
5464,37.9350,0
5465,30.6365,0
5466,26.9163,0
5467,32.5568,0
5468,37.8554,0
5469,41.5642,0
5470,28.6331,0
5471,27.1397,0
5472,35.5830,0
5473,31.2295,0
5474,31.6055,0
5475,66.8752,0
5476,49.1943,0
5477,31.4000,0
5478,35.4228,0
5479,29.3789,0
5480,30.6108,0
5481,33.1140,0
5482,34.6901,0
5483,39.5198,0
5484,36.6766,0
5485,39.2649,0
5486,37.7467,0
5487,28.3604,0
5488,29.5680,0
5489,33.6797,0
5490,53.4625,0
5491,73.4594,0
5492,52.4845,0
5493,26.4702,0
5494,29.1564,0
5495,36.0422,0
5496,42.2027,0
5497,26.8142,0
5498,33.0796,0
5499,36.4420,0
5500,34.0734,0
5501,30.8337,0
5502,48.1591,0
5503,41.7361,0
5504,29.4719,0
5505,36.0627,0
5506,53.9632,0
5507,50.8990,0
5508,44.2495,0
5509,27.2853,0
5510,34.2426,0
5511,44.6410,0
5512,47.3287,0
5513,36.3419,0
5514,35.8450,0
5515,35.7621,0
5516,32.5902,0
5517,39.9916,0
5518,40.3318,0
5519,49.0062,0
5520,31.1410,0
5521,59.3431,0
5522,38.6598,0
5523,38.3456,0
5524,28.4534,0
5525,33.2153,0
5526,27.6833,0
5527,35.6469,0
5528,26.1991,0
5529,31.3272,0
5530,46.3748,0
5531,38.7294,0
5532,33.3626,0
5533,33.7157,0
5534,34.5385,0
5535,34.9107,0
5536,20.9534,0
5537,45.0869,0
5538,47.1268,0
5539,36.4935,0
5540,35.6724,0
5541,31.0378,0
5542,29.4266,0
5543,28.1703,0
5544,31.5878,0
5545,27.2613,0
5546,24.5459,0
5547,26.0174,0
5548,30.0112,0
5549,23.3607,0
5550,17.1227,0
5551,19.7535,0
5552,28.3065,0
5553,31.0082,0
5554,30.5927,0
5555,25.0823,0
5556,30.9811,0
5557,30.1645,0
5558,34.6129,0
5559,31.9562,0
5560,57.8332,0
5561,42.9831,0
5562,36.3283,0
5563,32.3148,0
5564,32.6495,0
5565,28.1909,0
5566,33.9396,0
5567,36.7241,0
5568,31.3110,0
5569,30.5581,0
5570,30.2751,0
5571,29.3727,0
5572,30.6273,0
5573,24.2858,0
5574,32.2614,0
5575,47.0498,0
5576,42.8305,0
5577,55.9764,0
5578,49.7427,0
5579,36.6876,0
5580,37.5500,0
5581,32.6259,0
5582,26.8188,0
5583,27.5886,0
5584,24.3535,0
5585,26.8021,0
5586,21.9738,0
5587,24.0803,0
5588,22.6076,0
5589,32.4652,0
5590,30.2806,0
5591,37.6031,0
5592,32.1431,0
5593,46.5562,0
5594,55.4676,0
5595,49.9814,0
5596,50.5645,0
5597,50.8928,0
5598,30.7636,0
5599,39.0975,0
5600,32.6979,0
5601,33.2930,0
5602,18.6648,0
5603,18.2881,0
5604,22.6624,0
5605,29.5928,0
5606,34.5948,0
5607,38.0182,0
5608,41.7471,0
5609,47.4169,0
5610,50.6737,0
5611,44.6374,0
5612,46.4482,0
5613,27.5114,0
5614,27.9803,0
5615,27.0660,0
5616,29.2654,0
5617,29.2668,0
5618,29.4266,0
5619,19.2103,0
5620,25.4126,0
5621,39.9330,0
5622,40.9267,0
5623,32.2816,0
5624,48.3990,0
5625,33.5495,0
5626,32.8674,0
5627,37.2272,0
5628,34.2419,0
5629,46.7834,0
5630,43.9935,0
5631,44.5755,0
5632,25.0762,0
5633,34.9262,0
5634,33.6254,0
5635,33.6130,0
5636,29.1748,0
5637,22.7258,0
5638,25.7709,0
5639,40.2286,0
5640,30.1807,0
5641,28.8854,0
5642,32.7291,0
5643,32.3076,0
5644,32.4278,0
5645,37.1950,0
5646,41.6749,0
5647,34.4369,0
5648,31.5294,0
5649,34.1632,0
5650,36.8769,0
5651,29.3460,0
5652,32.8560,0
5653,27.7278,0
5654,33.8204,0
5655,26.0468,0
5656,29.7000,0
5657,35.0630,0
5658,24.7636,0
5659,31.6277,0
5660,36.9625,0
5661,26.8097,0
5662,34.0850,0
5663,35.2983,0
5664,62.9578,0
5665,66.2172,0
5666,31.1177,0
5667,43.2699,0
5668,39.6404,0
5669,31.4932,0
5670,38.9254,0
5671,34.0240,0
5672,97.9016,0
5673,26.0367,0
5674,24.0228,0
5675,29.1567,0
5676,28.4579,0
5677,51.4231,0
5678,52.0074,0
5679,46.4280,0
5680,29.2294,0
5681,29.4082,0
5682,25.7995,0
5683,32.1443,0
5684,31.6892,0
5685,31.8031,0
5686,35.0995,0
5687,33.3061,0
5688,28.3201,0
5689,30.9367,0
5690,19.0797,0
5691,33.6688,0
5692,32.3076,0
5693,29.1641,0
5694,44.6718,0
5695,57.8032,0
5696,39.0189,0
5697,29.4998,0
5698,42.7029,0
5699,39.1743,0
5700,30.9718,0
5701,29.9780,0
5702,44.6076,0
5703,36.9835,0
5704,36.7537,0
5705,41.7230,0
5706,45.3088,0
5707,44.2023,0
5708,37.8368,0
5709,26.7317,0
5710,38.3692,0
5711,41.6806,0
5712,49.1433,0
5713,57.3146,0
5714,42.9654,0
5715,35.8984,0
5716,29.0573,0
5717,28.0445,0
5718,21.3032,0
5719,24.5132,0
5720,25.8532,0
5721,22.5453,0
5722,21.1532,0
5723,23.4823,0
5724,28.0859,0
5725,21.1661,0
5726,35.7220,0
5727,37.8354,0
5728,44.5242,0
5729,48.7449,0
5730,46.4430,0
5731,38.8753,0
5732,45.0161,0
5733,40.2846,0
5734,42.6631,0
5735,22.0804,0
5736,19.0425,0
5737,29.9742,0
5738,21.8709,0
5739,37.9236,0
5740,36.4060,0
5741,38.5067,0
5742,30.5827,0
5743,29.6626,0
5744,38.0323,0
5745,45.7079,0
5746,30.4608,0
5747,39.2754,0
5748,58.7795,0
5749,35.5725,0
5750,36.5286,0
5751,36.6080,0
5752,36.4611,0
5753,43.8998,0
5754,45.7778,0
5755,36.6380,0
5756,43.3917,0
5757,31.7426,0
5758,28.8448,0
5759,34.5147,0
5760,24.1575,0
5761,28.6634,0
5762,36.9086,0
5763,71.2340,0
5764,40.1576,0
5765,36.2849,0
5766,30.8235,0
5767,30.5688,0
5768,32.1257,0
5769,31.8758,0
5770,32.6309,0
5771,32.6164,0
5772,27.5185,0
5773,37.8251,0
5774,40.4561,0
5775,34.7977,0
5776,37.4660,0
5777,32.2111,0
5778,29.2366,0
5779,42.2308,0
5780,34.6105,0
5781,22.0797,0
5782,34.6243,0
5783,28.8534,0
5784,29.0182,0
5785,35.3861,0
5786,26.5751,0
5787,24.1015,0
5788,23.4396,0
5789,23.9506,0
5790,32.4321,0
5791,34.6785,0
5792,30.5052,0
5793,32.8500,0
5794,35.0089,0
5795,34.7874,0
5796,34.2419,0
5797,59.7527,0
5798,51.7113,0
5799,54.4908,0
5800,29.1176,0
5801,33.1068,0
5802,25.4645,0
5803,37.1194,0
5804,44.6067,0
5805,32.6219,0
5806,31.2867,0
5807,28.0221,0
5808,25.7537,0
5809,26.7894,0
5810,25.9507,0
5811,25.0449,0
5812,25.1553,0
5813,27.6897,0
5814,41.9199,0
5815,30.5443,0
5816,31.3191,0
5817,27.2629,0
5818,25.9655,0
5819,32.4209,0
5820,35.0363,0
5821,33.5371,0
5822,27.5176,0
5823,32.3527,0
5824,34.2908,0
5825,34.3614,0
5826,39.9497,0
5827,35.6617,0
5828,21.2228,0
5829,29.4175,0
5830,26.9237,0
5831,42.4161,0
5832,48.7969,0
5833,43.5348,0
5834,30.1893,0
5835,34.3194,0
5836,25.1322,0
5837,34.2734,0
5838,40.0374,0
5839,30.0682,0
5840,30.1793,0
5841,32.9170,0
5842,36.0062,0
5843,37.7741,0
5844,38.9531,0
5845,33.2754,0
5846,33.4601,0
5847,28.6782,0
5848,51.6136,0
5849,24.9555,0
5850,85.1853,0
5851,28.3918,0
5852,27.7424,0
5853,25.7263,0
5854,43.4608,0
5855,33.6263,0
5856,36.5648,0
5857,42.0206,0
5858,37.1115,0
5859,36.7143,0
5860,29.2389,0
5861,27.2784,0
5862,35.6169,0
5863,46.1752,0
5864,52.1319,0
5865,46.7906,0
5866,42.6204,0
5867,34.0803,0
5868,34.7350,0
5869,39.9311,0
5870,30.7825,0
5871,32.9347,0
5872,25.8942,0
5873,24.1435,0
5874,27.5717,0
5875,27.4620,0
5876,24.3127,0
5877,28.6300,0
5878,33.9437,0
5879,30.6821,0
5880,47.7819,0
5881,31.3137,0
5882,39.8431,0
5883,42.4664,0
5884,36.7582,0
5885,32.7516,0
5886,35.8963,0
5887,38.3728,0
5888,36.2115,0
5889,40.1738,0
5890,33.0000,0
5891,29.4476,0
5892,30.4451,0
5893,25.2903,0
5894,33.8109,0
5895,29.1286,0
5896,31.2042,0
5897,46.7911,0
5898,38.4700,0
5899,45.5394,0
5900,46.1962,0
5901,30.8528,0
5902,36.5858,0
5903,41.1522,0
5904,48.6898,0
5905,41.3723,0
5906,37.6418,0
5907,31.6203,0
5908,26.6266,0
5909,38.1782,0
5910,28.2125,0
5911,25.7020,0
5912,28.2054,0
5913,23.5560,0
5914,23.7513,0
5915,34.2393,0
5916,41.7476,0
5917,44.7061,0
5918,38.6767,0
5919,39.0518,0
5920,22.7385,0
5921,26.5760,0
5922,33.5197,0
5923,29.2850,0
5924,38.4285,0
5925,31.8811,0
5926,39.7494,0
5927,29.6462,0
5928,32.4199,0
5929,28.8360,0
5930,28.9416,0
5931,27.5941,0
5932,28.2793,0
5933,40.4685,0
5934,37.7929,0
5935,30.8867,0
5936,35.2621,0
5937,37.1621,0
5938,35.5563,0
5939,38.3461,0
5940,31.2262,0
5941,34.7064,0
5942,37.8711,0
5943,25.3205,0
5944,21.2340,0
5945,26.9742,0
5946,24.3018,0
5947,20.7579,0
5948,24.1616,0
5949,68.3033,0
5950,31.9214,0
5951,30.8700,0
5952,39.4127,0
5953,57.4131,0
5954,37.0448,0
5955,31.4207,0
5956,38.3155,0
5957,24.7648,0
5958,29.2714,0
5959,25.1970,0
5960,37.5376,0
5961,28.2798,0
5962,26.9842,0
5963,25.4004,0
5964,29.0735,0
5965,25.0049,0
5966,32.3534,0
5967,44.2209,0
5968,40.4422,0
5969,50.2317,0
5970,33.1409,0
5971,31.8749,0
5972,33.7021,0
5973,37.6773,0
5974,30.9067,0
5975,30.2479,0
5976,32.6958,0
5977,27.3204,0
5978,28.4791,0
5979,32.0702,0
5980,38.7893,0
5981,28.7917,0
5982,27.7674,0
5983,55.2566,0
5984,50.0541,0
5985,39.0768,0
5986,55.6617,0
5987,52.6280,0
5988,51.1971,0
5989,29.6011,0
5990,37.0662,0
5991,32.6710,0
5992,29.6137,0
5993,33.4890,0
5994,24.6637,0
5995,29.5651,0
5996,29.2709,0
5997,27.8056,0
5998,21.6687,0
5999,21.5755,0
6000,20.2143,0
6001,36.4459,0
6002,37.0281,0
6003,35.0516,0
6004,33.6442,0
6005,42.2881,0
6006,37.2775,0
6007,34.6332,0
6008,24.7221,0
6009,30.3767,0
6010,33.4914,0
6011,34.3401,0
6012,37.5674,0
6013,33.0274,0
6014,27.5042,0
6015,29.0921,0
6016,31.7502,0
6017,34.8544,0
6018,48.4304,0
6019,52.3341,0
6020,42.6874,0
6021,54.4701,0
6022,43.8695,0
6023,32.8813,0
6024,40.6663,0
6025,43.4585,0
6026,36.9818,0
6027,38.7535,0
6028,32.3079,0
6029,34.6043,0
6030,28.6164,0
6031,36.0396,0
6032,28.4610,0
6033,42.1309,0
6034,34.1258,0
6035,46.5493,0
6036,50.1468,0
6037,50.6585,0
6038,33.9472,0
6039,30.7870,0
6040,27.1161,0
6041,25.7781,0
6042,24.2898,0
6043,25.1575,0
6044,26.7360,0
6045,22.4369,0
6046,30.1931,0
6047,34.0898,0
6048,26.8836,0
6049,29.3872,0
6050,47.8427,0
6051,50.0557,0
6052,64.3675,0
6053,47.2403,0
6054,48.0516,0
6055,26.0072,0
6056,35.3615,0
6057,38.4285,0
6058,24.9200,0
6059,22.8515,0
6060,37.5197,0
6061,23.1431,0
6062,34.3168,0
6063,37.8189,0
6064,38.1715,0
6065,24.2269,0
6066,28.0120,0
6067,29.5222,0
6068,59.4139,0
6069,59.6106,0
6070,35.7497,0
6071,37.7710,0
6072,37.1041,0
6073,33.0791,0
6074,25.3873,0
6075,23.2663,0
6076,27.4992,0
6077,28.6596,0
6078,29.6295,0
6079,28.8374,0
6080,29.3493,0
6081,24.8418,0
6082,35.0676,0
6083,29.6035,0
6084,44.5001,0
6085,42.6834,0
6086,30.3743,0
6087,38.9223,0
6088,43.7343,0
6089,27.2405,0
6090,28.9974,0
6091,29.6562,0
6092,32.7280,0
6093,28.6574,0
6094,38.4729,0
6095,33.2553,0
6096,28.1818,0
6097,37.4072,0
6098,30.5328,0
6099,29.2995,0
6100,34.0641,0
6101,31.5931,0
6102,37.8630,0
6103,50.8680,0
6104,33.0529,0
6105,52.0287,0
6106,40.0951,0
6107,31.5914,0
6108,40.7686,0
6109,41.0230,0
6110,35.3906,0
6111,31.3764,0
6112,26.5892,0
6113,25.4312,0
6114,111.5961,0
6115,101.3172,0
6116,28.2719,0
6117,38.7084,0
6118,48.8479,0
6119,37.3745,0
6120,41.6155,0
6121,39.6349,0
6122,36.7734,0
6123,29.5432,0
6124,32.1724,0
6125,38.4548,0
6126,37.6112,0
6127,36.6163,0
6128,31.8413,0
6129,25.0213,0
6130,27.3602,0
6131,30.4534,0
6132,41.3764,0
6133,31.9700,0
6134,26.8590,0
6135,32.4771,0
6136,35.6295,0
6137,39.2883,0
6138,49.3660,0
6139,38.4836,0
6140,31.8332,0
6141,30.4677,0
6142,26.0446,0
6143,19.4252,0
6144,27.8411,0
6145,36.6459,0
6146,23.8566,0
6147,32.5940,0
6148,34.3556,0
6149,36.7551,0
6150,37.3814,0
6151,34.6701,0
6152,40.9219,0
6153,34.0405,0
6154,37.2763,0
6155,41.2598,0
6156,33.1950,0
6157,36.1643,0
6158,38.3196,0
6159,41.2414,0
6160,29.9947,0
6161,33.1414,0
6162,40.5552,0
6163,29.1181,0
6164,35.5587,0
6165,37.2541,0
6166,27.5352,0
6167,22.2192,0
6168,32.4230,0
6169,35.7478,0
6170,40.1969,0
6171,34.1034,0
6172,49.7193,0
6173,65.4423,0
6174,56.5853,0
6175,36.0503,0
6176,40.6201,0
6177,41.7271,0
6178,35.5170,0
6179,35.3224,0
6180,35.1121,0
6181,32.5007,0
6182,34.9772,0
6183,35.5940,0
6184,26.7975,0
6185,31.5301,0
6186,26.0882,0
6187,38.3458,0
6188,51.8363,0
6189,53.8621,0
6190,44.1236,0
6191,42.0530,0
6192,42.8288,0
6193,35.3432,0
6194,36.1483,0
6195,29.9587,0
6196,27.0555,0
6197,38.4381,0
6198,46.1805,0
6199,40.2226,0
6200,32.7680,0
6201,30.3648,0
6202,30.1192,0
6203,28.8756,0
6204,44.4064,0
6205,24.2102,0
6206,36.7241,0
6207,45.2566,0
6208,44.5077,0
6209,33.1156,0
6210,23.6413,0
6211,30.0887,0
6212,29.9330,0
6213,34.9214,0
6214,23.2196,0
6215,33.0367,0
6216,28.2149,0
6217,22.4190,0
6218,19.1360,0
6219,33.9644,0
6220,24.5392,0
6221,28.4488,0
6222,31.3129,0
6223,38.9211,0
6224,48.6207,0
6225,44.6222,0
6226,35.3589,0
6227,24.1282,0
6228,34.1575,0
6229,34.6692,0
6230,37.3747,0
6231,32.2056,0
6232,28.3458,0
6233,41.6474,0
6234,43.1092,0
6235,32.4619,0
6236,32.7413,0
6237,28.8947,0
6238,30.5104,0
6239,31.0977,0
6240,29.3448,0
6241,34.0149,0
6242,33.8902,0
6243,45.6564,0
6244,29.9580,0
6245,25.7087,0
6246,23.3533,0
6247,31.6219,0
6248,26.7544,0
6249,31.4116,0
6250,34.9028,0
6251,34.1775,0
6252,32.1577,0
6253,38.3747,0
6254,39.7198,0
6255,29.9530,0
6256,38.4054,0
6257,46.8719,0
6258,54.5731,0
6259,56.3293,0
6260,41.8048,0
6261,27.8869,0
6262,36.8745,0
6263,30.3769,0
6264,28.7697,0
6265,31.5757,0
6266,26.8617,0
6267,30.7713,0
6268,37.5803,0
6269,33.2942,0
6270,39.3822,0
6271,30.8151,0
6272,32.7802,0
6273,33.6056,0
6274,39.9842,0
6275,44.5142,0
6276,41.5680,0
6277,45.4087,0
6278,39.7251,0
6279,40.3438,0
6280,23.3183,0
6281,28.9354,0
6282,28.3740,0
6283,31.3029,0
6284,29.4917,0
6285,28.0147,0
6286,37.2908,0
6287,26.3426,0
6288,28.0089,0
6289,38.4011,0
6290,33.8855,0
6291,35.8310,0
6292,39.8569,0
6293,40.8456,0
6294,49.9539,0
6295,37.0584,0
6296,28.8627,0
6297,34.2495,0
6298,33.9956,0
6299,28.5552,0
6300,30.9944,0
6301,32.5172,0
6302,31.8575,0
6303,33.8137,0
6304,38.7738,0
6305,39.0429,0
6306,37.9047,0
6307,41.7519,0
6308,54.7328,0
6309,60.1184,0
6310,37.8158,0
6311,32.3193,0
6312,33.2904,0
6313,29.7654,0
6314,29.7532,0
6315,36.9489,0
6316,31.2755,0
6317,35.2292,0
6318,41.3980,0
6319,34.9290,0
6320,26.9766,0
6321,23.9656,0
6322,27.1025,0
6323,32.2506,0
6324,26.3636,0
6325,24.0948,0
6326,32.0964,0
6327,41.2524,0
6328,42.5398,0
6329,36.3746,0
6330,32.8314,0
6331,36.6662,0
6332,27.0555,0
6333,24.0099,0
6334,28.0147,0
6335,32.2819,0
6336,30.1876,0
6337,26.8500,0
6338,33.0091,0
6339,27.6420,0
6340,28.0597,0
6341,30.2413,0
6342,27.0796,0
6343,27.0331,0
6344,46.8719,0
6345,41.7991,0
6346,40.8585,0
6347,33.5829,0
6348,27.0338,0
6349,30.4391,0
6350,25.6040,0
6351,28.0764,0
6352,31.5213,0
6353,40.7760,0
6354,32.7637,0
6355,30.5986,0
6356,31.2760,0
6357,32.2299,0
6358,30.5247,0
6359,29.9723,0
6360,33.9992,0
6361,49.0057,0
6362,56.6154,0
6363,77.3675,0
6364,58.1648,0
6365,38.9304,0
6366,32.6972,0
6367,32.4686,0
6368,23.8845,0
6369,36.3116,0
6370,26.7529,0
6371,28.2454,0
6372,33.8843,0
6373,34.3969,0
6374,28.4252,0
6375,34.0996,0
6376,31.6889,0
6377,28.6775,0
6378,57.0531,0
6379,33.9987,0
6380,43.8292,0
6381,24.7335,0
6382,26.5274,0
6383,28.5039,0
6384,30.0150,0
6385,22.5475,0
6386,25.6639,0
6387,32.2621,0
6388,33.4835,0
6389,36.5524,0
6390,32.9006,0
6391,29.6783,0
6392,29.3982,0
6393,32.3911,0
6394,32.0926,0
6395,30.5543,0
6396,40.8888,0
6397,49.2918,0
6398,37.8859,0
6399,49.0680,0
6400,38.0466,0
6401,41.2393,0
6402,35.0521,0
6403,36.5026,0
6404,32.1443,0
6405,36.5789,0
6406,41.2009,0
6407,39.8679,0
6408,25.2008,0
6409,26.0000,0
6410,26.9673,0
6411,37.0746,0
6412,47.7550,0
6413,42.0763,0
6414,50.3004,0
6415,44.6894,0
6416,37.9267,0
6417,31.5959,0
6418,32.6664,0
6419,26.6335,0
6420,35.2068,0
6421,30.1926,0
6422,33.6926,0
6423,29.0558,0
6424,37.2241,0
6425,32.7570,0
6426,37.3468,0
6427,44.6684,0
6428,33.9763,0
6429,29.7606,0
6430,54.3602,0
6431,35.9011,0
6432,29.2907,0
6433,34.6656,0
6434,39.3665,0
6435,35.6588,0
6436,36.1834,0
6437,32.5129,0
6438,37.7469,0
6439,40.3640,0
6440,36.6089,0
6441,32.3019,0
6442,26.8240,0
6443,26.9563,0
6444,35.4187,0
6445,45.9983,0
6446,58.7142,0
6447,32.9108,0
6448,15.6894,0
6449,28.5292,0
6450,31.1460,0
6451,26.7730,0
6452,30.2391,0
6453,38.1703,0
6454,41.5804,0
6455,30.7157,0
6456,35.8818,0
6457,34.0774,0
6458,31.2085,0
6459,53.0846,0
6460,39.9592,0
6461,60.8857,0
6462,41.3561,0
6463,38.2233,0
6464,32.7003,0
6465,23.8936,0
6466,25.0032,0
6467,27.3502,0
6468,27.2605,0
6469,30.2622,0
6470,25.2488,0
6471,29.5880,0
6472,39.8414,0
6473,38.8050,0
6474,32.5856,0
6475,36.0405,0
6476,34.6169,0
6477,35.0766,0
6478,33.1602,0
6479,32.4597,0
6480,43.9146,0
6481,43.7386,0
6482,27.2784,0
6483,33.6616,0
6484,35.0602,0
6485,33.4208,0
6486,29.5901,0
6487,42.0473,0
6488,37.1442,0
6489,38.3787,0
6490,29.6967,0
6491,32.5525,0
6492,30.0772,0
6493,29.5389,0
6494,37.4119,0
6495,34.5097,0
6496,38.5301,0
6497,39.3598,0
6498,43.8015,0
6499,33.4318,0
6500,30.5703,0
6501,26.2449,0
6502,27.3788,0
6503,30.8437,0
6504,37.1575,0
6505,25.5785,0
6506,34.3258,0
6507,36.7296,0
6508,29.5300,0
6509,35.5554,0
6510,39.8667,0
6511,33.0198,0
6512,28.0306,0
6513,24.6809,0
6514,34.2834,0
6515,34.1172,0
6516,19.1257,0
6517,28.2893,0
6518,19.9754,0
6519,28.2950,0
6520,37.7347,0
6521,28.8057,0
6522,29.9828,0
6523,28.5990,0
6524,30.8390,0
6525,29.0744,0
6526,29.3632,0
6527,30.4112,0
6528,29.7544,0
6529,33.0155,0
6530,32.4035,0
6531,38.0156,0
6532,35.8663,0
6533,28.0805,0
6534,50.9787,0
6535,41.4991,0
6536,46.6487,0
6537,38.5981,0
6538,44.6146,0
6539,28.0602,0
6540,31.5495,0
6541,25.7280,0
6542,26.7682,0
6543,27.2524,0
6544,26.0825,0
6545,25.9240,0
6546,26.3803,0
6547,35.9313,0
6548,41.9993,0
6549,37.2405,0
6550,28.9617,0
6551,37.8394,0
6552,63.9410,0
6553,54.2037,0
6554,44.4567,0
6555,30.2150,0
6556,29.6943,0
6557,34.9917,0
6558,35.8620,0
6559,35.4357,0
6560,32.3250,0
6561,31.8203,0
6562,23.2077,0
6563,29.2978,0
6564,25.5105,0
6565,29.6860,0
6566,29.9678,0
6567,29.8641,0
6568,38.3463,0
6569,47.8251,0
6570,44.1182,0
6571,43.7660,0
6572,35.3580,0
6573,33.1824,0
6574,28.3105,0
6575,23.1738,0
6576,29.1502,0
6577,27.9224,0
6578,35.1784,0
6579,32.1815,0
6580,37.2460,0
6581,26.7508,0
6582,33.2339,0
6583,34.0543,0
6584,24.4241,0
6585,25.3317,0
6586,28.2512,0
6587,71.4235,0
6588,35.5215,0
6589,36.4790,0
6590,44.1902,0
6591,34.0924,0
6592,32.4624,0
6593,38.2917,0
6594,36.6092,0
6595,28.7457,0
6596,27.1738,0
6597,27.0643,0
6598,28.2259,0
6599,29.2175,0
6600,27.7634,0
6601,30.9188,0
6602,40.0476,0
6603,50.3426,0
6604,36.1536,0
6605,35.1663,0
6606,31.3382,0
6607,38.7490,0
6608,32.3949,0
6609,30.0405,0
6610,30.5262,0
6611,33.0868,0
6612,29.1951,0
6613,35.6536,0
6614,33.1368,0
6615,35.4154,0
6616,32.0573,0
6617,36.0291,0
6618,27.2682,0
6619,41.8425,0
6620,39.4087,0
6621,51.0929,0
6622,31.8234,0
6623,22.5456,0
6624,29.3486,0
6625,38.6133,0
6626,29.9695,0
6627,26.7098,0
6628,23.4294,0
6629,27.7274,0
6630,35.8398,0
6631,38.5377,0
6632,32.9833,0
6633,34.6088,0
6634,30.6575,0
6635,34.5380,0
6636,43.4973,0
6637,35.6972,0
6638,34.9300,0
6639,21.8678,0
6640,36.2790,0
6641,40.1859,0
6642,25.7685,0
6643,49.8970,0
6644,37.8275,0
6645,23.4654,0
6646,35.8713,0
6647,27.6895,0
6648,35.9056,0
6649,26.0999,0
6650,31.2352,0
6651,31.7140,0
6652,29.3684,0
6653,39.2163,0
6654,52.3267,0
6655,45.3050,0
6656,48.6863,0
6657,39.3322,0
6658,40.1216,0
6659,38.2204,0
6660,35.4455,0
6661,31.7230,0
6662,28.3763,0
6663,29.2389,0
6664,32.9318,0
6665,27.0808,0
6666,26.5195,0
6667,20.8087,0
6668,26.8598,0
6669,32.4059,0
6670,33.9577,0
6671,40.5376,0
6672,27.3528,0
6673,47.8737,0
6674,51.5199,0
6675,35.7139,0
6676,31.1522,0
6677,28.2922,0
6678,28.8515,0
6679,27.2329,0
6680,28.5077,0
6681,38.1813,0
6682,37.5268,0
6683,40.1700,0
6684,44.8449,0
6685,33.3619,0
6686,33.1905,0
6687,31.7132,0
6688,33.4017,0
6689,33.7698,0
6690,36.5582,0
6691,43.2217,0
6692,34.5418,0
6693,41.8789,0
6694,41.3954,0
6695,34.4608,0
6696,38.2295,0
6697,31.2903,0
6698,38.1420,0
6699,34.2269,0
6700,40.8733,0
6701,41.4729,0
6702,30.6964,0
6703,31.7881,0
6704,28.0230,0
6705,23.3784,0
6706,28.5733,0
6707,40.8127,0
6708,54.7349,0
6709,44.4832,0
6710,47.4224,0
6711,38.4247,0
6712,38.5830,0
6713,36.4456,0
6714,36.4783,0
6715,36.3929,0
6716,27.5688,0
6717,20.6101,0
6718,33.4036,0
6719,37.3609,0
6720,24.1046,0
6721,33.3109,0
6722,39.0024,0
6723,47.0879,0
6724,30.8022,0
6725,55.4740,0
6726,41.2905,0
6727,31.3148,0
6728,36.3538,0
6729,30.8156,0
6730,36.2988,0
6731,34.0400,0
6732,23.6843,0
6733,24.8218,0
6734,26.5985,0
6735,37.1065,0
6736,39.0568,0
6737,27.5807,0
6738,34.1620,0
6739,29.2108,0
6740,46.0050,0
6741,39.2060,0
6742,36.0942,0
6743,37.8950,0
6744,37.0064,0
6745,27.0076,0
6746,36.9246,0
6747,29.6609,0
6748,36.4969,0
6749,27.4367,0
6750,25.7323,0
6751,27.5090,0
6752,32.4607,0
6753,32.7678,0
6754,22.0065,0
6755,32.1589,0
6756,37.7481,0
6757,30.6499,0
6758,40.1237,0
6759,45.0003,0
6760,41.5711,0
6761,38.0681,0
6762,37.3864,0
6763,41.4317,0
6764,28.2671,0
6765,27.0662,0
6766,34.0793,0
6767,35.3947,0
6768,28.3470,0
6769,36.0520,0
6770,28.5738,0
6771,33.6912,0
6772,37.3669,0
6773,44.8470,0
6774,45.6798,0
6775,43.9293,0
6776,36.7990,0
6777,43.1747,0
6778,42.3079,0
6779,35.6052,0
6780,37.1778,0
6781,30.0145,0
6782,29.4008,0
6783,33.0930,0
6784,34.3177,0
6785,34.9362,0
6786,41.9793,0
6787,31.3869,0
6788,30.5176,0
6789,49.9747,0
6790,40.3736,0
6791,55.6259,0
6792,27.7381,0
6793,26.6562,0
6794,24.3855,0
6795,34.6637,0
6796,35.7773,0
6797,39.8355,0
6798,39.6957,0
6799,38.5528,0
6800,35.5330,0
6801,25.7554,0
6802,31.3632,0
6803,25.8770,0
6804,23.9050,0
6805,28.4214,0
6806,47.2605,0
6807,41.1134,0
6808,31.1780,0
6809,36.7568,0
6810,37.4656,0
6811,31.3377,0
6812,33.2115,0
6813,45.0714,0
6814,22.1446,0
6815,27.9298,0
6816,29.8698,0
6817,40.0960,0
6818,31.1241,0
6819,30.1943,0
6820,39.0413,0
6821,42.8355,0
6822,43.3295,0
6823,40.0045,0
6824,33.0598,0
6825,34.3413,0
6826,38.2664,0
6827,34.8897,0
6828,43.5555,0
6829,41.6291,0
6830,51.6338,0
6831,47.4496,0
6832,37.1435,0
6833,24.8032,0
6834,14.9477,0
6835,17.5595,0
6836,20.9658,0
6837,20.5421,0
6838,18.7514,0
6839,19.2506,0
6840,24.8363,0
6841,39.2346,0
6842,55.1269,0
6843,43.6988,0
6844,48.3420,0
6845,33.5631,0
6846,36.9318,0
6847,37.1811,0
6848,54.7173,0
6849,32.9244,0
6850,38.4462,0
6851,34.0831,0
6852,30.4301,0
6853,32.8770,0
6854,36.4277,0
6855,38.7890,0
6856,22.0294,0
6857,53.2587,0
6858,31.7619,0
6859,43.3035,0
6860,47.5919,0
6861,33.2873,0
6862,39.4602,0
6863,39.9189,0
6864,50.2338,0
6865,50.6406,0
6866,45.2514,0
6867,29.9895,0
6868,29.2706,0
6869,32.3217,0
6870,34.1837,0
6871,38.4581,0
6872,37.3967,0
6873,35.9769,0
6874,37.3561,0
6875,30.9172,0
6876,37.5640,0
6877,28.3344,0
6878,29.7961,0
6879,27.9100,0
6880,27.8230,0
6881,43.5798,0
6882,44.7583,0
6883,26.9945,0
6884,31.4591,0
6885,36.1912,0
6886,31.4572,0
6887,30.2773,0
6888,26.4256,0
6889,48.4595,0
6890,35.3961,0
6891,36.9291,0
6892,31.5471,0
6893,35.1243,0
6894,27.4782,0
6895,25.9480,0
6896,34.6410,0
6897,29.7124,0
6898,28.7802,0
6899,43.2630,0
6900,36.0708,0
6901,34.8530,0
6902,34.8063,0
6903,39.4762,0
6904,32.8085,0
6905,28.4839,0
6906,30.4193,0
6907,27.0386,0
6908,31.5659,0
6909,33.2377,0
6910,27.5939,0
6911,35.1820,0
6912,32.6819,0
6913,34.1158,0
6914,34.9953,0
6915,42.7608,0
6916,41.2180,0
6917,56.1972,0
6918,29.3813,0
6919,20.9129,0
6920,22.0881,0
6921,36.4048,0
6922,29.7532,0
6923,25.7518,0
6924,33.9665,0
6925,37.5161,0
6926,41.6703,0
6927,36.0439,0
6928,24.3750,0
6929,40.9176,0
6930,31.7099,0
6931,31.5323,0
6932,23.5641,0
6933,31.5754,0
6934,33.0851,0
6935,46.4313,0
6936,58.5208,0
6937,35.7301,0
6938,28.6882,0
6939,24.2722,0
6940,28.2938,0
6941,24.4012,0
6942,39.7828,0
6943,36.8969,0
6944,44.9207,0
6945,30.7436,0
6946,34.7488,0
6947,34.5719,0
6948,30.8013,0
6949,27.6372,0
6950,28.1737,0
6951,28.2822,0
6952,31.3580,0
6953,56.5870,0
6954,45.0432,0
6955,39.7434,0
6956,30.8781,0
6957,32.9049,0
6958,35.9490,0
6959,39.6905,0
6960,24.3278,0
6961,38.6508,0
6962,33.5824,0
6963,30.4515,0
6964,31.4825,0
6965,27.2739,0
6966,25.5327,0
6967,28.8541,0
6968,43.3738,0
6969,35.5310,0
6970,31.5807,0
6971,29.0051,0
6972,40.9472,0
6973,44.8709,0
6974,45.0003,0
6975,36.2186,0
6976,37.1652,0
6977,44.2657,0
6978,43.4515,0
6979,28.2154,0
6980,33.1717,0
6981,28.5680,0
6982,27.0271,0
6983,32.3956,0
6984,33.7176,0
6985,31.7357,0
6986,31.2040,0
6987,35.7990,0
6988,39.5753,0
6989,33.8657,0
6990,49.3789,0
6991,53.9289,0
6992,48.9702,0
6993,51.2154,0
6994,44.1127,0
6995,34.7793,0
6996,45.1064,0
6997,26.4692,0
6998,27.9918,0
6999,30.5600,0
7000,26.5026,0
7001,37.1020,0
7002,34.9641,0
7003,35.2156,0
7004,34.9996,0
7005,30.5071,0
7006,25.7866,0
7007,46.7160,0
7008,44.6217,0
7009,43.2739,0
7010,37.4510,0
7011,30.3700,0
7012,48.5752,0
7013,48.4242,0
7014,41.5292,0
7015,28.2221,0
7016,31.6899,0
7017,26.5386,0
7018,37.2577,0
7019,32.9752,0
7020,26.1164,0
7021,31.4817,0
7022,32.6424,0
7023,39.2890,0
7024,38.6977,0
7025,48.2051,0
7026,60.1132,0
7027,60.6487,0
7028,46.1555,0
7029,36.4258,0
7030,33.3719,0
7031,38.5497,0
7032,26.1023,0
7033,29.0813,0
7034,29.1317,0
7035,36.8271,0
7036,29.6867,0
7037,28.1231,0
7038,35.1510,0
7039,23.3986,0
7040,29.2792,0
7041,33.4151,0
7042,35.4297,0
7043,40.8602,0
7044,38.9647,0
7045,39.1843,0
7046,50.9720,0
7047,33.3188,0
7048,29.5315,0
7049,36.7348,0
7050,32.9573,0
7051,30.3714,0
7052,37.7181,0
7053,37.8804,0
7054,25.0890,0
7055,28.0509,0
7056,42.4860,0
7057,44.0285,0
7058,32.0604,0
7059,31.3635,0
7060,40.1349,0
7061,33.1821,0
7062,54.5769,0
7063,44.5747,0
7064,35.9309,0
7065,37.6415,0
7066,26.8512,0
7067,35.6243,0
7068,27.4878,0
7069,37.9224,0
7070,35.5382,0
7071,36.1392,0
7072,45.2456,0
7073,33.4282,0
7074,44.2777,0
7075,42.1252,0
7076,47.0314,0
7077,46.3066,0
7078,43.0682,0
7079,47.7631,0
7080,40.5457,0
7081,36.9101,0
7082,39.9032,0
7083,44.4665,0
7084,42.2876,0
7085,37.6637,0
7086,33.7977,0
7087,28.3012,0
7088,41.7345,0
7089,41.4753,0
7090,33.9522,0
7091,49.7246,0
7092,44.8189,0
7093,45.3274,0
7094,40.6649,0
7095,28.7249,0
7096,50.0937,0
7097,43.2649,0
7098,34.2460,0
7099,29.0332,0
7100,33.8459,0
7101,32.3858,0
7102,30.2756,0
7103,29.6543,0
7104,23.5481,0
7105,25.8541,0
7106,32.7818,0
7107,20.3714,0
7108,30.8592,0
7109,35.3768,0
7110,43.8638,0
7111,37.4434,0
7112,35.2511,0
7113,38.0218,0
7114,27.8831,0
7115,36.7026,0
7116,33.2737,0
7117,37.6987,0
7118,26.2167,0
7119,31.1759,0
7120,27.3035,0
7121,27.2031,0
7122,29.3601,0
7123,33.4184,0
7124,26.6778,0
7125,30.2756,0
7126,32.5973,0
7127,50.9443,0
7128,47.9593,0
7129,52.1562,0
7130,52.7160,0
7131,39.1586,0
7132,42.5549,0
7133,31.1835,0
7134,35.7430,0
7135,35.4650,0
7136,34.7843,0
7137,26.4537,0
7138,33.5233,0
7139,36.4504,0
7140,31.9993,0
7141,39.8321,0
7142,30.3187,0
7143,37.2117,0
7144,41.0204,0
7145,35.4211,0
7146,54.5256,0
7147,40.9100,0
7148,36.0668,0
7149,35.1605,0
7150,36.5899,0
7151,35.1951,0
7152,38.6362,0
7153,40.9138,0
7154,39.5722,0
7155,32.0165,0
7156,34.1671,0
7157,29.6969,0
7158,34.4934,0
7159,41.8208,0
7160,45.9781,0
7161,42.9440,0
7162,39.0847,0
7163,40.0934,0
7164,41.0519,0
7165,37.5860,0
7166,34.1089,0
7167,48.0745,0
7168,43.7479,0
7169,29.7208,0
7170,32.8879,0
7171,31.9438,0
7172,37.0619,0
7173,35.9998,0
7174,29.8989,0
7175,32.0370,0
7176,37.2002,0
7177,54.8892,0
7178,52.8574,0
7179,51.5738,0
7180,35.7733,0
7181,29.8254,0
7182,30.6222,0
7183,36.4680,0
7184,28.1053,0
7185,28.9750,0
7186,35.0862,0
7187,31.1296,0
7188,34.0488,0
7189,35.2950,0
7190,30.1785,0
7191,39.3658,0
7192,46.4501,0
7193,48.6839,0
7194,45.6061,0
7195,45.5003,0
7196,42.4225,0
7197,24.5972,0
7198,34.8670,0
7199,39.6926,0
7200,33.7167,0
7201,40.8955,0
7202,39.3164,0
7203,42.8989,0
7204,46.0443,0
7205,38.9555,0
7206,37.4637,0
7207,29.7778,0
7208,39.2511,0
7209,50.3979,0
7210,55.1326,0
7211,35.9299,0
7212,40.6635,0
7213,39.2156,0
7214,34.3876,0
7215,34.3704,0
7216,30.3645,0
7217,40.7379,0
7218,37.4479,0
7219,22.3897,0
7220,26.2041,0
7221,29.8936,0
7222,28.0311,0
7223,27.5342,0
7224,41.0883,0
7225,38.3470,0
7226,46.7067,0
7227,60.7178,0
7228,50.3163,0
7229,40.0739,0
7230,30.8585,0
7231,32.7098,0
7232,39.8200,0
7233,47.3988,0
7234,32.9728,0
7235,26.0227,0
7236,33.2904,0
7237,31.8336,0
7238,33.0567,0
7239,33.6390,0
7240,54.2922,0
7241,46.3333,0
7242,51.9781,0
7243,48.7266,0
7244,43.1545,0
7245,26.1757,0
7246,37.4389,0
7247,42.1500,0
7248,35.8069,0
7249,35.9020,0
7250,34.2841,0
7251,36.5138,0
7252,34.8854,0
7253,28.0721,0
7254,32.7444,0
7255,44.5893,0
7256,56.7396,0
7257,46.4079,0
7258,42.8040,0
7259,54.2872,0
7260,27.2515,0
7261,24.2519,0
7262,32.7377,0
7263,29.7718,0
7264,34.7438,0
7265,33.1123,0
7266,32.2461,0
7267,34.8170,0
7268,38.8973,0
7269,30.1387,0
7270,28.1389,0
7271,21.6088,0
7272,45.4164,0
7273,57.5807,0
7274,63.3934,0
7275,50.5459,0
7276,41.1046,0
7277,42.1927,0
7278,41.6794,0
7279,39.6159,0
7280,43.8209,0
7281,43.0479,0
7282,34.1742,0
7283,29.8321,0
7284,32.4032,0
7285,26.2430,0
7286,42.5858,0
7287,40.9994,0
7288,49.1264,0
7289,43.5238,0
7290,26.0983,0
7291,44.6386,0
7292,31.7183,0
7293,28.6984,0
7294,34.3397,0
7295,32.0442,0
7296,19.0523,0
7297,25.4211,0
7298,23.6166,0
7299,27.2272,0
7300,35.0528,0
7301,31.3637,0
7302,23.5527,0
7303,34.3590,0
7304,26.9375,0
7305,30.1354,0
7306,28.4925,0
7307,31.4620,0
7308,33.7427,0
7309,54.9424,0
7310,38.5344,0
7311,36.3240,0
7312,34.0312,0
7313,40.3001,0
7314,41.4851,0
7315,41.8549,0
7316,36.3140,0
7317,36.5214,0
7318,35.1384,0
7319,32.6068,0
7320,35.7351,0
7321,40.3595,0
7322,38.5325,0
7323,38.7728,0
7324,31.6718,0
7325,47.0190,0
7326,38.2645,0
7327,29.2604,0
7328,34.4975,0
7329,28.2028,0
7330,24.9755,0
7331,25.4402,0
7332,21.9383,0
7333,31.3895,0
7334,30.7817,0
7335,39.1843,0
7336,35.6362,0
7337,37.2927,0
7338,22.0792,0
7339,22.6088,0
7340,47.0550,0
7341,40.9513,0
7342,33.5727,0
7343,29.2213,0
7344,39.5319,0
7345,42.9795,0
7346,44.4753,0
7347,34.1518,0
7348,47.5986,0
7349,30.9656,0
7350,29.7647,0
7351,29.2261,0
7352,34.4238,0
7353,41.3327,0
7354,42.9840,0
7355,34.0025,0
7356,30.6897,0
7357,40.0147,0
7358,54.3966,0
7359,48.7068,0
7360,33.7970,0
7361,29.1643,0
7362,35.9361,0
7363,34.8854,0
7364,37.2939,0
7365,41.4073,0
7366,31.2216,0
7367,28.8217,0
7368,30.5839,0
7369,27.9076,0
7370,27.5187,0
7371,18.3449,0
7372,29.9709,0
7373,34.7517,0
7374,42.4049,0
7375,30.3612,0
7376,60.0841,0
7377,38.7094,0
7378,22.0351,0
7379,20.2038,0
7380,30.7767,0
7381,29.8452,0
7382,29.8214,0
7383,33.6499,0
7384,30.0071,0
7385,28.7540,0
7386,31.5912,0
7387,37.6205,0
7388,40.4003,0
7389,47.9946,0
7390,30.1099,0
7391,37.0741,0
7392,59.1154,0
7393,54.2781,0
7394,44.5018,0
7395,41.6765,0
7396,28.4202,0
7397,29.5858,0
7398,36.6423,0
7399,33.4182,0
7400,31.3411,0
7401,31.9085,0
7402,38.5342,0
