id,t_pub_ms,qos
1,19.8233,-1
2,41.3039,-1
3,130.0454,-1
4,130.3740,-1
5,142.4320,-1
6,180.3601,-1
7,201.1981,-1
8,218.2345,-1
9,252.4960,-1
10,266.3360,-1
11,359.8485,-1
12,397.3484,-1
13,512.1853,-1
14,512.6176,-1
15,604.6016,-1
16,605.0873,-1
17,605.7787,-1
18,606.5259,-1
19,606.0917,-1
20,606.7915,-1
21,606.5593,-1
22,624.0323,-1
23,655.6945,-1
24,726.5713,-1
25,761.7509,-1
26,823.6022,-1
27,833.3631,-1
28,899.1253,-1
29,899.1673,-1
30,899.7731,-1
31,899.5152,-1
32,899.4825,-1
33,900.5108,-1
34,900.3367,-1
35,900.1751,-1
36,901.5851,-1
37,905.6008,-1
38,960.0546,-1
39,962.0464,-1
40,992.3196,-1
41,1048.2655,-1
42,1076.3676,-1
43,1076.5905,-1
44,1259.2535,-1
45,1256.9883,-1
46,1259.6772,-1
47,1264.1020,-1
48,1265.7559,-1
49,1266.8886,-1
50,1272.8791,-1
51,1327.6689,-1
52,1441.0150,-1
53,1459.6982,-1
54,1681.0501,-1
55,1681.2479,-1
56,1682.4021,-1
57,1681.8302,-1
58,1776.2649,-1
59,1970.6895,-1
60,1969.7678,-1
61,1982.8944,-1
62,1982.6210,-1
63,1982.1949,-1
64,1981.6277,-1
65,1980.8879,-1
66,1980.0415,-1
67,1979.2030,-1
68,1978.7562,-1
69,1980.5477,-1
70,1979.7342,-1
71,1981.1587,-1
72,1980.3140,-1
73,1979.2545,-1
74,1978.1680,-1
75,1977.5293,-1
76,1976.9158,-1
77,1977.0255,-1
78,1976.5708,-1
79,1976.5487,-1
80,1975.2638,-1
81,1974.5800,-1
82,1973.6152,-1
83,1972.6462,-1
84,1971.9234,-1
85,1971.3907,-1
86,1971.4441,-1
87,1971.1032,-1
88,2046.1886,-1
89,2044.9185,-1
90,2043.9043,-1
91,2043.6013,-1
92,2043.3128,-1
93,2042.6507,-1
94,2042.2058,-1
95,2042.7952,-1
96,2043.5822,-1
97,2043.6506,-1
98,2031.0657,-1
99,2129.1084,-1
100,2142.1778,-1
101,2254.1821,-1
102,2255.0514,-1
103,2256.1982,-1
104,2256.5150,-1
105,2257.4089,-1
106,2256.1421,-1
107,2256.9463,-1
108,2257.6640,-1
109,2257.5583,-1
110,2257.6358,-1
111,2257.6427,-1
112,2257.9463,-1
113,2258.9970,-1
114,2260.7877,-1
115,2369.4530,-1
116,2490.4609,-1
117,2490.2930,-1
118,2479.3189,-1
119,2482.4517,-1
120,2501.5953,-1
121,2500.5369,-1
122,2633.8441,-1
123,2634.4564,-1
124,2635.7951,-1
125,2637.3410,-1
126,2637.2981,-1
127,2644.4187,-1
128,2681.2019,-1
129,2684.9985,-1
130,2685.4303,-1
131,2763.5667,-1
132,2763.6528,-1
133,2836.0341,-1
134,2836.8223,-1
135,2972.4669,-1
136,3145.0264,-1
137,3146.9090,-1
138,3148.2618,-1
139,3150.5742,-1
140,3151.9630,-1
141,3152.8537,-1
142,3154.3026,-1
143,3155.7455,-1
144,3156.2018,-1
145,3156.5797,-1
146,3190.1937,-1
147,3190.7341,-1
148,3191.6039,-1
149,3192.2231,-1
150,3192.8909,-1
151,3193.5174,-1
152,3195.0605,-1
153,3195.7717,-1
154,3197.1130,-1
155,3199.3968,-1
156,3185.2579,-1
157,3337.2467,-1
158,3338.9609,-1
159,3353.4219,-1
160,3351.4087,-1
161,3554.3442,-1
162,3555.3634,-1
163,3555.1562,-1
164,3554.9116,-1
165,3555.0511,-1
166,3555.9711,-1
167,3583.2663,-1
168,3583.6864,-1
169,3583.8404,-1
170,3584.3322,-1
171,3746.3007,-1
172,3747.2718,-1
173,3747.5860,-1
174,3748.3110,-1
175,3748.8394,-1
176,3749.1736,-1
177,3750.1128,-1
178,3751.5488,-1
179,3752.5933,-1
180,3754.8816,-1
181,3755.0828,-1
182,3755.4786,-1
183,3755.4581,-1
184,3755.7235,-1
185,3755.6741,-1
186,3755.8682,-1
187,3756.0811,-1
188,3757.1340,-1
189,3757.4558,-1
190,3757.0105,-1
191,3757.1843,-1
192,3760.0818,-1
193,3759.7802,-1
194,3759.5742,-1
195,3760.2997,-1
196,3760.4592,-1
197,3760.0901,-1
198,3760.0501,-1
199,3760.2627,-1
200,3990.3107,-1
201,3990.0289,-1
202,3965.5168,-1
203,3946.9805,-1
204,4021.1036,-1
205,4021.4903,-1
206,4022.2645,-1
207,4022.6607,-1
208,4023.9384,-1
209,4024.3733,-1
210,4024.7762,-1
211,4025.4242,-1
212,4026.1297,-1
213,4024.3130,-1
214,4023.1097,-1
215,4023.4325,-1
216,4024.1342,-1
217,4165.0519,-1
218,4165.1669,-1
219,4135.0763,-1
220,4099.8170,-1
221,4095.8581,-1
222,4471.1320,-1
223,4444.7069,-1
224,4414.9535,-1
225,4409.9345,-1
226,4361.6931,-1
227,4487.7470,-1
228,4491.4298,-1
229,4489.9604,-1
230,4491.3733,-1
231,4492.3911,-1
232,4493.2120,-1
233,4493.7809,-1
234,4494.6921,-1
235,4494.9079,-1
236,4495.8100,-1
237,4496.8214,-1
238,4497.6635,-1
239,4498.6620,-1
240,4499.0532,-1
241,4499.6564,-1
242,4500.4489,-1
243,4503.2005,-1
244,4503.8788,-1
245,4509.0311,-1
246,4510.2024,-1
247,4511.6756,-1
248,4512.8038,-1
249,4514.3428,-1
250,4517.4766,-1
251,4810.0779,-1
252,4809.4709,-1
253,4809.9129,-1
254,4808.8598,-1
255,4809.5860,-1
256,4810.1678,-1
257,4811.1048,-1
258,4812.9215,-1
259,4813.2102,-1
260,4813.7290,-1
261,4814.4279,-1
262,4814.9989,-1
263,4815.9938,-1
264,4803.6857,-1
265,4804.2982,-1
266,5562.7663,-1
267,5565.6128,-1
268,5571.0061,-1
269,5571.4290,-1
270,5573.7629,-1
271,5575.5084,-1
272,5577.1620,-1
273,5578.5182,-1
274,5580.3056,-1
275,5581.8801,-1
276,5586.9651,-1
277,5590.2183,-1
278,5589.5116,-1
279,5590.4219,-1
280,5593.1759,-1
281,5591.9418,-1
282,5590.7793,-1
283,5589.7365,-1
284,5589.8657,-1
285,5590.0121,-1
286,5856.5114,-1
287,5856.0812,-1
288,5855.6156,-1
289,5854.4688,-1
290,5854.1887,-1
291,5854.0549,-1
292,5853.8649,-1
293,5853.2112,-1
294,5852.7117,-1
295,5852.3223,-1
296,5853.0185,-1
297,5853.5080,-1
298,5853.3988,-1
299,5853.6587,-1
300,5853.6792,-1
301,5854.2819,-1
302,5854.7335,-1
303,5855.5813,-1
304,5856.3681,-1
305,5856.7216,-1
306,5857.8007,-1
307,5857.5046,-1
308,5859.4365,-1
309,5858.5951,-1
310,5858.3903,-1
311,5858.2907,-1
312,5858.6440,-1
313,5858.8433,-1
314,5858.9551,-1
315,5858.9714,-1
316,5859.3800,-1
317,5859.0417,-1
318,5859.7670,-1
319,5860.3318,-1
320,5860.8088,-1
321,5861.1290,-1
322,5861.6412,-1
323,5861.8517,-1
324,5862.3264,-1
325,5862.7996,-1
326,5853.1117,-1
327,5850.8582,-1
328,5843.8258,-1
329,5838.1894,-1
330,5827.4710,-1
331,5820.8597,-1
332,5816.0977,-1
333,5811.3592,-1
334,5807.0912,-1
335,5797.9462,-1
336,5788.9464,-1
337,5754.5772,-1
338,5741.4482,-1
339,5721.3323,-1
340,5698.8227,-1
341,5629.5965,-1
342,5574.6825,-1
343,5574.6396,-1
344,5574.9424,-1
345,5575.4778,-1
346,5575.8007,-1
347,5576.4627,-1
348,5576.5133,-1
349,5581.8560,-1
350,5581.9521,-1
351,5583.8306,-1
352,5584.2810,-1
353,5585.0070,-1
354,5584.8794,-1
355,5585.4275,-1
356,5586.7515,-1
357,5587.1286,-1
358,5587.6827,-1
359,5592.8924,-1
360,5594.6381,-1
361,5599.5820,-1
362,5598.5231,-1
363,5597.5666,-1
364,5597.7142,-1
365,5599.7877,-1
366,5793.9360,-1
367,5802.8109,-1
368,5801.7654,-1
369,5800.8547,-1
370,5799.8152,-1
371,5892.8115,-1
372,5891.3889,-1
373,5890.0838,-1
374,5891.4580,-1
375,5891.1719,-1
376,5890.7263,-1
377,5891.0663,-1
378,5890.1911,-1
379,5889.6122,-1
380,5888.6533,-1
381,5888.1228,-1
382,5888.5078,-1
383,5888.4783,-1
384,5890.3105,-1
385,5890.9233,-1
386,5889.9388,-1
387,5889.9357,-1
388,5888.7620,-1
389,5889.2460,-1
390,5889.5400,-1
391,5890.4414,-1
392,5889.8489,-1
393,5889.5805,-1
394,5889.1027,-1
395,5888.7262,-1
396,5888.4289,-1
397,5888.1090,-1
398,5887.8205,-1
399,5887.4700,-1
400,5887.1851,-1
401,5886.8246,-1
402,5886.0168,-1
403,5885.9754,-1
404,5886.7676,-1
405,5890.3151,-1
406,5892.1509,-1
407,5892.7634,-1
408,5892.2377,-1
409,5891.3693,-1
410,5891.3774,-1
411,5890.7142,-1
412,5890.2316,-1
413,5889.9858,-1
414,5890.2400,-1
415,5889.0719,-1
416,5888.6085,-1
417,5888.2513,-1
418,5887.7521,-1
419,5886.8735,-1
420,5886.3776,-1
421,5885.1717,-1
422,5885.0958,-1
423,5884.6102,-1
424,5883.9521,-1
425,5883.0097,-1
426,5882.2722,-1
427,5881.5529,-1
428,5881.4485,-1
429,5880.9359,-1
430,5880.9471,-1
431,5880.8515,-1
432,5880.3396,-1
433,5879.8604,-1
434,5878.8900,-1
435,5878.6695,-1
436,5878.8011,-1
437,5878.5162,-1
438,5879.0457,-1
439,5879.1935,-1
440,5878.2604,-1
441,5877.7158,-1
442,5877.2290,-1
443,5876.8022,-1
444,5876.4515,-1
445,5876.3022,-1
446,5875.9823,-1
447,5875.6466,-1
448,5875.4377,-1
449,5875.0706,-1
450,5873.9367,-1
451,5873.6310,-1
452,5873.5025,-1
453,5873.0605,-1
454,5872.4604,-1
455,5872.1650,-1
456,5872.2949,-1
457,5872.4022,-1
458,5872.2491,-1
459,5872.1159,-1
460,5871.7740,-1
461,5871.4106,-1
462,5871.0775,-1
463,5870.7604,-1
464,5869.9324,-1
465,5869.7541,-1
466,5869.4968,-1
467,5869.2739,-1
468,5868.9947,-1
469,5868.6435,-1
470,5868.3546,-1
471,5868.0878,-1
472,5867.3832,-1
473,5867.7161,-1
474,5867.5587,-1
475,5867.3861,-1
476,5866.8838,-1
477,5867.0723,-1
478,5867.6207,-1
479,5867.7826,-1
480,5867.5764,-1
481,5867.4293,-1
482,5867.2507,-1
483,5867.1076,-1
484,5866.9059,-1
485,5866.3900,-1
486,5866.0882,-1
487,5865.8819,-1
488,5865.5729,-1
489,5865.2449,-1
490,5865.4566,-1
491,5865.2091,-1
492,5865.9520,-1
493,5864.8405,-1
494,5864.0330,-1
495,5863.4946,-1
496,5863.1394,-1
497,5862.7529,-1
498,5862.5560,-1
499,5862.1738,-1
500,5862.0191,-1
501,5861.7742,-1
502,5861.8820,-1
503,5861.2483,-1
504,5860.9521,-1
505,5860.6069,-1
506,5860.1222,-1
507,5860.4956,-1
508,5860.2777,-1
509,5860.0070,-1
510,5859.7004,-1
511,5859.2920,-1
512,5858.8810,-1
513,5858.6171,-1
514,5858.3012,-1
515,5856.7688,-1
516,5856.2446,-1
517,5857.2211,-1
518,5854.7239,-1
519,5851.5210,-1
520,5850.9116,-1
521,5850.6329,-1
522,5850.8468,-1
523,5848.2518,-1
524,5846.9779,-1
525,5845.2368,-1
526,5842.0041,-1
527,5841.8040,-1
528,5841.0490,-1
529,5838.7184,-1
530,5837.4116,-1
531,5837.1840,-1
532,5836.8063,-1
533,5836.1661,-1
534,5834.7502,-1
535,5834.1417,-1
536,5833.7705,-1
537,5833.6973,-1
538,5832.5891,-1
539,5832.7131,-1
540,5832.1905,-1
541,5832.1025,-1
542,5831.6617,-1
543,5831.1965,-1
544,5830.9186,-1
545,5830.4110,-1
546,5829.8485,-1
547,5826.2677,-1
548,5825.8276,-1
549,5824.0139,-1
550,5821.4388,-1
551,5820.9314,-1
552,5820.4317,-1
553,5819.6027,-1
554,5819.9058,-1
555,5819.2499,-1
556,5818.3453,-1
557,5817.2095,-1
558,5815.3491,-1
559,5814.9567,-1
560,5814.0643,-1
561,5811.9009,-1
562,5812.1181,-1
563,5802.1784,-1
564,5801.0008,-1
565,5800.3049,-1
566,5799.4010,-1
567,5799.2089,-1
568,5799.0191,-1
569,5798.5528,-1
570,5797.7746,-1
571,5797.1351,-1
572,5796.5066,-1
573,5796.0105,-1
574,5795.9096,-1
575,5794.6663,-1
576,5794.4396,-1
577,5793.6091,-1
578,5792.9757,-1
579,5788.6817,-1
580,5788.3933,-1
581,5782.3811,-1
582,5771.6787,-1
583,5771.2700,-1
584,5771.1124,-1
585,5770.6215,-1
586,5770.3538,-1
587,5767.4825,-1
588,5763.8633,-1
589,5761.4131,-1
590,5759.0129,-1
591,5756.4340,-1
592,5752.7266,-1
593,5751.3335,-1
594,5751.0920,-1
595,5749.8257,-1
596,5749.7685,-1
597,5748.3156,-1
598,5748.5869,-1
599,5745.9109,-1
600,5743.1476,-1
601,5742.2771,-1
602,5738.2514,-1
603,5732.1370,-1
604,5729.7208,-1
605,5728.4563,-1
606,5725.0247,-1
607,5723.9063,-1
608,5723.5942,-1
609,5721.6444,-1
610,5721.5557,-1
611,5721.6961,-1
612,5721.4782,-1
613,5720.8240,-1
614,5721.5445,-1
615,5719.1582,-1
616,5717.4668,-1
617,5716.1391,-1
618,5714.9837,-1
619,5712.7542,-1
620,5712.1487,-1
621,5711.6206,-1
622,5711.2522,-1
623,5709.7042,-1
624,5707.6197,-1
625,5707.3855,-1
626,5708.1320,-1
627,5707.1550,-1
628,5706.5220,-1
629,5703.8763,-1
630,5702.1163,-1
631,5699.2497,-1
632,5698.5900,-1
633,5696.6290,-1
634,5694.4194,-1
635,5693.6646,-1
636,5687.6097,-1
637,5686.8899,-1
638,5689.3389,-1
639,5688.4482,-1
640,5688.1478,-1
641,5687.5293,-1
642,5686.5189,-1
643,5686.6457,-1
644,5686.5587,-1
645,5686.6424,-1
646,5686.8882,-1
647,5686.1579,-1
648,5684.9296,-1
649,5682.6735,-1
650,5681.0513,-1
651,5678.8445,-1
652,5675.6680,-1
653,5673.7194,-1
654,5672.5843,-1
655,5671.2959,-1
656,5669.6186,-1
657,5668.7379,-1
658,5666.8489,-1
659,5665.6296,-1
660,5663.5764,-1
661,5663.7003,-1
662,5661.9968,-1
663,5660.9025,-1
664,5660.4121,-1
665,5654.9242,-1
666,5654.1357,-1
667,5653.5447,-1
668,5652.8981,-1
669,5653.1463,-1
670,5652.4136,-1
671,5650.6534,-1
672,5648.9589,-1
673,5647.6767,-1
674,5650.2695,-1
675,5647.9659,-1
676,5645.7529,-1
677,5643.5697,-1
678,5642.8533,-1
679,5640.8610,-1
680,5639.3018,-1
681,5637.3017,-1
682,5636.7617,-1
683,5635.2208,-1
684,5633.3449,-1
685,5632.8752,-1
686,5631.2578,-1
687,5630.5075,-1
688,5630.5962,-1
689,5630.2438,-1
690,5629.9102,-1
691,5629.0445,-1
692,5626.0636,-1
693,5625.8786,-1
694,5625.5684,-1
695,5625.3848,-1
696,5624.5716,-1
697,5624.3489,-1
698,5624.2435,-1
699,5624.4252,-1
700,5624.5081,-1
701,5624.0036,-1
702,5623.8768,-1
703,5623.7540,-1
704,5622.9606,-1
705,5622.9138,-1
706,5618.0415,-1
707,5616.6604,-1
708,5616.5440,-1
709,5615.6635,-1
710,5614.9983,-1
711,5614.4252,-1
712,5613.2498,-1
713,5610.7566,-1
714,5610.3089,-1
715,5609.8075,-1
716,5609.3767,-1
717,5610.3985,-1
718,5610.2126,-1
719,5609.3967,-1
720,5609.0653,-1
721,5607.5082,-1
722,5606.7276,-1
723,5605.9892,-1
724,5605.1967,-1
725,5605.5686,-1
726,5605.6139,-1
727,5605.0916,-1
728,5605.0634,-1
729,5604.8670,-1
730,5604.6991,-1
731,5603.6766,-1
732,5603.5786,-1
733,5603.4744,-1
734,5602.8891,-1
735,5603.7076,-1
736,5603.2352,-1
737,5602.8023,-1
738,5602.5040,-1
739,5602.5853,-1
740,5602.9050,-1
741,5602.6440,-1
742,5602.6640,-1
743,5602.5949,-1
744,5602.4089,-1
745,5602.5221,-1
746,5602.4444,-1
747,5602.0818,-1
748,5601.4035,-1
749,5601.3472,-1
750,5600.7199,-1
751,5601.0890,-1
752,5600.7373,-1
753,5600.9603,-1
754,5600.1394,-1
755,5600.0395,-1
756,5599.3803,-1
757,5599.4537,-1
758,5599.7474,-1
759,5600.0431,-1
760,5599.9722,-1
761,5600.4143,-1
762,5598.3658,-1
763,5597.8916,-1
764,5597.6682,-1
765,5598.0723,-1
766,5883.7287,-1
767,5884.2347,-1
768,5883.7345,-1
769,5883.2679,-1
770,5882.6890,-1
771,5883.5487,-1
772,5882.9825,-1
773,5892.2961,-1
774,5891.7220,-1
775,5892.2155,-1
776,5893.2543,-1
777,5893.9250,-1
778,5894.3651,-1
779,5896.0464,-1
780,5896.5662,-1
781,5897.1853,-1
782,5896.6382,-1
783,5896.1182,-1
784,5895.3621,-1
785,5894.8238,-1
786,5894.3367,-1
787,5893.7254,-1
788,5893.1708,-1
789,5893.2462,-1
790,5892.7984,-1
791,5892.3867,-1
792,5891.8724,-1
793,5891.3012,-1
794,5890.9211,-1
795,5890.8951,-1
796,5890.9361,-1
797,5890.9905,-1
798,5890.5663,-1
799,5889.9968,-1
800,5889.5054,-1
801,5888.9663,-1
802,5888.3696,-1
803,5887.8407,-1
804,5887.2533,-1
805,5886.6971,-1
806,5886.1747,-1
807,5885.4148,-1
808,5884.8567,-1
809,5884.3520,-1
810,5883.8506,-1
811,5883.0192,-1
812,5882.5078,-1
813,5881.9766,-1
814,5881.4044,-1
815,5880.8031,-1
816,5881.2861,-1
817,5886.5116,-1
818,5907.3288,-1
819,5888.6366,-1
820,5818.4404,-1
821,5757.4530,-1
822,5701.5419,-1
823,5561.8594,-1
824,5657.8910,-1
825,5659.6515,-1
826,5660.7590,-1
827,5662.4050,-1
828,5662.3480,-1
829,5662.7026,-1
830,5662.6923,-1
831,5663.3976,-1
832,5669.4760,-1
833,5669.4047,-1
834,5668.9205,-1
835,5669.9722,-1
836,5669.5480,-1
837,5668.9911,-1
838,5667.9587,-1
839,5666.9135,-1
840,5669.0228,-1
841,5668.5839,-1
842,5668.0942,-1
843,5667.4123,-1
844,5667.3083,-1
845,5666.6613,-1
846,5666.0407,-1
847,5672.0634,-1
848,5672.2920,-1
849,5672.2901,-1
850,5672.7967,-1
851,5672.6525,-1
852,5673.6627,-1
853,5670.8758,-1
854,5671.7789,-1
855,5672.2910,-1
856,5672.4870,-1
857,5672.2779,-1
858,5672.2655,-1
859,5672.5633,-1
860,5672.2441,-1
861,5672.2622,-1
862,5672.3397,-1
863,5672.3189,-1
864,5672.2918,-1
865,5766.0782,-1
866,5766.1030,-1
867,5766.2008,-1
868,5766.7458,-1
869,5767.1072,-1
870,5767.7593,-1
871,5768.6508,-1
872,5769.0527,-1
873,5769.6154,-1
874,5770.0670,-1
875,5771.0423,-1
876,5771.2953,-1
877,5771.5557,-1
878,5768.5277,-1
879,5768.7941,-1
880,5768.8980,-1
881,5769.4488,-1
882,5769.6850,-1
883,5770.2453,-1
884,5770.6578,-1
885,5770.7727,-1
886,5770.9730,-1
887,5771.2283,-1
888,5771.7812,-1
889,5771.9290,-1
890,5771.8894,-1
891,5771.7953,-1
892,5768.1687,-1
893,5768.0757,-1
894,5768.0314,-1
895,5768.0731,-1
896,5768.0657,-1
897,5768.0449,-1
898,5768.2073,-1
899,5767.9613,-1
900,5767.6573,-1
901,5764.2884,-1
902,5764.3490,-1
903,5764.0569,-1
904,5763.9751,-1
905,5763.8607,-1
906,5764.0219,-1
907,5764.1513,-1
908,5764.2543,-1
909,5764.3597,-1
910,5764.2789,-1
911,5828.1853,-1
912,5827.6155,-1
913,5827.0257,-1
914,5826.5817,-1
915,5826.0794,-1
916,5825.6829,-1
917,5825.4945,-1
918,5825.5813,-1
919,5824.8975,-1
920,5826.0252,-1
921,5825.6326,-1
922,5825.0070,-1
923,5824.1563,-1
924,5823.6284,-1
925,5823.2205,-1
926,5822.8209,-1
927,5821.7022,-1
928,5816.8869,-1
929,5815.4178,-1
930,5814.5990,-1
931,5812.8355,-1
932,5812.0556,-1
933,5810.8668,-1
934,5810.2167,-1
935,5871.7537,-1
936,5871.6357,-1
937,5870.8632,-1
938,5854.4812,-1
939,5854.1977,-1
940,5854.4052,-1
941,5853.7014,-1
942,5853.2732,-1
943,5852.9022,-1
944,5852.7670,-1
945,5852.3633,-1
946,5851.8353,-1
947,5845.7146,-1
948,5845.3226,-1
949,5844.4045,-1
950,5843.3554,-1
951,5843.0288,-1
952,5843.2474,-1
953,5842.5715,-1
954,5842.9811,-1
955,5842.5238,-1
956,5842.0358,-1
957,5841.5704,-1
958,5841.1946,-1
959,5840.5333,-1
960,5839.6091,-1
961,5839.1566,-1
962,5837.9951,-1
963,5837.7731,-1
964,5837.2767,-1
965,5836.6055,-1
966,5836.7078,-1
967,5836.0503,-1
968,5834.6765,-1
969,5834.0635,-1
970,5832.3181,-1
971,5830.0333,-1
972,5828.4841,-1
973,5826.4279,-1
974,5825.6450,-1
975,5824.1346,-1
976,5823.0274,-1
977,5821.3804,-1
978,5819.5138,-1
979,5816.6764,-1
980,5814.2178,-1
981,5809.2468,-1
982,5912.7662,-1
983,5905.9091,-1
984,5903.2576,-1
985,5899.2209,-1
986,5898.8280,-1
987,5896.3583,-1
988,5895.2472,-1
989,5894.0215,-1
990,5891.3028,-1
991,5888.9599,-1
992,5887.2731,-1
993,5882.5076,-1
994,5879.4725,-1
995,5874.6567,-1
996,5873.0452,-1
997,5872.4794,-1
998,5875.9549,-1
999,5872.5011,-1
1000,5869.6446,-1
1001,5864.9521,-1
1002,5862.4098,-1
1003,5861.3727,-1
1004,5858.6421,-1
1005,5856.4816,-1
1006,5856.1442,-1
1007,5856.0612,-1
1008,5854.3739,-1
1009,5855.6082,-1
1010,5853.3986,-1
1011,5858.0956,-1
1012,5856.0045,-1
1013,5854.8744,-1
1014,5854.4869,-1
1015,5852.5155,-1
1016,5851.5885,-1
1017,5849.7992,-1
1018,5848.0153,-1
1019,5845.0837,-1
1020,5843.9689,-1
1021,5842.1590,-1
1022,5841.6507,-1
1023,5840.0340,-1
1024,5839.7329,-1
1025,5835.8145,-1
1026,5835.5854,-1
1027,5835.0048,-1
1028,5835.5372,-1
1029,5835.7842,-1
1030,5901.6259,-1
1031,5905.0009,-1
1032,5902.1327,-1
1033,5895.7357,-1
1034,5895.5493,-1
1035,5894.4151,-1
1036,5892.1626,-1
1037,5892.1144,-1
1038,5891.9752,-1
1039,5890.8379,-1
1040,5889.5504,-1
1041,5888.4110,-1
1042,5888.2756,-1
1043,5883.7759,-1
1044,5883.6038,-1
1045,5882.8502,-1
1046,5880.2197,-1
1047,5878.9608,-1
1048,5875.9165,-1
1049,5874.5265,-1
1050,5874.2013,-1
1051,5872.7851,-1
1052,5776.8822,-1
1053,5773.9782,-1
1054,5772.5043,-1
1055,5772.1496,-1
1056,5771.7910,-1
1057,5773.3939,-1
1058,5773.6077,-1
1059,5774.3137,-1
1060,5774.9517,-1
1061,5774.9252,-1
1062,5772.9993,-1
1063,5772.0280,-1
1064,5770.2506,-1
1065,5768.3957,-1
1066,5767.8885,-1
1067,5767.9820,-1
1068,5768.4848,-1
1069,5768.0168,-1
1070,5771.4808,-1
1071,5771.0197,-1
1072,5769.3300,-1
1073,5768.2827,-1
1074,5766.5050,-1
1075,5767.3154,-1
1076,5766.1216,-1
1077,5764.8582,-1
1078,5763.5267,-1
1079,5763.1192,-1
1080,5769.3272,-1
1081,5767.3349,-1
1082,5765.2729,-1
1083,5764.2803,-1
1084,5763.2868,-1
1085,5759.2626,-1
1086,5760.2334,-1
1087,5758.8542,-1
1088,5756.8552,-1
1089,5756.5141,-1
1090,5755.9576,-1
1091,5755.5962,-1
1092,5753.9935,-1
1093,5751.8740,-1
1094,5749.1765,-1
1095,5746.9058,-1
1096,5745.8589,-1
1097,5742.1236,-1
1098,5735.8861,-1
1099,5733.3133,-1
1100,5727.5584,-1
1101,5722.7793,-1
1102,5721.5006,-1
1103,5722.4333,-1
1104,5721.6537,-1
1105,5714.6780,-1
1106,5710.4909,-1
1107,5710.2301,-1
1108,5710.2928,-1
1109,5710.0687,-1
1110,5707.5286,-1
1111,5706.5961,-1
1112,5705.7493,-1
1113,5709.6069,-1
1114,5708.7772,-1
1115,5704.9468,-1
1116,5704.0637,-1
1117,5701.0159,-1
1118,5699.0254,-1
1119,5696.1064,-1
1120,5695.1225,-1
1121,5694.3669,-1
1122,5692.5004,-1
1123,5690.6261,-1
1124,5686.7335,-1
1125,5684.8750,-1
1126,5683.1353,-1
1127,5681.2303,-1
1128,5679.9552,-1
1129,5679.2092,-1
1130,5678.1898,-1
1131,5675.4975,-1
1132,5674.2923,-1
1133,5673.6124,-1
1134,5668.0140,-1
1135,5667.4094,-1
1136,5667.3617,-1
1137,5663.7285,-1
1138,5655.1344,-1
1139,5655.1497,-1
1140,5654.8924,-1
1141,5652.6916,-1
1142,5651.2046,-1
1143,5647.8868,-1
1144,5645.5469,-1
1145,5643.1592,-1
1146,5643.1186,-1
1147,5643.0051,-1
1148,5638.8888,-1
1149,5638.3646,-1
1150,5638.1552,-1
1151,5630.9383,-1
1152,5630.5542,-1
1153,5629.0421,-1
1154,5628.5338,-1
1155,5623.7903,-1
1156,5623.3783,-1
1157,5620.8701,-1
1158,5618.3498,-1
1159,5616.7560,-1
1160,5615.1583,-1
1161,5614.8407,-1
1162,5612.7882,-1
1163,5612.0059,-1
1164,5610.5392,-1
1165,5609.0305,-1
1166,5608.6051,-1
1167,5606.1313,-1
1168,5603.7924,-1
1169,5603.5404,-1
1170,5599.7419,-1
1171,5598.1295,-1
1172,5596.3578,-1
1173,5595.6681,-1
1174,5594.3096,-1
1175,5593.9944,-1
1176,5593.5438,-1
1177,5596.0937,-1
1178,5600.3094,-1
1179,5599.5243,-1
1180,5598.8884,-1
1181,5598.1469,-1
1182,5595.9711,-1
1183,5593.9415,-1
1184,5593.8463,-1
1185,5593.1962,-1
1186,5591.5246,-1
1187,5589.3221,-1
1188,5588.6257,-1
1189,5587.4243,-1
1190,5585.8078,-1
1191,5584.7187,-1
1192,5582.1803,-1
1193,5581.1343,-1
1194,5580.2913,-1
1195,5578.0251,-1
1196,5575.4461,-1
1197,5505.5604,-1
1198,5512.0919,-1
1199,5510.1063,-1
1200,5508.0090,-1
1201,5507.0608,-1
1202,5506.1347,-1
1203,5504.1790,-1
1204,5503.0277,-1
1205,5501.1332,-1
1206,5500.0343,-1
1207,5497.7791,-1
1208,5495.6224,-1
1209,5493.3116,-1
1210,5493.2077,-1
1211,5493.0174,-1
1212,5491.4863,-1
1213,5490.6192,-1
1214,5490.5553,-1
1215,5490.2129,-1
1216,5489.1975,-1
1217,5489.2509,-1
1218,5488.9550,-1
1219,5488.8425,-1
1220,5488.4877,-1
1221,5488.1101,-1
1222,5487.6597,-1
1223,5487.2904,-1
1224,5487.1299,-1
1225,5487.1006,-1
1226,5487.0226,-1
1227,5486.5863,-1
1228,5486.1398,-1
1229,5442.5852,-1
1230,5440.5286,-1
1231,5440.4845,-1
1232,5439.1177,-1
1233,5437.4809,-1
1234,5434.8657,-1
1235,5433.1193,-1
1236,5432.3745,-1
1237,5429.6050,-1
1238,5427.3963,-1
1239,5426.9717,-1
1240,5425.0603,-1
1241,5423.7750,-1
1242,5422.5113,-1
1243,5420.8236,-1
1244,5418.3652,-1
1245,5417.6855,-1
1246,5415.9470,-1
1247,5412.9465,-1
1248,5410.3665,-1
1249,5406.3756,-1
1250,5403.5048,-1
1251,5401.8195,-1
1252,5402.1521,-1
1253,5399.4913,-1
1254,5399.6840,-1
1255,5397.9907,-1
1256,5394.1841,-1
1257,5394.1638,-1
1258,5393.7213,-1
1259,5393.7986,-1
1260,5391.9344,-1
1261,5390.8288,-1
1262,5390.5826,-1
1263,5390.5196,-1
1264,5388.9463,-1
1265,5387.6259,-1
1266,5388.0756,-1
1267,5386.6448,-1
1268,5384.8953,-1
1269,5383.4743,-1
1270,5382.9019,-1
1271,5381.4590,-1
1272,5380.0530,-1
1273,5379.6599,-1
1274,5378.1874,-1
1275,5377.5706,-1
1276,5381.1173,-1
1277,5381.8626,-1
1278,5381.2666,-1
1279,5380.3880,-1
1280,5378.9179,-1
1281,5376.8446,-1
1282,5376.5972,-1
1283,5377.0905,-1
1284,5375.9050,-1
1285,5374.1753,-1
1286,5373.7462,-1
1287,5373.3761,-1
1288,5373.0304,-1
1289,5374.5151,-1
1290,5374.0599,-1
1291,5371.7370,-1
1292,5371.4654,-1
1293,5370.6234,-1
1294,5369.1597,-1
1295,5368.8867,-1
1296,5367.4510,-1
1297,5364.3613,-1
1298,5363.8494,-1
1299,5363.1718,-1
1300,5361.4762,-1
1301,5360.9509,-1
1302,5359.3652,-1
1303,5359.1475,-1
1304,5355.3588,-1
1305,5354.0595,-1
1306,5353.7166,-1
1307,5352.7963,-1
1308,5350.8236,-1
1309,5348.5723,-1
1310,5347.9178,-1
1311,5346.1313,-1
1312,5346.3407,-1
1313,5342.6952,-1
1314,5341.2230,-1
1315,5341.0270,-1
1316,5340.2498,-1
1317,5339.9050,-1
1318,5339.2153,-1
1319,5338.2075,-1
1320,5337.4109,-1
1321,5337.1544,-1
1322,5336.8547,-1
1323,5336.5877,-1
1324,5329.7148,-1
1325,5328.0108,-1
1326,5327.3742,-1
1327,5324.5006,-1
1328,5305.8298,-1
1329,5274.5154,-1
1330,5237.0441,-1
1331,5877.3899,-1
1332,5877.0204,-1
1333,5875.8843,-1
1334,5874.1863,-1
1335,5873.5478,-1
1336,5871.6187,-1
1337,5870.1625,-1
1338,5869.3440,-1
1339,5868.2876,-1
1340,5867.8839,-1
1341,5867.4970,-1
1342,5866.9364,-1
1343,5865.2587,-1
1344,5864.5709,-1
1345,5864.4044,-1
1346,5860.7533,-1
1347,5858.8028,-1
1348,5857.3270,-1
1349,5855.9887,-1
1350,5854.6271,-1
1351,5852.1984,-1
1352,5849.4518,-1
1353,5857.0721,-1
1354,5855.2022,-1
1355,5853.5631,-1
1356,5852.6757,-1
1357,5853.0467,-1
1358,5851.1677,-1
1359,5849.4494,-1
1360,5848.5727,-1
1361,5847.2979,-1
1362,5846.9615,-1
1363,5847.2183,-1
1364,5845.0823,-1
1365,5846.2651,-1
1366,5849.7550,-1
1367,5849.3404,-1
1368,5853.0941,-1
1369,5856.7445,-1
1370,5856.4956,-1
1371,5856.0393,-1
1372,5857.4586,-1
1373,5857.7564,-1
1374,5856.9422,-1
1375,5857.6055,-1
1376,5857.7547,-1
1377,5858.1941,-1
1378,5858.3999,-1
1379,5858.7406,-1
1380,5858.4054,-1
1381,5859.2582,-1
1382,5858.8967,-1
1383,5858.7174,-1
1384,5858.7568,-1
1385,5858.4538,-1
1386,5858.1882,-1
1387,5857.8680,-1
1388,5857.8331,-1
1389,5857.7282,-1
1390,5857.6219,-1
1391,5857.4443,-1
1392,5857.2052,-1
1393,5857.0306,-1
1394,5856.8850,-1
1395,5856.7870,-1
1396,5856.3130,-1
1397,5856.4920,-1
1398,5856.4367,-1
1399,5856.4353,-1
1400,5856.4730,-1
1401,5856.4363,-1
1402,5856.1420,-1
1403,5855.9654,-1
1404,5855.8846,-1
1405,5855.8216,-1
1406,5853.9045,-1
1407,5853.5755,-1
1408,5853.6210,-1
1409,5853.7135,-1
1410,5839.8719,-1
1411,5839.8218,-1
1412,5839.5169,-1
1413,5839.7002,-1
1414,5839.1771,-1
1415,5839.0148,-1
1416,5840.1129,-1
1417,5839.4988,-1
1418,5839.2687,-1
1419,5838.7957,-1
1420,5838.5184,-1
1421,5838.4778,-1
1422,5838.3360,-1
1423,5837.9552,-1
1424,5837.7490,-1
1425,5838.0949,-1
1426,5837.7531,-1
1427,5837.2054,-1
1428,5837.3702,-1
1429,5836.4866,-1
1430,5835.7482,-1
1431,5835.2730,-1
1432,5834.8713,-1
1433,5843.6747,-1
1434,5843.0293,-1
1435,5842.2668,-1
1436,5841.6142,-1
1437,5840.7252,-1
1438,5839.6978,-1
1439,5839.0675,-1
1440,5838.3222,-1
1441,5837.5816,-1
1442,5837.2014,-1
1443,5836.9355,-1
1444,5837.3413,-1
1445,5836.8766,-1
1446,5836.3988,-1
1447,5836.2372,-1
1448,5836.1094,-1
1449,5835.3748,-1
1450,5835.1560,-1
1451,5835.3562,-1
1452,5835.7160,-1
1453,5836.0593,-1
1454,5836.5390,-1
1455,5836.9207,-1
1456,5837.5306,-1
1457,5838.0764,-1
1458,5838.7492,-1
1459,5839.1495,-1
1460,5865.2675,-1
1461,7148.0365,-1
1462,7161.8738,-1
1463,7161.8524,-1
1464,7211.9021,-1
1465,7212.8296,-1
1466,7212.5521,-1
1467,7190.6297,-1
1468,7176.2991,-1
1469,7167.9096,-1
1470,7113.8287,-1
1471,7005.9001,-1
1472,6977.0839,-1
1473,6936.0864,-1
1474,6875.7064,-1
1475,6870.8205,-1
1476,6764.7753,-1
1477,6764.4839,-1
1478,6765.5671,-1
1479,6692.8477,-1
1480,6617.9516,-1
1481,6607.1351,-1
1482,6589.2189,-1
1483,6568.8767,-1
1484,6529.8631,-1
1485,6415.5045,-1
1486,6352.7365,-1
1487,6315.5847,-1
1488,6273.9043,-1
1489,6198.9436,-1
1490,7490.4077,-1
1491,7492.1172,-1
1492,7491.8637,-1
1493,7490.7141,-1
1494,7489.6479,-1
1495,7488.7412,-1
1496,7487.7834,-1
1497,7486.8271,-1
1498,7486.1155,-1
1499,7485.4212,-1
1500,7484.5295,-1
1501,7483.8226,-1
1502,7482.8029,-1
1503,7482.0211,-1
1504,7481.2853,-1
1505,7477.5052,-1
1506,7476.9659,-1
1507,7475.9085,-1
1508,7475.1689,-1
1509,7474.6151,-1
1510,7473.6543,-1
1511,7472.9900,-1
1512,7472.1341,-1
1513,7471.3643,-1
1514,7470.5906,-1
1515,7470.0117,-1
1516,7470.5548,-1
1517,7469.4192,-1
1518,7465.8525,-1
1519,7464.7346,-1
1520,7463.6407,-1
1521,7463.2759,-1
1522,7462.2269,-1
1523,7461.3936,-1
1524,7460.7909,-1
1525,7459.3353,-1
1526,7458.2226,-1
1527,7457.2172,-1
1528,7456.5229,-1
1529,7449.1081,-1
1530,7448.4394,-1
1531,7447.7839,-1
1532,7447.1118,-1
1533,7446.6178,-1
1534,7445.7519,-1
1535,7444.2992,-1
1536,7443.4435,-1
1537,7442.8890,-1
1538,7442.3606,-1
1539,7441.5119,-1
1540,7440.9771,-1
1541,7440.4259,-1
1542,7440.0947,-1
1543,7439.8689,-1
1544,7439.3427,-1
1545,7438.9145,-1
1546,7438.4389,-1
1547,7437.7737,-1
1548,7437.2799,-1
1549,7437.2716,-1
1550,7436.4951,-1
1551,7435.8041,-1
1552,7434.2186,-1
1553,7433.9499,-1
1554,7434.0570,-1
1555,7433.5485,-1
1556,7432.8296,-1
1557,7432.2612,-1
1558,7431.7780,-1
1559,7431.1054,-1
1560,7430.4934,-1
1561,7429.7886,-1
1562,7429.1308,-1
1563,7427.2554,-1
1564,7426.8363,-1
1565,7425.0214,-1
1566,7424.4690,-1
1567,7423.1286,-1
1568,7422.3850,-1
1569,7421.8631,-1
1570,7421.1221,-1
1571,7421.0634,-1
1572,7420.6553,-1
1573,7420.7032,-1
1574,7420.5720,-1
1575,7420.4428,-1
1576,7420.4428,-1
1577,7417.3031,-1
1578,7416.8577,-1
1579,7416.8019,-1
1580,7416.9030,-1
1581,7415.3705,-1
1582,7415.3237,-1
1583,7415.3266,-1
1584,7415.2505,-1
1585,7415.1983,-1
1586,7415.1177,-1
1587,7414.9518,-1
1588,7414.8552,-1
1589,7408.2217,-1
1590,7407.4767,-1
1591,7406.4612,-1
1592,7405.1404,-1
1593,7404.8471,-1
1594,7405.6184,-1
1595,7405.8418,-1
1596,7405.1313,-1
1597,7419.9450,-1
1598,7420.1748,-1
1599,7419.3976,-1
1600,7418.7686,-1
1601,7416.9028,-1
1602,7416.1732,-1
1603,7415.3600,-1
1604,7414.6709,-1
1605,7414.4928,-1
1606,7414.4552,-1
1607,7414.4053,-1
1608,7414.2859,-1
1609,7418.0310,-1
1610,7417.0132,-1
1611,7416.3144,-1
1612,7416.4464,-1
1613,7415.7405,-1
1614,7415.4325,-1
1615,7414.8836,-1
1616,7414.3441,-1
1617,7414.0136,-1
1618,7413.3699,-1
1619,7412.9708,-1
1620,7412.4420,-1
1621,7411.9396,-1
1622,7411.5365,-1
1623,7411.1743,-1
1624,7410.4347,-1
1625,7409.9326,-1
1626,7409.3757,-1
1627,7409.3187,-1
1628,7410.5113,-1
1629,7410.1484,-1
1630,7409.3814,-1
1631,7409.2267,-1
1632,7408.8292,-1
1633,7408.2859,-1
1634,7407.8698,-1
1635,7407.6514,-1
1636,7407.3248,-1
1637,7407.3615,-1
1638,7407.0230,-1
1639,7407.0692,-1
1640,7407.0320,-1
1641,7406.8396,-1
1642,7406.4043,-1
1643,7406.1060,-1
1644,7406.0543,-1
1645,7405.5915,-1
1646,7409.4582,-1
1647,7409.7009,-1
1648,7409.5032,-1
1649,7409.4222,-1
1650,7409.0631,-1
1651,7408.9496,-1
1652,7408.7892,-1
1653,7408.4713,-1
1654,7408.3557,-1
1655,7407.3985,-1
1656,7406.8174,-1
1657,7405.7779,-1
1658,7406.1880,-1
1659,7405.5784,-1
1660,7414.9406,-1
1661,7413.7666,-1
1662,7414.2485,-1
1663,7413.0802,-1
1664,7411.9067,-1
1665,7411.2723,-1
1666,7408.8016,-1
1667,7407.8064,-1
1668,7407.0389,-1
1669,7406.1315,-1
1670,7404.9516,-1
1671,7404.1793,-1
1672,7403.5697,-1
1673,7407.7227,-1
1674,7408.7429,-1
1675,7412.3204,-1
1676,7413.0983,-1
1677,7408.5126,-1
1678,7408.4675,-1
1679,7414.6609,-1
1680,7416.0326,-1
1681,7415.4632,-1
1682,7456.4943,-1
1683,7458.5917,-1
1684,7457.6645,-1
1685,7510.1640,-1
1686,7510.0036,-1
1687,7541.5027,-1
1688,7540.9546,-1
1689,7541.8158,-1
1690,7541.3976,-1
1691,7540.3910,-1
1692,7539.4135,-1
1693,7539.2399,-1
1694,7539.8211,-1
1695,7540.0529,-1
1696,7540.0794,-1
1697,7539.4998,-1
1698,7539.5536,-1
1699,7539.0174,-1
1700,7539.2916,-1
1701,7539.5288,-1
1702,7540.4842,-1
1703,7540.2534,-1
1704,7541.3814,-1
1705,7540.2818,-1
1706,7539.8719,-1
1707,7538.9349,-1
1708,7520.4690,-1
1709,7519.8176,-1
1710,7519.8030,-1
1711,7519.4380,-1
1712,7519.6643,-1
1713,7519.7136,-1
1714,7519.4132,-1
1715,7519.2721,-1
1716,7518.7058,-1
1717,7518.1153,-1
1718,7517.5993,-1
1719,7516.9780,-1
1720,7516.9461,-1
1721,7516.6066,-1
1722,7516.4611,-1
1723,7515.7809,-1
1724,7515.7335,-1
1725,7514.8666,-1
1726,7514.7049,-1
1727,7513.6058,-1
1728,7512.8417,-1
1729,7512.8515,-1
1730,7512.3398,-1
1731,7510.2420,-1
1732,7509.2916,-1
1733,7509.3977,-1
1734,7510.9689,-1
1735,7510.8268,-1
1736,7510.4315,-1
1737,7510.0467,-1
1738,7509.8510,-1
1739,7509.4202,-1
1740,7509.3074,-1
1741,7509.0730,-1
1742,7508.5378,-1
1743,7506.1255,-1
1744,7505.6412,-1
1745,7505.2402,-1
1746,7505.0941,-1
1747,7505.0743,-1
1748,7504.1099,-1
1749,7503.7541,-1
1750,7502.7218,-1
1751,7501.6181,-1
1752,7503.6385,-1
1753,7502.6424,-1
1754,7501.5335,-1
1755,7500.5136,-1
1756,7497.7803,-1
1757,7496.5930,-1
1758,7495.5082,-1
1759,7494.4575,-1
1760,7493.4418,-1
1761,7492.5072,-1
1762,7490.9253,-1
1763,7489.9693,-1
1764,7488.9917,-1
1765,7487.9045,-1
1766,7487.0734,-1
1767,7486.1505,-1
1768,7485.2726,-1
1769,7497.1609,-1
1770,7496.6948,-1
1771,7496.1240,-1
1772,7495.4896,-1
1773,7494.8976,-1
1774,7494.0960,-1
1775,7493.4344,-1
1776,7492.4276,-1
1777,7491.5688,-1
1778,7490.6702,-1
1779,7490.1543,-1
1780,7489.4662,-1
1781,7488.9719,-1
1782,7488.3969,-1
1783,7487.6177,-1
1784,7486.8460,-1
1785,7486.1279,-1
1786,7485.5566,-1
1787,7484.6523,-1
1788,7483.8769,-1
1789,7482.9082,-1
1790,7482.2955,-1
1791,7481.4177,-1
1792,7480.8431,-1
1793,7480.2215,-1
1794,7479.6047,-1
1795,7478.9147,-1
1796,7478.2033,-1
1797,7477.7083,-1
1798,7476.8567,-1
1799,7476.4709,-1
1800,7475.9908,-1
1801,7475.4171,-1
1802,7475.0564,-1
1803,7474.3321,-1
1804,7473.8493,-1
1805,7473.4097,-1
1806,7472.7197,-1
1807,7472.1837,-1
1808,7471.7112,-1
1809,7471.4050,-1
1810,7470.8939,-1
1811,7470.4409,-1
1812,7470.0840,-1
1813,7469.3604,-1
1814,7468.8349,-1
1815,7468.2586,-1
1816,7467.6068,-1
1817,7466.9511,-1
1818,7466.3503,-1
1819,7465.7683,-1
1820,7465.0779,-1
1821,7464.4449,-1
1822,7463.8972,-1
1823,7463.6896,-1
1824,7462.5659,-1
1825,7462.1069,-1
1826,7460.5429,-1
1827,7460.1128,-1
1828,7459.3599,-1
1829,7458.6785,-1
1830,7458.1416,-1
1831,7457.3784,-1
1832,7462.8394,-1
1833,7461.5092,-1
1834,7460.7992,-1
1835,7460.1681,-1
1836,7459.5449,-1
1837,7458.8399,-1
1838,7458.1709,-1
1839,7456.7106,-1
1840,7456.0807,-1
1841,7420.1102,-1
1842,7420.3601,-1
1843,7405.2615,-1
1844,7379.0119,-1
1845,7346.4544,-1
1846,7312.7964,-1
1847,7280.7899,-1
1848,7273.5088,-1
1849,7163.5320,-1
1850,7162.9343,-1
1851,7162.2953,-1
1852,7014.5872,-1
1853,7014.4055,-1
1854,6999.7585,-1
1855,7317.3852,0
1856,1668.5059,0
1857,32.9514,0
1858,30.9768,0
1859,37.5168,0
1860,37.4467,0
1861,40.7503,0
1862,33.6058,0
1863,43.5846,0
1864,52.3891,0
1865,44.7159,0
1866,50.6577,0
1867,44.5440,0
1868,38.7588,0
1869,33.6294,0
1870,33.8359,0
1871,35.1593,0
1872,37.0746,0
1873,41.3771,0
1874,34.6372,0
1875,36.2685,0
1876,24.8404,0
1877,39.4871,0
1878,32.2745,0
1879,40.0558,0
1880,44.0481,0
1881,36.0520,0
1882,40.0817,0
1883,38.6362,0
1884,41.5332,0
1885,33.8769,0
1886,40.5269,0
1887,31.3838,0
1888,28.8143,0
1889,31.4431,0
1890,27.6446,0
1891,41.2290,0
1892,38.9483,0
1893,31.0938,0
1894,41.4562,0
1895,47.8895,0
1896,39.9604,0
1897,42.2046,0
1898,26.6774,0
1899,29.8457,0
1900,32.4152,0
1901,47.3688,0
1902,49.0277,0
1903,38.1389,0
1904,33.8297,0
1905,33.8790,0
1906,30.1125,0
1907,40.3209,0
1908,30.6640,0
1909,41.0867,0
1910,29.0730,0
1911,33.5376,0
1912,39.9640,0
1913,43.1294,0
1914,38.2841,0
1915,45.4342,0
1916,36.5374,0
1917,46.1466,0
1918,38.7418,0
1919,48.0542,0
1920,38.5871,0
1921,29.7873,0
1922,21.2970,0
1923,26.3679,0
1924,22.1817,0
1925,30.7722,0
1926,31.7023,0
1927,30.3016,0
1928,32.3474,0
1929,33.7446,0
1930,40.7143,0
1931,30.4954,0
1932,21.8933,0
1933,35.8977,0
1934,36.8001,0
1935,36.3007,0
1936,32.9819,0
1937,38.0893,0
1938,45.7246,0
1939,36.1266,0
1940,32.7413,0
1941,32.2990,0
1942,29.9373,0
1943,35.3181,0
1944,26.8204,0
1945,31.3666,0
1946,37.9927,0
1947,31.8656,0
1948,25.0494,0
1949,35.8734,0
1950,35.0120,0
1951,30.2048,0
1952,35.9874,0
1953,41.8625,0
1954,34.4453,0
1955,37.5617,0
1956,40.5574,0
1957,47.3127,0
1958,41.0540,0
1959,49.1047,0
1960,50.5352,0
1961,43.7667,0
1962,40.1270,0
1963,30.8833,0
1964,34.2941,0
1965,30.8492,0
1966,28.2693,0
1967,38.4023,0
1968,36.3848,0
1969,42.0849,0
1970,36.2554,0
1971,29.3815,0
1972,35.4915,0
1973,33.1056,0
1974,26.9997,0
1975,30.8030,0
1976,35.6386,0
1977,42.2080,0
1978,31.7202,0
1979,28.0552,0
1980,37.1587,0
1981,33.7176,0
1982,27.4966,0
1983,24.2424,0
1984,28.5084,0
1985,34.9574,0
1986,31.1313,0
1987,41.9774,0
1988,37.3387,0
1989,31.3504,0
1990,27.4055,0
1991,25.3422,0
1992,22.5379,0
1993,28.6975,0
1994,40.4577,0
1995,36.2036,0
1996,29.4492,0
1997,31.4507,0
1998,32.9986,0
1999,50.5869,0
2000,48.6932,0
2001,37.5950,0
2002,26.0508,0
2003,24.0798,0
2004,31.3842,0
2005,45.8865,0
2006,38.0576,0
2007,33.0603,0
2008,32.2936,0
2009,38.8238,0
2010,25.5880,0
2011,29.6736,0
2012,34.5891,0
2013,39.2439,0
2014,23.0675,0
2015,30.5951,0
2016,29.9008,0
2017,43.0808,0
2018,43.2615,0
2019,30.6652,0
2020,28.2009,0
2021,31.9290,0
2022,28.1394,0
2023,31.1551,0
2024,43.7319,0
2025,35.4941,0
2026,43.4148,0
2027,36.7436,0
2028,35.8379,0
2029,40.9105,0
2030,28.2726,0
2031,25.5330,0
2032,29.7554,0
2033,44.1682,0
2034,35.0883,0
2035,34.7660,0
2036,45.8121,0
2037,45.4774,0
2038,33.5596,0
2039,34.7657,0
2040,37.1730,0
2041,29.1276,0
2042,35.1620,0
2043,31.2057,0
2044,39.3322,0
2045,32.2695,0
2046,26.2761,0
2047,31.7161,0
2048,29.5751,0
2049,23.5636,0
2050,34.7767,0
2051,39.4723,0
2052,36.6933,0
2053,32.7811,0
2054,45.2595,0
2055,42.6853,0
2056,26.4840,0
2057,36.7506,0
2058,35.3570,0
2059,36.5076,0
2060,38.5301,0
2061,32.0077,0
2062,27.4136,0
2063,35.7454,0
2064,49.0227,0
2065,43.0863,0
2066,42.3317,0
2067,41.9869,0
2068,34.1811,0
2069,32.3949,0
2070,36.5965,0
2071,37.9660,0
2072,35.1739,0
2073,29.4709,0
2074,38.8219,0
2075,32.4976,0
2076,22.9266,0
2077,40.9548,0
2078,44.7795,0
2079,37.8926,0
2080,35.0862,0
2081,36.2611,0
2082,27.3907,0
2083,29.4390,0
2084,39.4833,0
2085,35.7203,0
2086,35.7602,0
2087,37.4925,0
2088,38.6450,0
2089,31.0605,0
2090,32.1043,0
2091,25.0833,0
2092,33.2043,0
2093,33.7286,0
2094,30.8580,0
2095,51.8410,0
2096,34.8418,0
2097,28.6036,0
2098,25.0170,0
2099,39.3844,0
2100,37.3132,0
2101,58.9819,0
2102,41.3892,0
2103,28.3055,0
2104,26.4194,0
2105,24.2326,0
2106,28.0156,0
2107,31.1263,0
2108,35.3386,0
2109,35.9840,0
2110,37.0731,0
2111,25.3463,0
2112,38.3351,0
2113,39.5725,0
2114,43.6442,0
2115,53.5822,0
2116,38.1005,0
2117,36.1292,0
2118,25.5439,0
2119,29.1369,0
2120,33.7141,0
2121,26.1261,0
2122,23.8929,0
2123,37.5884,0
2124,37.8137,0
2125,42.4218,0
2126,33.5124,0
2127,35.5783,0
2128,27.3702,0
2129,24.1079,0
2130,36.8195,0
2131,39.2044,0
2132,28.6522,0
2133,26.9418,0
2134,38.7051,0
2135,31.6367,0
2136,35.6991,0
2137,36.4032,0
2138,35.0525,0
2139,30.1399,0
2140,26.6249,0
2141,33.5743,0
2142,40.1828,0
2143,42.9425,0
2144,33.7481,0
2145,33.0102,0
2146,33.7718,0
2147,25.8431,0
2148,31.0369,0
2149,39.0134,0
2150,37.1234,0
2151,29.1426,0
2152,27.5891,0
2153,27.4448,0
2154,44.4448,0
2155,36.7258,0
2156,30.3967,0
2157,34.4439,0
2158,29.6757,0
2159,28.2903,0
2160,28.3973,0
2161,32.6538,0
2162,23.1738,0
2163,34.4982,0
2164,37.4644,0
2165,38.1727,0
2166,41.6296,0
2167,35.0280,0
2168,31.1730,0
2169,39.2580,0
2170,37.3452,0
2171,28.6095,0
2172,25.7611,0
2173,37.3862,0
2174,40.1208,0
2175,33.5596,0
2176,29.2370,0
2177,25.3627,0
2178,27.3583,0
2179,25.9886,0
2180,22.3405,0
2181,26.4854,0
2182,33.8259,0
2183,34.4865,0
2184,32.0883,0
2185,47.5984,0
2186,35.7804,0
2187,38.5509,0
2188,35.5237,0
2189,33.4554,0
2190,32.8236,0
2191,39.5887,0
2192,34.8878,0
2193,34.9913,0
2194,35.2757,0
2195,34.2658,0
2196,39.1254,0
2197,37.4994,0
2198,40.6609,0
2199,41.2064,0
2200,34.3697,0
2201,34.2600,0
2202,38.0576,0
2203,30.6497,0
2204,30.5974,0
2205,31.0292,0
2206,45.3827,0
2207,41.3220,0
2208,35.2480,0
2209,31.4233,0
2210,24.9002,0
2211,32.3067,0
2212,36.3190,0
2213,41.2416,0
2214,36.2377,0
2215,38.7764,0
2216,40.4527,0
2217,37.1664,0
2218,31.7192,0
2219,28.1715,0
2220,38.1224,0
2221,29.1772,0
2222,36.5360,0
2223,29.6772,0
2224,30.4713,0
2225,43.0763,0
2226,41.5924,0
2227,38.2330,0
2228,38.5296,0
2229,36.9823,0
2230,32.9046,0
2231,42.8152,0
2232,36.9120,0
2233,38.7816,0
2234,39.7906,0
2235,32.4183,0
2236,33.2575,0
2237,41.5235,0
2238,29.5761,0
2239,27.9467,0
2240,32.2280,0
2241,35.7323,0
2242,33.3898,0
2243,40.7825,0
2244,41.8370,0
2245,37.3225,0
2246,37.5769,0
2247,28.5389,0
2248,35.0792,0
2249,36.4792,0
2250,38.5060,0
2251,32.5196,0
2252,34.3657,0
2253,45.1348,0
2254,40.2212,0
2255,28.7111,0
2256,40.0834,0
2257,48.0828,0
2258,43.7357,0
2259,35.3894,0
2260,43.0040,0
2261,60.2767,0
2262,51.6436,0
2263,38.5387,0
2264,28.9276,0
2265,40.2157,0
2266,35.9502,0
2267,26.8190,0
2268,33.8900,0
2269,42.4824,0
2270,28.0571,0
2271,35.1737,0
2272,33.7267,0
2273,35.2213,0
2274,37.2987,0
2275,31.7428,0
2276,31.5740,0
2277,35.4128,0
2278,34.5800,0
2279,30.1871,0
2280,40.6339,0
2281,24.7347,0
2282,37.0154,0
2283,36.9577,0
2284,41.0860,0
2285,42.9943,0
2286,45.8748,0
2287,37.8058,0
2288,28.7716,0
2289,30.3702,0
2290,21.4286,0
2291,31.0178,0
2292,28.5439,0
2293,37.4680,0
2294,33.0937,0
2295,42.8729,0
2296,39.8529,0
2297,52.3458,0
2298,31.6219,0
2299,33.2119,0
2300,45.9943,0
2301,40.8168,0
2302,37.6058,0
2303,33.7007,0
2304,40.7388,0
2305,50.7331,0
2306,42.5532,0
2307,40.2060,0
2308,34.0960,0
2309,33.5083,0
2310,29.3350,0
2311,24.9784,0
2312,27.6105,0
2313,31.6563,0
2314,30.1044,0
2315,29.1412,0
2316,25.6088,0
2317,27.8211,0
2318,41.6136,0
2319,33.3607,0
2320,25.5225,0
2321,38.4321,0
2322,35.7187,0
2323,31.4870,0
2324,45.0406,0
2325,31.7030,0
2326,26.6418,0
2327,33.3850,0
2328,33.9293,0
2329,35.0280,0
2330,25.7142,0
2331,31.7078,0
2332,24.6849,0
2333,32.8624,0
2334,31.3299,0
2335,37.1711,0
2336,41.2850,0
2337,35.2426,0
2338,31.2874,0
2339,31.2212,0
2340,51.3849,0
2341,28.3449,0
2342,56.4437,0
2343,29.3734,0
2344,38.1367,0
2345,36.5710,0
2346,36.3281,0
2347,40.0496,0
2348,42.4044,0
2349,35.3556,0
2350,28.9595,0
2351,35.4602,0
2352,28.8193,0
2353,35.8946,0
2354,37.6568,0
2355,38.1358,0
2356,35.5430,0
2357,34.8740,0
2358,35.8114,0
2359,42.2111,0
2360,43.2351,0
2361,35.2032,0
2362,32.3305,0
2363,31.4200,0
2364,32.6917,0
2365,32.6793,0
2366,24.6749,0
2367,27.5204,0
2368,34.7710,0
2369,41.4164,0
2370,36.7315,0
2371,34.2309,0
2372,33.9556,0
2373,45.8043,0
2374,37.6933,0
2375,24.0538,0
2376,24.9910,0
2377,24.1647,0
2378,34.2889,0
2379,26.3186,0
2380,57.4472,0
2381,39.1557,0
2382,58.4123,0
2383,31.7802,0
2384,41.0674,0
2385,44.1272,0
2386,35.8429,0
2387,36.8252,0
2388,34.3492,0
2389,31.6885,0
2390,37.5185,0
2391,44.0817,0
2392,40.0319,0
2393,33.9861,0
2394,47.0128,0
2395,38.4092,0
2396,39.3238,0
2397,29.1996,0
2398,28.6725,0
2399,36.1247,0
2400,33.5240,0
2401,33.4661,0
2402,32.0008,0
2403,41.4701,0
2404,35.7361,0
2405,25.7254,0
2406,34.0221,0
2407,34.5302,0
2408,35.2814,0
2409,40.1816,0
2410,38.8696,0
2411,45.4082,0
2412,35.6259,0
2413,34.5688,0
2414,42.5076,0
2415,43.7796,0
2416,43.7729,0
2417,49.3767,0
2418,31.7225,0
2419,28.7561,0
2420,31.8065,0
2421,34.0102,0
2422,36.9661,0
2423,38.2948,0
2424,29.9723,0
2425,31.6815,0
2426,29.2797,0
2427,31.2514,0
2428,29.2051,0
2429,28.3530,0
2430,26.0437,0
2431,30.7941,0
2432,28.4226,0
2433,32.9471,0
2434,40.7231,0
2435,32.9602,0
2436,51.3902,0
2437,45.7318,0
2438,27.7829,0
2439,33.7193,0
2440,25.3389,0
2441,27.8661,0
2442,34.8537,0
2443,30.1166,0
2444,28.6105,0
2445,26.9685,0
2446,31.9896,0
2447,27.8909,0
2448,35.4953,0
2449,44.5788,0
2450,37.4029,0
2451,46.1769,0
2452,50.1990,0
2453,34.3263,0
2454,47.1811,0
2455,40.9448,0
2456,50.9362,0
2457,40.4491,0
2458,37.5605,0
2459,42.7265,0
2460,37.1602,0
2461,28.2493,0
2462,25.4831,0
2463,27.0233,0
2464,30.1640,0
2465,36.5927,0
2466,29.5303,0
2467,32.6540,0
2468,41.1756,0
2469,34.5740,0
2470,24.2050,0
2471,29.3479,0
2472,40.5693,0
2473,50.4801,0
2474,45.6901,0
2475,47.2248,0
2476,43.0984,0
2477,41.1592,0
2478,33.6013,0
2479,39.1848,0
2480,31.8344,0
2481,31.7087,0
2482,27.5762,0
2483,31.4121,0
2484,32.7396,0
2485,33.9434,0
2486,32.2516,0
2487,25.3537,0
2488,25.7850,0
2489,31.2297,0
2490,28.9207,0
2491,33.7050,0
2492,36.6802,0
2493,52.6505,0
2494,39.8083,0
2495,38.4614,0
2496,32.9368,0
2497,34.9324,0
2498,30.0360,0
2499,33.3910,0
2500,32.5012,0
2501,30.7434,0
2502,34.5962,0
2503,40.5118,0
2504,32.7971,0
2505,30.5684,0
2506,45.6452,0
2507,33.5865,0
2508,37.0023,0
2509,37.2880,0
2510,34.2431,0
2511,35.1064,0
2512,38.0435,0
2513,53.8020,0
2514,45.3296,0
2515,51.7724,0
2516,27.8378,0
2517,29.7203,0
2518,35.3291,0
2519,28.7614,0
2520,30.8008,0
2521,28.1651,0
2522,27.0920,0
2523,26.0072,0
2524,22.2685,0
2525,32.7137,0
2526,31.5075,0
2527,37.1382,0
2528,34.5669,0
2529,40.3926,0
2530,29.6345,0
2531,34.4396,0
2532,37.8065,0
2533,59.8297,0
2534,49.7155,0
2535,41.6918,0
2536,33.1185,0
2537,34.5995,0
2538,36.3083,0
2539,36.6409,0
2540,38.1141,0
2541,28.8453,0
2542,23.1035,0
2543,28.1472,0
2544,21.2541,0
2545,24.3690,0
2546,22.9273,0
2547,32.5167,0
2548,29.1641,0
2549,37.4851,0
2550,43.7260,0
2551,31.8365,0
2552,53.8142,0
2553,57.4841,0
2554,42.1586,0
2555,35.6755,0
2556,30.1514,0
2557,29.1612,0
2558,32.5572,0
2559,30.8869,0
2560,40.9811,0
2561,41.4784,0
2562,38.3615,0
2563,29.9428,0
2564,24.8413,0
2565,25.1100,0
2566,25.4917,0
2567,37.7557,0
2568,37.2770,0
2569,24.6713,0
2570,63.1535,0
2571,41.9736,0
2572,31.9991,0
2573,34.4930,0
2574,39.6204,0
2575,26.1519,0
2576,30.5400,0
2577,32.8956,0
2578,37.1168,0
2579,36.4027,0
2580,37.7707,0
2581,43.2255,0
2582,35.8205,0
2583,34.8260,0
2584,48.0094,0
2585,42.6426,0
2586,36.3960,0
2587,47.5008,0
2588,62.0489,0
2589,53.6461,0
2590,45.4698,0
2591,34.9181,0
2592,34.8845,0
2593,38.3835,0
2594,32.6653,0
2595,29.2578,0
2596,44.1370,0
2597,51.2400,0
2598,39.2368,0
2599,39.8743,0
2600,41.7562,0
2601,48.4858,0
2602,42.6922,0
2603,42.4013,0
2604,57.9336,0
2605,57.3308,0
2606,39.7794,0
2607,21.2462,0
2608,29.0651,0
2609,37.8015,0
2610,31.6844,0
2611,39.3670,0
2612,47.8766,0
2613,47.3809,0
2614,49.2775,0
2615,45.0053,0
2616,36.8481,0
2617,34.5595,0
2618,35.2044,0
2619,39.8498,0
2620,30.3619,0
2621,31.5526,0
2622,44.0373,0
2623,43.7968,0
2624,35.6472,0
2625,35.9511,0
2626,34.2746,0
2627,37.0200,0
2628,35.8741,0
2629,34.2090,0
2630,34.8122,0
2631,39.1133,0
2632,34.8239,0
2633,27.2253,0
2634,32.6324,0
2635,34.9751,0
2636,36.4251,0
2637,30.6153,0
2638,33.4482,0
2639,38.2066,0
2640,42.9265,0
2641,59.8004,0
2642,56.3250,0
2643,36.7725,0
2644,32.4223,0
2645,36.7529,0
2646,49.1164,0
2647,49.2394,0
2648,40.7929,0
2649,36.2668,0
2650,33.8521,0
2651,37.7271,0
2652,33.8004,0
2653,34.4810,0
2654,46.7851,0
2655,35.5957,0
2656,28.4684,0
2657,32.5825,0
2658,32.5346,0
2659,51.5263,0
2660,69.5002,0
2661,51.2464,0
2662,39.2032,0
2663,46.8059,0
2664,39.8047,0
2665,29.4425,0
2666,26.0401,0
2667,29.9947,0
2668,51.9681,0
2669,42.5270,0
2670,41.7790,0
2671,32.4502,0
2672,40.8542,0
2673,31.7562,0
2674,32.3853,0
2675,66.5939,0
2676,54.0543,0
2677,38.7025,0
2678,39.7763,0
2679,40.0188,0
2680,35.3515,0
2681,40.4029,0
2682,34.8582,0
2683,24.8139,0
2684,29.4383,0
2685,32.3563,0
2686,38.1784,0
2687,38.2147,0
2688,44.1065,0
2689,50.1730,0
2690,47.8742,0
2691,43.3209,0
2692,49.0069,0
2693,57.0199,0
2694,37.9415,0
2695,38.3770,0
2696,35.0692,0
2697,37.7769,0
2698,30.2930,0
2699,30.4122,0
2700,34.1587,0
2701,31.4031,0
2702,26.5021,0
2703,27.2274,0
2704,30.5159,0
2705,30.3035,0
2706,32.7246,0
2707,32.6796,0
2708,23.3741,0
2709,36.3200,0
2710,48.1389,0
2711,55.4299,0
2712,57.9724,0
2713,43.8786,0
2714,33.7100,0
2715,40.7050,0
2716,36.4633,0
2717,32.5758,0
2718,33.5011,0
2719,40.0088,0
2720,43.1015,0
2721,50.8046,0
2722,44.6360,0
2723,31.9633,0
2724,38.5232,0
2725,45.2015,0
2726,46.6266,0
2727,45.3506,0
2728,40.5834,0
2729,41.8279,0
2730,47.5152,0
2731,38.8637,0
2732,31.8992,0
2733,39.4931,0
2734,38.7106,0
2735,39.1760,0
2736,40.5405,0
2737,38.2433,0
2738,29.8800,0
2739,35.6483,0
2740,35.2201,0
2741,48.3692,0
2742,43.7572,0
2743,42.7604,0
2744,38.2152,0
2745,44.8170,0
2746,32.9123,0
2747,33.1202,0
2748,38.4529,0
2749,29.2833,0
2750,36.2780,0
2751,40.8208,0
2752,30.4232,0
2753,39.2089,0
2754,35.4161,0
2755,42.6447,0
2756,33.4911,0
2757,32.5155,0
2758,39.9039,0
2759,36.4597,0
2760,36.6101,0
2761,41.3742,0
2762,58.6672,0
2763,47.4544,0
2764,39.8264,0
2765,32.8128,0
2766,37.5812,0
2767,43.1705,0
2768,37.2620,0
2769,30.8673,0
2770,30.3526,0
2771,26.6755,0
2772,23.8147,0
2773,26.5398,0
2774,32.3803,0
2775,33.8142,0
2776,37.2331,0
2777,33.8707,0
2778,30.0014,0
2779,39.2125,0
2780,38.6617,0
2781,54.3218,0
2782,65.3782,0
2783,56.2098,0
2784,42.4380,0
2785,45.6550,0
2786,46.7715,0
2787,36.5887,0
2788,45.2130,0
2789,42.8073,0
2790,51.4777,0
2791,36.7775,0
2792,40.1151,0
2793,34.1849,0
2794,38.0263,0
2795,36.2880,0
2796,33.8714,0
2797,46.8898,0
2798,43.6480,0
2799,44.6298,0
2800,33.5395,0
2801,37.1585,0
2802,36.0699,0
2803,32.3594,0
2804,38.6963,0
2805,34.5759,0
2806,48.2519,0
2807,39.2220,0
2808,30.8611,0
2809,34.8806,0
2810,33.9985,0
2811,34.6808,0
2812,32.3408,0
2813,26.9964,0
2814,25.2163,0
2815,43.6256,0
2816,52.0308,0
2817,42.7208,0
2818,39.1676,0
2819,36.3710,0
2820,48.1775,0
2821,41.0697,0
2822,33.2766,0
2823,40.2420,0
2824,28.5318,0
2825,32.6173,0
2826,38.6298,0
2827,33.1273,0
2828,40.1120,0
2829,42.1393,0
2830,42.4147,0
2831,46.5319,0
2832,43.7770,0
2833,44.4763,0
2834,42.4762,0
2835,46.2334,0
2836,48.7061,0
2837,38.6226,0
2838,40.8633,0
2839,38.6572,0
2840,23.3109,0
2841,43.9656,0
2842,47.3034,0
2843,40.2994,0
2844,33.7493,0
2845,34.2200,0
2846,39.0520,0
2847,34.9641,0
2848,30.3597,0
2849,36.2544,0
2850,46.9556,0
2851,50.5788,0
2852,44.1415,0
2853,50.3201,0
2854,40.4041,0
2855,27.4627,0
2856,28.7387,0
2857,32.6722,0
2858,33.4079,0
2859,30.9458,0
2860,29.0918,0
2861,30.6363,0
2862,36.8938,0
2863,34.6775,0
2864,37.9362,0
2865,32.0346,0
2866,34.9352,0
2867,31.5351,0
2868,26.2592,0
2869,35.1102,0
2870,40.6671,0
2871,57.1713,0
2872,43.5536,0
2873,42.1491,0
2874,39.2368,0
2875,42.7816,0
2876,57.9913,0
2877,33.0067,0
2878,23.2899,0
2879,26.8826,0
2880,26.1891,0
2881,27.3967,0
2882,40.3218,0
2883,41.6899,0
2884,45.5558,0
2885,45.8169,0
2886,48.6174,0
2887,54.5254,0
2888,47.5678,0
2889,43.5579,0
2890,45.1186,0
2891,38.1269,0
2892,47.2283,0
2893,39.2082,0
2894,36.4857,0
2895,37.9179,0
2896,43.8042,0
2897,43.4747,0
2898,32.1410,0
2899,29.3024,0
2900,40.1571,0
2901,45.3424,0
2902,40.3268,0
2903,35.0337,0
2904,35.1143,0
2905,26.0870,0
2906,34.8034,0
2907,36.3412,0
2908,30.3538,0
2909,36.7167,0
2910,27.5073,0
2911,31.7581,0
2912,40.3697,0
2913,41.1842,0
2914,37.9386,0
2915,42.1653,0
2916,37.4246,0
2917,37.6070,0
2918,51.5273,0
2919,42.0110,0
2920,46.3693,0
2921,49.1655,0
2922,57.1699,0
2923,40.6260,0
2924,43.6192,0
2925,36.6411,0
2926,36.7665,0
2927,38.4002,0
2928,39.9723,0
2929,40.2308,0
2930,36.8469,0
2931,37.0855,0
2932,27.2489,0
2933,27.6206,0
2934,32.7954,0
2935,30.8793,0
2936,36.5024,0
2937,38.8536,0
2938,32.4340,0
2939,29.8071,0
2940,55.8856,0
2941,54.6203,0
2942,45.8755,0
2943,41.5654,0
2944,34.5306,0
2945,43.3538,0
2946,46.1388,0
2947,68.0439,0
2948,47.3437,0
2949,33.9193,0
2950,33.4837,0
2951,32.3417,0
2952,35.6164,0
2953,31.7674,0
2954,40.9007,0
2955,46.3037,0
2956,33.8421,0
2957,49.0990,0
2958,51.2810,0
2959,42.5456,0
2960,42.4380,0
2961,37.3714,0
2962,35.1231,0
2963,33.3345,0
2964,29.0585,0
2965,34.8935,0
2966,42.2122,0
2967,39.2637,0
2968,36.8090,0
2969,37.8087,0
2970,37.4582,0
2971,33.4074,0
2972,32.2070,0
2973,36.2999,0
2974,29.1207,0
2975,44.1184,0
2976,47.6193,0
2977,46.5424,0
2978,36.6316,0
2979,38.3718,0
2980,38.1520,0
2981,37.9543,0
2982,29.9733,0
2983,39.3565,0
2984,34.8628,0
2985,41.1005,0
2986,39.5677,0
2987,36.1078,0
2988,39.4793,0
2989,36.0198,0
2990,47.2052,0
2991,41.0581,0
2992,34.5724,0
2993,36.7546,0
2994,28.0855,0
2995,26.1793,0
2996,31.8632,0
2997,34.9922,0
2998,41.2502,0
2999,35.6293,0
3000,45.1233,0
3001,43.9901,0
3002,43.9148,0
3003,45.5184,0
3004,33.1361,0
3005,24.2941,0
3006,27.8368,0
3007,31.8291,0
3008,27.9937,0
3009,38.0161,0
3010,51.0027,0
3011,39.1102,0
3012,32.7520,0
3013,34.0207,0
3014,37.3638,0
3015,31.6215,0
3016,27.7989,0
3017,28.7764,0
3018,35.2724,0
3019,36.1407,0
3020,37.5984,0
3021,33.4432,0
3022,36.5276,0
3023,39.1943,0
3024,37.4990,0
3025,34.8964,0
3026,35.2242,0
3027,57.0545,0
3028,62.0425,0
3029,58.7463,0
3030,54.9614,0
3031,50.9691,0
3032,37.7164,0
3033,30.2553,0
3034,45.0912,0
3035,46.8040,0
3036,42.1062,0
3037,38.6891,0
3038,30.9196,0
3039,27.9462,0
3040,34.8022,0
3041,44.2438,0
3042,44.8511,0
3043,35.2678,0
3044,38.1041,0
3045,58.6042,0
3046,58.2621,0
3047,37.4188,0
3048,40.6301,0
3049,42.1848,0
3050,40.8146,0
3051,43.0684,0
3052,39.7651,0
3053,38.2051,0
3054,43.5965,0
3055,39.8057,0
3056,36.5667,0
3057,48.4364,0
3058,54.0352,0
3059,42.6786,0
3060,33.3622,0
3061,47.6871,0
3062,57.4636,0
3063,51.6286,0
3064,50.1304,0
3065,33.6528,0
3066,38.5609,0
3067,36.1803,0
3068,33.5112,0
3069,32.6858,0
3070,35.4748,0
3071,29.9253,0
3072,53.1142,0
3073,38.6510,0
3074,34.4689,0
3075,37.0994,0
3076,42.5599,0
3077,41.2738,0
3078,29.4583,0
3079,57.3461,0
3080,40.7567,0
3081,43.7236,0
3082,42.5911,0
3083,28.4846,0
3084,32.1994,0
3085,42.1703,0
3086,40.5960,0
3087,35.0327,0
3088,29.1789,0
3089,42.9034,0
3090,38.4486,0
3091,36.5512,0
3092,37.0765,0
3093,42.5220,0
3094,33.2172,0
3095,47.9496,0
3096,42.8264,0
3097,30.1280,0
3098,41.3837,0
3099,40.1282,0
3100,42.0549,0
3101,39.7491,0
3102,41.0273,0
3103,40.4527,0
3104,38.0564,0
3105,39.4490,0
3106,36.8185,0
3107,35.8555,0
3108,34.2026,0
3109,29.5255,0
3110,33.9689,0
3111,28.8234,0
3112,48.3978,0
3113,54.4639,0
3114,47.6232,0
3115,43.3457,0
3116,43.4182,0
3117,38.8591,0
3118,38.3713,0
3119,35.7585,0
3120,41.5328,0
3121,49.6349,0
3122,48.8479,0
3123,41.6272,0
3124,46.7482,0
3125,38.2073,0
3126,40.2200,0
3127,39.1335,0
3128,44.0984,0
3129,52.5980,0
3130,55.9382,0
3131,37.9431,0
3132,37.0457,0
3133,35.3982,0
3134,35.9242,0
3135,39.2601,0
3136,39.7587,0
3137,30.8149,0
3138,26.6805,0
3139,21.1358,0
3140,23.9642,0
3141,34.2844,0
3142,33.2065,0
3143,40.9181,0
3144,36.3462,0
3145,44.1680,0
3146,53.5398,0
3147,55.3045,0
3148,35.9259,0
3149,38.9013,0
3150,36.0510,0
3151,29.6407,0
3152,39.2005,0
3153,40.9212,0
3154,26.4094,0
3155,34.4391,0
3156,37.2846,0
3157,35.8434,0
3158,32.8679,0
3159,32.0876,0
3160,35.3396,0
3161,37.8535,0
3162,33.9513,0
3163,33.1905,0
3164,43.3204,0
3165,41.3580,0
3166,39.9399,0
3167,43.3061,0
3168,41.6036,0
3169,39.4504,0
3170,39.4721,0
3171,33.0710,0
3172,35.0749,0
3173,34.4534,0
3174,31.9321,0
3175,29.9935,0
3176,32.2380,0
3177,22.3985,0
3178,39.3672,0
3179,29.7236,0
3180,27.0250,0
3181,30.7426,0
3182,37.0691,0
3183,50.1988,0
3184,42.3687,0
3185,52.2659,0
3186,46.2301,0
3187,29.7990,0
3188,36.4597,0
3189,35.5003,0
3190,29.8140,0
3191,36.3410,0
3192,50.9679,0
3193,41.7535,0
3194,35.7985,0
3195,48.2924,0
3196,38.1722,0
3197,35.3436,0
3198,41.8434,0
3199,29.8848,0
3200,35.8522,0
3201,54.6927,0
3202,78.6004,0
3203,55.4280,0
3204,37.6482,0
3205,34.7054,0
3206,41.5800,0
3207,41.3511,0
3208,36.9174,0
3209,26.3572,0
3210,24.1749,0
3211,28.4300,0
3212,33.8213,0
3213,32.1708,0
3214,36.2442,0
3215,35.6331,0
3216,38.0492,0
3217,37.2245,0
3218,39.1953,0
3219,43.2196,0
3220,62.6349,0
3221,49.4246,0
3222,45.3396,0
3223,32.5646,0
3224,45.3985,0
3225,46.3209,0
3226,39.5615,0
3227,32.7904,0
3228,38.0154,0
3229,30.4809,0
3230,39.1784,0
3231,46.8838,0
3232,37.0109,0
3233,33.8526,0
3234,36.2506,0
3235,35.3620,0
3236,49.3329,0
3237,41.6110,0
3238,46.5064,0
3239,36.4923,0
3240,42.0883,0
3241,35.4671,0
3242,27.6053,0
3243,41.2717,0
3244,43.7768,0
3245,41.4264,0
3246,44.2991,0
3247,35.2325,0
3248,42.9337,0
3249,36.6392,0
3250,39.3317,0
3251,40.3347,0
3252,35.8911,0
3253,28.9583,0
3254,36.4480,0
3255,40.7181,0
3256,49.2945,0
3257,48.5592,0
3258,42.7830,0
3259,38.7185,0
3260,37.9803,0
3261,42.8143,0
3262,39.4626,0
3263,37.5941,0
3264,37.1649,0
3265,44.8484,0
3266,42.4972,0
3267,46.9105,0
3268,37.1916,0
3269,36.4761,0
3270,50.0486,0
3271,53.5016,0
3272,40.3340,0
3273,34.1668,0
3274,41.1487,0
3275,57.6377,0
3276,38.9988,0
3277,40.3779,0
3278,39.1626,0
3279,31.4343,0
3280,36.9236,0
3281,34.7145,0
3282,36.2260,0
3283,35.2752,0
3284,33.0048,0
3285,32.1634,0
3286,35.0542,0
3287,35.3618,0
3288,32.7818,0
3289,29.3417,0
3290,35.9244,0
3291,49.2120,0
3292,49.4742,0
3293,51.0545,0
3294,35.3510,0
3295,41.8625,0
3296,41.0221,0
3297,33.0522,0
3298,45.8975,0
3299,49.2971,0
3300,42.2349,0
3301,54.7309,0
3302,44.3664,0
3303,35.5294,0
3304,45.9073,0
3305,44.3852,0
3306,54.5785,0
3307,45.4528,0
3308,40.3225,0
3309,62.5591,0
3310,40.6206,0
3311,29.3853,0
3312,37.8489,0
3313,32.1336,0
3314,30.5662,0
3315,41.5111,0
3316,44.8465,0
3317,30.0543,0
3318,26.5162,0
3319,36.2697,0
3320,32.2702,0
3321,38.0733,0
3322,40.9932,0
3323,42.1906,0
3324,48.2905,0
3325,41.1997,0
3326,47.6561,0
3327,50.7774,0
3328,56.2205,0
3329,37.2519,0
3330,44.6012,0
3331,43.0388,0
3332,51.7180,0
3333,38.3270,0
3334,33.9899,0
3335,46.6032,0
3336,39.5617,0
3337,29.2487,0
3338,47.1711,0
3339,33.5681,0
3340,24.4224,0
3341,43.6645,0
3342,42.9943,0
3343,36.3872,0
3344,38.6629,0
3345,40.8108,0
3346,37.0662,0
3347,25.2869,0
3348,41.4996,0
3349,43.4158,0
3350,43.4630,0
3351,37.6935,0
3352,34.1947,0
3353,39.9494,0
3354,51.6903,0
3355,49.8419,0
3356,39.0813,0
3357,37.8482,0
3358,45.7866,0
3359,51.0137,0
3360,42.1610,0
3361,40.0262,0
3362,46.0396,0
3363,36.5009,0
3364,28.6305,0
3365,48.4052,0
3366,37.2400,0
3367,35.0411,0
3368,33.2007,0
3369,33.9036,0
3370,35.9297,0
3371,24.9836,0
3372,33.7052,0
3373,42.1562,0
3374,38.2996,0
3375,40.2389,0
3376,42.2702,0
3377,58.1353,0
3378,48.2037,0
3379,37.8294,0
3380,35.9657,0
3381,37.6682,0
3382,34.4272,0
3383,42.0046,0
3384,36.1040,0
3385,34.1752,0
3386,32.8212,0
3387,29.4511,0
3388,41.4746,0
3389,51.0507,0
3390,53.6966,0
3391,34.8718,0
3392,47.3671,0
3393,32.4435,0
3394,48.4605,0
3395,45.1086,0
3396,41.2195,0
3397,34.2429,0
3398,37.2393,0
3399,203.6116,0
3400,186.9853,0
3401,31.4443,0
3402,37.7517,0
3403,39.6998,0
3404,45.5036,0
3405,38.4831,0
3406,39.1870,0
3407,57.0796,0
3408,51.6224,0
3409,49.3205,0
3410,47.2565,0
3411,42.5460,0
3412,34.3630,0
3413,36.0906,0
3414,31.8131,0
3415,31.0395,0
3416,32.9549,0
3417,35.2457,0
3418,38.6021,0
3419,40.7462,0
3420,47.9980,0
3421,41.7912,0
3422,26.3202,0
3423,32.1169,0
3424,40.3764,0
3425,31.5220,0
3426,38.1126,0
3427,45.4950,0
3428,34.6761,0
3429,36.1848,0
3430,35.8288,0
3431,40.7860,0
3432,44.1425,0
3433,41.4822,0
3434,36.3677,0
3435,45.2981,0
3436,47.4696,0
3437,44.8046,0
3438,42.3729,0
3439,27.8654,0
3440,37.9958,0
3441,44.6560,0
3442,37.0293,0
3443,38.6157,0
3444,50.7114,0
3445,48.8241,0
3446,36.8185,0
3447,30.1652,0
3448,35.9881,0
3449,35.5093,0
3450,34.1043,0
3451,38.1787,0
3452,34.9534,0
3453,32.1622,0
3454,30.5531,0
3455,29.1493,0
3456,43.6158,0
3457,50.7987,0
3458,53.1619,0
3459,54.2142,0
3460,55.3877,0
3461,51.1684,0
3462,49.1745,0
3463,44.9154,0
3464,33.8631,0
3465,33.9928,0
3466,40.6451,0
3467,34.8272,0
3468,43.2336,0
3469,35.6274,0
3470,42.2227,0
3471,46.8564,0
3472,43.6177,0
3473,40.8936,0
3474,40.4439,0
3475,41.0864,0
3476,44.4641,0
3477,39.8202,0
3478,39.9153,0
3479,47.1601,0
3480,41.7202,0
3481,48.1830,0
3482,36.1595,0
3483,35.0919,0
3484,31.1685,0
3485,22.6369,0
3486,36.7596,0
3487,46.9372,0
3488,46.1895,0
3489,43.1736,0
3490,45.4550,0
3491,48.8842,0
3492,32.0585,0
3493,38.6863,0
3494,39.9318,0
3495,36.9635,0
3496,29.6936,0
3497,38.4483,0
3498,48.7761,0
3499,41.7378,0
3500,38.5411,0
3501,36.8903,0
3502,36.3822,0
3503,30.3562,0
3504,31.0946,0
3505,31.6739,0
3506,30.0107,0
3507,37.6320,0
3508,31.9848,0
3509,43.8399,0
3510,38.5351,0
3511,43.3736,0
3512,35.0218,0
3513,24.2157,0
3514,27.6172,0
3515,35.9807,0
3516,45.2821,0
3517,52.1510,0
3518,46.7718,0
3519,30.7541,0
3520,34.9627,0
3521,36.4940,0
3522,39.1006,0
3523,28.9795,0
3524,31.6203,0
3525,31.0667,0
3526,40.9641,0
3527,56.9715,0
3528,55.6905,0
3529,30.3035,0
3530,30.9818,0
3531,31.9426,0
3532,36.7687,0
3533,35.4667,0
3534,50.9217,0
3535,46.8864,0
3536,38.4576,0
3537,30.8266,0
3538,35.7251,0
3539,37.0736,0
3540,33.8781,0
3541,34.9655,0
3542,34.1332,0
3543,29.2976,0
3544,33.8635,0
3545,40.5564,0
3546,40.0226,0
3547,41.5144,0
3548,46.1354,0
3549,47.0510,0
3550,33.4692,0
3551,38.8062,0
3552,40.5669,0
3553,44.0054,0
3554,55.2018,0
3555,47.6823,0
3556,42.6276,0
3557,42.5200,0
3558,34.1041,0
3559,43.9968,0
3560,41.7383,0
3561,43.4537,0
3562,32.0323,0
3563,56.8695,0
3564,52.9807,0
3565,36.9017,0
3566,46.1144,0
3567,57.4391,0
3568,38.7268,0
3569,54.1501,0
3570,56.6339,0
3571,44.1396,0
3572,36.5849,0
3573,42.0084,0
3574,41.7697,0
3575,32.7628,0
3576,37.8122,0
3577,40.9613,0
3578,33.5131,0
3579,32.1462,0
3580,54.3954,0
3581,42.8843,0
3582,38.6384,0
3583,39.3965,0
3584,35.2790,0
3585,41.2109,0
3586,61.3074,0
3587,62.9666,0
3588,50.7481,0
3589,33.3571,0
3590,36.9959,0
3591,32.0711,0
3592,41.5626,0
3593,45.1684,0
3594,38.4007,0
3595,40.8130,0
3596,47.3049,0
3597,39.4795,0
3598,46.7882,0
3599,41.4021,0
3600,49.0644,0
3601,41.2602,0
3602,33.7372,0
3603,35.3150,0
3604,37.9531,0
3605,40.9310,0
3606,39.1388,0
3607,38.6474,0
3608,36.5086,0
3609,35.2342,0
3610,36.7577,0
3611,38.5287,0
3612,32.6896,0
3613,33.7059,0
3614,36.8190,0
3615,37.7061,0
3616,46.2856,0
3617,49.8896,0
3618,49.3531,0
3619,51.2509,0
3620,45.1868,0
3621,42.7864,0
3622,27.3235,0
3623,27.4112,0
3624,27.4870,0
3625,39.7656,0
3626,35.0876,0
3627,41.6150,0
3628,37.5197,0
3629,41.6059,0
3630,31.3888,0
3631,34.5297,0
3632,41.6734,0
3633,41.6229,0
3634,37.1234,0
3635,51.7428,0
3636,53.7601,0
3637,50.8659,0
3638,43.8404,0
3639,39.6354,0
3640,32.2278,0
3641,32.5012,0
3642,32.0935,0
3643,35.2702,0
3644,29.8290,0
3645,37.0202,0
3646,40.5259,0
3647,35.4054,0
3648,34.1418,0
3649,25.0726,0
3650,23.3016,0
3651,44.8697,0
3652,38.3475,0
3653,37.4804,0
3654,45.5375,0
3655,57.4219,0
3656,40.7441,0
3657,38.0411,0
3658,48.0814,0
3659,50.2083,0
3660,43.7403,0
3661,44.8313,0
3662,50.9496,0
3663,47.0257,0
3664,41.3623,0
3665,43.6561,0
3666,36.2470,0
3667,34.1480,0
3668,45.0118,0
3669,38.1176,0
3670,44.6794,0
3671,59.0506,0
3672,35.7487,0
3673,41.4419,0
3674,33.3886,0
3675,27.3256,0
3676,24.4656,0
3677,35.8224,0
3678,33.9789,0
3679,31.4188,0
3680,37.0567,0
3681,34.8945,0
3682,31.1821,0
3683,24.3096,0
3684,34.6627,0
3685,32.4395,0
3686,40.0009,0
3687,36.3548,0
3688,45.2640,0
3689,40.6442,0
3690,48.7719,0
3691,68.1219,0
3692,60.8671,0
3693,42.9437,0
3694,42.5193,0
3695,50.5121,0
3696,47.3323,0
3697,37.5257,0
3698,44.5700,0
3699,39.5322,0
3700,38.5818,0
3701,34.9882,0
3702,25.9662,0
3703,48.9345,0
3704,39.7601,0
3705,44.8780,0
3706,39.8753,0
3707,59.1066,0
3708,55.4740,0
3709,38.4133,0
3710,43.0086,0
3711,58.5670,0
3712,32.8584,0
3713,43.2384,0
3714,56.8664,0
3715,45.8426,0
3716,46.7176,0
3717,62.6519,0
3718,73.9479,0
3719,51.9102,0
3720,38.8119,0
3721,36.2468,0
3722,34.2534,0
3723,52.4428,0
3724,37.4482,0
3725,35.9869,0
3726,39.5339,0
3727,42.8779,0
3728,47.4699,0
3729,45.4509,0
3730,37.4408,0
3731,42.8655,0
3732,38.1749,0
3733,42.0842,0
3734,49.8235,0
3735,46.9384,0
3736,44.8511,0
3737,42.7196,0
3738,43.3853,0
3739,57.5221,0
3740,47.2734,0
3741,43.1437,0
3742,41.6067,0
3743,34.9579,0
3744,40.5729,0
3745,36.1342,0
3746,48.4405,0
3747,44.9851,0
3748,41.0144,0
3749,41.3637,0
3750,43.3025,0
3751,46.9255,0
3752,45.5859,0
3753,43.6175,0
3754,40.4856,0
3755,33.4544,0
3756,37.0078,0
3757,44.8949,0
3758,35.6586,0
3759,41.4388,0
3760,33.2472,0
3761,37.0440,0
3762,36.6390,0
3763,31.9700,0
3764,33.3049,0
3765,31.6658,0
3766,38.7621,0
3767,38.1029,0
3768,53.1518,0
3769,50.7545,0
3770,43.3538,0
3771,41.7254,0
3772,45.3856,0
3773,44.4689,0
3774,39.2632,0
3775,43.4141,0
3776,55.4373,0
3777,37.1068,0
3778,41.7275,0
3779,29.0394,0
3780,32.5482,0
3781,43.6873,0
3782,46.3505,0
3783,46.1428,0
3784,41.2440,0
3785,30.6878,0
3786,43.3674,0
3787,42.1555,0
3788,36.0997,0
3789,35.6758,0
3790,36.4630,0
3791,39.6101,0
3792,36.0630,0
3793,43.7951,0
3794,47.2012,0
3795,50.5955,0
3796,41.6207,0
3797,41.1274,0
3798,43.9115,0
3799,39.6037,0
3800,41.7876,0
3801,51.3725,0
3802,46.1202,0
3803,39.6826,0
3804,43.5107,0
3805,31.6594,0
3806,33.7498,0
3807,34.0893,0
3808,27.9555,0
3809,38.7735,0
3810,34.8654,0
3811,43.6583,0
3812,40.1683,0
3813,42.1107,0
3814,42.2215,0
3815,41.5323,0
3816,40.7050,0
3817,41.7733,0
3818,59.5362,0
3819,49.2342,0
3820,27.5981,0
3821,31.8701,0
3822,43.1242,0
3823,44.3435,0
3824,46.3121,0
3825,43.6480,0
3826,31.8263,0
3827,35.9216,0
3828,37.9548,0
3829,57.3699,0
3830,48.6860,0
3831,41.4841,0
3832,35.5196,0
3833,36.3877,0
3834,49.0730,0
3835,36.6526,0
3836,31.5855,0
3837,39.3870,0
3838,41.9221,0
3839,32.6672,0
3840,42.4104,0
3841,40.6115,0
3842,51.2898,0
3843,33.3958,0
3844,33.9310,0
3845,47.2498,0
3846,56.5069,0
3847,44.8601,0
3848,37.6203,0
3849,39.4502,0
3850,31.2264,0
3851,48.9764,0
3852,47.5299,0
3853,47.5993,0
3854,56.6070,0
3855,43.4275,0
3856,40.7319,0
3857,35.2817,0
3858,36.3374,0
3859,47.0154,0
3860,46.8531,0
3861,45.3503,0
3862,45.5105,0
3863,33.7749,0
3864,35.9502,0
3865,34.2686,0
3866,37.8702,0
3867,42.1493,0
3868,47.8213,0
3869,61.3093,0
3870,53.3047,0
3871,39.6721,0
3872,39.2303,0
3873,35.1021,0
3874,27.8258,0
3875,43.3762,0
3876,42.6872,0
3877,47.8756,0
3878,53.2820,0
3879,35.1467,0
3880,37.3626,0
3881,43.7276,0
3882,45.2588,0
3883,32.3286,0
3884,38.7480,0
3885,41.9633,0
3886,47.4315,0
3887,43.3908,0
3888,44.5237,0
3889,27.7894,0
3890,34.0855,0
3891,37.3790,0
3892,30.2286,0
3893,35.3634,0
3894,42.6207,0
3895,41.8389,0
3896,47.0436,0
3897,31.7531,0
3898,33.7532,0
3899,40.4279,0
3900,42.2437,0
3901,40.3461,0
3902,39.4514,0
3903,39.9148,0
3904,47.0684,0
3905,42.9213,0
3906,57.6313,0
3907,43.1819,0
3908,54.4960,0
3909,36.9437,0
3910,27.3874,0
3911,50.9057,0
3912,51.6412,0
3913,53.7236,0
3914,50.8270,0
3915,49.7017,0
3916,40.4134,0
3917,33.4105,0
3918,29.8748,0
3919,36.6488,0
3920,32.7783,0
3921,54.1675,0
3922,52.7477,0
3923,39.6404,0
3924,42.3694,0
3925,36.7000,0
3926,38.1904,0
3927,40.5779,0
3928,44.5280,0
3929,56.7780,0
3930,46.0932,0
3931,38.3945,0
3932,42.4662,0
3933,35.7628,0
3934,32.7196,0
3935,29.2733,0
3936,31.3401,0
3937,44.4379,0
3938,61.3902,0
3939,40.0321,0
3940,47.8680,0
3941,39.7367,0
3942,39.5169,0
3943,42.2099,0
3944,39.3553,0
3945,42.4840,0
3946,54.4074,0
3947,50.8609,0
3948,44.8060,0
3949,33.0477,0
3950,40.0252,0
3951,49.6893,0
3952,32.2986,0
3953,46.3216,0
3954,33.5605,0
3955,50.1187,0
3956,43.0145,0
3957,37.5829,0
3958,28.6314,0
3959,42.4261,0
3960,48.9106,0
3961,43.5400,0
3962,63.0095,0
3963,51.3260,0
3964,41.2595,0
3965,39.8564,0
3966,45.9659,0
3967,43.5290,0
3968,43.4866,0
3969,34.2710,0
3970,40.5953,0
3971,36.2129,0
3972,44.2777,0
3973,39.5219,0
3974,37.4978,0
3975,36.7544,0
3976,39.8154,0
3977,40.3771,0
3978,41.2729,0
3979,43.5741,0
3980,50.8039,0
3981,39.4468,0
3982,38.5861,0
3983,34.3571,0
3984,36.4435,0
3985,39.6805,0
3986,31.7512,0
3987,43.1635,0
3988,52.5131,0
3989,53.6106,0
3990,33.6580,0
3991,54.9669,0
3992,60.4939,0
3993,38.6670,0
3994,35.8934,0
3995,52.3891,0
3996,41.6956,0
3997,28.2702,0
3998,37.0386,0
3999,33.5009,0
4000,39.5038,0
4001,35.3703,0
4002,33.7837,0
4003,40.4809,0
4004,52.2561,0
4005,53.2961,0
4006,48.1460,0
4007,51.3299,0
4008,49.0260,0
4009,35.2712,0
4010,38.9190,0
4011,42.2587,0
4012,45.5432,0
4013,38.7695,0
4014,34.7345,0
4015,41.3866,0
4016,37.6780,0
4017,42.0258,0
4018,33.7765,0
4019,30.9632,0
4020,25.3177,0
4021,28.8980,0
4022,48.7456,0
4023,42.3601,0
4024,27.4539,0
4025,33.2980,0
4026,34.2534,0
4027,38.2736,0
4028,38.6612,0
4029,47.1725,0
4030,53.4174,0
4031,44.4002,0
4032,39.8154,0
4033,40.2608,0
4034,40.2236,0
4035,37.2910,0
4036,38.5275,0
4037,38.4221,0
4038,33.4628,0
4039,35.5289,0
4040,48.2154,0
4041,40.7147,0
4042,37.2500,0
4043,48.6720,0
4044,45.2280,0
4045,42.2127,0
4046,39.0954,0
4047,60.8382,0
4048,32.0244,0
4049,49.3314,0
4050,52.4981,0
4051,34.7111,0
4052,44.2116,0
4053,38.7990,0
4054,38.5485,0
4055,35.6829,0
4056,38.5606,0
4057,32.5675,0
4058,50.1604,0
4059,45.0413,0
4060,37.2806,0
4061,38.8727,0
4062,34.0128,0
4063,45.1066,0
4064,43.4136,0
4065,43.6666,0
4066,35.2228,0
4067,34.5724,0
4068,40.9665,0
4069,38.5134,0
4070,41.0881,0
4071,45.6259,0
4072,49.1829,0
4073,30.6997,0
4074,32.4931,0
4075,33.8287,0
4076,29.1779,0
4077,35.7130,0
4078,34.0950,0
4079,36.2554,0
4080,37.2691,0
4081,52.9513,0
4082,41.0721,0
4083,39.9799,0
4084,31.0955,0
4085,41.7395,0
4086,34.2002,0
4087,43.1986,0
4088,42.3057,0
4089,37.3797,0
4090,46.2496,0
4091,45.7733,0
4092,44.9071,0
4093,52.9866,0
4094,39.2332,0
4095,39.0298,0
4096,45.7182,0
4097,48.1808,0
4098,51.6374,0
4099,41.4617,0
4100,29.7036,0
4101,36.7556,0
4102,43.0379,0
4103,49.9153,0
4104,39.0661,0
4105,33.6270,0
4106,32.1815,0
4107,34.5798,0
4108,37.3194,0
4109,34.7869,0
4110,41.8987,0
4111,42.6526,0
4112,36.1726,0
4113,45.9626,0
4114,48.9023,0
4115,35.2104,0
4116,46.8123,0
4117,45.5327,0
4118,44.3053,0
4119,36.7906,0
4120,37.4408,0
4121,37.8618,0
4122,32.2039,0
4123,38.4781,0
4124,49.0565,0
4125,38.3499,0
4126,54.5654,0
4127,52.7582,0
4128,56.7253,0
4129,34.3471,0
4130,30.3469,0
4131,56.8376,0
4132,55.1591,0
4133,50.5445,0
4134,42.3636,0
4135,42.7783,0
4136,45.1686,0
4137,46.1285,0
4138,50.4904,0
4139,43.3517,0
4140,34.7121,0
4141,45.1820,0
4142,55.5351,0
4143,41.0821,0
4144,31.4803,0
4145,38.4996,0
4146,52.2432,0
4147,45.1920,0
4148,38.2509,0
4149,49.0227,0
4150,36.4845,0
4151,30.4472,0
4152,31.9057,0
4153,33.3171,0
4154,33.4189,0
4155,31.6629,0
4156,36.3402,0
4157,35.7656,0
4158,30.2098,0
4159,45.8252,0
4160,38.7034,0
4161,35.8036,0
4162,32.4094,0
4163,32.7973,0
4164,47.4832,0
4165,49.1807,0
4166,38.4567,0
4167,42.7668,0
4168,40.2768,0
4169,29.1088,0
4170,26.6469,0
4171,35.3367,0
4172,31.2302,0
4173,29.5200,0
4174,30.4637,0
4175,37.7526,0
4176,44.5247,0
4177,56.2620,0
4178,41.1754,0
4179,40.9584,0
4180,33.7267,0
4181,59.0456,0
4182,38.5673,0
4183,18.9085,0
4184,26.0377,0
4185,24.1454,0
4186,37.2217,0
4187,35.0175,0
4188,34.4336,0
4189,50.3623,0
4190,43.0851,0
4191,40.4155,0
4192,52.0773,0
4193,36.1705,0
4194,43.6971,0
4195,53.8116,0
4196,41.1382,0
4197,38.2457,0
4198,37.3261,0
4199,43.3543,0
4200,34.2202,0
4201,36.5784,0
4202,45.6834,0
4203,38.5568,0
4204,39.0608,0
4205,41.5854,0
4206,44.8701,0
4207,38.8458,0
4208,36.6721,0
4209,31.9383,0
4210,34.1363,0
4211,54.0662,0
4212,49.7203,0
4213,35.3279,0
4214,32.4416,0
4215,29.7148,0
4216,39.2759,0
4217,42.5854,0
4218,42.3331,0
4219,40.5312,0
4220,42.7558,0
4221,31.7700,0
4222,20.7863,0
4223,28.6145,0
4224,27.8380,0
4225,24.4412,0
4226,26.9363,0
4227,37.6525,0
4228,27.3514,0
4229,25.6469,0
4230,22.9161,0
4231,35.7413,0
4232,37.5688,0
4233,33.3829,0
4234,35.7981,0
4235,42.8751,0
4236,47.7812,0
4237,44.2150,0
4238,46.2213,0
4239,45.1443,0
4240,36.1466,0
4241,42.0480,0
4242,33.0639,0
4243,36.4211,0
4244,38.5876,0
4245,41.2490,0
4246,33.5605,0
4247,39.0375,0
4248,41.5957,0
4249,41.7492,0
4250,48.5435,0
4251,67.3430,0
4252,55.8796,0
4253,50.3497,0
4254,37.2164,0
4255,30.0713,0
4256,30.2815,0
4257,30.6704,0
4258,32.0771,0
4259,33.7937,0
4260,30.7038,0
4261,35.7802,0
4262,39.2871,0
4263,28.9810,0
4264,31.9235,0
4265,35.2223,0
4266,56.3643,0
4267,33.5100,0
4268,42.7637,0
4269,59.1376,0
4270,56.1433,0
4271,37.0708,0
4272,33.4215,0
4273,31.7090,0
4274,40.2164,0
4275,40.7219,0
4276,36.3705,0
4277,45.5804,0
4278,50.9880,0
4279,46.8500,0
4280,48.6856,0
4281,41.8475,0
4282,35.8253,0
4283,37.0569,0
4284,35.2297,0
4285,39.8526,0
4286,66.0362,0
4287,34.2295,0
4288,32.7406,0
4289,41.5075,0
4290,38.0759,0
4291,54.5921,0
4292,43.7391,0
4293,40.7581,0
4294,41.0028,0
4295,27.3783,0
4296,41.4793,0
4297,40.9300,0
4298,39.0005,0
4299,40.1821,0
4300,46.5930,0
4301,34.3153,0
4302,69.7052,0
4303,44.6982,0
4304,43.6573,0
4305,48.2101,0
4306,45.5589,0
4307,31.0185,0
4308,39.5420,0
4309,35.6164,0
4310,38.0938,0
4311,38.4667,0
4312,45.0029,0
4313,35.8059,0
4314,43.8719,0
4315,34.8878,0
4316,31.3468,0
4317,36.4225,0
4318,50.8955,0
4319,56.6413,0
4320,47.1308,0
4321,46.0324,0
4322,41.0960,0
4323,35.4619,0
4324,37.8742,0
4325,37.0729,0
4326,39.3641,0
4327,38.5036,0
4328,58.3358,0
4329,32.9974,0
4330,31.4519,0
4331,42.1739,0
4332,37.9269,0
4333,50.5733,0
4334,30.5274,0
4335,46.6337,0
4336,62.0115,0
4337,52.8400,0
4338,29.8812,0
4339,41.7235,0
4340,37.7996,0
4341,38.0163,0
4342,34.9956,0
4343,42.2723,0
4344,38.3503,0
4345,32.2874,0
4346,39.7599,0
4347,46.1721,0
4348,53.5593,0
4349,59.3805,0
4350,74.7058,0
4351,54.3058,0
4352,38.1474,0
4353,48.0421,0
4354,44.6782,0
4355,49.7098,0
4356,37.3249,0
4357,27.6251,0
4358,29.7048,0
4359,41.2350,0
4360,44.0869,0
4361,47.3752,0
4362,40.1340,0
4363,30.1857,0
4364,38.9242,0
4365,43.0453,0
4366,43.1058,0
4367,55.9824,0
4368,52.7527,0
4369,39.4943,0
4370,37.2770,0
4371,41.3115,0
4372,44.4489,0
4373,37.3321,0
4374,38.2838,0
4375,41.4653,0
4376,47.7302,0
4377,43.3185,0
4378,39.6345,0
4379,33.4375,0
4380,34.9858,0
4381,42.7642,0
4382,33.0691,0
4383,60.7438,0
4384,30.8564,0
4385,34.6727,0
4386,36.4070,0
4387,31.4083,0
4388,24.0207,0
4389,32.6178,0
4390,33.4609,0
4391,37.9286,0
4392,31.3601,0
4393,33.8879,0
4394,35.9120,0
4395,40.3092,0
4396,35.9805,0
4397,41.1887,0
4398,47.1799,0
4399,69.2649,0
4400,49.7110,0
4401,34.6735,0
4402,45.1949,0
4403,41.2927,0
4404,41.8780,0
4405,36.6030,0
4406,30.3333,0
4407,34.8446,0
4408,36.5810,0
4409,37.2159,0
4410,33.3881,0
4411,28.5504,0
4412,39.9487,0
4413,27.8780,0
4414,33.0153,0
4415,40.9620,0
4416,49.3126,0
4417,57.3308,0
4418,58.1458,0
4419,46.3774,0
4420,45.7811,0
4421,54.6610,0
4422,25.0480,0
4423,30.9513,0
4424,29.3679,0
4425,43.0462,0
4426,42.4159,0
4427,41.5926,0
4428,34.1799,0
4429,48.5411,0
4430,38.4576,0
4431,42.8557,0
4432,50.0393,0
4433,41.0252,0
4434,47.7681,0
4435,47.3313,0
4436,40.0314,0
4437,41.4088,0
4438,40.3214,0
4439,31.8472,0
4440,28.9297,0
4441,36.1855,0
4442,37.8845,0
4443,37.7283,0
4444,37.2629,0
4445,31.0078,0
4446,26.2308,0
4447,31.4100,0
4448,44.7421,0
4449,58.1679,0
4450,76.3326,0
4451,55.7585,0
4452,29.6278,0
4453,23.6042,0
4454,32.1410,0
4455,32.9974,0
4456,38.4104,0
4457,39.7737,0
4458,38.6498,0
4459,34.2190,0
4460,29.8488,0
4461,28.3465,0
4462,27.6339,0
4463,37.0212,0
4464,46.4952,0
4465,42.4347,0
4466,48.2254,0
4467,54.9967,0
4468,61.8553,0
4469,39.1195,0
4470,46.8805,0
4471,37.5619,0
4472,34.5528,0
4473,38.7342,0
4474,43.3722,0
4475,45.2933,0
4476,38.3785,0
4477,40.8318,0
4478,37.7128,0
4479,32.7697,0
4480,29.6705,0
4481,32.6324,0
4482,37.9326,0
4483,47.9734,0
4484,59.2327,0
4485,35.5904,0
4486,33.8745,0
4487,35.2163,0
4488,39.7120,0
4489,35.1503,0
4490,36.0792,0
4491,38.8894,0
4492,36.4475,0
4493,39.5024,0
4494,38.8081,0
4495,34.1260,0
4496,40.3190,0
4497,31.6322,0
4498,43.6630,0
4499,46.5322,0
4500,57.3084,0
4501,44.1504,0
4502,36.3016,0
4503,33.9255,0
4504,40.0667,0
4505,32.8872,0
4506,29.7587,0
4507,28.7676,0
4508,36.9999,0
4509,30.1437,0
4510,38.4893,0
4511,41.1706,0
4512,45.0733,0
4513,37.5636,0
4514,39.8805,0
4515,33.5503,0
4516,48.2452,0
4517,46.1154,0
4518,29.1531,0
4519,45.9418,0
4520,34.8094,0
4521,43.1383,0
4522,36.0510,0
4523,36.9742,0
4524,43.3681,0
4525,48.8896,0
4526,35.6731,0
4527,35.1932,0
4528,33.8607,0
4529,42.0291,0
4530,38.0321,0
4531,40.6330,0
4532,36.6974,0
4533,30.8249,0
4534,34.8949,0
4535,35.0502,0
4536,30.5026,0
4537,41.4960,0
4538,40.4506,0
4539,40.0317,0
4540,39.2959,0
4541,39.0477,0
4542,41.3465,0
4543,42.3677,0
4544,45.6700,0
4545,41.5249,0
4546,31.8496,0
4547,40.8854,0
4548,47.4913,0
4549,30.2429,0
4550,35.4898,0
4551,43.7076,0
4552,45.5549,0
4553,38.0108,0
4554,51.3146,0
4555,58.7072,0
4556,37.4010,0
4557,38.7173,0
4558,46.7923,0
4559,32.3882,0
4560,43.3135,0
4561,43.6904,0
4562,37.7827,0
4563,52.0761,0
4564,38.0299,0
4565,44.6174,0
4566,33.2322,0
4567,37.2519,0
4568,38.2493,0
4569,47.3168,0
4570,48.7356,0
4571,45.3053,0
4572,63.7815,0
4573,59.3014,0
4574,32.6540,0
4575,40.3824,0
4576,44.3268,0
4577,46.0901,0
4578,36.9070,0
4579,30.3326,0
4580,37.5016,0
4581,31.3823,0
4582,31.3349,0
4583,34.4625,0
4584,36.9310,0
4585,34.1330,0
4586,26.5501,0
4587,29.7973,0
4588,34.3101,0
4589,41.4350,0
4590,56.7727,0
4591,63.3948,0
4592,46.6652,0
4593,43.1309,0
4594,40.3473,0
4595,38.3332,0
4596,36.1829,0
4597,26.8168,0
4598,33.8151,0
4599,39.5796,0
4600,36.5033,0
4601,37.5099,0
4602,42.5494,0
4603,40.0493,0
4604,34.7786,0
4605,35.7966,0
4606,36.4115,0
4607,36.5903,0
4608,65.9454,0
4609,61.7840,0
4610,58.0037,0
4611,43.7140,0
4612,42.7384,0
4613,41.5642,0
4614,36.7875,0
4615,54.8337,0
4616,52.0625,0
4617,35.8202,0
4618,42.3820,0
4619,51.3999,0
4620,34.2088,0
4621,45.6452,0
4622,48.7170,0
4623,36.6828,0
4624,30.7143,0
4625,32.9993,0
4626,26.7434,0
4627,39.9005,0
4628,37.4908,0
4629,36.7815,0
4630,30.3845,0
4631,33.8569,0
4632,42.7032,0
4633,30.7703,0
4634,39.2556,0
4635,40.4024,0
4636,33.5281,0
4637,26.5553,0
4638,22.7184,0
4639,41.0714,0
4640,40.0507,0
4641,46.2284,0
4642,43.6282,0
4643,30.3566,0
4644,45.7904,0
4645,40.0522,0
4646,37.8299,0
4647,28.8167,0
4648,28.2948,0
4649,38.0025,0
4650,42.2461,0
4651,28.4169,0
4652,29.2120,0
4653,37.4582,0
4654,40.1595,0
4655,27.3812,0
4656,34.0996,0
4657,28.6338,0
4658,37.7710,0
4659,43.4456,0
4660,60.7016,0
4661,57.1094,0
4662,40.0710,0
4663,36.6719,0
4664,36.1390,0
4665,40.1235,0
4666,47.1959,0
4667,37.9500,0
4668,36.6220,0
4669,37.6399,0
4670,40.9460,0
4671,39.7742,0
4672,44.8346,0
4673,42.5787,0
4674,44.7645,0
4675,64.2858,0
4676,43.2322,0
4677,31.4796,0
4678,32.4342,0
4679,29.3267,0
4680,28.1954,0
4681,35.9948,0
4682,46.3777,0
4683,48.3880,0
4684,31.3830,0
4685,37.0750,0
4686,42.5844,0
4687,38.6271,0
4688,35.3558,0
4689,43.3640,0
4690,44.8399,0
4691,39.6721,0
4692,41.6179,0
4693,55.2866,0
4694,46.0117,0
4695,37.6766,0
4696,41.4970,0
4697,32.7861,0
4698,35.9635,0
4699,47.2069,0
4700,48.6016,0
4701,35.8427,0
4702,42.6795,0
4703,34.9381,0
4704,30.2041,0
4705,34.9793,0
4706,28.6002,0
4707,45.3432,0
4708,49.5296,0
4709,54.1844,0
4710,40.8127,0
4711,43.8437,0
4712,32.2094,0
4713,29.0895,0
4714,39.0484,0
4715,38.0158,0
4716,48.9428,0
4717,48.8617,0
4718,40.5538,0
4719,34.8377,0
4720,50.9329,0
4721,40.5817,0
4722,50.9477,0
4723,47.0054,0
4724,65.8505,0
4725,53.7012,0
4726,48.3155,0
4727,33.3705,0
4728,38.7170,0
4729,39.7487,0
4730,41.7745,0
4731,40.5452,0
4732,36.9101,0
4733,36.4187,0
4734,29.7699,0
4735,33.1426,0
4736,37.4167,0
4737,41.0826,0
4738,47.1270,0
4739,34.4284,0
4740,51.3296,0
4741,69.6812,0
4742,49.9294,0
4743,47.3528,0
4744,41.8897,0
4745,38.9779,0
4746,32.9800,0
4747,34.8461,0
4748,38.6505,0
4749,39.6330,0
4750,41.5964,0
4751,50.8697,0
4752,40.9541,0
4753,40.3538,0
4754,29.2270,0
4755,23.1271,0
4756,42.9664,0
4757,56.6764,0
4758,73.3871,0
4759,54.9331,0
4760,50.0586,0
4761,53.2010,0
4762,45.1283,0
4763,40.1921,0
4764,39.5315,0
4765,41.3516,0
4766,37.5662,0
4767,34.1096,0
4768,39.5267,0
4769,34.5581,0
4770,45.7952,0
4771,34.0230,0
4772,29.3589,0
4773,39.3054,0
4774,29.3972,0
4775,36.4642,0
4776,41.6796,0
4777,49.7684,0
4778,43.7183,0
4779,37.2705,0
4780,36.8719,0
4781,35.2192,0
4782,31.8909,0
4783,37.9403,0
4784,40.7252,0
4785,36.5386,0
4786,33.9117,0
4787,36.9275,0
4788,26.7556,0
4789,33.6967,0
4790,49.6397,0
4791,48.9073,0
4792,43.9053,0
4793,50.5552,0
4794,54.1370,0
4795,50.6566,0
4796,44.7562,0
4797,42.7208,0
4798,34.4636,0
4799,36.1669,0
4800,36.8063,0
4801,29.0611,0
4802,35.7318,0
4803,38.7247,0
4804,41.3141,0
4805,38.2159,0
4806,37.8280,0
4807,33.3188,0
4808,42.1715,0
4809,70.0667,0
4810,41.8222,0
4811,34.6141,0
4812,30.2279,0
4813,25.6927,0
4814,28.4257,0
4815,41.6312,0
4816,39.8707,0
4817,36.8881,0
4818,41.7819,0
4819,36.8497,0
4820,33.1180,0
4821,32.9235,0
4822,36.3765,0
4823,31.8987,0
4824,37.4706,0
4825,32.5460,0
4826,29.3295,0
4827,39.7882,0
4828,44.1706,0
4829,54.9486,0
4830,50.6225,0
4831,37.2772,0
4832,29.5424,0
4833,45.7304,0
4834,50.5571,0
4835,36.4487,0
4836,30.3366,0
4837,34.8918,0
4838,41.7624,0
4839,43.5746,0
4840,40.7722,0
4841,37.9877,0
4842,35.7208,0
4843,34.2588,0
4844,38.5346,0
4845,80.6684,0
4846,49.0453,0
4847,37.9050,0
4848,41.1434,0
4849,32.9583,0
4850,31.9405,0
4851,41.0025,0
4852,44.6837,0
4853,48.2533,0
4854,42.8076,0
4855,42.9027,0
4856,50.9014,0
4857,37.0655,0
4858,39.6190,0
4859,43.5789,0
4860,48.5883,0
4861,48.3429,0
4862,48.2731,0
4863,40.1843,0
4864,43.2966,0
4865,34.4951,0
4866,33.3900,0
4867,26.1271,0
4868,28.2040,0
4869,30.7333,0
4870,34.2636,0
4871,34.4701,0
4872,36.8016,0
4873,36.4399,0
4874,36.2225,0
4875,55.3720,0
4876,55.4125,0
4877,57.3032,0
4878,63.6337,0
4879,56.1559,0
4880,46.8574,0
4881,39.3298,0
4882,40.8604,0
4883,38.4605,0
4884,34.0457,0
4885,31.5874,0
4886,42.3083,0
4887,35.8863,0
4888,37.0328,0
4889,44.1186,0
4890,44.1597,0
4891,47.2100,0
4892,48.9602,0
4893,62.6903,0
4894,65.8658,0
4895,58.6143,0
4896,49.3233,0
4897,31.1823,0
4898,38.5959,0
4899,38.5368,0
4900,36.4769,0
4901,42.0115,0
4902,39.1059,0
4903,35.5577,0
4904,34.7939,0
4905,38.1978,0
4906,39.1309,0
4907,43.9401,0
4908,32.8004,0
4909,30.2894,0
4910,38.5387,0
4911,47.6537,0
4912,52.1066,0
4913,33.5336,0
4914,43.6475,0
4915,35.1624,0
4916,35.1083,0
4917,35.3816,0
4918,32.9747,0
4919,40.8270,0
4920,44.7421,0
4921,45.7768,0
4922,32.5263,0
4923,37.2655,0
4924,42.9289,0
4925,35.0215,0
4926,43.1433,0
4927,68.4044,0
4928,51.8203,0
4929,38.1730,0
4930,45.2240,0
4931,33.7377,0
4932,36.2303,0
4933,39.5403,0
4934,36.2597,0
4935,40.1547,0
4936,35.7935,0
4937,47.6887,0
4938,43.5145,0
4939,37.7851,0
4940,38.9583,0
4941,39.0382,0
4942,57.7321,0
4943,82.1350,0
4944,54.1279,0
4945,31.7931,0
4946,33.7420,0
4947,48.3677,0
4948,44.8682,0
4949,27.6308,0
4950,37.4758,0
4951,42.1655,0
4952,33.1450,0
4953,35.6145,0
4954,50.6396,0
4955,46.9732,0
4956,41.2827,0
4957,46.3865,0
4958,62.6440,0
4959,50.1242,0
4960,42.0108,0
4961,32.1214,0
4962,43.6192,0
4963,51.9824,0
4964,53.2894,0
4965,38.9328,0
4966,42.4416,0
4967,41.7328,0
4968,36.4611,0
4969,47.3628,0
4970,46.7911,0
4971,54.6052,0
4972,35.0735,0
4973,63.6837,0
4974,48.6710,0
4975,46.1142,0
4976,36.7584,0
4977,38.3983,0
4978,33.5021,0
4979,39.2945,0
4980,30.0655,0
4981,39.2721,0
4982,44.9643,0
4983,47.7138,0
4984,39.2513,0
4985,38.4240,0
4986,41.0388,0
4987,33.9234,0
4988,25.9216,0
4989,46.8261,0
4990,43.6902,0
4991,34.4625,0
4992,43.8423,0
4993,37.8034,0
4994,36.4451,0
4995,35.2430,0
4996,37.3528,0
4997,30.7939,0
4998,31.2366,0
4999,32.2313,0
5000,32.6912,0
5001,28.8529,0
5002,21.9574,0
5003,23.6919,0
5004,26.0985,0
5005,37.5416,0
5006,37.4839,0
5007,29.4528,0
5008,38.6927,0
5009,36.7744,0
5010,34.8592,0
5011,39.9878,0
5012,51.0583,0
5013,48.3661,0
5014,39.8695,0
5015,38.9874,0
5016,35.6281,0
5017,35.7828,0
5018,43.0017,0
5019,42.1367,0
5020,39.5567,0
5021,35.4819,0
5022,37.2384,0
5023,31.2397,0
5024,28.0657,0
5025,30.3702,0
5026,42.3145,0
5027,45.3119,0
5028,48.3792,0
5029,62.3884,0
5030,56.0503,0
5031,45.6669,0
5032,37.6017,0
5033,37.0257,0
5034,31.0276,0
5035,33.6022,0
5036,30.4432,0
5037,30.1120,0
5038,27.6787,0
5039,28.7828,0
5040,27.7710,0
5041,41.0888,0
5042,35.4419,0
5043,35.8429,0
5044,40.6325,0
5045,51.6157,0
5046,55.7244,0
5047,59.9904,0
5048,56.4303,0
5049,48.5651,0
5050,31.9066,0
5051,43.3996,0
5052,31.7333,0
5053,37.0319,0
5054,24.0915,0
5055,23.9723,0
5056,38.0828,0
5057,27.9880,0
5058,41.9579,0
5059,43.5817,0
5060,47.9512,0
5061,50.6959,0
5062,52.2487,0
5063,48.7175,0
5064,52.3300,0
5065,32.6946,0
5066,32.1941,0
5067,32.5198,0
5068,33.4728,0
5069,36.6800,0
5070,34.0905,0
5071,28.5251,0
5072,33.7965,0
5073,49.7484,0
5074,45.1267,0
5075,42.0978,0
5076,57.1916,0
5077,40.4892,0
5078,43.3795,0
5079,39.3541,0
5080,45.3382,0
5081,45.9538,0
5082,48.6207,0
5083,48.6331,0
5084,37.6213,0
5085,46.0961,0
5086,37.9937,0
5087,40.2651,0
5088,33.4380,0
5089,22.2888,0
5090,30.3004,0
5091,43.5858,0
5092,39.6547,0
5093,33.2499,0
5094,37.8721,0
5095,41.6138,0
5096,37.5960,0
5097,43.4556,0
5098,52.3603,0
5099,43.3941,0
5100,39.0942,0
5101,41.2834,0
5102,43.0470,0
5103,35.6932,0
5104,34.1897,0
5105,32.3250,0
5106,36.6809,0
5107,32.4800,0
5108,35.3129,0
5109,39.9325,0
5110,32.1865,0
5111,38.5764,0
5112,38.3036,0
5113,33.7181,0
5114,37.6136,0
5115,40.9870,0
5116,68.4628,0
5117,67.6255,0
5118,39.3934,0
5119,45.3308,0
5120,43.5884,0
5121,40.5958,0
5122,42.3548,0
5123,39.4528,0
5124,104.1346,0
5125,30.8626,0
5126,31.8439,0
5127,36.4144,0
5128,36.3274,0
5129,60.7152,0
5130,59.9778,0
5131,51.0659,0
5132,34.6324,0
5133,36.4249,0
5134,30.5684,0
5135,40.0631,0
5136,41.2698,0
5137,39.6473,0
5138,43.3109,0
5139,39.1538,0
5140,36.6485,0
5141,37.4060,0
5142,32.2576,0
5143,41.1365,0
5144,41.8305,0
5145,36.9842,0
5146,49.7620,0
5147,58.0423,0
5148,46.9110,0
5149,28.8663,0
5150,55.5365,0
5151,39.9759,0
5152,36.7374,0
5153,35.7816,0
5154,50.7457,0
5155,42.6128,0
5156,43.3102,0
5157,51.4319,0
5158,54.1909,0
5159,48.6064,0
5160,43.8669,0
5161,34.6920,0
5162,32.3675,0
5163,47.4782,0
5164,47.6642,0
5165,56.1688,0
5166,45.4884,0
5167,40.7898,0
5168,35.8047,0
5169,32.4249,0
5170,28.3904,0
5171,31.2190,0
5172,32.0437,0
5173,26.7038,0
5174,25.7101,0
5175,29.8197,0
5176,32.3575,0
5177,26.7708,0
5178,34.0483,0
5179,41.5411,0
5180,53.1349,0
5181,58.1748,0
5182,50.7069,0
5183,44.5848,0
5184,40.2186,0
5185,49.9668,0
5186,43.6559,0
5187,26.5446,0
5188,28.2454,0
5189,33.9346,0
5190,28.3797,0
5191,43.6547,0
5192,43.7379,0
5193,43.7121,0
5194,32.7153,0
5195,38.0964,0
5196,42.8379,0
5197,48.8415,0
5198,28.0142,0
5199,53.0298,0
5200,57.0896,0
5201,42.6502,0
5202,41.9333,0
5203,42.0852,0
5204,49.0010,0
5205,54.0233,0
5206,51.0435,0
5207,43.8669,0
5208,46.3936,0
5209,37.2853,0
5210,35.3522,0
5211,38.2082,0
5212,29.6137,0
5213,34.3952,0
5214,42.6726,0
5215,63.9527,0
5216,47.1668,0
5217,42.6598,0
5218,34.7250,0
5219,33.4730,0
5220,37.9343,0
5221,39.0861,0
5222,39.1486,0
5223,30.7369,0
5224,30.9424,0
5225,41.0950,0
5226,47.0791,0
5227,41.0941,0
5228,38.4879,0
5229,43.2646,0
5230,36.8145,0
5231,52.0527,0
5232,44.3561,0
5233,32.8817,0
5234,42.7864,0
5235,37.0996,0
5236,35.6939,0
5237,40.1461,0
5238,33.7954,0
5239,34.2224,0
5240,27.2603,0
5241,30.6690,0
5242,43.0105,0
5243,42.4342,0
5244,34.3559,0
5245,35.2299,0
5246,41.6524,0
5247,40.0023,0
5248,54.2791,0
5249,65.4352,0
5250,55.6157,0
5251,60.6432,0
5252,36.7579,0
5253,37.4231,0
5254,35.1279,0
5255,33.6912,0
5256,43.0968,0
5257,35.4395,0
5258,35.6579,0
5259,34.4286,0
5260,29.7601,0
5261,31.5664,0
5262,25.0382,0
5263,28.9266,0
5264,30.5698,0
5265,36.7794,0
5266,47.9250,0
5267,36.3407,0
5268,34.8878,0
5269,26.0632,0
5270,34.3397,0
5271,40.1871,0
5272,39.9997,0
5273,31.0810,0
5274,33.3548,0
5275,30.5045,0
5276,39.0463,0
5277,30.5607,0
5278,44.0412,0
5279,39.6361,0
5280,26.4390,0
5281,35.5561,0
5282,36.4959,0
5283,54.8902,0
5284,56.7033,0
5285,53.0264,0
5286,40.2596,0
5287,41.0874,0
5288,34.2462,0
5289,42.1889,0
5290,38.3728,0
5291,37.2744,0
5292,42.4316,0
5293,37.3988,0
5294,41.1768,0
5295,44.2152,0
5296,45.0718,0
5297,39.6307,0
5298,39.8042,0
5299,49.8371,0
5300,58.3198,0
5301,32.3811,0
5302,88.9802,0
5303,30.3879,0
5304,34.1682,0
5305,27.9882,0
5306,36.6268,0
5307,42.2282,0
5308,41.4381,0
5309,47.0803,0
5310,45.2089,0
5311,42.4738,0
5312,32.9905,0
5313,32.6483,0
5314,34.8220,0
5315,51.8472,0
5316,55.3603,0
5317,57.7815,0
5318,50.7066,0
5319,41.0614,0
5320,43.6575,0
5321,45.7852,0
5322,31.1968,0
5323,39.7642,0
5324,31.2083,0
5325,33.6728,0
5326,34.4770,0
5327,35.2743,0
5328,30.7651,0
5329,34.4627,0
5330,35.2514,0
5331,42.3141,0
5332,53.6847,0
5333,39.2077,0
5334,48.8794,0
5335,51.9984,0
5336,44.7116,0
5337,40.7493,0
5338,47.6618,0
5339,46.4082,0
5340,39.0449,0
5341,38.6264,0
5342,40.4334,0
5343,35.8813,0
5344,33.4065,0
5345,27.8370,0
5346,39.0565,0
5347,32.5730,0
5348,40.0877,0
5349,51.6427,0
5350,45.6409,0
5351,55.5809,0
5352,51.5308,0
5353,37.4596,0
5354,30.1580,0
5355,38.0130,0
5356,47.1528,0
5357,48.3580,0
5358,44.1334,0
5359,34.2853,0
5360,36.5334,0
5361,42.4979,0
5362,32.5670,0
5363,29.6052,0
5364,31.1539,0
5365,28.8880,0
5366,21.5297,0
5367,39.9327,0
5368,49.2685,0
5369,48.7454,0
5370,45.5477,0
5371,42.7737,0
5372,29.6299,0
5373,32.2595,0
5374,38.9345,0
5375,39.5069,0
5376,48.5139,0
5377,41.2939,0
5378,39.7854,0
5379,30.0505,0
5380,35.1720,0
5381,32.4883,0
5382,27.6811,0
5383,31.7492,0
5384,31.3728,0
5385,40.1914,0
5386,49.2604,0
5387,36.3410,0
5388,40.1232,0
5389,44.4863,0
5390,36.9747,0
5391,39.1536,0
5392,35.7029,0
5393,33.6602,0
5394,41.7831,0
5395,27.1430,0
5396,26.5191,0
5397,30.4141,0
5398,26.6969,0
5399,24.6134,0
5400,26.1073,0
5401,66.4723,0
5402,31.3003,0
5403,36.7939,0
5404,44.2278,0
5405,60.2133,0
5406,46.4947,0
5407,41.1978,0
5408,42.2823,0
5409,33.7071,0
5410,39.3372,0
5411,34.9791,0
5412,43.6950,0
5413,30.6962,0
5414,33.7985,0
5415,30.2746,0
5416,35.9259,0
5417,33.7808,0
5418,40.8680,0
5419,51.0514,0
5420,50.3719,0
5421,53.0965,0
5422,38.6302,0
5423,38.0752,0
5424,31.6629,0
5425,44.8120,0
5426,37.4160,0
5427,34.3544,0
5428,36.7446,0
5429,33.7658,0
5430,40.0200,0
5431,40.0369,0
5432,40.1585,0
5433,36.0973,0
5434,33.1061,0
5435,54.8685,0
5436,53.1924,0
5437,49.2289,0
5438,65.9971,0
5439,56.9909,0
5440,55.4399,0
5441,42.0349,0
5442,44.5914,0
5443,41.1134,0
5444,36.8736,0
5445,36.8252,0
5446,34.8721,0
5447,37.2758,0
5448,37.0722,0
5449,32.7699,0
5450,26.5946,0
5451,25.7564,0
5452,26.3174,0
5453,36.6375,0
5454,41.3156,0
5455,43.8120,0
5456,46.6180,0
5457,46.7327,0
5458,42.6669,0
5459,48.0249,0
5460,30.7233,0
5461,32.0101,0
5462,35.3832,0
5463,41.2753,0
5464,42.8195,0
5465,31.7445,0
5466,31.0085,0
5467,37.7140,0
5468,43.9589,0
5469,43.0210,0
5470,54.1322,0
5471,48.4457,0
5472,55.8462,0
5473,64.7769,0
5474,46.6988,0
5475,43.0126,0
5476,38.8179,0
5477,49.9492,0
5478,42.2268,0
5479,46.0210,0
5480,37.0381,0
5481,41.1723,0
5482,33.6719,0
5483,29.4108,0
5484,34.4105,0
5485,47.1792,0
5486,42.3810,0
5487,51.7344,0
5488,59.0594,0
5489,58.7580,0
5490,41.4183,0
5491,36.8114,0
5492,33.1018,0
5493,30.4949,0
5494,28.5439,0
5495,33.3776,0
5496,34.6739,0
5497,29.1915,0
5498,37.8747,0
5499,39.4695,0
5500,31.5475,0
5501,38.0754,0
5502,45.7489,0
5503,64.7249,0
5504,73.4556,0
5505,55.8412,0
5506,54.5609,0
5507,33.3121,0
5508,42.6660,0
5509,41.8315,0
5510,30.2875,0
5511,29.8638,0
5512,43.3626,0
5513,31.6820,0
5514,29.5892,0
5515,31.1284,0
5516,41.5165,0
5517,29.6674,0
5518,29.2373,0
5519,36.2442,0
5520,59.2020,0
5521,57.2066,0
5522,52.0155,0
5523,42.2649,0
5524,43.8867,0
5525,39.4421,0
5526,29.9940,0
5527,29.6807,0
5528,34.8687,0
5529,34.7142,0
5530,31.7013,0
5531,36.0262,0
5532,36.9046,0
5533,31.0750,0
5534,39.0100,0
5535,32.3346,0
5536,48.4529,0
5537,50.4680,0
5538,33.6053,0
5539,36.4971,0
5540,40.6775,0
5541,34.8074,0
5542,36.3393,0
5543,36.6251,0
5544,39.4952,0
5545,31.9648,0
5546,36.8817,0
5547,38.0359,0
5548,36.1686,0
5549,36.0227,0
5550,29.3174,0
5551,34.2677,0
5552,36.0940,0
5553,37.6709,0
5554,46.3006,0
5555,51.7819,0
5556,43.6826,0
5557,61.3973,0
5558,45.6305,0
5559,37.1001,0
5560,39.1243,0
5561,46.4022,0
5562,38.0580,0
5563,29.9399,0
5564,30.3216,0
5565,30.8559,0
5566,111.6629,0
5567,107.8537,0
5568,32.6734,0
5569,48.1288,0
5570,49.7873,0
5571,46.5903,0
5572,46.3908,0
5573,40.5750,0
5574,41.7650,0
5575,35.4059,0
5576,37.1592,0
5577,43.5894,0
5578,40.9274,0
5579,44.5943,0
5580,36.6802,0
5581,30.7670,0
5582,31.0528,0
5583,31.0738,0
5584,32.9523,0
5585,36.7184,0
5586,32.4628,0
5587,38.2097,0
5588,43.3743,0
5589,48.8851,0
5590,55.5198,0
5591,35.2433,0
5592,30.3860,0
5593,36.0918,0
5594,25.0061,0
5595,25.3403,0
5596,35.8543,0
5597,37.3781,0
5598,31.2192,0
5599,35.4095,0
5600,42.2037,0
5601,39.3960,0
5602,44.8756,0
5603,45.2862,0
5604,51.9533,0
5605,40.2827,0
5606,61.3005,0
5607,51.7902,0
5608,41.3809,0
5609,38.9962,0
5610,35.1453,0
5611,47.0731,0
5612,31.2445,0
5613,41.0688,0
5614,38.8377,0
5615,34.2977,0
5616,42.6395,0
5617,41.6937,0
5618,33.3710,0
5619,27.3738,0
5620,35.9266,0
5621,44.1298,0
5622,44.5445,0
5623,41.5921,0
5624,50.8111,0
5625,80.6561,0
5626,64.3990,0
5627,45.2919,0
5628,51.3978,0
5629,45.1024,0
5630,46.3367,0
5631,46.5126,0
5632,33.9210,0
5633,38.3043,0
5634,39.6023,0
5635,42.3071,0
5636,33.2365,0
5637,32.1109,0
5638,27.5614,0
5639,40.1301,0
5640,54.8260,0
5641,56.6971,0
5642,51.0936,0
5643,45.1794,0
5644,40.0131,0
5645,42.6288,0
5646,43.0801,0
5647,33.9634,0
5648,32.9554,0
5649,44.2851,0
5650,44.3430,0
5651,38.1155,0
5652,41.8584,0
5653,36.9122,0
5654,35.3067,0
5655,33.4835,0
5656,42.2168,0
5657,31.1904,0
5658,43.8075,0
5659,53.3085,0
5660,51.4362,0
5661,39.7346,0
5662,29.8584,0
5663,37.4298,0
5664,40.1568,0
5665,35.7513,0
5666,30.9286,0
5667,35.7721,0
5668,34.2078,0
5669,27.9617,0
5670,24.5442,0
5671,40.0562,0
5672,32.8374,0
5673,34.4937,0
5674,37.1077,0
5675,49.7355,0
5676,49.0446,0
5677,53.9923,0
5678,41.3549,0
5679,32.3215,0
5680,40.7655,0
5681,44.5335,0
5682,42.8123,0
5683,30.8273,0
5684,32.3782,0
5685,48.0006,0
5686,50.4487,0
5687,38.3687,0
5688,38.8532,0
5689,34.3990,0
5690,37.6821,0
5691,39.1550,0
5692,36.3564,0
5693,46.2065,0
5694,53.5874,0
5695,45.0027,0
5696,36.2298,0
5697,28.0104,0
5698,31.9593,0
5699,38.7068,0
5700,32.5034,0
5701,40.2250,0
5702,33.7369,0
5703,41.2910,0
5704,39.7995,0
5705,44.6489,0
5706,45.1634,0
5707,30.9649,0
5708,45.9774,0
5709,39.1483,0
5710,52.6805,0
5711,55.1782,0
5712,49.8314,0
5713,35.6281,0
5714,32.6252,0
5715,30.3390,0
5716,33.9086,0
5717,35.1448,0
5718,30.6885,0
5719,39.9520,0
5720,43.7715,0
5721,38.4755,0
5722,47.0932,0
5723,29.0310,0
5724,35.0759,0
5725,35.7652,0
5726,33.0949,0
5727,51.6140,0
5728,47.3573,0
5729,43.4103,0
5730,40.5085,0
5731,40.0949,0
5732,29.1104,0
5733,34.4126,0
5734,36.3328,0
5735,36.9923,0
5736,37.1745,0
5737,39.4559,0
5738,45.0449,0
5739,28.5428,0
5740,32.7518,0
5741,45.9881,0
5742,35.6734,0
5743,44.2684,0
5744,43.0839,0
5745,42.7690,0
5746,51.2938,0
5747,41.5676,0
5748,35.6231,0
5749,45.0232,0
5750,42.4669,0
5751,36.8249,0
5752,40.0169,0
5753,37.2312,0
5754,40.6632,0
5755,38.8258,0
5756,46.4265,0
5757,43.3483,0
5758,43.2432,0
5759,51.3828,0
5760,51.2497,0
5761,69.7815,0
5762,40.8983,0
5763,33.8221,0
5764,39.5851,0
5765,34.9269,0
5766,38.3210,0
5767,42.5386,0
5768,35.8961,0
5769,34.5078,0
5770,39.6466,0
5771,40.0167,0
5772,29.8994,0
5773,28.3279,0
5774,33.7791,0
5775,30.7989,0
5776,29.3832,0
5777,32.5022,0
5778,43.4287,0
5779,52.5992,0
5780,50.8165,0
5781,41.2054,0
5782,37.6711,0
5783,30.8838,0
5784,22.3150,0
5785,28.5401,0
5786,29.2547,0
5787,35.4941,0
5788,27.0762,0
5789,33.6435,0
5790,37.4849,0
5791,26.3548,0
5792,33.8137,0
5793,36.6323,0
5794,33.5410,0
5795,31.6164,0
5796,49.3748,0
5797,49.2237,0
5798,45.8150,0
5799,40.1292,0
5800,31.8832,0
5801,36.0608,0
5802,34.0650,0
5803,33.6702,0
5804,45.2063,0
5805,49.9537,0
5806,37.4062,0
5807,39.2611,0
5808,39.2623,0
5809,36.2659,0
5810,38.4026,0
5811,34.5106,0
5812,45.6908,0
5813,58.9397,0
5814,66.1356,0
5815,70.7884,0
5816,60.8609,0
5817,46.2036,0
5818,40.8735,0
5819,37.5373,0
5820,35.3303,0
5821,42.1853,0
5822,31.5089,0
5823,33.5846,0
5824,42.4969,0
5825,39.8815,0
5826,32.2521,0
5827,42.6428,0
5828,40.8063,0
5829,39.0930,0
5830,63.8704,0
5831,51.6133,0
5832,42.0592,0
5833,29.4116,0
5834,30.7069,0
5835,35.3518,0
5836,34.7950,0
5837,33.9515,0
5838,33.9375,0
5839,39.3717,0
5840,38.5406,0
5841,38.6956,0
5842,39.9973,0
5843,37.2157,0
5844,35.3372,0
5845,39.5944,0
5846,36.9110,0
5847,38.6834,0
5848,46.5605,0
5849,61.1732,0
5850,36.1838,0
5851,57.1718,0
5852,44.9612,0
5853,47.2813,0
5854,45.5234,0
5855,38.3520,0
5856,38.0902,0
5857,39.0732,0
5858,43.6137,0
5859,45.6917,0
5860,31.4667,0
5861,29.2273,0
5862,29.7472,0
5863,44.2216,0
5864,52.8440,0
5865,56.7815,0
5866,56.8750,0
5867,50.8740,0
5868,42.3284,0
5869,36.5434,0
5870,38.4507,0
5871,31.8420,0
5872,39.5617,0
5873,36.0157,0
5874,37.3843,0
5875,36.1161,0
5876,44.8179,0
5877,41.9102,0
5878,45.1670,0
5879,46.8922,0
5880,44.7755,0
5881,57.7769,0
5882,60.5016,0
5883,38.2850,0
5884,38.7602,0
5885,43.2618,0
5886,47.2560,0
5887,47.4384,0
5888,44.3022,0
5889,42.4948,0
5890,46.3428,0
5891,44.0361,0
5892,43.5462,0
5893,37.9434,0
5894,32.3861,0
5895,34.4553,0
5896,37.1821,0
5897,49.8450,0
5898,54.4839,0
5899,39.9270,0
5900,22.1558,0
5901,34.1117,0
5902,33.2816,0
5903,32.1834,0
5904,35.3699,0
5905,38.0642,0
5906,40.0236,0
5907,31.5273,0
5908,35.0785,0
5909,40.0784,0
5910,28.9381,0
5911,56.9825,0
5912,44.8444,0
5913,62.7685,0
5914,47.8358,0
5915,46.5021,0
5916,33.9048,0
5917,29.2506,0
5918,30.1831,0
5919,34.0977,0
5920,34.2636,0
5921,29.4015,0
5922,33.9632,0
5923,35.6464,0
5924,48.2512,0
5925,36.9492,0
5926,38.9869,0
5927,45.5937,0
5928,38.6293,0
5929,37.0052,0
5930,41.9178,0
5931,36.6552,0
5932,62.8326,0
5933,46.8159,0
5934,32.9509,0
5935,39.8562,0
5936,42.7885,0
5937,39.3071,0
5938,35.1200,0
5939,39.9919,0
5940,40.3285,0
5941,43.5669,0
5942,31.6219,0
5943,36.8361,0
5944,29.6180,0
5945,33.9327,0
5946,36.7000,0
5947,43.3755,0
5948,48.4035,0
5949,68.1393,0
5950,52.5315,0
5951,40.1895,0
5952,38.9204,0
5953,33.9644,0
5954,24.9870,0
5955,37.6899,0
5956,43.3393,0
5957,33.1337,0
5958,42.6900,0
5959,35.4764,0
5960,37.3485,0
5961,42.5272,0
5962,38.1901,0
5963,36.9627,0
5964,30.7715,0
5965,22.0847,0
5966,41.4176,0
5967,38.5284,0
5968,23.1977,0
5969,32.4988,0
5970,20.1051,0
5971,34.2762,0
5972,43.1557,0
5973,30.1628,0
5974,32.2423,0
5975,33.1650,0
5976,32.4788,0
5977,35.3334,0
5978,33.7095,0
5979,34.8327,0
5980,35.4452,0
5981,41.2970,0
5982,38.2028,0
5983,45.0304,0
5984,39.7694,0
5985,34.6141,0
5986,58.2523,0
5987,48.5134,0
5988,54.4205,0
5989,46.9909,0
5990,44.8585,0
5991,35.3086,0
5992,37.8191,0
5993,32.3548,0
5994,32.9840,0
5995,34.4658,0
5996,31.6296,0
5997,32.0501,0
5998,35.7950,0
5999,41.8291,0
6000,36.0248,0
6001,38.7833,0
6002,33.9928,0
6003,35.2259,0
6004,61.9721,0
6005,71.0046,0
6006,49.4773,0
6007,36.2432,0
6008,37.6828,0
6009,43.4585,0
6010,34.2817,0
6011,32.7938,0
6012,41.0461,0
6013,37.4973,0
6014,28.9042,0
6015,32.0129,0
6016,29.9718,0
6017,35.6686,0
6018,35.3212,0
6019,36.1209,0
6020,37.2081,0
6021,59.1245,0
6022,54.1077,0
6023,49.0968,0
6024,42.5360,0
6025,39.0182,0
6026,34.0941,0
6027,28.3458,0
6028,36.3722,0
6029,36.2396,0
6030,41.3263,0
6031,42.3248,0
6032,33.4177,0
6033,32.0415,0
6034,37.7486,0
6035,32.6543,0
6036,31.7028,0
6037,32.0730,0
6038,37.2357,0
6039,79.8273,0
6040,43.2427,0
6041,43.4537,0
6042,49.3927,0
6043,37.5748,0
6044,27.6997,0
6045,47.6975,0
6046,43.5669,0
6047,36.6981,0
6048,35.4757,0
6049,33.7815,0
6050,35.3081,0
6051,36.7572,0
6052,35.2359,0
6053,38.2059,0
6054,42.0310,0
6055,59.5024,0
6056,42.6850,0
6057,32.8345,0
6058,36.0711,0
6059,45.7664,0
6060,35.5551,0
6061,37.4815,0
6062,38.2638,0
6063,29.8555,0
6064,33.6142,0
6065,37.9405,0
6066,38.5082,0
6067,39.7019,0
6068,39.9711,0
6069,41.7638,0
6070,34.1902,0
6071,46.1705,0
6072,52.9211,0
6073,55.4640,0
6074,36.8059,0
6075,26.8772,0
6076,26.6936,0
6077,47.3273,0
6078,31.9853,0
6079,31.1232,0
6080,32.6138,0
6081,29.0956,0
6082,48.2445,0
6083,47.8170,0
6084,38.5082,0
6085,41.3115,0
6086,39.6402,0
6087,30.8073,0
6088,42.4459,0
6089,40.0758,0
6090,44.1518,0
6091,29.1889,0
6092,32.6202,0
6093,46.2644,0
6094,31.5893,0
6095,52.0337,0
6096,41.7316,0
6097,32.1221,0
6098,39.9911,0
6099,36.9906,0
6100,40.9722,0
6101,34.7013,0
6102,38.3315,0
6103,35.0194,0
6104,33.4003,0
6105,48.0926,0
6106,59.3951,0
6107,50.4386,0
6108,48.8465,0
6109,47.4505,0
6110,38.9431,0
6111,36.2067,0
6112,40.0009,0
6113,38.3155,0
6114,35.1150,0
6115,36.3863,0
6116,37.8227,0
6117,34.5099,0
6118,31.4338,0
6119,22.3496,0
6120,35.2952,0
6121,37.9572,0
6122,32.3653,0
6123,43.1945,0
6124,32.6061,0
6125,50.9119,0
6126,48.5678,0
6127,41.2881,0
6128,36.6807,0
6129,36.4234,0
6130,30.9868,0
6131,34.8685,0
6132,30.7326,0
6133,36.2053,0
6134,37.4084,0
6135,54.2114,0
6136,43.1082,0
6137,39.4709,0
6138,39.8247,0
6139,38.0664,0
6140,38.6713,0
6141,38.6634,0
6142,43.8323,0
6143,51.5809,0
6144,42.8326,0
6145,41.8532,0
6146,40.9281,0
6147,45.5809,0
6148,45.1474,0
6149,40.6945,0
6150,44.3175,0
6151,38.7900,0
6152,37.8075,0
6153,46.9961,0
6154,38.6932,0
6155,37.9491,0
6156,34.1904,0
6157,30.7913,0
6158,34.1852,0
6159,46.5894,0
6160,63.4758,0
6161,54.9872,0
6162,45.6576,0
6163,47.8430,0
6164,40.2906,0
6165,39.9499,0
6166,42.9361,0
6167,40.1778,0
6168,32.7673,0
6169,27.5536,0
6170,40.3590,0
6171,44.2803,0
6172,34.8713,0
6173,44.5247,0
6174,49.7193,0
6175,50.8072,0
6176,35.6414,0
6177,43.1254,0
6178,47.7870,0
6179,42.0983,0
6180,43.5033,0
6181,35.2089,0
6182,39.5577,0
6183,38.6312,0
6184,27.6351,0
6185,31.3306,0
6186,32.5658,0
6187,38.2562,0
6188,43.3154,0
6189,36.9921,0
6190,37.0073,0
6191,36.3708,0
6192,51.0728,0
6193,44.6713,0
6194,42.4731,0
6195,50.4556,0
6196,40.1781,0
6197,28.2304,0
6198,32.9590,0
6199,34.4560,0
6200,39.5384,0
6201,31.6927,0
6202,30.8688,0
6203,36.5307,0
6204,37.6720,0
6205,31.0671,0
6206,28.0528,0
6207,35.3713,0
6208,43.8282,0
6209,35.7544,0
6210,46.8345,0
6211,55.3629,0
6212,49.3174,0
6213,43.2510,0
6214,42.7802,0
6215,36.7877,0
6216,35.2333,0
6217,34.4183,0
6218,39.2601,0
6219,41.8272,0
6220,35.4390,0
6221,33.3443,0
6222,37.0085,0
6223,42.1822,0
6224,42.0892,0
6225,51.1086,0
6226,52.3469,0
6227,47.3316,0
6228,42.8100,0
6229,47.7228,0
6230,40.7043,0
6231,44.8713,0
6232,43.5655,0
6233,39.0959,0
6234,36.4714,0
6235,38.7638,0
6236,41.4622,0
6237,47.1532,0
6238,40.4701,0
6239,36.8958,0
6240,28.4932,0
6241,42.5231,0
6242,48.2779,0
6243,61.3742,0
6244,32.3787,0
6245,33.0648,0
6246,35.5139,0
6247,30.5636,0
6248,44.1446,0
6249,49.0851,0
6250,45.6839,0
6251,50.3018,0
6252,40.3249,0
6253,34.7576,0
6254,41.3544,0
6255,34.0004,0
6256,35.0792,0
6257,38.2810,0
6258,57.2691,0
6259,48.3732,0
6260,38.2395,0
6261,42.1991,0
6262,39.6371,0
6263,37.2045,0
6264,47.6274,0
6265,53.0539,0
6266,28.8820,0
6267,33.2785,0
6268,39.9141,0
6269,44.3430,0
6270,34.5008,0
6271,24.8737,0
6272,45.7916,0
6273,44.0373,0
6274,47.0209,0
6275,45.7289,0
6276,36.7651,0
6277,42.2742,0
6278,43.4916,0
6279,40.8158,0
6280,42.5687,0
6281,53.3648,0
6282,58.9342,0
6283,60.2460,0
6284,42.3450,0
6285,29.5873,0
6286,18.4786,0
6287,23.3295,0
6288,27.4353,0
6289,25.3129,0
6290,23.9699,0
6291,24.7538,0
6292,23.8485,0
6293,43.9975,0
6294,64.4345,0
6295,54.0454,0
6296,43.7870,0
6297,38.6763,0
6298,34.9443,0
6299,35.5067,0
6300,59.1893,0
6301,37.4701,0
6302,43.7429,0
6303,40.3085,0
6304,35.1787,0
6305,39.1834,0
6306,41.9075,0
6307,30.6790,0
6308,29.1734,0
6309,55.1722,0
6310,37.7173,0
6311,53.7982,0
6312,55.2347,0
6313,44.7924,0
6314,47.1246,0
6315,47.4553,0
6316,60.4517,0
6317,59.7830,0
6318,42.3138,0
6319,36.5233,0
6320,41.5647,0
6321,40.5371,0
6322,40.1652,0
6323,42.7222,0
6324,44.3120,0
6325,40.8332,0
6326,36.1376,0
6327,40.3430,0
6328,41.8696,0
6329,34.2541,0
6330,35.9113,0
6331,34.8768,0
6332,41.7132,0
6333,52.7518,0
6334,54.0757,0
6335,32.7301,0
6336,31.5969,0
6337,42.6006,0
6338,40.5750,0
6339,41.2416,0
6340,31.8820,0
6341,56.6320,0
6342,37.1020,0
6343,40.5374,0
6344,37.0581,0
6345,39.4981,0
6346,31.2893,0
6347,34.4636,0
6348,38.4500,0
6349,35.0292,0
6350,35.6398,0
6351,46.4823,0
6352,34.7016,0
6353,45.6285,0
6354,41.6176,0
6355,43.0045,0
6356,37.5230,0
6357,34.8668,0
6358,34.2836,0
6359,39.6547,0
6360,36.6809,0
6361,39.1035,0
6362,36.3021,0
6363,42.5041,0
6364,41.2776,0
6365,42.9416,0
6366,41.6110,0
6367,40.4911,0
6368,56.5743,0
6369,60.5812,0
6370,31.7051,0
6371,26.6054,0
6372,30.0639,0
6373,44.7423,0
6374,32.2978,0
6375,30.4606,0
6376,41.8983,0
6377,45.7346,0
6378,51.3604,0
6379,42.6106,0
6380,32.4228,0
6381,39.2046,0
6382,37.2694,0
6383,36.1152,0
6384,30.7806,0
6385,38.6369,0
6386,39.1731,0
6387,46.6986,0
6388,56.8001,0
6389,44.9564,0
6390,32.7349,0
6391,31.5030,0
6392,34.5731,0
6393,30.7593,0
6394,42.3234,0
6395,44.3609,0
6396,41.3764,0
6397,39.4514,0
6398,43.5832,0
6399,39.6638,0
6400,36.7656,0
6401,35.9423,0
6402,34.8415,0
6403,35.2316,0
6404,39.8970,0
6405,67.7011,0
6406,48.4455,0
6407,47.3599,0
6408,38.7597,0
6409,35.3489,0
6410,37.2689,0
6411,46.1745,0
6412,23.7536,0
6413,46.3283,0
6414,40.5424,0
6415,39.4020,0
6416,35.6457,0
6417,33.0381,0
6418,31.2860,0
6419,25.3868,0
6420,49.0701,0
6421,42.0957,0
6422,39.1233,0
6423,35.3086,0
6424,46.0322,0
6425,52.9578,0
6426,57.4591,0
6427,43.2501,0
6428,42.5255,0
6429,52.6211,0
6430,51.2455,0
6431,36.5670,0
6432,37.8749,0
6433,32.5177,0
6434,33.7133,0
6435,38.4305,0
6436,38.4676,0
6437,39.4261,0
6438,39.4371,0
6439,47.2870,0
6440,44.5328,0
6441,36.4549,0
6442,49.3007,0
6443,62.8309,0
6444,58.9004,0
6445,52.3601,0
6446,41.9447,0
6447,37.0300,0
6448,46.9792,0
6449,31.7774,0
6450,35.4629,0
6451,33.5054,0
6452,32.3730,0
6453,35.6147,0
6454,42.3999,0
6455,41.4431,0
6456,41.5478,0
6457,36.5980,0
6458,29.6953,0
6459,59.9072,0
6460,48.8176,0
6461,38.0406,0
6462,40.9107,0
6463,35.9759,0
6464,61.6372,0
6465,62.4187,0
6466,40.4751,0
6467,35.6381,0
6468,37.0352,0
6469,34.4610,0
6470,41.8453,0
6471,39.3677,0
6472,28.8193,0
6473,34.3528,0
6474,41.0202,0
6475,43.7660,0
6476,42.9127,0
6477,56.4139,0
6478,70.2055,0
6479,70.8239,0
6480,55.9275,0
6481,41.4968,0
6482,40.4985,0
6483,40.1490,0
6484,29.2146,0
6485,34.4691,0
6486,30.2579,0
6487,35.7044,0
6488,33.1192,0
6489,35.6088,0
6490,42.7461,0
6491,31.4610,0
6492,34.1520,0
6493,38.0564,0
6494,41.8196,0
6495,37.9448,0
6496,47.9228,0
6497,49.1743,0
6498,56.6180,0
6499,41.4720,0
6500,42.5792,0
6501,45.7742,0
6502,39.6981,0
6503,37.3056,0
6504,47.8041,0
6505,40.6978,0
6506,30.8743,0
6507,32.1121,0
6508,39.4754,0
6509,39.0880,0
6510,44.9679,0
6511,39.0639,0
6512,45.8155,0
6513,47.8086,0
6514,65.8977,0
6515,45.6610,0
6516,37.8420,0
6517,40.6811,0
6518,37.6453,0
6519,38.7886,0
6520,28.2023,0
6521,39.6943,0
6522,43.1306,0
6523,38.7485,0
6524,49.4299,0
6525,41.7409,0
6526,49.8872,0
6527,56.6778,0
6528,54.0915,0
6529,55.9373,0
6530,54.3933,0
6531,55.6931,0
6532,39.0015,0
6533,45.3069,0
6534,41.6949,0
6535,48.8517,0
6536,54.2383,0
6537,46.1941,0
6538,41.0466,0
6539,32.9132,0
6540,48.7723,0
6541,48.1579,0
6542,40.2601,0
6543,58.0471,0
6544,49.5455,0
6545,55.3839,0
6546,45.1880,0
6547,38.0907,0
6548,45.8431,0
6549,47.6921,0
6550,41.2512,0
6551,36.6488,0
6552,43.2215,0
6553,37.1382,0
6554,38.2257,0
6555,31.5573,0
6556,31.6339,0
6557,37.1482,0
6558,36.8803,0
6559,28.9519,0
6560,36.6244,0
6561,46.8535,0
6562,52.4580,0
6563,45.7509,0
6564,42.2475,0
6565,41.6968,0
6566,30.2451,0
6567,34.4422,0
6568,42.1207,0
6569,37.0536,0
6570,33.3905,0
6571,37.8504,0
6572,34.0688,0
6573,32.0349,0
6574,36.6936,0
6575,38.3821,0
6576,32.8262,0
6577,35.0950,0
6578,40.3240,0
6579,59.0372,0
6580,45.7542,0
6581,48.2242,0
6582,53.3664,0
6583,44.7636,0
6584,40.8103,0
6585,31.9808,0
6586,38.6505,0
6587,41.0979,0
6588,37.8253,0
6589,29.3784,0
6590,28.6105,0
6591,35.2132,0
6592,33.9737,0
6593,46.6819,0
6594,35.3251,0
6595,42.6574,0
6596,38.8312,0
6597,56.2592,0
6598,59.7682,0
6599,47.6658,0
6600,42.5310,0
6601,42.1636,0
6602,42.3508,0
6603,41.7070,0
6604,41.7349,0
6605,49.0584,0
6606,44.1990,0
6607,39.1581,0
6608,40.6811,0
6609,36.3455,0
6610,46.4747,0
6611,48.9156,0
6612,55.5923,0
6613,50.0419,0
6614,42.5675,0
6615,50.9970,0
6616,49.7301,0
6617,41.4536,0
6618,37.4937,0
6619,45.2585,0
6620,49.9887,0
6621,36.6728,0
6622,39.4731,0
6623,38.6946,0
6624,41.9998,0
6625,42.5775,0
6626,34.2233,0
6627,36.0806,0
6628,47.0326,0
6629,66.1302,0
6630,66.5507,0
6631,54.9428,0
6632,43.0710,0
6633,35.1448,0
6634,41.1932,0
6635,42.5880,0
6636,33.4737,0
6637,39.4561,0
6638,39.5317,0
6639,37.8816,0
6640,41.1706,0
6641,31.0709,0
6642,37.3645,0
6643,44.7044,0
6644,43.3972,0
6645,46.7927,0
6646,49.5877,0
6647,51.7681,0
6648,46.7656,0
6649,35.6879,0
6650,41.0340,0
6651,46.9313,0
6652,40.4546,0
6653,42.3379,0
6654,33.8914,0
6655,39.0291,0
6656,41.8358,0
6657,37.5009,0
6658,32.6657,0
6659,35.0184,0
6660,47.5879,0
6661,46.7277,0
6662,57.8892,0
6663,36.0117,0
6664,49.3710,0
6665,46.4954,0
6666,43.5250,0
6667,29.5033,0
6668,37.9896,0
6669,36.8328,0
6670,42.6192,0
6671,28.4216,0
6672,32.6726,0
6673,36.9844,0
6674,37.7870,0
6675,32.2602,0
6676,51.2214,0
6677,57.7898,0
6678,56.9026,0
6679,68.8941,0
6680,58.8312,0
6681,48.0611,0
6682,38.2388,0
6683,39.5117,0
6684,44.9958,0
6685,43.6320,0
6686,35.3649,0
6687,32.6672,0
6688,37.3340,0
6689,39.2170,0
6690,39.0930,0
6691,40.7832,0
6692,60.5218,0
6693,52.7213,0
6694,61.4886,0
6695,52.3748,0
6696,47.9081,0
6697,37.2777,0
6698,47.1218,0
6699,51.8227,0
6700,45.9790,0
6701,42.1731,0
6702,46.5822,0
6703,43.6680,0
6704,39.8126,0
6705,34.3521,0
6706,45.5706,0
6707,60.1115,0
6708,62.7167,0
6709,51.8374,0
6710,44.6315,0
6711,56.9789,0
6712,32.8381,0
6713,33.0365,0
6714,38.7485,0
6715,42.4106,0
6716,37.5769,0
6717,28.1212,0
6718,33.3250,0
6719,38.1742,0
6720,38.1949,0
6721,34.8878,0
6722,28.8343,0
6723,32.0032,0
6724,51.5079,0
6725,60.9438,0
6726,60.8230,0
6727,51.8577,0
6728,49.1164,0
6729,49.9351,0
6730,48.4231,0
6731,42.1343,0
6732,47.8387,0
6733,49.3510,0
6734,40.4518,0
6735,37.4167,0
6736,38.5044,0
6737,35.1977,0
6738,35.2128,0
6739,40.0271,0
6740,46.8826,0
6741,48.0585,0
6742,31.8210,0
6743,49.1488,0
6744,40.1645,0
6745,40.3717,0
6746,40.4971,0
6747,34.4272,0
6748,23.0877,0
6749,33.1998,0
6750,30.3762,0
6751,34.3437,0
6752,41.9626,0
6753,38.4452,0
6754,33.6671,0
6755,42.1100,0
6756,27.7734,0
6757,37.3194,0
6758,35.9795,0
6759,33.9012,0
6760,40.8757,0
6761,52.1646,0
6762,45.2421,0
6763,45.7039,0
6764,39.4771,0
6765,37.8425,0
6766,38.5525,0
6767,40.9682,0
6768,44.5106,0
6769,43.5932,0
6770,39.0532,0
6771,36.8323,0
6772,43.8292,0
6773,47.6518,0
6774,48.3105,0
6775,49.2120,0
6776,35.8877,0
6777,49.7508,0
6778,42.6221,0
6779,40.7813,0
6780,43.8464,0
6781,30.2746,0
6782,21.8534,0
6783,28.4665,0
6784,28.5842,0
6785,39.2125,0
6786,45.1345,0
6787,43.3424,0
6788,36.5279,0
6789,41.7562,0
6790,21.1186,0
6791,29.9759,0
6792,57.9801,0
6793,51.2545,0
6794,38.4574,0
6795,36.6473,0
6796,47.0638,0
6797,49.1183,0
6798,48.0065,0
6799,42.5217,0
6800,56.5548,0
6801,38.0733,0
6802,35.1143,0
6803,35.2585,0
6804,40.8351,0
6805,48.7225,0
6806,40.1580,0
6807,37.1325,0
6808,37.8964,0
6809,56.8049,0
6810,63.5493,0
6811,54.7433,0
6812,37.0660,0
6813,36.1295,0
6814,42.2111,0
6815,38.6562,0
6816,45.1074,0
6817,39.7944,0
6818,40.7169,0
6819,30.5269,0
6820,37.9601,0
6821,31.6925,0
6822,32.0740,0
6823,23.5832,0
6824,26.9690,0
6825,39.3097,0
6826,40.5934,0
6827,42.5260,0
6828,54.8406,0
6829,36.7601,0
6830,29.2234,0
6831,25.0609,0
6832,35.3234,0
6833,35.1655,0
6834,37.0851,0
6835,38.0630,0
6836,38.9779,0
6837,33.7565,0
6838,37.9007,0
6839,43.8545,0
6840,46.3755,0
6841,44.7309,0
6842,31.4906,0
6843,42.4123,0
6844,66.0703,0
6845,63.0291,0
6846,53.2267,0
6847,49.2561,0
6848,33.9737,0
6849,34.9424,0
6850,40.5228,0
6851,41.6875,0
6852,36.8402,0
6853,38.5561,0
6854,49.0973,0
