id,t_pub_ms
1,3.2501
2,8.8236
3,9.7914
4,12.3010
5,13.6695
6,17.2637
7,19.4452
8,22.1786
9,25.3096
10,29.4311
11,30.8886
12,34.9016
13,39.0446
14,39.4945
15,42.1526
16,43.9367
17,46.4542
18,48.9109
19,51.7087
20,56.2017
21,58.5752
22,62.4447
23,64.6639
24,67.5871
25,70.3106
26,71.8396
27,73.2894
28,74.6284
29,76.9079
30,80.0407
31,83.5319
32,86.7736
33,89.6587
34,92.3738
35,95.1002
36,98.6462
37,101.1312
38,103.6351
39,106.2486
40,108.6543
41,111.4066
42,114.9459
43,118.0491
44,121.0082
45,123.8015
46,126.5831
47,129.1351
48,132.3626
49,135.0110
50,137.4130
51,142.2586
52,144.3343
53,152.0324
54,155.4282
55,159.3552
56,164.0570
57,167.6831
58,171.0567
59,174.2399
60,180.2957
61,184.6197
62,191.9193
63,198.2510
64,199.9829
65,203.5995
66,208.7364
67,215.2522
68,222.3721
69,226.4140
70,231.5793
71,239.8880
72,241.5066
73,243.5722
74,246.7859
75,251.0026
76,254.8246
77,257.8716
78,260.9084
79,263.9933
80,267.0586
81,271.1632
82,276.5934
83,282.4447
84,287.0660
85,290.5557
86,295.0616
87,300.7119
88,305.7773
89,309.8655
90,313.1919
91,319.0796
92,325.8088
93,329.6578
94,333.8571
95,337.0304
96,339.3433
97,340.1291
98,341.0110
99,342.1388
100,343.2381
101,344.4111
102,345.7303
103,346.6406
104,347.8441
105,348.5613
106,349.8275
107,350.5940
108,351.6676
109,352.9098
110,354.4295
111,355.2575
112,356.1742
113,357.8768
114,360.5564
115,364.0463
116,366.6162
117,368.9048
118,371.0406
119,372.9234
120,374.8648
121,376.7996
122,378.1297
123,380.3740
124,382.3864
125,385.1950
126,387.8698
127,389.9369
128,393.0109
129,394.8956
130,397.1190
131,398.8726
132,401.2589
133,404.0236
134,406.3308
135,408.5932
136,410.9590
137,413.6984
138,416.2045
139,418.8251
140,421.5674
141,424.2570
142,426.6217
143,429.1275
144,431.2007
145,433.0924
146,435.1246
147,437.6609
148,439.6732
149,441.2167
150,443.0637
151,446.1024
152,448.7002
153,451.6211
154,453.6562
155,454.6988
156,457.0665
157,459.1491
158,461.4398
159,463.3229
160,464.5557
161,467.2821
162,476.0475
163,478.1380
164,481.9074
165,484.3640
166,492.6376
167,502.8086
168,510.4845
169,517.6036
170,521.4982
171,523.2568
172,527.0803
173,529.3787
174,531.3816
175,537.6058
176,541.5833
177,545.0795
178,551.8384
179,554.3566
180,555.9061
181,558.2547
182,560.0288
183,561.5768
184,564.6920
185,567.0905
186,568.6111
187,570.8621
188,573.0000
189,575.2420
190,577.6460
191,579.8972
192,581.9123
193,584.1548
194,586.3407
195,587.7361
196,589.1058
197,590.1754
198,591.4650
199,593.3650
200,596.0133
201,595.5744
202,597.7020
203,600.1883
204,602.4280
205,604.7113
206,606.5741
207,608.9368
208,610.8687
209,612.3695
210,614.5604
211,616.7109
212,618.9127
213,619.8628
214,622.2906
215,622.9832
216,625.0670
217,627.4834
218,629.2377
219,631.7720
220,634.1722
221,636.9197
222,638.4280
223,641.4504
224,643.9805
225,645.7174
226,648.3965
227,650.9335
228,654.4290
229,657.3007
230,659.5693
231,661.9020
232,663.0404
233,663.6555
234,664.2213
235,663.3477
236,663.8026
237,665.7271
238,667.2430
239,669.7457
240,670.7089
241,672.9038
242,675.6873
243,677.4395
244,679.9061
245,681.9770
246,684.1049
247,686.2755
248,688.0782
249,689.9085
250,692.4741
251,694.5794
252,696.8422
253,698.8225
254,701.6866
255,704.0009
256,707.2108
257,708.9593
258,710.7594
259,712.7142
260,715.1539
261,717.1645
262,719.5067
263,721.6518
264,724.0946
265,726.6715
266,729.5737
267,733.4638
268,734.7329
269,737.1161
270,739.6269
271,742.2049
272,744.3089
273,747.3547
274,748.9421
275,753.9222
276,753.9835
277,756.8281
278,758.8432
279,761.0569
280,763.6912
281,765.3675
282,767.4189
283,769.8183
284,772.1140
285,774.7242
286,776.9487
287,779.5937
288,782.6695
289,785.2688
290,788.0960
291,790.7188
292,793.2317
293,795.9878
294,798.5201
295,801.1432
296,804.1112
297,806.8144
298,809.8238
299,808.6035
300,811.2257
301,814.2812
302,816.1361
303,818.4395
304,821.8591
305,826.1600
306,827.8954
307,831.9259
308,836.3526
309,840.4686
310,844.4731
311,848.3374
312,847.1613
313,849.2749
314,853.8861
315,859.3388
316,863.2023
317,868.4533
318,872.6518
319,876.6937
320,883.9066
321,886.1599
322,887.3045
323,889.7645
324,892.8225
325,895.2839
326,897.4833
327,900.5904
328,902.6670
329,905.5419
330,907.7289
331,910.2299
332,913.0709
333,915.9410
334,918.7183
335,921.5739
336,924.2885
337,926.9793
338,929.7612
339,932.4472
340,934.9940
341,938.1433
342,940.5565
343,946.4178
344,946.4929
345,949.7972
346,952.6944
347,956.6960
348,958.6155
349,961.4170
350,966.9998
351,971.7460
352,979.0311
353,984.5202
354,989.8920
355,992.8780
356,995.8079
357,998.6119
358,1001.6031
359,1004.5094
360,1017.1046
361,1016.4847
362,1017.1871
363,1021.0810
364,1024.7576
365,1027.5085
366,1031.9021
367,1034.8382
368,1037.9913
369,1040.9474
370,1044.1597
371,1046.9754
372,1049.8073
373,1052.4502
374,1055.7685
375,1058.6216
376,1061.3766
377,1064.5285
378,1068.2187
379,1071.2204
380,1073.7255
381,1076.7984
382,1079.7360
383,1082.6097
384,1085.4912
385,1088.5074
386,1091.5976
387,1094.1606
388,1097.2066
389,1100.1701
390,1106.3647
391,1111.1379
392,1114.2123
393,1116.9610
394,1119.9017
395,1122.5851
396,1125.9806
397,1129.1561
398,1132.3164
399,1135.1006
400,1138.1547
401,1140.5809
402,1144.3660
403,1146.5981
404,1149.3869
405,1152.0255
406,1154.8197
407,1157.6767
408,1160.4478
409,1163.1286
410,1165.5476
411,1167.8340
412,1170.4252
413,1173.3174
414,1176.2254
415,1178.7245
416,1180.8398
417,1183.1422
418,1185.1914
419,1187.5780
420,1189.4205
421,1192.4322
422,1194.8745
423,1197.9620
424,1200.4454
425,1202.6501
426,1205.0960
427,1207.1285
428,1209.3992
429,1212.7216
430,1216.0339
431,1216.8491
432,1220.3884
433,1222.0364
434,1223.2814
435,1224.5862
436,1225.6958
437,1225.9135
438,1227.9408
439,1230.1335
440,1233.2690
441,1235.3923
442,1237.9763
443,1240.1733
444,1242.4865
445,1245.2586
446,1247.0484
447,1250.6709
448,1252.6262
449,1255.7142
450,1260.1347
451,1262.7785
452,1264.5061
453,1267.5567
454,1277.9782
455,1281.3926
456,1284.4861
457,1287.9314
458,1290.2386
459,1292.7406
460,1295.0430
461,1297.5659
462,1299.5455
463,1302.0968
464,1303.7093
465,1305.7151
466,1307.9481
467,1310.1425
468,1312.5918
469,1315.2819
470,1318.1772
471,1320.4837
472,1322.3510
473,1324.4183
474,1326.6125
475,1329.5398
476,1333.0112
477,1336.3955
478,1338.9556
479,1341.2688
480,1343.5838
481,1345.3348
482,1347.5156
483,1349.8259
484,1352.1144
485,1354.4309
486,1356.4308
487,1358.7337
488,1361.0141
489,1363.5457
490,1365.6962
491,1368.1440
492,1370.1918
493,1372.6339
494,1376.1287
495,1378.4151
496,1380.4317
497,1382.6172
498,1384.5015
499,1385.9270
500,1388.4332
501,1390.9593
502,1393.1825
503,1394.9063
504,1396.8205
505,1401.1259
506,1402.5340
507,1405.0655
508,1407.0597
509,1408.7529
510,1410.4338
511,1412.3774
512,1414.6886
513,1417.7222
514,1419.7347
515,1421.8960
516,1423.5077
517,1425.2670
518,1427.0763
519,1429.2891
520,1432.0631
521,1435.1866
522,1437.5391
523,1439.3013
524,1441.7856
525,1443.6014
526,1445.6909
527,1447.0894
528,1449.4112
529,1451.9651
530,1454.2675
531,1456.2910
532,1458.6358
533,1458.9245
534,1460.9711
535,1463.2046
536,1465.2369
537,1467.6859
538,1470.0577
539,1472.1832
540,1474.6711
541,1477.0939
542,1480.4268
543,1485.4689
544,1486.0697
545,1488.4531
546,1491.1914
547,1494.1704
548,1497.2308
549,1498.0049
550,1500.1516
551,1502.3866
552,1508.7733
553,1511.3640
554,1513.5167
555,1515.5816
556,1520.1559
557,1522.4063
558,1525.6586
559,1527.3452
560,1529.9470
561,1531.3265
562,1533.4599
563,1535.7256
564,1538.2080
565,1542.0790
566,1545.2495
567,1548.1000
568,1550.0064
569,1554.2543
570,1557.5061
571,1572.9673
572,1579.3309
573,1582.7291
574,1584.2400
575,1585.4330
576,1586.6656
577,1587.5735
578,1587.8332
579,1589.2301
580,1590.4202
581,1591.6154
582,1592.8488
583,1593.7271
584,1595.5248
585,1596.4489
586,1597.8022
587,1600.9228
588,1602.1917
589,1603.3494
590,1604.6393
591,1605.8612
592,1607.2547
593,1610.3880
594,1614.2738
595,1617.6171
596,1622.6838
597,1624.5053
598,1628.5925
599,1632.8852
600,1631.5720
601,1636.0211
602,1637.8522
603,1641.6965
604,1644.4619
605,1649.2209
606,1652.7436
607,1657.5115
608,1663.0769
609,1666.9002
610,1673.8448
611,1676.7137
612,1679.4028
613,1682.4174
614,1684.9453
615,1688.3535
616,1690.8977
617,1692.5905
618,1695.3917
619,1698.2079
620,1702.2343
621,1700.9065
622,1704.9596
623,1706.8627
624,1710.1085
625,1713.5093
626,1717.0463
627,1729.6660
628,1728.6777
629,1730.2384
630,1733.5343
631,1735.4512
632,1737.3178
633,1739.1529
634,1741.2367
635,1743.0415
636,1747.8797
637,1750.0508
638,1751.1318
639,1755.6405
640,1757.2563
641,1758.7423
642,1760.8926
643,1762.8183
644,1765.0919
645,1768.5659
646,1769.9101
647,1772.0664
648,1772.7416
649,1775.1882
650,1779.0754
651,1782.9101
652,1785.3918
653,1787.8108
654,1789.6860
655,1791.8172
656,1793.5007
657,1796.3197
658,1797.6573
659,1800.2830
660,1801.1725
661,1802.9609
662,1804.9304
663,1806.2065
664,1809.2182
665,1810.0266
666,1812.7484
667,1815.2299
668,1818.6436
669,1822.7353
670,1825.6056
671,1827.7788
672,1829.0577
673,1832.7310
674,1838.4209
675,1841.8326
676,1845.4089
677,1852.1013
678,1855.7227
679,1859.1373
680,1863.8480
681,1867.7967
682,1872.2999
683,1874.3243
684,1876.3361
685,1879.1277
686,1883.0121
687,1885.6876
688,1887.8193
689,1890.0776
690,1892.0095
691,1895.1020
692,1895.5729
693,1897.1467
694,1898.3953
695,1901.1641
696,1902.1690
697,1902.8175
698,1904.3894
699,1906.1403
700,1907.0523
701,1908.5398
702,1909.4133
703,1910.6617
704,1911.9596
705,1913.3749
706,1914.4750
707,1915.8797
708,1917.3536
709,1918.3898
710,1919.7910
711,1920.7771
712,1920.5060
713,1922.0262
714,1923.3713
715,1924.6185
716,1925.6477
717,1927.1283
718,1928.0264
719,1928.8273
720,1929.9164
721,1930.9525
722,1932.1942
723,1933.1875
724,1934.4811
725,1935.6604
726,1937.0642
727,1938.2226
728,1939.6188
729,1940.2969
730,1941.2284
731,1942.2581
732,1943.5525
733,1944.9506
734,1945.8797
735,1947.1891
736,1948.5703
737,1949.6050
738,1951.0298
739,1952.3480
740,1953.4571
741,1954.7651
742,1956.2354
743,1957.5765
744,1958.8094
745,1960.1660
746,1961.3588
747,1962.6405
748,1963.9099
749,1965.1971
750,1966.2497
751,1967.0117
752,1967.9706
753,1969.0273
754,1970.1729
755,1971.2861
756,1972.4331
757,1973.6159
758,1974.9663
759,1976.3839
760,1977.7646
761,1978.9751
762,1980.3514
763,1981.7016
764,1982.8699
765,1984.3557
766,1985.8947
767,1987.2198
768,1988.5900
769,1990.0436
770,1991.6575
771,1991.7350
772,1993.1037
773,1994.3337
774,1995.6555
775,1997.0632
776,1998.4131
777,2000.0176
778,2001.4536
779,2002.9182
780,2004.2171
781,2005.8465
782,2007.1049
783,2008.7368
784,2010.4868
785,2011.9791
786,2013.5181
787,2015.5361
788,2017.0872
789,2019.3520
790,2020.8023
791,2022.4140
792,2023.9267
793,2025.4071
794,2027.2477
795,2029.1781
796,2030.4651
797,2031.8990
798,2033.4408
799,2034.9998
800,2035.7101
801,2036.0215
802,2037.5164
803,2038.8441
804,2040.3979
805,2041.7733
806,2043.1774
807,2044.7731
808,2046.4139
809,2048.5532
810,2050.3595
811,2051.7235
812,2053.2424
813,2054.7583
814,2056.4530
815,2057.7228
816,2059.0098
817,2060.1339
818,2061.7437
819,2063.1375
820,2064.6791
821,2066.2045
822,2067.6770
823,2069.5941
824,2071.1892
825,2071.4025
826,2071.9554
827,2073.2822
828,2074.6281
829,2076.1006
830,2077.4910
831,2078.8653
832,2080.5702
833,2082.3789
834,2083.9267
835,2085.5310
836,2086.5669
837,2087.7292
838,2089.0234
839,2090.4269
840,2091.2030
841,2092.4094
842,2093.9362
843,2094.8861
844,2096.4172
845,2097.7979
846,2099.1273
847,2100.7698
848,2102.3536
849,2104.1203
850,2110.6544
851,2113.9112
852,2115.2177
853,2116.8551
854,2118.1602
855,2119.5698
856,2121.0935
857,2121.2578
858,2122.8702
859,2124.4159
860,2125.7498
861,2127.2936
862,2128.9122
863,2130.4138
864,2131.9039
865,2133.5602
866,2135.3323
867,2137.0139
868,2138.7305
869,2140.5036
870,2141.9120
871,2143.7552
872,2145.7250
873,2147.3343
874,2148.9320
875,2150.0838
876,2151.7813
877,2151.5818
878,2152.9293
879,2153.8894
880,2155.5133
881,2157.1002
882,2158.5929
883,2160.0316
884,2161.3865
885,2162.9453
886,2164.6345
887,2166.1067
888,2166.2319
889,2167.5425
890,2169.0898
891,2170.6412
892,2172.3545
893,2173.8646
894,2175.4816
895,2177.2120
896,2178.2198
897,2179.7311
898,2181.0155
899,2182.1544
900,2183.8067
901,2185.2210
902,2185.1768
903,2186.3847
904,2187.8958
905,2189.5304
906,2191.0746
907,2192.3561
908,2193.6440
909,2195.0932
910,2196.4900
911,2198.0276
912,2199.7411
913,2200.9833
914,2204.1743
915,2205.8895
916,2207.5179
917,2209.1792
918,2210.7608
919,2212.3122
920,2213.8402
921,2215.4334
922,2217.0014
923,2218.6005
924,2220.0766
925,2221.6709
926,2223.1629
927,2224.6644
928,2226.2461
929,2227.7431
930,2229.2256
931,2230.6392
932,2232.3318
933,2233.8269
934,2235.4636
935,2236.7918
936,2238.3602
937,2239.7170
938,2241.2000
939,2242.8648
940,2244.3588
941,2245.6777
942,2247.1862
943,2248.6973
944,2250.4530
945,2252.1234
946,2253.8147
947,2255.6272
948,2257.0393
949,2258.5998
950,2260.2913
951,2261.9841
952,2263.5641
953,2265.0611
954,2266.6943
955,2268.0905
956,2269.2535
957,2270.8147
958,2272.6157
959,2274.3871
960,2276.1202
961,2277.5757
962,2279.0952
963,2280.6993
964,2282.3396
965,2284.5109
966,2286.2127
967,2287.5586
968,2289.3071
969,2290.8900
970,2292.2461
971,2293.6945
972,2295.3835
973,2296.8819
974,2298.2290
975,2299.8998
976,2301.5165
977,2303.3917
978,2305.0723
979,2306.6611
980,2308.3045
981,2309.8028
982,2311.3613
983,2313.0963
984,2314.6887
985,2316.4384
986,2317.7648
987,2319.0172
988,2320.4849
989,2321.7616
990,2323.2594
991,2324.8155
992,2326.1917
993,2327.6014
994,2328.8732
995,2330.2314
996,2331.6932
997,2332.9217
998,2334.5606
999,2335.8815
1000,2337.5618
1001,2338.8562
1002,2340.2762
1003,2341.5310
1004,2342.9379
1005,2344.3189
1006,2345.7572
1007,2346.9787
1008,2348.4902
1009,2349.5648
1010,2351.2788
1011,2352.7193
1012,2354.1453
1013,2355.5377
1014,2356.9226
1015,2358.2332
1016,2359.6129
1017,2360.7750
1018,2362.0851
1019,2363.9345
1020,2365.1483
1021,2366.5514
1022,2367.8641
1023,2368.9740
1024,2370.3666
1025,2371.9318
1026,2373.2564
1027,2374.6533
1028,2375.7143
1029,2377.0542
1030,2378.3114
1031,2379.8907
1032,2381.4702
1033,2382.8766
1034,2384.5811
1035,2385.9382
1036,2387.3625
1037,2388.6414
1038,2389.4045
1039,2390.9173
1040,2392.3268
1041,2393.5053
1042,2394.6798
1043,2396.0159
1044,2397.4047
1045,2398.7713
1046,2399.9710
1047,2401.3484
1048,2402.8168
1049,2403.8377
1050,2405.0801
1051,2408.3171
1052,2409.8399
1053,2411.1958
1054,2413.8453
1055,2415.7035
1056,2417.0229
1057,2419.0402
1058,2420.9301
1059,2423.2650
1060,2424.8712
1061,2425.7908
1062,2427.6330
1063,2429.4324
1064,2430.4202
1065,2432.0734
1066,2433.1050
1067,2435.0784
1068,2436.5368
1069,2437.7856
1070,2441.7596
1071,2442.7662
1072,2447.4018
1073,2455.3928
1074,2458.1711
1075,2463.4356
1076,2466.4021
1077,2469.6345
1078,2472.5955
1079,2475.2367
1080,2477.7012
1081,2484.4258
1082,2482.6572
1083,2486.2430
1084,2487.2038
1085,2493.9346
1086,2494.9057
1087,2497.6077
1088,2500.1857
1089,2502.1851
1090,2506.0027
1091,2506.1831
1092,2510.5207
1093,2511.8012
1094,2515.0898
1095,2517.8666
1096,2521.3270
1097,2525.7199
1098,2529.4633
1099,2531.7016
1100,2534.4858
1101,2537.2784
1102,2540.4799
1103,2543.2606
1104,2545.3613
1105,2546.5007
1106,2547.0126
1107,2548.2211
1108,2549.6039
1109,2550.7684
1110,2551.8236
1111,2552.8290
1112,2554.1489
1113,2555.2979
1114,2556.7560
1115,2558.2488
1116,2559.5140
1117,2560.9117
1118,2562.2878
1119,2563.1721
1120,2564.2819
1121,2565.7539
1122,2567.0505
1123,2568.5203
1124,2569.8986
1125,2571.3813
1126,2572.9036
1127,2574.5034
1128,2576.3230
1129,2577.8823
1130,2579.3486
1131,2580.6804
1132,2571.7463
1133,2571.9984
1134,2573.3433
1135,2573.6997
1136,2575.0461
1137,2576.5138
1138,2577.4131
1139,2578.8851
1140,2580.1332
1141,2581.4915
1142,2583.4851
1143,2584.6965
1144,2586.0419
1145,2585.2785
1146,2586.5283
1147,2587.7206
1148,2589.1702
1149,2590.6212
1150,2591.9423
1151,2593.2908
1152,2593.7624
1153,2595.4411
1154,2596.6868
1155,2598.0759
1156,2599.3454
1157,2599.9074
1158,2601.1734
1159,2602.6897
1160,2603.5242
1161,2605.0975
1162,2606.2427
1163,2607.2886
1164,2608.3012
1165,2609.6280
1166,2610.8491
1167,2612.0646
1168,2613.3127
1169,2614.2943
1170,2615.1063
1171,2616.4739
1172,2617.9516
1173,2619.3662
1174,2620.4956
1175,2622.0403
1176,2623.5840
1177,2625.1190
1178,2626.6196
1179,2627.8310
1180,2629.2658
1181,2630.7433
1182,2631.9985
1183,2633.3876
1184,2634.6147
1185,2635.7722
1186,2637.1961
1187,2638.3762
1188,2639.7388
1189,2641.1798
1190,2642.7333
1191,2644.2201
1192,2644.5248
1193,2645.9632
1194,2647.3508
1195,2648.2975
1196,2649.5492
1197,2650.9891
1198,2652.6651
1199,2654.0997
1200,2655.3903
1201,2657.1434
1202,2658.3591
1203,2659.3766
1204,2660.7611
1205,2662.3013
1206,2663.5373
1207,2664.8514
1208,2665.8168
1209,2666.9068
1210,2667.4197
1211,2668.8468
1212,2670.0597
1213,2670.6548
1214,2672.0619
1215,2673.7347
1216,2674.6349
1217,2675.6716
1218,2676.9979
1219,2678.4008
1220,2679.9390
1221,2682.2901
1222,2685.4947
1223,2686.9659
1224,2688.3378
1225,2689.7831
1226,2691.1998
1227,2692.5309
1228,2693.8350
1229,2695.3466
1230,2696.8610
1231,2698.3082
1232,2699.6729
1233,2700.9656
1234,2702.3325
1235,2703.5213
1236,2705.0591
1237,2706.5475
1238,2707.9737
1239,2709.3942
1240,2710.9060
1241,2712.3003
1242,2713.6085
1243,2715.1518
1244,2716.4359
1245,2717.8702
1246,2719.3189
1247,2720.8886
1248,2722.4991
1249,2723.9537
1250,2725.5018
1251,2726.9833
1252,2728.6100
1253,2729.9757
1254,2732.3015
1255,2735.2743
1256,2736.4507
1257,2742.9380
1258,2747.5109
1259,2748.2328
1260,2749.4113
1261,2751.1411
1262,2754.9198
1263,2760.2232
1264,2759.9645
1265,2762.1350
1266,2764.5633
1267,2766.9902
1268,2769.3939
1269,2771.7867
1270,2774.3995
1271,2777.0147
1272,2780.2591
1273,2785.2187
1274,2789.2492
1275,2793.1142
1276,2797.0684
1277,2799.3147
1278,2801.3282
1279,2803.6766
1280,2805.9859
1281,2810.0338
1282,2811.7030
1283,2813.5262
1284,2818.6400
1285,2821.2867
1286,2826.2711
1287,2828.2647
1288,2831.0664
1289,2834.5561
1290,2837.7290
1291,2840.6248
1292,2843.8954
1293,2847.1124
1294,2851.5294
1295,2855.3286
1296,2859.4272
1297,2864.8152
1298,2870.4505
1299,2872.0481
1300,2873.7924
1301,2874.4500
1302,2880.8844
1303,2883.7352
1304,2888.8738
1305,2892.5025
1306,2895.8380
1307,2898.6695
1308,2900.9521
1309,2903.8601
1310,2907.8133
1311,2909.1659
1312,2911.0634
1313,2914.0742
1314,2917.2719
1315,2918.9811
1316,2924.4113
1317,2926.9083
1318,2930.3768
1319,2934.0270
1320,2936.2440
1321,2940.1598
1322,2942.7257
1323,2945.3120
1324,2947.6898
1325,2950.3853
1326,2952.4689
1327,2955.2596
1328,2957.7765
1329,2960.3236
1330,2963.6400
1331,2966.0940
1332,2969.1846
1333,2972.3957
1334,2976.2836
1335,2978.9944
1336,2981.9953
1337,2983.5613
1338,2985.6098
1339,2989.3999
1340,2991.6070
1341,2994.2381
1342,2996.7866
1343,2999.8715
1344,3002.5363
1345,3005.1508
1346,3007.6108
1347,3010.1743
1348,3012.6595
1349,3013.8021
1350,3014.8654
1351,3016.8931
1352,3019.0959
1353,3019.6493
1354,3020.8986
1355,3022.7880
1356,3023.6263
1357,3027.0855
1358,3030.3752
1359,3033.2072
1360,3035.5656
1361,3038.4238
1362,3040.5967
1363,3043.4983
1364,3048.0645
1365,3050.8192
1366,3052.9537
1367,3055.0575
1368,3056.6938
1369,3059.5570
1370,3062.6214
1371,3065.2628
1372,3068.1808
1373,3070.8425
1374,3074.0514
1375,3075.9757
1376,3078.1732
1377,3080.4412
1378,3081.7847
1379,3083.7240
1380,3085.7692
1381,3089.1333
1382,3092.1721
1383,3094.3644
1384,3095.9246
1385,3099.2017
1386,3102.4249
1387,3106.4937
1388,3107.6355
1389,3109.5476
1390,3109.1502
1391,3115.2465
1392,3118.2508
1393,3120.6872
1394,3123.3985
1395,3125.6957
1396,3127.8412
1397,3129.7634
1398,3132.2803
1399,3135.1333
1400,3138.2608
1401,3141.1009
1402,3144.3374
1403,3147.2867
1404,3149.6108
1405,3152.5493
1406,3154.8307
1407,3157.4862
1408,3159.3974
1409,3162.0972
1410,3164.1603
1411,3166.8336
1412,3169.5614
1413,3171.9146
1414,3174.5183
1415,3176.8746
1416,3180.0852
1417,3184.0324
1418,3188.9372
1419,3192.4250
1420,3194.2780
1421,3195.0765
1422,3196.2252
1423,3197.8803
1424,3198.7188
1425,3198.7951
1426,3199.5187
1427,3200.4142
1428,3201.3588
1429,3202.6315
1430,3203.2392
1431,3204.2413
1432,3205.5612
1433,3206.8803
1434,3208.2586
1435,3209.5423
1436,3210.7136
1437,3211.7255
1438,3212.7640
1439,3213.9246
1440,3215.1935
1441,3215.6940
1442,3216.9423
1443,3218.2622
1444,3219.5470
1445,3220.9194
1446,3221.8704
1447,3222.9321
1448,3224.1592
1449,3225.2502
1450,3224.6230
1451,3225.8303
1452,3226.8748
1453,3227.8666
1454,3228.9748
1455,3230.0911
1456,3231.1072
1457,3232.0058
1458,3233.4182
1459,3234.4394
1460,3235.7395
1461,3236.8436
1462,3237.7326
1463,3238.8175
1464,3239.8367
1465,3241.0080
1466,3242.0952
1467,3243.2299
1468,3244.3948
1469,3245.5618
1470,3246.6557
1471,3247.8499
1472,3248.8859
1473,3250.0136
1474,3251.1523
1475,3252.2848
1476,3253.2716
1477,3253.0503
1478,3254.0047
1479,3255.2035
1480,3256.3190
1481,3257.4177
1482,3258.4383
1483,3259.3961
1484,3260.5491
1485,3261.5156
1486,3262.5930
1487,3263.7703
1488,3264.9469
1489,3267.5931
1490,3270.0119
1491,3273.6268
1492,3272.7017
1493,3277.3025
1494,3279.5753
1495,3282.6784
1496,3285.5577
1497,3287.9026
1498,3289.5074
1499,3291.7132
1500,3292.0909
1501,3294.8427
1502,3299.4742
1503,3302.2206
1504,3303.5107
1505,3305.4714
1506,3308.1524
1507,3310.1630
1508,3312.9292
1509,3315.7375
1510,3317.7028
1511,3319.9134
1512,3322.4187
1513,3324.5327
1514,3326.8363
1515,3329.0842
1516,3331.5146
1517,3333.9045
1518,3336.1588
1519,3338.5816
1520,3340.1370
1521,3342.3948
1522,3344.7583
1523,3348.1634
1524,3349.8504
1525,3352.4988
1526,3354.5103
1527,3357.0671
1528,3360.0338
1529,3362.4995
1530,3365.1967
1531,3368.3038
1532,3370.8532
1533,3372.4964
1534,3376.1091
1535,3377.6176
1536,3380.6784
1537,3382.9560
1538,3385.3221
1539,3388.2706
1540,3391.6514
1541,3394.6974
1542,3399.2035
1543,3401.3596
1544,3404.4051
1545,3407.2731
1546,3410.5263
1547,3414.6500
1548,3419.7443
1549,3422.5597
1550,3424.7837
1551,3427.1798
1552,3429.9071
1553,3436.2516
1554,3439.1105
1555,3444.2594
1556,3450.3074
1557,3455.0564
1558,3458.1337
1559,3461.1294
1560,3464.4561
1561,3466.5239
1562,3469.3761
1563,3471.7975
1564,3471.4711
1565,3472.3191
1566,3473.1050
1567,3473.9807
1568,3479.4674
1569,3476.3613
1570,3478.9174
1571,3480.1199
1572,3482.3275
1573,3480.0236
1574,3481.6575
1575,3481.9288
1576,3484.3655
1577,3485.6565
1578,3487.2203
1579,3489.7456
1580,3492.2516
1581,3493.5045
1582,3497.5367
1583,3497.1550
1584,3498.3487
1585,3496.8495
1586,3499.2323
1587,3498.7442
1588,3498.8661
1589,3499.8677
1590,3501.8167
1591,3503.9051
1592,3501.8137
1593,3505.9419
1594,3508.0013
1595,3509.3756
1596,3510.0179
1597,3512.1024
1598,3513.2275
1599,3515.3589
1600,3515.3432
1601,3518.7242
1602,3514.8430
1603,3516.5229
1604,3520.1118
1605,3520.5219
1606,3522.3327
1607,3520.5035
1608,3521.0376
1609,3522.8994
1610,3521.1098
1611,3520.7150
1612,3522.2256
1613,3523.6135
1614,3522.5620
1615,3522.8133
1616,3522.1941
1617,3521.6069
1618,3524.6799
1619,3523.9112
1620,3524.3242
1621,3525.7301
1622,3525.4052
1623,3526.6943
1624,3532.3176
1625,3528.5068
1626,3528.2555
1627,3527.6270
1628,3525.7781
1629,3511.6317
1630,3511.1904
1631,3513.0298
1632,3517.9434
1633,3520.8416
1634,3521.9936
1635,3525.3289
1636,3531.8699
1637,3531.4019
1638,3532.8155
1639,3536.8350
1640,3539.6979
1641,3541.3716
1642,3545.1376
1643,3549.0983
1644,3552.3849
1645,3554.0628
1646,3560.1492
1647,3560.3623
1648,3559.9039
1649,3565.5963
1650,3565.1686
1651,3565.1765
1652,3564.6183
1653,3565.2533
1654,3570.3804
1655,3568.2259
1656,3564.4646
1657,3566.6487
1658,3565.0363
1659,3565.6505
1660,3566.3602
1661,3565.4933
1662,3565.4042
1663,3564.0335
1664,3560.8413
1665,3562.5694
1666,3560.0109
1667,3560.8892
1668,3557.1420
1669,3557.4439
1670,3557.3499
1671,3559.2251
1672,3559.3145
1673,3558.9004
1674,3559.4089
1675,3560.1287
1676,3560.1864
1677,3561.6386
1678,3563.1957
1679,3565.4457
1680,3563.9911
1681,3564.0912
1682,3562.0451
1683,3561.5005
1684,3560.6425
1685,3564.2574
1686,3565.6207
1687,3559.0770
1688,3559.0775
1689,3558.8617
1690,3559.0875
1691,3559.6724
1692,3560.9267
1693,3562.6459
1694,3564.3039
1695,3563.3945
1696,3563.1471
1697,3563.8857
1698,3564.7807
1699,3562.3300
1700,3563.8051
1701,3561.0552
1702,3564.0588
1703,3564.0345
1704,3565.9153
1705,3568.4857
1706,3565.8205
1707,3568.1181
1708,3567.2669
1709,3569.7312
1710,3571.6407
1711,3571.5559
1712,3572.9604
1713,3575.4654
1714,3576.1924
1715,3579.9649
1716,3583.3540
1717,3587.8508
1718,3585.5083
1719,3587.1999
1720,3586.4372
1721,3586.5819
1722,3586.8905
1723,3589.1576
1724,3587.3272
1725,3589.1109
1726,3591.1162
1727,3594.4839
1728,3595.1099
1729,3598.1615
1730,3599.0431
1731,3598.6483
1732,3601.2676
1733,3593.8377
1734,3594.1465
1735,3596.8244
1736,3598.3632
1737,3597.8539
1738,3600.0853
1739,3604.8520
1740,3608.0000
1741,3687.3448
1742,3714.1747
1743,3713.6333
1744,3716.6815
1745,3714.5801
1746,3709.2505
1747,3708.1857
1748,3704.8311
1749,3703.6419
1750,3704.1719
1751,3706.7137
1752,3710.9540
1753,3708.8656
1754,3711.2203
1755,3712.1356
1756,3713.0649
1757,3714.6728
1758,3716.4354
1759,3717.3431
1760,3722.4233
1761,3726.6297
1762,3732.6684
1763,3732.7108
1764,3737.9651
1765,3750.3633
1766,3752.2597
1767,3754.5960
1768,3762.2540
1769,3767.4041
1770,3772.2290
1771,3773.9000
1772,3772.0218
1773,3781.0502
1774,3778.9547
1775,3780.1840
1776,3784.9238
1777,3790.9436
1778,3801.7628
1779,3800.5166
1780,3798.3925
1781,3805.8519
1782,3804.4789
1783,3803.6466
1784,3803.9050
1785,3803.8409
1786,3804.0476
1787,3804.2009
1788,3804.8756
1789,3804.9409
1790,3805.8841
1791,3814.1220
1792,3817.2867
1793,3817.9915
1794,3820.5342
1795,3822.2599
1796,3822.5062
1797,3822.9613
1798,3822.1903
1799,3822.6547
1800,3822.4688
1801,3823.2217
1802,3822.2713
1803,3824.1482
1804,3825.5141
1805,3827.9231
1806,3828.8424
1807,3830.2135
1808,3832.0379
1809,3833.7080
1810,3834.3437
1811,3835.8696
1812,3836.0372
1813,3835.8049
1814,3836.1833
1815,3840.2672
1816,3840.3296
1817,3841.8851
1818,3842.5078
1819,3844.6574
1820,3845.7186
1821,3845.4318
1822,3847.5635
1823,3848.8166
1824,3850.2865
1825,3851.1269
1826,3854.3329
1827,3856.8079
1828,3858.0265
1829,3860.9884
1830,3861.8867
1831,3862.6783
1832,3865.2067
1833,3865.8340
1834,3867.4953
1835,3869.1387
1836,3870.7557
1837,3871.8832
1838,3875.5770
1839,3877.8257
1840,3879.3330
1841,3882.5569
1842,3879.8580
1843,3883.0028
1844,3884.4671
1845,3885.7236
1846,3887.4464
1847,3886.8105
1848,3888.9031
1849,3888.4969
1850,3888.7472
1851,3889.5736
1852,3891.4535
1853,3894.7983
1854,3898.4518
1855,3901.0918
1856,3904.1135
1857,3904.0422
1858,3905.5588
1859,3906.1432
1860,3909.2607
1861,3917.4924
1862,3915.3855
1863,3912.1141
1864,3914.4711
1865,3913.1765
1866,3910.1722
1867,3917.7821
1868,3922.6811
1869,3925.6396
1870,3928.1964
1871,3925.1890
1872,3933.2197
1873,3929.9810
1874,3927.8412
1875,3924.4609
1876,3928.7598
1877,3930.3546
1878,3930.2592
1879,3930.0749
1880,3930.5964
1881,3930.7148
1882,3931.2737
1883,3932.7574
1884,3932.1895
1885,3931.8547
1886,3932.7586
1887,3931.4113
1888,3931.9050
1889,3932.8523
1890,3933.7411
1891,3934.7849
1892,3936.3596
1893,3936.8649
1894,3938.4229
1895,3938.8380
1896,3938.0047
1897,3938.4518
1898,3937.5710
1899,3939.0266
1900,3940.2709
1901,3941.0284
1902,3941.3719
1903,3942.2956
1904,3942.7073
1905,3942.7454
1906,3938.5128
1907,3939.9624
1908,3942.6272
1909,3947.1028
1910,3949.8913
1911,3949.9803
1912,3951.6525
1913,3953.0396
1914,3953.8746
1915,3955.7512
1916,3955.9395
1917,3957.0823
1918,3956.4393
1919,3954.9668
1920,3955.7934
1921,3957.0010
1922,3959.3489
1923,3960.0465
1924,3962.1284
1925,3962.5711
1926,3965.0595
1927,3965.9212
1928,3966.7811
1929,3967.2663
1930,3968.9398
1931,3970.6242
1932,3971.9312
1933,3973.9294
1934,3975.4765
1935,3977.5603
1936,3979.2800
1937,3982.1885
1938,3988.1248
1939,3995.5423
1940,3994.9987
1941,3994.3588
1942,3994.7324
1943,3995.5063
1944,3994.8702
1945,3994.8575
1946,3996.6159
1947,3998.7922
1948,3999.0923
1949,3999.1512
1950,3999.8789
1951,4002.6183
1952,4004.1120
1953,4003.6225
1954,4003.8228
1955,4004.5955
1956,4014.5366
1957,4029.4485
1958,4027.5903
1959,4024.0314
1960,4032.7027
1961,4033.6881
1962,4030.4012
1963,4028.2712
1964,4024.9944
1965,4022.6262
1966,4020.4895
1967,4018.3706
1968,4015.0502
1969,4010.4876
1970,4008.2791
1971,4006.1250
1972,4005.8417
1973,4006.6128
1974,4005.9223
1975,4006.4297
1976,4006.2013
1977,4006.7592
1978,4006.9122
1979,4006.8350
1980,4006.1359
1981,4006.3841
1982,4005.7650
1983,4006.3450
1984,4006.7127
1985,4006.3529
1986,4006.7606
1987,4007.0577
1988,4006.2933
1989,4006.6028
1990,4006.0210
1991,4006.4640
1992,4005.7240
1993,4004.9834
1994,4005.4276
1995,4004.7331
1996,4005.4009
1997,4005.6856
1998,4004.8549
1999,4005.2528
2000,4006.2196
2001,4006.4223
2002,4005.5935
2003,4005.5530
2004,4003.4313
2005,4002.9559
2006,4002.5957
2007,4003.1602
2008,4005.7220
2009,4007.4532
2010,4010.1476
2011,4012.0385
2012,4015.1126
2013,4015.1751
2014,4015.7621
2015,4015.3060
2016,4016.7718
2017,4016.2001
2018,4016.8431
2019,4016.1266
2020,4016.5858
2021,4015.7800
2022,4016.2797
2023,4015.4943
2024,4015.9662
2025,4015.2590
2026,4015.6996
2027,4015.3911
2028,4016.2797
2029,4015.0840
2030,4014.2467
2031,4014.9598
2032,4015.9144
2033,4016.8047
2034,4018.2073
2035,4018.5785
2036,4018.4703
2037,4018.8665
2038,4018.0359
2039,4018.4901
2040,4018.6076
2041,4019.0992
2042,4018.4429
2043,4019.0899
2044,4019.5279
2045,4018.8668
2046,4019.2482
2047,4018.8727
2048,4021.2498
2049,4023.1030
2050,4024.6987
2051,4026.3417
2052,4028.8520
2053,4031.2104
2054,4032.2597
2055,4034.2946
2056,4035.3498
2057,4038.0359
2058,4040.0970
2059,4042.3386
2060,4044.0989
2061,4046.4745
2062,4048.5356
2063,4049.3276
2064,4051.2030
2065,4053.4883
2066,4055.5778
2067,4056.4675
2068,4059.0858
2069,4061.5664
2070,4062.3443
2071,4064.6212
2072,4067.0247
2073,4069.0608
2074,4069.6962
2075,4070.1845
2076,4070.6317
2077,4075.2039
2078,4074.4865
2079,4075.2668
2080,4079.3467
2081,4080.1802
2082,4084.0192
2083,4081.6193
2084,4083.9837
2085,4081.2588
2086,4081.5978
2087,4082.1497
2088,4082.4244
2089,4083.0226
2090,4083.3495
2091,4081.5792
2092,4084.6345
2093,4085.0532
2094,4084.9793
2095,4092.2322
2096,4092.8676
2097,4094.1296
2098,4095.2508
2099,4096.5900
2100,4098.6633
2101,4101.3353
2102,4104.0046
2103,4104.6698
2104,4105.3736
2105,4105.6745
2106,4104.8431
2107,4104.8148
2108,4104.1706
2109,4105.1679
2110,4106.9081
2111,4106.6992
2112,4109.9827
2113,4112.4363
2114,4109.7584
2115,4114.0535
2116,4113.8680
2117,4112.7653
2118,4114.3017
2119,4115.5207
2120,4116.6990
2121,4115.4790
2122,4115.5195
2123,4117.2721
2124,4118.8269
2125,4119.4272
2126,4117.3718
2127,4116.1246
2128,4114.5082
2129,4108.5339
2130,4107.6593
2131,4104.5742
2132,4103.7731
2133,4102.5288
2134,4102.4902
2135,4101.6099
2136,4101.8214
2137,4099.2200
2138,4109.1743
2139,4104.4407
2140,4099.3934
2141,4098.9139
2142,4094.3532
2143,4093.6632
2144,4092.7877
2145,4092.9782
2146,4095.4037
2147,4097.0662
2148,4093.5032
2149,4095.7608
2150,4092.7954
2151,4093.7293
2152,4092.1199
2153,4089.3826
2154,4088.1054
2155,4086.6904
2156,4084.6372
2157,4083.9686
2158,4082.3381
2159,4082.7618
2160,4082.6602
2161,4084.6956
2162,4085.6524
2163,4086.9579
2164,4086.9064
2165,4086.7863
2166,4086.1788
2167,4086.4015
2168,4086.2842
2169,4086.3819
2170,4085.5038
2171,4086.3628
2172,4086.1547
2173,4085.9013
2174,4085.9716
2175,4085.0582
2176,4085.1388
2177,4084.2574
2178,4084.2509
2179,4084.2874
2180,4083.0779
2181,4083.2412
2182,4083.4706
2183,4082.3174
2184,4082.6275
2185,4082.7544
2186,4081.5966
2187,4081.9049
2188,4081.4450
2189,4081.2583
2190,4081.7080
2191,4080.1666
2192,4080.5969
2193,4080.2050
2194,4080.2565
2195,4078.9018
2196,4078.9113
2197,4078.7704
2198,4077.5809
2199,4077.4343
2200,4077.4736
2201,4077.4126
2202,4077.7164
2203,4077.4648
2204,4076.1781
2205,4076.7696
2206,4076.6203
2207,4076.7090
2208,4074.7972
2209,4075.6850
2210,4075.2645
2211,4074.5716
2212,4081.3770
2213,4081.6960
2214,4081.6417
2215,4081.3894
2216,4081.3997
2217,4080.0438
2218,4080.0810
2219,4079.7539
2220,4079.7780
2221,4080.2100
2222,4080.2093
2223,4080.0836
2224,4079.7944
2225,4078.6011
2226,4078.6464
2227,4078.4540
2228,4078.3527
2229,4078.6278
2230,4078.2542
2231,4077.6231
2232,4077.6618
2233,4078.0168
2234,4076.5939
2235,4076.8282
2236,4077.2340
2237,4077.6083
2238,4077.5943
2239,4077.3268
2240,4076.4012
2241,4076.0627
2242,4075.9985
2243,4076.3385
2244,4075.1295
2245,4075.1896
2246,4075.5358
2247,4074.3649
2248,4073.6940
2249,4073.5803
2250,4074.2016
2251,4074.4841
2252,4073.9052
2253,4074.2090
2254,4074.0294
2255,4072.7305
2256,4072.8054
2257,4072.6807
2258,4072.3944
2259,4072.2706
2260,4071.3544
2261,4071.3899
2262,4071.9533
2263,4073.3676
2264,4073.9915
2265,4074.2724
2266,4074.2078
2267,4073.4987
2268,4073.5869
2269,4073.7364
2270,4072.9337
2271,4072.6631
2272,4072.6006
2273,4072.4983
2274,4072.7229
2275,4071.4526
2276,4070.3514
2277,4069.4265
2278,4068.8796
2279,4067.8661
2280,4068.1224
2281,4068.1021
2282,4068.0938
2283,4066.9634
2284,4066.9572
2285,4066.9718
2286,4065.9797
2287,4065.4464
2288,4065.4528
2289,4065.4738
2290,4065.1584
2291,4064.2736
2292,4068.0244
2293,4068.2476
2294,4067.1763
2295,4067.3282
2296,4067.5650
2297,4068.2018
2298,4067.8291
2299,4066.6449
2300,4067.2801
2301,4067.0919
2302,4067.1296
2303,4065.8383
2304,4065.8450
2305,4066.0467
2306,4064.9891
2307,4064.4898
2308,4064.5623
2309,4069.7839
2310,4066.4911
2311,4064.3055
2312,4067.4038
2313,4069.3476
2314,4073.1497
2315,4076.6797
2316,4079.2813
2317,4080.0388
2318,4081.4569
2319,4081.5394
2320,4087.0662
2321,4095.0603
2322,4092.3896
2323,4093.3692
2324,4102.3092
2325,4099.1828
2326,4098.6364
2327,4103.6122
2328,4105.1192
2329,4102.8259
2330,4100.5816
2331,4099.2272
2332,4095.7987
2333,4096.5600
2334,4095.8488
2335,4094.6455
2336,4093.8857
2337,4092.3409
2338,4093.2970
2339,4093.8463
2340,4088.9816
2341,4088.1004
2342,4085.2513
2343,4084.9392
2344,4082.2852
2345,4081.5902
2346,4080.6751
2347,4078.7652
2348,4076.3335
2349,4076.5927
2350,4071.0397
2351,4073.3907
2352,4072.5272
2353,4073.9989
2354,4077.5771
2355,4074.6250
2356,4081.7468
2357,4083.9322
2358,4075.9556
2359,4073.3352
2360,4072.9043
2361,4070.6093
2362,4068.4869
2363,4066.6313
2364,4067.6196
2365,4071.5871
2366,4070.4498
2367,4069.5171
2368,4064.7659
2369,4063.5495
2370,4062.2373
2371,4059.8891
2372,4058.3096
2373,4059.1569
2374,4056.2360
2375,4055.2213
2376,4058.1992
2377,4058.6586
2378,4059.2213
2379,4063.1723
2380,4064.4381
2381,4066.9675
2382,4069.3941
2383,4072.2625
2384,4076.1917
2385,4073.6942
2386,4074.0027
2387,4074.0330
2388,4071.3570
2389,4068.9363
2390,4066.2258
2391,4064.4789
2392,4065.2857
2393,4063.3035
2394,4063.6961
2395,4063.7062
2396,4065.0191
2397,4064.2457
2398,4062.9940
2399,4064.3091
2400,4061.6674
2401,4061.3761
2402,4059.4633
2403,4057.4341
2404,4058.5425
2405,4059.4773
2406,4056.0858
2407,4056.6969
2408,4057.6425
2409,4058.9404
2410,4058.6731
2411,4060.4808
2412,4059.9546
2413,4063.5545
2414,4060.9825
2415,4059.7382
2416,4059.8397
2417,4059.5918
2418,4059.2818
2419,4058.0184
2420,4056.8507
2421,4055.7501
2422,4057.6634
2423,4056.4737
2424,4055.2521
2425,4053.8895
2426,4052.7692
2427,4052.0890
2428,4052.2950
2429,4051.4483
2430,4052.1278
2431,4052.9268
2432,4054.2786
2433,4053.7694
2434,4053.0651
2435,4053.4027
2436,4052.7756
2437,4053.3438
2438,4052.1672
2439,4052.2714
2440,4053.6151
2441,4054.5495
2442,4052.1908
2443,4051.3475
2444,4053.7176
2445,4055.6328
2446,4053.4141
2447,4053.6315
2448,4053.6907
2449,4053.3521
2450,4053.5216
2451,4054.0521
2452,4053.8344
2453,4054.0061
2454,4053.9026
2455,4053.0648
2456,4052.0794
2457,4054.2274
2458,4053.7155
2459,4052.3646
2460,4052.0589
2461,4051.1386
2462,4050.5176
2463,4051.0898
2464,4050.4169
2465,4051.4772
2466,4052.6152
2467,4056.6645
2468,4052.1536
2469,4050.2372
2470,4048.8300
2471,4044.5714
2472,4045.3663
2473,4047.7607
2474,4048.5494
2475,4050.3614
2476,4049.8133
2477,4051.5993
2478,4053.2525
2479,4055.0146
2480,4056.7160
2481,4058.5237
2482,4060.1971
2483,4061.5804
2484,4063.1227
2485,4064.5096
2486,4065.4747
2487,4066.3810
2488,4069.1080
2489,4070.2305
2490,4072.7139
2491,4073.7815
2492,4075.4483
2493,4077.2343
2494,4079.3397
2495,4081.4471
2496,4083.3163
2497,4085.5749
2498,4087.3024
2499,4088.9716
2500,4091.5194
2501,4093.6120
2502,4095.5348
2503,4097.1646
2504,4100.3432
2505,4103.9667
2506,4106.7498
2507,4108.2413
2508,4111.0890
2509,4113.9278
2510,4114.3475
2511,4113.9033
2512,4112.1273
2513,4120.2247
2514,4120.6062
2515,4124.0921
2516,4124.0740
2517,4127.1036
2518,4129.4363
2519,4129.6268
2520,4131.3357
2521,4132.6869
2522,4134.4557
2523,4136.0831
2524,4137.0683
2525,4138.3164
2526,4139.5488
2527,4141.4828
2528,4142.7968
2529,4143.9421
2530,4144.9218
2531,4146.6067
2532,4148.1543
2533,4149.5767
2534,4150.6121
2535,4151.7797
2536,4153.0862
2537,4155.3557
2538,4157.2452
2539,4158.8707
2540,4160.6724
2541,4162.0874
2542,4163.1722
2543,4165.0467
2544,4172.5287
2545,4173.3584
2546,4177.2146
2547,4178.8621
2548,4183.5539
2549,4182.7760
2550,4184.3059
2551,4183.9063
2552,4185.4973
2553,4184.5894
2554,4191.2067
2555,4192.6160
2556,4190.8076
2557,4190.6540
2558,4187.4695
2559,4190.3682
2560,4190.7055
2561,4191.4718
2562,4191.9687
2563,4192.1496
2564,4190.8770
2565,4191.8540
2566,4193.6312
2567,4193.7592
2568,4194.2940
2569,4194.9172
2570,4196.5106
2571,4198.8721
2572,4199.7442
2573,4200.6559
2574,4200.1066
2575,4200.7699
2576,4204.4587
2577,4206.0084
2578,4206.3465
2579,4207.1865
2580,4208.2815
2581,4209.0609
2582,4210.0654
2583,4210.2864
2584,4210.9797
2585,4212.2583
2586,4212.5371
2587,4212.4248
2588,4213.2916
2589,4215.6913
2590,4216.7537
2591,4217.1690
2592,4216.4607
2593,4218.5962
2594,4218.5831
2595,4218.4293
2596,4218.9090
2597,4217.9437
2598,4213.0938
2599,4212.1344
2600,4212.0750
2601,4211.1268
2602,4209.3723
2603,4206.6214
2604,4205.8504
2605,4207.3736
2606,4217.0143
2607,4210.9942
2608,4209.2326
2609,4208.1010
2610,4206.2364
2611,4202.4562
2612,4202.3659
2613,4203.4464
2614,4202.2095
2615,4200.1133
2616,4200.7699
2617,4201.3848
2618,4202.6215
2619,4203.3942
2620,4201.6897
2621,4201.7362
2622,4200.7961
2623,4206.1551
2624,4209.2538
2625,4203.5015
2626,4205.1191
2627,4203.3803
2628,4204.7119
2629,4197.1283
2630,4196.5017
2631,4195.8916
2632,4196.6527
2633,4194.8721
2634,4191.8571
2635,4198.9977
2636,4203.7215
2637,4196.6567
2638,4193.3784
2639,4192.8790
2640,4193.6860
2641,4189.8313
2642,4190.2671
2643,4192.2591
2644,4189.0633
2645,4188.9577
2646,4188.4086
2647,4188.6034
2648,4184.6952
2649,4181.4427
2650,4179.0805
2651,4175.7388
2652,4172.4591
2653,4169.9681
2654,4168.4921
2655,4167.9697
2656,4164.4201
2657,4162.0829
2658,4161.2506
2659,4154.5937
2660,4153.4963
2661,4149.8466
2662,4149.7583
2663,4149.9267
2664,4148.6688
2665,4148.9224
2666,4147.1035
2667,4146.9343
2668,4146.0364
2669,4144.7310
2670,4143.8062
2671,4142.3893
2672,4141.9256
2673,4140.4817
2674,4139.9205
2675,4137.9206
2676,4136.8909
2677,4137.7578
2678,4136.8718
2679,4136.2252
2680,4137.3153
2681,4133.9171
2682,4132.0856
2683,4132.0970
2684,4131.4056
2685,4130.7034
2686,4127.2721
2687,4123.1825
2688,4120.5945
2689,4118.9895
2690,4116.8580
2691,4112.7200
2692,4111.4123
2693,4112.1914
2694,4110.0769
2695,4107.7969
2696,4107.4901
2697,4105.0727
2698,4101.5100
2699,4099.3614
2700,4097.7824
2701,4094.3303
2702,4095.5098
2703,4095.8500
2704,4095.6748
2705,4092.2830
2706,4091.6648
2707,4088.7687
2708,4088.9485
2709,4089.6778
2710,4090.0946
2711,4088.3892
2712,4088.0551
2713,4086.4644
2714,4086.2002
2715,4086.1421
2716,4085.1140
2717,4083.2973
2718,4083.6554
2719,4082.5238
2720,4079.9370
2721,4077.5349
2722,4074.0626
2723,4074.0063
2724,4074.4262
2725,4072.0634
2726,4073.7908
2727,4074.4600
2728,4076.0639
2729,4074.8713
2730,4075.4559
2731,4074.2257
2732,4076.2453
2733,4074.5246
2734,4075.1030
2735,4074.1279
2736,4075.0825
2737,4076.8938
2738,4075.5043
2739,4076.3264
2740,4076.4635
2741,4076.6037
2742,4076.1867
2743,4077.7183
2744,4079.0491
2745,4079.0284
2746,4078.5797
2747,4079.5913
2748,4079.3431
2749,4079.0417
2750,4079.0112
2751,4080.8370
2752,4082.9127
2753,4103.6348
2754,18.9772
2755,16.9048
2756,17.5359
2757,15.6238
2758,12.9917
2759,22.1987
2760,16.5474
2761,15.2123
2762,20.2472
2763,19.5484
2764,16.5894
2765,18.0314
2766,18.5151
2767,17.5660
2768,23.3850
2769,14.8959
2770,14.2756
2771,14.8695
2772,13.6542
2773,21.4288
2774,19.4974
2775,17.6749
2776,17.6437
2777,15.2094
2778,16.8295
2779,12.5158
2780,8.6319
2781,11.1308
2782,16.0022
2783,13.4301
2784,19.0291
2785,14.8623
2786,13.0985
2787,14.0812
2788,12.6486
2789,11.4985
2790,14.6873
2791,14.4906
2792,13.0794
2793,11.1103
2794,11.9116
2795,12.0840
2796,13.4947
2797,16.7956
2798,17.0333
2799,16.1252
2800,16.2153
2801,16.4564
2802,18.2505
2803,14.4889
2804,14.4961
2805,23.3593
2806,22.7232
2807,15.7423
2808,17.7712
2809,13.2906
2810,17.3836
2811,15.8732
2812,20.3369
2813,14.3688
2814,13.9873
2815,12.2681
2816,17.2172
2817,14.3845
2818,10.6039
2819,15.9478
2820,9.6939
2821,11.7002
2822,12.7616
2823,12.8107
2824,12.4044
2825,11.8978
2826,12.3699
2827,12.1043
2828,14.8816
2829,15.8813
2830,12.6667
2831,10.3989
2832,13.9008
2833,15.0094
2834,12.0296
2835,11.0221
2836,13.3572
2837,15.6207
2838,13.3643
2839,15.4090
2840,14.7300
2841,13.3355
2842,13.2265
2843,12.6293
2844,17.1967
2845,14.9243
2846,14.0598
2847,12.9304
2848,13.5975
2849,14.8699
2850,15.0476
2851,18.0156
2852,14.2794
2853,14.8811
2854,17.2117
2855,14.6687
2856,17.8473
2857,18.5485
2858,13.8993
2859,23.8729
2860,24.8718
2861,14.1990
2862,9.0787
2863,20.1998
2864,13.2444
2865,14.1082
2866,14.4398
2867,10.8984
2868,13.7746
2869,24.5600
2870,11.8947
2871,20.1280
2872,17.4782
2873,14.1480
2874,14.2369
2875,16.0103
2876,14.7901
2877,22.2046
2878,13.9110
2879,10.0186
2880,18.3554
2881,19.4829
2882,11.7850
2883,16.7642
2884,16.0136
2885,11.8217
2886,9.4483
2887,11.4284
2888,12.5444
2889,14.7691
2890,12.8207
2891,11.1365
2892,11.6138
2893,9.1591
2894,9.4094
2895,11.4076
2896,20.4890
2897,19.9082
2898,12.7242
2899,11.4510
2900,9.7713
2901,16.0367
2902,17.5862
2903,14.1931
2904,10.5710
2905,15.6248
2906,13.1454
2907,12.7521
2908,11.6677
2909,15.1155
2910,13.3698
2911,13.8795
2912,11.3244
2913,13.3436
2914,12.4621
2915,12.4187
2916,12.5759
2917,14.0364
2918,12.8570
2919,13.7217
2920,14.1857
2921,16.0027
2922,12.8956
2923,12.9926
2924,15.4700
2925,13.2964
2926,13.6070
2927,11.4334
2928,14.9410
2929,11.6112
2930,9.7458
2931,12.5070
2932,13.6683
2933,11.1556
2934,9.9869
2935,9.6598
2936,11.7724
2937,9.4771
2938,13.8474
2939,12.7034
2940,9.9666
2941,10.6783
2942,10.1054
2943,10.2110
2944,9.8183
2945,10.2127
2946,9.7718
2947,11.6260
2948,14.4019
2949,13.6664
2950,9.2456
2951,15.3546
2952,10.4129
2953,11.8995
2954,9.8493
2955,15.5563
2956,13.0227
2957,12.1810
2958,15.2943
2959,11.7004
2960,12.3694
2961,14.9357
2962,11.3060
2963,13.1521
2964,10.0961
2965,14.4355
2966,13.1629
2967,12.8498
2968,19.2120
2969,9.2132
2970,12.4314
2971,12.6579
2972,12.5434
2973,18.0371
2974,25.8484
2975,14.9977
2976,24.1156
2977,18.6529
2978,14.5881
2979,17.3914
2980,13.7367
2981,13.7115
2982,17.8642
2983,15.2483
2984,15.6751
2985,15.8641
2986,14.9879
2987,17.8468
2988,22.3949
2989,15.7673
2990,21.5819
2991,13.4816
2992,11.3611
2993,13.0210
2994,14.3065
2995,13.7253
2996,12.5196
2997,8.5862
2998,8.5852
2999,7.2610
3000,8.5461
3001,7.3290
3002,7.4885
3003,8.7128
3004,8.7049
3005,10.2177
3006,13.3934
3007,9.4604
3008,16.6132
3009,13.0832
3010,13.9058
3011,12.7783
3012,10.9076
3013,12.6514
3014,12.4419
3015,13.2871
3016,12.3842
3017,12.3823
3018,13.4134
3019,11.9941
3020,11.9665
3021,12.6503
3022,9.9032
3023,15.7843
3024,15.2862
3025,15.7330
3026,15.2793
3027,17.6220
3028,20.2780
3029,21.6467
3030,16.1967
3031,14.9951
3032,13.2599
3033,12.9075
3034,13.9613
3035,16.2780
3036,23.3097
3037,20.7076
3038,11.5514
3039,11.9612
3040,14.9076
3041,13.7844
3042,16.7940
3043,14.0386
3044,17.0178
3045,16.5260
3046,16.7279
3047,14.2312
3048,12.9263
3049,12.2640
3050,16.2039
3051,15.5146
3052,19.1996
3053,11.7512
3054,14.5936
3055,20.2880
3056,10.2091
3057,15.9686
3058,9.8093
3059,12.3632
3060,19.5994
3061,15.4786
3062,12.6817
3063,11.5428
3064,13.9699
3065,11.5755
3066,8.8787
3067,13.1290
3068,11.4720
3069,10.1550
3070,12.7661
3071,26.1760
3072,14.4148
3073,13.7331
3074,25.8162
3075,17.4048
3076,10.0453
3077,13.9270
3078,18.4112
3079,28.1537
3080,18.4755
3081,19.2583
3082,20.7970
3083,17.0817
3084,13.4726
3085,14.8973
3086,13.8755
3087,8.3833
3088,12.0814
3089,10.4966
3090,21.6386
3091,8.7271
3092,15.1551
3093,14.2000
3094,9.0837
3095,12.2807
3096,11.0037
3097,10.3807
3098,15.3060
3099,14.9601
3100,15.6817
3101,14.0316
3102,12.3878
3103,13.7544
3104,14.8833
3105,13.9463
3106,8.3613
3107,8.8353
3108,12.4855
3109,13.8347
3110,13.8955
3111,18.7395
3112,19.0341
3113,12.5048
3114,10.5019
3115,9.7752
3116,14.1883
3117,18.1003
3118,16.3019
3119,19.9080
3120,17.4637
3121,15.0101
3122,14.6821
3123,15.3224
3124,12.9075
3125,19.2931
3126,12.8739
3127,7.8526
3128,17.7560
3129,18.3902
3130,16.0482
3131,16.6080
3132,16.1023
3133,13.5300
3134,14.5366
3135,17.0403
3136,13.6807
3137,13.8080
3138,15.0774
3139,18.8172
3140,17.5514
3141,20.1125
3142,15.1787
3143,14.8280
3144,15.6336
3145,12.8965
3146,13.8853
3147,14.0214
3148,11.9665
3149,13.5183
3150,11.3192
3151,11.1735
3152,11.9402
3153,16.7625
3154,13.6571
3155,11.8589
3156,10.1299
3157,14.7729
3158,11.1790
3159,12.0215
3160,14.8909
3161,10.7124
3162,16.5629
3163,15.6214
3164,13.7222
3165,11.9753
3166,11.8196
3167,12.9168
3168,13.9661
3169,14.9403
3170,15.3356
3171,13.1497
3172,23.8492
3173,15.0757
3174,13.7088
3175,15.5358
3176,14.4811
3177,17.7298
3178,13.4623
3179,26.5846
3180,20.1061
3181,15.2750
3182,27.1947
3183,18.0452
3184,13.0284
3185,19.6373
3186,18.1773
3187,16.1448
3188,16.4361
3189,20.8378
3190,12.5802
3191,14.7824
3192,19.0642
3193,11.0517
3194,10.9792
3195,10.1755
3196,15.5456
3197,13.6118
3198,12.6903
3199,12.6433
3200,13.7169
3201,23.0207
3202,15.1515
3203,12.3675
3204,14.7078
3205,11.3552
3206,14.8904
3207,17.8664
3208,9.4974
3209,11.3463
3210,12.6672
3211,11.1423
3212,15.8784
3213,11.1804
3214,12.6879
3215,11.3742
3216,12.5275
3217,15.2152
3218,13.5045
3219,23.1819
3220,13.2706
3221,14.4811
3222,10.5405
3223,10.8213
3224,8.8582
3225,11.9689
3226,19.5851
3227,11.6491
3228,12.2888
3229,16.2709
3230,13.0615
3231,10.8719
3232,10.8328
3233,9.9409
3234,12.3303
3235,14.0021
3236,11.4052
3237,16.7937
3238,11.2891
3239,7.5958
3240,9.2113
3241,10.2780
3242,12.3231
3243,9.4416
3244,12.8486
3245,16.9067
3246,12.2445
3247,11.1816
3248,12.1977
3249,10.7701
3250,11.9045
3251,11.0030
3252,10.7920
3253,10.8259
3254,10.9687
3255,14.5659
3256,10.4938
3257,12.4567
3258,15.2743
3259,11.6622
3260,14.9381
3261,16.6674
3262,13.7813
3263,9.7473
3264,14.2577
3265,12.4948
3266,15.4109
3267,15.9392
3268,12.4207
3269,19.6276
3270,12.6116
3271,19.9993
3272,18.2905
3273,17.2067
3274,24.4207
3275,18.5366
3276,17.4611
3277,19.3791
3278,18.8487
3279,10.4747
3280,10.3464
3281,14.3809
3282,12.1765
3283,13.3631
3284,13.3035
3285,12.5608
3286,11.1110
3287,9.1579
3288,11.8039
3289,14.6670
3290,12.3820
3291,11.5097
3292,11.3413
3293,16.7027
3294,16.2222
3295,9.3842
3296,12.6498
3297,15.2957
3298,13.2575
3299,14.3650
3300,11.3199
3301,9.3005
3302,18.4164
3303,16.4676
3304,15.6603
3305,17.8349
3306,10.8147
3307,13.4284
3308,13.1540
3309,13.1040
3310,14.5025
3311,13.1197
3312,15.2588
3313,15.0478
3314,16.2776
3315,14.1633
3316,13.2589
3317,11.9319
3318,11.7979
3319,14.5712
3320,12.0151
3321,15.6968
3322,18.9960
3323,11.0748
3324,18.6603
3325,14.6091
3326,15.9845
3327,12.2306
3328,12.3127
3329,19.7845
3330,13.7470
3331,17.0846
3332,13.6302
3333,15.0969
3334,13.1660
3335,13.7529
3336,14.2605
3337,14.7505
3338,14.9291
3339,17.9896
3340,7.4368
3341,7.5619
3342,8.9219
3343,9.2442
3344,10.5286
3345,11.6687
3346,11.5404
3347,14.3745
3348,13.9103
3349,12.2232
3350,13.6516
3351,11.2493
3352,12.0757
3353,11.9305
3354,12.0759
3355,10.4799
3356,13.5500
3357,9.4128
3358,13.3491
3359,9.8512
3360,12.3289
3361,12.8999
3362,13.6094
3363,10.9792
3364,8.0330
3365,8.1720
3366,10.8192
3367,11.5311
3368,14.1416
3369,8.1031
3370,15.9712
3371,12.9826
3372,9.7864
3373,14.0619
3374,10.6988
3375,11.0705
3376,17.8411
3377,13.1764
3378,12.2538
3379,24.2157
3380,14.3020
3381,12.8284
3382,16.7513
3383,13.5548
3384,11.1270
3385,16.4020
3386,13.5722
3387,11.1079
3388,11.4388
3389,8.7683
3390,11.6580
3391,16.3488
3392,17.1103
3393,16.5589
3394,19.6781
3395,13.0270
3396,12.1839
3397,13.0413
3398,11.2920
3399,10.7808
3400,12.2170
3401,13.0811
3402,14.3032
3403,13.0863
3404,11.1129
3405,11.0543
3406,10.7436
3407,18.4653
3408,9.1300
3409,13.8822
3410,12.3334
3411,14.3089
3412,14.6215
3413,13.2296
3414,15.2740
3415,14.5392
3416,11.5767
3417,20.7465
3418,10.8454
3419,10.6103
3420,17.5943
3421,14.2963
3422,17.3080
3423,13.6716
3424,17.6423
3425,15.8582
3426,12.2015
3427,18.1277
3428,13.2325
3429,13.9408
3430,12.8219
3431,11.1637
3432,10.7584
3433,10.7088
3434,10.9508
3435,10.6215
3436,9.9766
3437,11.5013
3438,9.2614
3439,13.5763
3440,16.3949
3441,11.5612
3442,14.9293
3443,10.2887
3444,15.0819
3445,11.8413
3446,10.8325
3447,8.1804
3448,16.8970
3449,9.7561
3450,9.3853
3451,7.6056
3452,13.4947
3453,9.6328
3454,12.5363
3455,13.5210
3456,8.5886
3457,17.8783
3458,13.7537
3459,17.0541
3460,11.6251
3461,11.1187
3462,13.1259
3463,14.9927
3464,12.5017
3465,13.7138
3466,13.7656
3467,16.5746
3468,10.2439
3469,11.0488
3470,11.5647
3471,13.2687
3472,11.1291
3473,13.6654
3474,13.4904
3475,11.3144
3476,12.2652
3477,10.8166
3478,12.0118
3479,10.4792
3480,13.4962
3481,18.1992
3482,15.2831
3483,13.1371
3484,11.4923
3485,16.3581
3486,19.0895
3487,12.9144
3488,15.4312
3489,20.4773
3490,12.5153
3491,18.2374
3492,15.5222
3493,13.5081
3494,10.9026
3495,14.2670
3496,21.7381
3497,14.5566
3498,14.0543
3499,19.8705
3500,14.3156
3501,12.7490
3502,14.0159
3503,13.2453
3504,16.7074
3505,11.0533
3506,14.3654
3507,14.0004
3508,13.0179
3509,11.9777
3510,9.0292
3511,13.6330
3512,14.0250
3513,15.8892
3514,12.0912
3515,11.7145
3516,9.8662
3517,12.0780
3518,18.3980
3519,17.6167
3520,15.8727
3521,20.1676
3522,8.9393
3523,11.4973
3524,11.7018
3525,10.6421
3526,12.0792
3527,13.1202
3528,11.0211
3529,14.2174
3530,11.6043
3531,11.8365
3532,15.5046
3533,18.2035
3534,24.6465
3535,18.2526
3536,15.3103
3537,14.6761
3538,12.6691
3539,24.0304
3540,14.8840
3541,10.5159
3542,17.8432
3543,18.4257
3544,14.8523
3545,12.8424
3546,13.1929
3547,11.4684
3548,11.0650
3549,13.6898
3550,18.2779
3551,17.2350
3552,17.1912
3553,9.7766
3554,8.8181
3555,15.0263
3556,12.1202
3557,12.6929
3558,12.4857
3559,11.4632
3560,13.7320
3561,11.6980
3562,11.8742
3563,9.8827
3564,16.0441
3565,15.7533
3566,14.3197
3567,8.9741
3568,15.3103
3569,12.0883
3570,13.1633
3571,8.4574
3572,9.9699
3573,12.6951
3574,12.1725
3575,11.3254
3576,16.3741
3577,10.0965
3578,12.0413
3579,13.0472
3580,9.7375
3581,14.6272
3582,18.9919
3583,10.9818
3584,12.5504
3585,14.4343
3586,16.1872
3587,14.7200
3588,12.8131
3589,10.3636
3590,13.6812
3591,15.7249
3592,11.1923
3593,10.7865
3594,14.9853
3595,14.9140
3596,11.9028
3597,16.8502
3598,10.7803
3599,13.6821
3600,11.7443
3601,15.3928
3602,22.4602
3603,9.8560
3604,14.5772
3605,13.0584
3606,14.9429
3607,16.4940
3608,9.8519
3609,14.5326
3610,15.1753
3611,12.8694
3612,17.9970
3613,19.7508
3614,16.3624
3615,14.9412
3616,15.0909
3617,15.9900
3618,18.7371
3619,8.8615
3620,9.5143
3621,13.8135
3622,13.3660
3623,11.9309
3624,9.5119
3625,11.9791
3626,11.7037
3627,10.8938
3628,10.1380
3629,15.5110
3630,12.4609
3631,13.2453
3632,14.1063
3633,12.7611
3634,12.2321
3635,15.7726
3636,10.8614
3637,16.5155
3638,12.9838
3639,14.9031
3640,14.5795
3641,13.3932
3642,11.3001
3643,11.2495
3644,11.0569
3645,8.4701
3646,9.7284
3647,8.8501
3648,12.4431
3649,15.8360
3650,17.0090
3651,12.3148
3652,11.1094
3653,11.1380
3654,15.5740
3655,18.3356
3656,16.2673
3657,13.9508
3658,15.1420
3659,11.2052
3660,10.9665
3661,10.4694
3662,14.1730
3663,11.5156
3664,13.1550
3665,14.8129
3666,15.3456
3667,12.6071
3668,11.7331
3669,8.6594
3670,15.7704
3671,15.5547
3672,16.8540
3673,17.8566
3674,17.8151
3675,15.6786
3676,20.0117
3677,11.1327
3678,12.2840
3679,12.1815
3680,17.5281
3681,12.5508
3682,9.9044
3683,11.2817
3684,13.2620
3685,10.7329
3686,12.3024
3687,12.8865
3688,13.1772
3689,18.0314
3690,12.6598
3691,12.2483
3692,15.6043
3693,12.4772
3694,13.2287
3695,13.6340
3696,21.3971
3697,11.1201
3698,19.4790
3699,17.0605
3700,29.3992
3701,12.8450
3702,9.8407
3703,15.9094
3704,16.4206
3705,10.6049
3706,15.1973
3707,17.7219
3708,16.4073
3709,17.3898
3710,14.3991
3711,15.5003
3712,12.8579
3713,13.6194
3714,11.2402
3715,10.2131
3716,19.4771
3717,14.9441
3718,9.4914
3719,12.5344
3720,15.3484
3721,14.4794
3722,12.4676
3723,12.0301
3724,14.4494
3725,12.8086
3726,12.6216
3727,13.0024
3728,10.9992
3729,13.0074
3730,14.4310
3731,9.6381
3732,18.7330
3733,10.2715
3734,12.0902
3735,18.9171
3736,14.5075
3737,12.6586
3738,16.7918
3739,20.4473
3740,32.0957
3741,15.8389
3742,19.4206
3743,17.8790
3744,18.8813
3745,15.8165
3746,24.9851
3747,17.7698
3748,16.2373
3749,9.0432
3750,13.9225
3751,14.5237
3752,16.5663
3753,17.3314
3754,11.8186
3755,12.9480
3756,12.9793
3757,13.2246
3758,12.8968
3759,12.5601
3760,15.0206
3761,11.4822
3762,10.8924
3763,12.4252
3764,16.2230
3765,13.3247
3766,14.7567
3767,10.4425
3768,13.5531
3769,11.0700
3770,13.2277
3771,12.1741
3772,15.5134
3773,13.0484
3774,14.2543
3775,12.6479
3776,59.4394
3777,14.9624
3778,18.7025
3779,15.7514
3780,13.2482
3781,12.7032
3782,15.0514
3783,12.3439
3784,17.2296
3785,14.1447
3786,20.4384
3787,18.0075
3788,16.9623
3789,11.0719
3790,13.9842
3791,11.1318
3792,11.7788
3793,14.1537
3794,17.1113
3795,13.2608
3796,24.3123
3797,14.2407
3798,7.8361
3799,21.9905
3800,13.6106
3801,12.0265
3802,13.3002
3803,22.5430
3804,15.6345
3805,13.3162
3806,15.2147
3807,14.6556
3808,13.7768
3809,12.9433
3810,11.6134
3811,9.8770
3812,15.7917
3813,13.5698
3814,11.3003
3815,15.6519
3816,17.2744
3817,23.1092
3818,11.0242
3819,13.8259
3820,13.2058
3821,15.4235
3822,12.5983
3823,15.0607
3824,15.3153
3825,19.1886
3826,17.7526
3827,14.2012
3828,15.5499
3829,11.6177
3830,14.4234
3831,13.1564
3832,12.7223
3833,14.1304
3834,23.9658
3835,17.7135
3836,11.1756
3837,11.9402
3838,15.5959
3839,13.7424
3840,15.3563
3841,17.2229
3842,12.7892
3843,13.0856
3844,13.3073
3845,10.2649
3846,15.2183
3847,17.0302
3848,15.5871
3849,12.7943
3850,14.1330
3851,15.2962
3852,14.6773
3853,10.7372
3854,16.7515
3855,13.6192
3856,14.0471
3857,16.6242
3858,12.3291
3859,15.1863
3860,15.9109
3861,13.6769
3862,17.3435
3863,15.2149
3864,18.8181
3865,20.9675
3866,13.8099
3867,20.1108
3868,12.7077
3869,13.0284
3870,14.7090
3871,11.6026
3872,10.9482
3873,11.3909
3874,11.2941
3875,13.3870
3876,14.7972
3877,15.5733
3878,15.3165
3879,18.3840
3880,14.4408
3881,12.7170
3882,16.4821
3883,18.3425
3884,14.9221
3885,14.4832
3886,13.7687
3887,20.7736
3888,17.1094
3889,11.5287
3890,13.9771
3891,13.5238
3892,11.7471
3893,14.2057
3894,14.5352
3895,14.8656
3896,15.0135
3897,25.5163
3898,15.4576
3899,16.1924
3900,15.5811
3901,14.7448
3902,9.6874
3903,25.5494
3904,15.2946
3905,19.4767
3906,20.0634
3907,18.1720
3908,15.8768
3909,15.8226
3910,19.3872
3911,9.5208
3912,10.9162
3913,19.3322
3914,13.7694
3915,12.4452
3916,16.9988
3917,11.9605
3918,19.8452
3919,11.6236
3920,14.5633
3921,16.9818
3922,16.0642
3923,9.1732
3924,8.9891
3925,8.5266
3926,14.2932
3927,13.5205
3928,17.0243
3929,13.5181
3930,7.9615
3931,13.3612
3932,11.7106
3933,14.1196
3934,9.0003
3935,8.0998
3936,8.3802
3937,11.2848
3938,12.7263
3939,12.9082
3940,11.7676
3941,8.7686
3942,12.2919
3943,12.8069
3944,12.2757
3945,12.5515
3946,12.1632
3947,12.8269
3948,13.0498
3949,13.9122
3950,15.9676
3951,13.6929
3952,13.8774
3953,12.9125
3954,18.7466
3955,10.0613
3956,14.3330
3957,14.1568
3958,18.0275
3959,15.7537
3960,14.3878
3961,14.1585
3962,12.4631
3963,10.0262
3964,9.6488
3965,10.5495
3966,16.2334
3967,12.9051
3968,13.6399
3969,11.1873
3970,19.1753
3971,20.4482
3972,15.0459
3973,11.1985
3974,11.2917
3975,15.4405
3976,11.0962
3977,12.8319
3978,12.1727
3979,13.1500
3980,12.6245
3981,11.8251
3982,12.3737
3983,13.4273
3984,13.3688
3985,13.5908
3986,12.5117
3987,16.4268
3988,16.2423
3989,11.2588
3990,12.0339
3991,13.1345
3992,17.4339
3993,21.4114
3994,14.1459
3995,15.7177
3996,12.0459
3997,14.7898
3998,22.1689
3999,15.2569
4000,17.2062
4001,12.6500
4002,17.7948
4003,16.2544
4004,20.8375
4005,23.8109
4006,19.9499
4007,10.8869
4008,9.9401
4009,13.3555
4010,13.1361
4011,8.7628
4012,11.8568
4013,15.7447
4014,12.6112
4015,12.7301
4016,11.1601
4017,14.4451
4018,14.7893
4019,14.0553
4020,12.8255
4021,16.7222
4022,16.4406
4023,29.4385
4024,12.5682
4025,13.8206
4026,12.4333
4027,15.9962
4028,11.4479
4029,17.4870
4030,11.1921
4031,12.2244
4032,27.0703
4033,13.3202
4034,14.3809
4035,14.2808
4036,15.5585
4037,16.9172
4038,14.2744
4039,13.1230
4040,16.0923
4041,10.3974
4042,15.6438
4043,12.4381
4044,12.4688
4045,10.5040
4046,11.2936
4047,10.3235
4048,16.8896
4049,13.5245
4050,11.9061
4051,10.8712
4052,12.3363
4053,16.8357
4054,12.7327
4055,13.3684
4056,17.2071
4057,10.0937
4058,12.9497
4059,13.0091
4060,11.2584
4061,12.0656
4062,12.3208
4063,11.0958
4064,13.0377
4065,10.5536
4066,16.6805
4067,13.0353
4068,12.1543
4069,12.6438
4070,17.5173
4071,13.6495
4072,13.7255
4073,22.6500
4074,15.5654
4075,15.6553
4076,17.0624
4077,13.2079
4078,14.1916
4079,24.9360
4080,9.3725
4081,14.3054
4082,16.2604
4083,17.0395
4084,15.3570
4085,16.0851
4086,11.7140
4087,10.8654
4088,14.5614
4089,12.8644
4090,14.0209
4091,12.3546
4092,11.7750
4093,13.0389
4094,10.8085
4095,13.0713
4096,16.3443
4097,17.2687
4098,12.4066
4099,16.2945
4100,19.9363
4101,15.5234
4102,18.2171
4103,12.3503
4104,11.4841
4105,16.0270
4106,11.7257
4107,8.4360
4108,16.7503
4109,9.3350
4110,10.9155
4111,21.8747
4112,18.3949
4113,15.4178
4114,13.0203
4115,13.3064
4116,10.5958
4117,12.8944
4118,16.5617
4119,16.3379
4120,24.1194
4121,27.7629
4122,30.1228
4123,15.1896
4124,20.2014
4125,13.0811
4126,14.0636
4127,14.8790
4128,11.9030
4129,13.2020
4130,12.2519
4131,11.7211
4132,9.2852
4133,9.9094
4134,11.7235
4135,16.9711
4136,9.3591
4137,12.0404
4138,12.6417
4139,13.1450
4140,13.4604
4141,12.1663
4142,14.6458
4143,18.6892
4144,15.7135
4145,15.9500
4146,16.8521
4147,13.0785
4148,11.9159
4149,12.3034
4150,17.5121
4151,16.8087
4152,11.2834
4153,12.2867
4154,18.2593
4155,17.9799
4156,12.8801
4157,12.0323
4158,11.1153
4159,15.1472
4160,15.0511
4161,11.9696
4162,14.0333
4163,16.4952
4164,15.2164
4165,15.4684
4166,16.3105
4167,12.1508
4168,12.4786
4169,11.2052
4170,17.2060
4171,19.5694
4172,15.4636
4173,14.4827
4174,8.8723
4175,24.9636
4176,14.4973
4177,22.2194
4178,14.7929
4179,10.2019
4180,13.9675
4181,20.2260
4182,9.8336
4183,13.0043
4184,13.1714
4185,10.3717
4186,14.5860
4187,16.5977
4188,18.8801
4189,8.6126
4190,12.0637
4191,17.9896
4192,16.8073
4193,15.1730
4194,9.8815
4195,11.1246
4196,12.5988
4197,13.2489
4198,15.5842
4199,17.9014
4200,22.0635
4201,21.6055
4202,14.8344
4203,21.1165
4204,20.1297
4205,21.4341
4206,9.9516
4207,16.2706
4208,16.3701
4209,14.4055
4210,11.9250
4211,10.1266
4212,9.9392
4213,9.3124
4214,8.2119
4215,7.5028
4216,7.8540
4217,6.6638
4218,10.2427
4219,11.2360
4220,11.2779
4221,10.0551
4222,11.5087
4223,10.0787
4224,17.1907
4225,8.5382
4226,10.8280
4227,10.4082
4228,11.9267
4229,13.7727
4230,9.4590
4231,10.0443
4232,9.3594
4233,14.7026
4234,11.2975
4235,10.0329
4236,12.1207
4237,10.8523
4238,8.7273
4239,13.2668
4240,11.4973
4241,11.5683
4242,12.1353
4243,12.2931
4244,13.5479
4245,14.4246
4246,15.6381
4247,14.7755
4248,11.2150
4249,14.1065
4250,13.4137
4251,16.2892
4252,14.5049
4253,16.0735
4254,12.5105
4255,16.3844
4256,13.0167
4257,15.4824
4258,8.7097
4259,11.8678
4260,10.5650
4261,12.9445
4262,14.2837
4263,11.4298
4264,12.9421
4265,12.4509
4266,12.9340
4267,10.0718
4268,13.1469
4269,17.6244
4270,11.8499
4271,12.7220
4272,18.3284
4273,19.3436
4274,14.4370
4275,11.2376
4276,10.3946
4277,12.6953
4278,12.1930
4279,16.0930
4280,18.2030
4281,9.3603
4282,14.0781
4283,15.0690
4284,10.8984
4285,11.1349
4286,11.8856
4287,11.3900
4288,7.7946
4289,10.2634
4290,10.4351
4291,11.5895
4292,10.6883
4293,13.6197
4294,13.0744
4295,11.2987
4296,12.3360
4297,10.0882
4298,10.4363
4299,16.6752
4300,8.6997
4301,14.6024
4302,15.5327
4303,12.4118
4304,14.0989
4305,17.1149
4306,14.2946
4307,11.2474
4308,12.9275
4309,12.3103
4310,11.4539
4311,12.4278
4312,8.5611
4313,27.5764
4314,9.7282
4315,19.1290
4316,12.9173
4317,11.6160
4318,12.1739
4319,14.0386
4320,15.4200
4321,12.4054
4322,18.0097
4323,13.5908
4324,11.7788
4325,12.4052
4326,16.9621
4327,13.0961
4328,14.1964
4329,18.1570
4330,11.4415
4331,13.4346
4332,20.3319
4333,16.7992
4334,14.4746
4335,9.1000
4336,9.7537
4337,9.5930
4338,9.3322
4339,8.8203
4340,10.1266
4341,8.2006
4342,8.7507
4343,9.5820
4344,10.5057
4345,8.3690
4346,9.8772
4347,16.6769
4348,11.2145
4349,18.9013
4350,10.5882
4351,14.4355
4352,12.3191
4353,15.8067
4354,12.8641
4355,12.3796
4356,14.6525
4357,17.8914
4358,12.4285
4359,9.1343
4360,9.6996
4361,10.1297
4362,12.9058
4363,15.7621
4364,14.8067
4365,12.1777
4366,12.9747
4367,13.5922
4368,9.9201
4369,13.6540
4370,9.7687
4371,13.9937
4372,17.5517
4373,13.9692
4374,11.7795
4375,11.5469
4376,20.9429
4377,13.9074
4378,10.8416
4379,14.7500
4380,11.8651
4381,15.0893
4382,14.5671
4383,14.7531
4384,13.0186
4385,7.4275
4386,8.4696
4387,11.6148
4388,9.8755
4389,9.9812
4390,13.9847
4391,13.1278
4392,13.9608
4393,13.8516
4394,12.2907
4395,15.0282
4396,13.3703
4397,14.7560
4398,10.7300
4399,12.8152
4400,13.2682
4401,11.2944
4402,12.7459
4403,7.7271
4404,34.7881
4405,13.2372
4406,12.1918
4407,13.2868
4408,16.5622
4409,21.0769
4410,17.1583
4411,14.0803
4412,21.8513
4413,8.8608
4414,14.7624
4415,11.1656
4416,14.6248
4417,13.2360
4418,13.0599
4419,29.3026
4420,17.3547
4421,18.1320
4422,16.4165
4423,15.5201
4424,15.4822
4425,13.7663
4426,15.9585
4427,12.3510
4428,7.9913
4429,7.4296
4430,10.5798
4431,12.2981
4432,16.1984
4433,17.9431
4434,14.5497
4435,11.6277
4436,19.0132
4437,14.5237
4438,12.9976
4439,13.3467
4440,16.4828
4441,13.2172
4442,10.6714
4443,16.2079
4444,13.0432
4445,17.6337
4446,16.1567
4447,11.0338
4448,9.7179
4449,14.8137
4450,17.9327
4451,14.2508
4452,12.3854
4453,12.4118
4454,13.3624
4455,13.9360
4456,12.6262
4457,12.8231
4458,12.7547
4459,11.2841
4460,14.2195
4461,7.7507
4462,11.5776
4463,12.4261
4464,13.3228
4465,13.3691
4466,16.8915
4467,13.8438
4468,11.7407
4469,17.6446
4470,9.9275
4471,18.2972
4472,10.5302
4473,8.8568
4474,15.7812
4475,16.0851
4476,17.3709
4477,10.6051
4478,16.7000
4479,11.8878
4480,12.4588
4481,8.4226
4482,12.1653
4483,13.8640
4484,10.3796
4485,10.2990
4486,15.5618
4487,15.2452
4488,19.0983
4489,11.5025
4490,11.3072
4491,11.0674
4492,14.3435
4493,13.1328
4494,13.4406
4495,13.9246
4496,10.5700
4497,12.9352
4498,14.6129
4499,13.0093
4500,13.1259
4501,14.0321
4502,13.9847
4503,11.7462
4504,15.6085
4505,14.3201
4506,15.4874
4507,15.8944
4508,15.1005
4509,21.1661
4510,12.7299
4511,16.4368
4512,11.7676
4513,11.8773
4514,13.3381
4515,12.2128
4516,17.7636
4517,14.8871
4518,14.6236
4519,14.6387
4520,11.7700
4521,13.2167
4522,19.2094
4523,12.3901
4524,22.4760
4525,14.4529
4526,15.0678
4527,18.1179
4528,17.1869
4529,13.9630
4530,17.1878
4531,14.7712
4532,16.6595
4533,24.7791
4534,18.9133
4535,16.6390
4536,17.1580
4537,17.7746
4538,13.7336
4539,18.5089
4540,13.4566
4541,15.0964
4542,11.6765
4543,13.4101
4544,12.9111
4545,13.2501
4546,14.3466
4547,29.1812
4548,11.3895
4549,16.3684
4550,9.4762
4551,9.0730
4552,11.4934
4553,15.4855
4554,12.9395
4555,13.8357
4556,13.8605
4557,20.2565
4558,9.2754
4559,10.4754
4560,17.3941
4561,11.5325
4562,11.3416
4563,13.1512
4564,12.3014
4565,12.5580
4566,11.9300
4567,13.3560
4568,13.2082
4569,14.4055
4570,12.0018
4571,11.9483
4572,13.0401
4573,12.3522
4574,23.4041
4575,13.0925
4576,13.3197
4577,17.8761
4578,10.0758
4579,12.5518
4580,11.4956
4581,10.2479
4582,11.8988
4583,11.2243
4584,10.7901
4585,14.0343
4586,14.4846
4587,14.6852
4588,12.8760
4589,15.5649
4590,12.8353
4591,10.6113
4592,12.8629
4593,16.9401
4594,11.8661
4595,13.2260
4596,10.8080
4597,14.3869
4598,10.8206
4599,18.9717
4600,14.3600
4601,17.8299
4602,11.6086
4603,20.7391
4604,14.3688
4605,12.0442
4606,11.1041
4607,11.0018
4608,10.6516
4609,12.1830
4610,11.6563
4611,15.7173
4612,21.2793
4613,14.9698
4614,13.3684
4615,16.5253
4616,20.4113
4617,15.4088
4618,19.8524
4619,14.1349
4620,12.6984
4621,16.9697
4622,9.6440
4623,14.1034
4624,17.5712
4625,13.9923
4626,21.8804
4627,11.4408
4628,20.5503
4629,12.8160
4630,16.0697
4631,19.6350
4632,22.7349
4633,12.9235
4634,16.8610
4635,19.3205
4636,15.1191
4637,12.1799
4638,20.0138
4639,9.4466
4640,12.1088
4641,16.7108
4642,14.8566
4643,12.3005
4644,13.1111
4645,22.2113
4646,18.1839
4647,11.0886
4648,15.8405
4649,11.0145
4650,14.0529
4651,12.2175
4652,19.7723
4653,14.4768
4654,17.3965
4655,17.4255
4656,9.4202
4657,19.4063
4658,14.9913
4659,15.8327
4660,14.5357
4661,9.3772
4662,12.4109
4663,11.4048
4664,12.3410
4665,12.9902
4666,12.6886
4667,13.9832
4668,16.1910
4669,16.9160
4670,12.6784
4671,13.9847
4672,13.7618
4673,13.8357
4674,12.9857
4675,15.8579
4676,12.1067
4677,13.3212
4678,12.3317
4679,12.5971
4680,17.0918
4681,9.9788
4682,13.0775
4683,13.2124
4684,15.0533
4685,12.3003
4686,13.9403
4687,11.4784
4688,9.7120
4689,15.7373
4690,10.8221
4691,10.9897
4692,12.9669
4693,14.9744
4694,15.0616
4695,9.6767
4696,11.9779
4697,18.9681
4698,11.3323
4699,13.7877
4700,10.1671
4701,11.1449
4702,14.6360
4703,18.1746
4704,18.1084
4705,14.6120
4706,11.6658
4707,20.6435
4708,12.0397
4709,15.4912
4710,11.3566
4711,9.3582
4712,11.9035
4713,10.6606
4714,11.3525
4715,13.9120
4716,14.3054
4717,11.7109
4718,16.9733
4719,11.8318
4720,16.3016
4721,18.3465
4722,11.9362
4723,10.0439
4724,14.8799
4725,14.5285
4726,16.4709
4727,17.7202
4728,13.9391
4729,17.2362
4730,6.5820
4731,29.4507
4732,17.5643
4733,15.2593
4734,19.9757
4735,17.1046
4736,12.9333
4737,21.0540
4738,13.0033
4739,11.2302
4740,11.3165
4741,10.6351
4742,15.4617
4743,16.6914
4744,10.8171
4745,19.7299
4746,13.1214
4747,16.9933
4748,15.3706
4749,12.0716
4750,15.4440
4751,17.9496
4752,12.7141
4753,12.6209
4754,13.4196
4755,12.4638
4756,11.9624
4757,13.2024
4758,11.2553
4759,12.1748
4760,11.7784
4761,12.8763
4762,11.6177
4763,12.4612
4764,11.9793
4765,11.7841
4766,13.5496
4767,14.6639
4768,9.2530
4769,12.2166
4770,12.7800
4771,12.8405
4772,14.3666
4773,12.9251
4774,8.3532
4775,13.8535
4776,12.3155
4777,14.8909
4778,12.4142
4779,11.1344
4780,15.1567
4781,17.6125
4782,12.4772
4783,14.7581
4784,11.6301
4785,13.5179
4786,12.8808
4787,17.3378
4788,10.2408
4789,11.9929
4790,14.5054
4791,14.5750
4792,16.0711
4793,11.4245
4794,13.3865
4795,16.9158
4796,15.0759
4797,13.1950
4798,14.0307
4799,11.2262
4800,14.9815
4801,15.1505
4802,12.4190
4803,17.3018
4804,14.9155
4805,15.2483
4806,14.6539
4807,17.1762
4808,12.6951
4809,10.2623
4810,13.6139
4811,11.0106
4812,14.6580
4813,13.6437
4814,15.8501
4815,11.1597
4816,12.0482
4817,12.1362
4818,9.9466
4819,10.3190
4820,14.0548
4821,8.2781
4822,9.9413
4823,12.2273
4824,8.7023
4825,8.5459
4826,9.6316
4827,14.0471
4828,11.8165
4829,10.6275
4830,12.9652
4831,11.1864
4832,11.1604
4833,11.7521
4834,9.7277
4835,12.9364
4836,9.7244
4837,8.9338
4838,16.6903
4839,10.4818
4840,9.1631
4841,16.6380
4842,10.8774
4843,18.6954
4844,13.7081
4845,12.1539
4846,13.9792
4847,25.5058
4848,19.0241
4849,11.1303
4850,20.6125
4851,10.7679
4852,12.2995
4853,8.6339
4854,6.9308
4855,11.2369
4856,12.3975
4857,14.0495
4858,14.3077
4859,15.8620
4860,16.6969
4861,15.0969
4862,10.8588
4863,9.3391
4864,11.6434
4865,10.8838
4866,10.7973
4867,13.0115
4868,11.9760
4869,12.0385
4870,11.4424
4871,11.0657
4872,12.7742
4873,10.6845
4874,19.4333
4875,12.2693
4876,13.2961
4877,7.9489
4878,9.0854
4879,12.1613
4880,9.4242
4881,12.1427
4882,11.6880
4883,16.7892
4884,12.5928
4885,12.0835
4886,13.1280
4887,12.2540
4888,11.7221
4889,11.2906
4890,11.9045
4891,11.4832
4892,11.7836
4893,13.8090
4894,14.4868
4895,9.4807
4896,11.1430
4897,10.6494
4898,9.9955
4899,11.6327
4900,11.2324
4901,14.6022
4902,12.4147
4903,10.6142
4904,11.3728
4905,11.5767
4906,15.0347
4907,10.9646
4908,11.8270
4909,12.5272
4910,15.3599
4911,12.0533
4912,13.2132
4913,15.4285
4914,12.9745
4915,15.8081
4916,14.9133
4917,15.5287
4918,11.8396
4919,16.5396
4920,15.4996
4921,16.0537
4922,12.0106
4923,12.3966
4924,13.2422
4925,13.6666
4926,12.7442
4927,12.6340
4928,14.8933
4929,11.6072
4930,13.8345
4931,10.1321
4932,10.9620
4933,20.0789
4934,20.1652
4935,10.1805
4936,14.5054
4937,17.4322
4938,13.8817
4939,9.3024
4940,14.9682
4941,10.2689
4942,14.1652
4943,17.5393
4944,18.6791
4945,16.9661
4946,16.2668
4947,18.1065
4948,14.1716
4949,17.4286
4950,14.2963
4951,11.8122
4952,18.5809
4953,12.6283
4954,8.7669
4955,12.5029
4956,19.9780
4957,24.9357
4958,13.1004
4959,12.6674
4960,15.1963
4961,13.6545
4962,15.4278
4963,12.9924
4964,11.4641
4965,12.7535
4966,11.8177
4967,13.9449
4968,12.6302
4969,10.1175
4970,12.5937
4971,11.8995
4972,12.9473
4973,9.3057
4974,12.8489
4975,13.8941
4976,10.7644
4977,14.6086
4978,14.9395
4979,14.0178
4980,12.3522
4981,17.8883
4982,14.1246
4983,16.0890
4984,12.5656
4985,14.2169
4986,11.0722
4987,13.0103
4988,15.3246
4989,11.6446
4990,14.9148
4991,11.4987
4992,18.2741
4993,11.3859
4994,8.8580
4995,12.1052
4996,13.8552
4997,12.3239
4998,10.7620
4999,12.2821
5000,13.8783
5001,9.4161
5002,11.8160
5003,19.7909
5004,13.0355
5005,14.3049
5006,11.4436
5007,14.7228
5008,14.2441
5009,11.1115
5010,9.7544
5011,12.7521
5012,16.1059
5013,11.0552
5014,15.5253
5015,12.2974
5016,13.1662
5017,12.6445
5018,11.0328
5019,12.0869
5020,9.6807
5021,12.0952
5022,13.2959
5023,11.5590
5024,12.7962
5025,16.4011
5026,11.2011
5027,13.0243
5028,11.4114
5029,17.0734
5030,12.9948
5031,9.6800
5032,12.9747
5033,17.9131
5034,14.8089
5035,16.0062
5036,15.2781
5037,12.0242
5038,9.0311
5039,12.7404
5040,12.5453
5041,10.0977
5042,10.2997
5043,11.4639
5044,9.6319
5045,10.4201
5046,10.1638
5047,12.3129
5048,12.7738
5049,12.3243
5050,12.0618
5051,14.7920
5052,13.3581
5053,12.3055
5054,11.9421
5055,11.6508
5056,12.8798
5057,11.3759
5058,15.4116
5059,20.2355
5060,10.6359
5061,12.5961
5062,22.9709
5063,20.9501
5064,14.5342
5065,21.3666
5066,15.4104
5067,14.6410
5068,16.7615
5069,13.5002
5070,17.0109
5071,15.9426
5072,18.9521
5073,14.0455
5074,19.4621
5075,14.6472
5076,9.8078
5077,9.7933
5078,14.5833
5079,22.9087
5080,9.6595
5081,8.6248
5082,13.3798
5083,15.9001
5084,20.1590
5085,13.6974
5086,8.7693
5087,15.4676
5088,10.7257
5089,8.6763
5090,12.7761
5091,11.8754
5092,10.0815
5093,13.4227
5094,11.0133
5095,12.5122
5096,20.3338
5097,11.5280
5098,13.3379
5099,12.4683
5100,12.9671
5101,13.3357
5102,12.2347
5103,16.7346
5104,12.0645
5105,9.8460
5106,14.4160
5107,12.2275
5108,16.1097
5109,11.6818
5110,13.7131
5111,12.1553
5112,11.1117
5113,13.1459
5114,15.3978
5115,11.6076
5116,13.2315
5117,14.7841
5118,12.5010
5119,13.3615
5120,19.4025
5121,10.8666
5122,24.6081
5123,15.0194
5124,14.7696
5125,19.4261
5126,12.2290
5127,11.0090
5128,11.1897
5129,13.8803
5130,14.8427
5131,11.7333
5132,11.1761
5133,17.0391
5134,14.5419
5135,17.5109
5136,10.0291
5137,15.3718
5138,14.3807
5139,11.3716
5140,16.0480
5141,13.8512
5142,11.5449
5143,15.2025
5144,16.8240
5145,15.1830
5146,19.5804
5147,14.4589
5148,15.5950
5149,13.4165
5150,19.6769
5151,13.8285
5152,21.4393
5153,12.0611
5154,11.9493
5155,12.8045
5156,15.6095
5157,16.1793
5158,13.5708
5159,14.6127
5160,14.8170
5161,17.6792
5162,16.2582
5163,33.8321
5164,19.2418
5165,18.2803
5166,11.2767
5167,9.0628
5168,11.0631
5169,17.7648
5170,16.9790
5171,19.5997
5172,14.7064
5173,19.6946
5174,13.9689
5175,11.8303
5176,12.0907
5177,12.7199
5178,13.7281
5179,17.3881
5180,12.4526
5181,25.9137
5182,11.1778
5183,15.9917
5184,12.4426
5185,10.5155
5186,17.8635
5187,13.2034
5188,11.5016
5189,8.8844
5190,10.0653
5191,18.1806
5192,14.4711
5193,12.0037
5194,13.2518
5195,14.2686
5196,18.5466
5197,13.2904
5198,11.5175
5199,11.0571
5200,12.4056
5201,11.2410
5202,13.5574
5203,9.6381
5204,9.8135
5205,10.8998
5206,8.3663
5207,10.2618
5208,13.3827
5209,8.7719
5210,12.4464
5211,13.3779
5212,13.9949
5213,13.8843
5214,12.0018
5215,17.5264
5216,13.1621
5217,14.1389
5218,13.1714
5219,18.5559
5220,17.9117
5221,12.4297
5222,15.1348
5223,16.4719
5224,15.7821
5225,16.1555
5226,17.0977
5227,13.7002
5228,15.7232
5229,13.1755
5230,14.0400
5231,13.5107
5232,13.0067
5233,12.7552
5234,13.6044
5235,12.6147
5236,15.8243
5237,12.7273
5238,15.2087
5239,22.7442
5240,10.7796
5241,13.3388
5242,8.7261
5243,7.2043
5244,9.6848
5245,11.7619
5246,11.0655
5247,18.0063
5248,14.8795
5249,11.7018
5250,11.5895
5251,15.0778
5252,12.2561
5253,12.4483
5254,11.7958
5255,13.2627
5256,15.7332
5257,18.3775
5258,17.6098
5259,21.7502
5260,11.1113
5261,13.3972
5262,14.5354
5263,13.0436
5264,20.8409
5265,13.0978
5266,12.2521
5267,11.2548
5268,19.9323
5269,14.8385
5270,14.2643
5271,14.8869
5272,17.2436
5273,17.6995
5274,17.5197
5275,16.0000
5276,22.4986
5277,19.1903
5278,13.6080
5279,15.6257
5280,11.7900
5281,14.3266
5282,12.6836
5283,12.6586
5284,18.7943
5285,17.0217
5286,12.3954
5287,16.5911
5288,12.5079
5289,12.9919
5290,13.7227
5291,13.9141
5292,13.0420
5293,14.5290
5294,13.3886
5295,15.4696
5296,14.5276
5297,18.1994
5298,16.8617
5299,11.3308
5300,17.4012
5301,9.7754
5302,12.5496
5303,10.6266
5304,10.0362
5305,14.1363
5306,12.8844
5307,9.3007
5308,17.8835
5309,17.9183
5310,11.5356
5311,18.3480
5312,13.1721
5313,11.3628
5314,18.8224
5315,10.0896
5316,12.0077
5317,16.5401
5318,15.5394
5319,9.4125
5320,20.7078
5321,10.1941
5322,8.6944
5323,9.7406
5324,8.3308
5325,17.7619
5326,14.6420
5327,12.1853
5328,15.8601
5329,14.1785
5330,12.7385
5331,14.0789
5332,19.7508
5333,9.1209
5334,14.2787
5335,13.4194
5336,16.4421
5337,20.6413
5338,12.1655
5339,12.0201
5340,16.3860
5341,13.0055
5342,16.4273
5343,10.4203
5344,11.0843
5345,8.5917
5346,13.5701
5347,13.5460
5348,12.1028
5349,7.6811
5350,7.7548
5351,11.6580
5352,17.9636
5353,17.6401
5354,10.9751
5355,12.2590
5356,11.2982
5357,11.6062
5358,12.3003
5359,10.8995
5360,14.5187
5361,14.1327
5362,11.9057
5363,13.3657
5364,13.7169
5365,16.6552
5366,13.5491
5367,13.4847
5368,11.5018
5369,15.6922
5370,11.1523
5371,20.7806
5372,13.4261
5373,17.3247
5374,18.0447
5375,12.6739
5376,19.1915
5377,22.4533
5378,15.1918
5379,11.9929
5380,21.8098
5381,15.6415
5382,13.6745
5383,13.0188
5384,9.2139
5385,9.2921
5386,7.9279
5387,9.6629
5388,10.4723
5389,12.2292
5390,9.2885
5391,7.8547
5392,7.4282
5393,9.1636
5394,9.4790
5395,11.6286
5396,18.0557
5397,12.9826
5398,12.9132
5399,17.6837
5400,9.3906
5401,13.2620
5402,12.5721
5403,16.7353
5404,18.4851
5405,12.5334
5406,11.0748
5407,9.7950
5408,12.3255
5409,12.2285
5410,12.5332
5411,10.2463
5412,8.0180
5413,10.0482
5414,13.7460
5415,15.0363
5416,13.4966
5417,14.2336
5418,13.4349
5419,17.8905
5420,13.9010
5421,14.2350
5422,16.3906
5423,9.7480
5424,11.4849
5425,13.6526
5426,12.5439
5427,13.3309
5428,12.8942
5429,14.4711
5430,17.9083
5431,10.3133
5432,19.7802
5433,10.2870
5434,16.4433
5435,12.7497
5436,10.1709
5437,13.3681
5438,11.5590
5439,9.5072
5440,15.2159
5441,13.8650
5442,14.6949
5443,10.2749
5444,9.9478
5445,10.0152
5446,9.6724
5447,9.6822
5448,9.5086
5449,9.1050
5450,12.8572
5451,12.6088
5452,11.9965
5453,14.7116
5454,10.0138
5455,13.4778
5456,13.3021
5457,13.4056
5458,25.9008
5459,14.0376
5460,11.6026
5461,19.6829
5462,10.5841
5463,22.3398
5464,14.3707
5465,21.4653
5466,14.8327
5467,13.3135
5468,12.4919
5469,10.8881
5470,14.7119
5471,12.6309
5472,12.5225
5473,11.1136
5474,12.5546
5475,15.7228
5476,14.4975
5477,11.5438
5478,13.0055
5479,9.6238
5480,11.2014
5481,14.7386
5482,13.7763
5483,10.7031
5484,12.1708
5485,10.8490
5486,21.6997
5487,11.1437
5488,12.3942
5489,15.5020
5490,15.8138
5491,11.0347
5492,14.4684
5493,16.2237
5494,16.7499
5495,14.5302
5496,18.4772
5497,12.7728
5498,16.7751
5499,11.3938
5500,14.2798
5501,8.1880
5502,14.6625
5503,10.4058
5504,12.0652
5505,14.8540
5506,11.5099
5507,13.8042
5508,13.7117
5509,13.8674
5510,13.7234
5511,13.1309
5512,13.5415
5513,12.0034
5514,11.3277
5515,14.2813
5516,13.7329
5517,13.5345
5518,12.2478
5519,12.5315
5520,12.9631
5521,14.5457
5522,11.1673
5523,11.6479
5524,13.2785
5525,11.2879
5526,12.3525
5527,8.1642
5528,11.8029
5529,14.4126
5530,16.1886
5531,15.7781
5532,19.7167
5533,14.8041
5534,8.2982
5535,17.1275
5536,15.1746
5537,13.8156
5538,13.7396
5539,17.6439
5540,16.2239
5541,18.4295
5542,25.2554
5543,20.1876
5544,10.7560
5545,8.8310
5546,12.1007
5547,13.0465
5548,9.3369
5549,14.5364
5550,11.7118
5551,10.5603
5552,10.0770
5553,10.4141
5554,21.3645
5555,9.6483
5556,11.7972
5557,12.5477
5558,19.4848
5559,14.0765
5560,15.0564
5561,13.6290
5562,18.4402
5563,18.6825
5564,11.0247
5565,12.7656
5566,12.1443
5567,17.2956
5568,15.6848
5569,10.9000
5570,11.6336
5571,14.2329
5572,13.7875
5573,12.9120
5574,12.6922
5575,19.1967
5576,13.7775
5577,11.1992
5578,11.8980
5579,14.4827
5580,8.9548
5581,12.7504
5582,13.8154
5583,12.4331
5584,13.7498
5585,12.4922
5586,18.8348
5587,13.8645
5588,7.7560
5589,10.0925
5590,8.0352
5591,8.3299
5592,8.3184
5593,8.7285
5594,14.8463
5595,14.8821
5596,15.3496
5597,13.0956
5598,29.0492
5599,12.3398
5600,15.5249
5601,31.1990
5602,29.6474
5603,20.2971
5604,15.1765
5605,11.8077
5606,15.2438
5607,10.9255
5608,13.0320
5609,13.9968
5610,10.4184
5611,15.0428
5612,13.6225
5613,17.0658
5614,10.8128
5615,11.1399
5616,18.1558
5617,12.4707
5618,12.5678
5619,13.2060
5620,11.0223
5621,11.7042
5622,11.2987
5623,10.9901
5624,13.2201
5625,11.2951
5626,16.3953
5627,17.7255
5628,14.4675
5629,12.5782
5630,12.2237
5631,17.7960
5632,10.7985
5633,15.7073
5634,13.5932
5635,16.5915
5636,13.1295
5637,11.7314
5638,13.6914
5639,14.6775
5640,14.3318
5641,14.2798
5642,10.8318
5643,12.1500
5644,13.3092
5645,12.0814
5646,11.2829
5647,10.5910
5648,23.3319
5649,10.4260
5650,10.4544
5651,15.3735
5652,14.7069
5653,15.0266
5654,13.9072
5655,18.3401
5656,15.0940
5657,10.3936
5658,7.9489
5659,10.0040
5660,12.0065
5661,16.9175
5662,12.1384
5663,22.3491
5664,21.9438
5665,12.2221
5666,12.3644
5667,7.7395
5668,7.9367
5669,8.0638
5670,15.6393
5671,13.6344
5672,10.8132
5673,10.8764
5674,11.9283
5675,14.1060
5676,14.9252
5677,24.4451
5678,12.7923
5679,13.9651
5680,13.7746
5681,14.0007
5682,11.3645
5683,12.0957
5684,10.6099
5685,17.3709
5686,12.6591
5687,9.6316
5688,8.7867
5689,12.3420
5690,17.4060
5691,12.6550
5692,14.9934
5693,11.9324
5694,13.5000
5695,13.3572
5696,13.6492
5697,27.2875
5698,18.1777
5699,12.0170
5700,18.9173
5701,12.2268
5702,11.6796
5703,21.5881
5704,8.2543
5705,10.0038
5706,10.0427
5707,13.0622
5708,18.5020
5709,14.5292
5710,13.5930
5711,13.9525
5712,13.7429
5713,14.5705
5714,14.1768
5715,14.2972
5716,17.2818
5717,13.8359
5718,14.8342
5719,12.5844
5720,12.2550
5721,12.0592
5722,12.9607
5723,8.7306
5724,12.2483
5725,15.6925
5726,14.0700
5727,14.4975
5728,16.8419
5729,12.3315
5730,13.5870
5731,11.4579
5732,14.8129
5733,13.5288
5734,12.8407
5735,12.8508
5736,9.3455
5737,16.4139
5738,12.0840
5739,14.3971
5740,15.0566
5741,8.9827
5742,11.5514
5743,15.4204
5744,15.8396
5745,13.0982
5746,11.0893
5747,11.4264
5748,19.8178
5749,15.6524
5750,13.0086
5751,12.0151
5752,11.9760
5753,15.7919
5754,8.9357
5755,15.9047
5756,21.5030
5757,11.9472
5758,12.9495
5759,9.8088
5760,14.8644
5761,19.2168
5762,15.9371
5763,23.0682
5764,16.1924
5765,15.4240
5766,24.3888
5767,9.2967
5768,17.7903
5769,22.1567
5770,18.2483
5771,23.3030
5772,11.9407
5773,14.7033
5774,16.8300
5775,18.7986
5776,23.8352
5777,19.9771
5778,11.2197
5779,8.8866
5780,13.6385
5781,16.4688
5782,17.1323
5783,15.9323
5784,12.2898
5785,14.5047
5786,12.3887
5787,10.7517
5788,8.2147
5789,13.0675
5790,10.8714
5791,13.0627
5792,12.4164
5793,15.7452
5794,13.9027
5795,13.7587
5796,13.8023
5797,12.9709
5798,15.0595
5799,15.5571
5800,18.9264
5801,14.3244
5802,14.5392
5803,17.5278
5804,17.2842
5805,12.8498
5806,24.6403
5807,21.4219
5808,15.3055
5809,11.3206
5810,13.2625
5811,16.1843
5812,10.3233
5813,12.9552
5814,12.1284
5815,13.4084
5816,14.9386
5817,10.3042
5818,11.0044
5819,13.8423
5820,15.4366
5821,17.1814
5822,15.9256
5823,12.7771
5824,14.8051
5825,13.4041
5826,10.9861
5827,11.6186
5828,15.4169
5829,14.1284
5830,13.1147
5831,14.2493
5832,14.7440
5833,14.5607
5834,13.7835
5835,11.7097
5836,14.3836
5837,12.9921
5838,13.7413
5839,19.2857
5840,10.9980
5841,9.9583
5842,15.1434
5843,12.5792
5844,14.2295
5845,18.1892
5846,16.3970
5847,8.9154
5848,15.4696
5849,10.3276
5850,20.8950
5851,11.5101
5852,7.4370
5853,9.7866
5854,11.9851
5855,15.9123
5856,13.4437
5857,12.5756
5858,15.6901
5859,17.3476
5860,13.6003
5861,14.3602
5862,14.6439
5863,19.1133
5864,17.2963
5865,13.9484
5866,12.8853
5867,11.6317
5868,11.7230
5869,12.1415
5870,12.2831
5871,13.0780
5872,13.9720
5873,12.1090
5874,12.7242
5875,11.7674
5876,12.4683
5877,13.0751
5878,11.7674
5879,14.7626
5880,11.1661
5881,15.0719
5882,11.3382
5883,14.8027
5884,10.7863
5885,10.3443
5886,11.3962
5887,12.4118
5888,12.0261
5889,17.8504
5890,12.6729
5891,12.5570
5892,12.7475
5893,14.8711
5894,11.6475
5895,15.0492
5896,11.9457
5897,11.2510
5898,13.5412
5899,11.6844
5900,10.8588
5901,15.5225
5902,12.1956
5903,15.1973
5904,18.7278
5905,15.6245
5906,15.0683
5907,16.0267
5908,17.8146
5909,18.9009
5910,7.2753
5911,15.6019
5912,21.1329
5913,10.9148
5914,15.1103
5915,11.7517
5916,13.3600
5917,11.3115
5918,23.9477
5919,14.5628
5920,9.4404
5921,9.0411
5922,14.2684
5923,12.0842
5924,14.4658
5925,13.1721
5926,15.4192
5927,11.0462
5928,14.0507
5929,10.2270
5930,11.6863
5931,17.1263
5932,14.5142
5933,13.9544
5934,17.0343
5935,15.6214
5936,14.7071
5937,12.9590
5938,15.9163
5939,13.6745
5940,14.4272
5941,13.3073
5942,12.6987
5943,18.8479
5944,21.7836
5945,14.0529
5946,14.0216
5947,10.9811
5948,15.6913
5949,15.2802
5950,10.4189
5951,9.7854
5952,19.0203
5953,17.1447
5954,10.1955
5955,10.2592
5956,16.7453
5957,13.1145
5958,14.5125
5959,15.6507
5960,13.5777
5961,11.2720
5962,11.1666
5963,13.2031
5964,13.7141
5965,13.5784
5966,13.5450
5967,16.3562
5968,12.1136
5969,15.7316
5970,14.8623
5971,14.8294
5972,15.7838
5973,10.4783
5974,10.1037
5975,11.5595
5976,14.4434
5977,14.7467
5978,15.2979
5979,18.9347
5980,18.7166
5981,11.4286
5982,18.0054
5983,15.8641
5984,17.0937
5985,16.7849
5986,12.3715
5987,10.3180
5988,12.4748
5989,11.7295
5990,10.0496
5991,11.6255
5992,13.5403
5993,11.9991
5994,19.9203
5995,11.5361
5996,15.4834
5997,16.0522
5998,12.3737
5999,13.4230
6000,18.0762
6001,20.1507
6002,15.8112
6003,15.2075
6004,16.5129
6005,20.0722
6006,30.9105
6007,11.8382
6008,16.8753
6009,19.0313
6010,18.7240
6011,13.2854
6012,13.5028
6013,13.9446
6014,26.1779
6015,20.1297
6016,18.0187
6017,14.2927
6018,9.0587
6019,9.3584
6020,15.2028
6021,10.9289
6022,14.0548
6023,15.3821
6024,15.0607
6025,17.6418
6026,13.6290
6027,16.2311
6028,18.3973
6029,13.7026
6030,14.1869
6031,16.6211
6032,13.0594
6033,16.6852
6034,17.1285
6035,14.6487
6036,12.6143
6037,15.7211
6038,9.9316
6039,11.3833
6040,11.0297
6041,12.8829
6042,12.4958
6043,17.3001
6044,15.3656
6045,15.9009
6046,12.5842
6047,14.4784
6048,14.7817
6049,12.9356
6050,13.5949
6051,18.6667
6052,13.0253
6053,12.6426
6054,9.6927
6055,18.2700
6056,116.7057
6057,16.7720
6058,13.9537
6059,13.1650
6060,11.7826
6061,17.8046
6062,11.8837
6063,11.8809
6064,15.3391
6065,14.6267
6066,20.4473
6067,9.6850
6068,18.0047
6069,10.4933
6070,20.5767
6071,14.6520
6072,15.9245
6073,16.3651
6074,18.5091
6075,20.6780
6076,14.7116
6077,14.8172
6078,8.6668
6079,11.9503
6080,14.8077
6081,16.0539
6082,21.7593
6083,10.4136
6084,11.2011
6085,11.8427
6086,11.1849
6087,18.4762
6088,13.0925
6089,13.6635
6090,18.6415
6091,12.9879
6092,12.8045
6093,18.4917
6094,12.2828
6095,13.0820
6096,19.1662
6097,17.7395
6098,19.3410
6099,18.7318
6100,15.6083
6101,14.3466
6102,13.5839
6103,14.7610
6104,15.4734
6105,23.7529
6106,22.2075
6107,17.8037
6108,12.0940
6109,15.6105
6110,14.7562
6111,16.8545
6112,11.7464
6113,13.9518
6114,14.8900
6115,16.3689
6116,12.1274
6117,14.1346
6118,13.2124
6119,17.2608
6120,12.8181
6121,14.9853
6122,11.3337
6123,12.0060
6124,12.9619
6125,10.0527
6126,10.6707
6127,16.2566
6128,13.0770
6129,11.8449
6130,13.5462
6131,13.5772
6132,17.8485
6133,14.5772
6134,9.7625
6135,11.9159
6136,15.6436
6137,16.7289
6138,9.9580
6139,9.8989
6140,13.2785
6141,11.1885
6142,16.2785
6143,10.8449
6144,15.1184
6145,13.2244
6146,18.2419
6147,16.8016
6148,17.9737
6149,15.1634
6150,14.9763
6151,12.1877
6152,12.6657
6153,10.5655
6154,9.8093
6155,13.2968
6156,15.5036
6157,15.2559
6158,14.2128
6159,15.1603
6160,18.3592
6161,17.0147
6162,17.7870
6163,14.2322
6164,15.5056
6165,22.0551
6166,14.4956
6167,16.9187
6168,12.8002
6169,15.3935
6170,15.0359
6171,12.3372
6172,13.2854
6173,10.8206
6174,10.4249
6175,11.0109
6176,8.3473
6177,11.9264
6178,12.2349
6179,11.7390
6180,10.5612
6181,12.4395
6182,11.0128
6183,15.0220
6184,17.6907
6185,12.0904
6186,10.8547
6187,9.2154
6188,10.4489
6189,14.9786
6190,20.8554
6191,16.7606
6192,18.4197
6193,13.1087
6194,12.8648
6195,11.9734
6196,13.7286
6197,13.7234
6198,12.6853
6199,14.4901
6200,13.5796
6201,15.8749
6202,19.7406
6203,13.5636
6204,14.9641
6205,14.0555
6206,19.8777
6207,13.4780
6208,17.7824
6209,16.6659
6210,19.1364
6211,9.7423
6212,9.5134
6213,8.3852
6214,10.4733
6215,15.7800
6216,16.4223
6217,14.8928
6218,25.7688
6219,12.8727
6220,18.3578
6221,16.3205
6222,18.7430
6223,19.0146
6224,19.0444
6225,18.7237
6226,18.2018
6227,16.4177
6228,13.9325
6229,18.3768
6230,14.8916
6231,26.2194
6232,13.2520
6233,14.5075
6234,13.8767
6235,11.0581
6236,13.1931
6237,10.9785
6238,13.8648
6239,15.5597
6240,14.7979
6241,17.4911
6242,13.0861
6243,10.4990
6244,16.1331
6245,12.2042
6246,13.3157
6247,18.6672
6248,13.8407
6249,13.1285
6250,15.2986
6251,12.0065
6252,10.0644
6253,9.3291
6254,11.6045
6255,15.2481
6256,14.0080
6257,12.3239
6258,17.5021
6259,9.7239
6260,14.1609
6261,18.1887
6262,13.7568
6263,16.8381
6264,18.0950
6265,20.1242
6266,25.9912
6267,14.9634
6268,12.7885
6269,9.2804
6270,16.2139
6271,16.9315
6272,7.4627
6273,20.1814
6274,20.5777
6275,9.8794
6276,10.6893
6277,12.3346
6278,14.0727
6279,13.6285
6280,17.6079
6281,12.2907
6282,14.8575
6283,22.7540
6284,15.8043
6285,15.7571
6286,11.3153
6287,12.6593
6288,10.1016
6289,16.4866
6290,9.2306
6291,17.5445
6292,10.5207
6293,13.9432
6294,9.3930
6295,14.1475
6296,12.9948
6297,15.9783
6298,9.0199
6299,13.5255
6300,14.2305
6301,15.5287
6302,16.3257
6303,14.6637
6304,17.2391
6305,13.5138
6306,15.7833
6307,16.5424
6308,14.0920
6309,17.7143
6310,21.5330
6311,13.7808
6312,18.3048
6313,12.8117
6314,15.6808
6315,20.4790
6316,11.4396
6317,13.7806
6318,15.1577
6319,9.4919
6320,14.1459
6321,13.0191
6322,13.7906
6323,18.7378
6324,18.5022
6325,10.2470
6326,11.6289
6327,11.4334
6328,12.6615
6329,15.7359
6330,12.6464
6331,13.5441
6332,12.5346
6333,17.6220
6334,16.5920
6335,16.3469
6336,9.2676
6337,12.1708
6338,17.2796
6339,13.5100
6340,16.7644
6341,14.2276
6342,15.9783
6343,16.7375
6344,13.7248
6345,14.0109
6346,8.7347
6347,17.5066
6348,8.7392
6349,9.6390
6350,11.2765
6351,17.1974
6352,11.9221
6353,11.1394
6354,11.7619
6355,13.5877
6356,9.7721
6357,11.4961
6358,11.0562
6359,10.1225
6360,11.1454
6361,13.5691
6362,7.9045
6363,11.7893
6364,9.2039
6365,8.4524
6366,12.4345
6367,12.7716
6368,13.3090
6369,12.5697
6370,10.7677
6371,16.3717
6372,18.8107
6373,12.0821
6374,10.9520
6375,11.1525
6376,11.7314
6377,18.0681
6378,11.7795
6379,12.8059
6380,20.0384
6381,11.5063
6382,15.0049
6383,10.7446
6384,11.9224
6385,11.1947
6386,12.0096
6387,10.7450
6388,17.3550
6389,16.1350
6390,18.3830
6391,12.5990
6392,13.5553
6393,9.2134
6394,10.1597
6395,16.6700
6396,14.9188
6397,17.4868
6398,15.4898
6399,11.9665
6400,13.1223
6401,14.0231
6402,11.9710
6403,9.0849
6404,8.6644
6405,10.2923
6406,14.8575
6407,17.7965
6408,15.0652
6409,18.8005
6410,28.2362
6411,14.1041
6412,24.5044
6413,122.2987
6414,11.5304
6415,23.9205
6416,32.3830
6417,15.2154
6418,19.4001
6419,18.5907
6420,12.1691
6421,10.4887
6422,11.1258
6423,10.1876
6424,15.6560
6425,13.5593
6426,23.7021
6427,13.6375
6428,15.0771
6429,16.0110
6430,10.0157
6431,14.4510
6432,12.9390
6433,13.1094
6434,13.3760
6435,14.9660
6436,18.2443
6437,10.8175
6438,7.6380
6439,12.6443
6440,11.9195
6441,11.6601
6442,13.5474
6443,10.5073
6444,12.3184
6445,11.4095
6446,10.4816
6447,13.5400
6448,14.5609
6449,15.4130
6450,9.6893
6451,11.5039
6452,9.3920
6453,12.4984
6454,20.2830
6455,11.0457
6456,13.7711
6457,16.5255
6458,10.9816
6459,12.4497
6460,13.3741
6461,12.1138
6462,11.1027
6463,19.4731
6464,11.2565
6465,13.7038
6466,19.3560
6467,13.4153
6468,13.8278
6469,18.5997
6470,15.7764
6471,14.1807
6472,13.8154
6473,11.6746
6474,20.0887
6475,11.5223
6476,15.5900
6477,23.4354
6478,12.5229
6479,15.8913
6480,14.2603
6481,12.1648
6482,17.6890
6483,16.4289
6484,15.1014
6485,12.4838
6486,13.9241
6487,16.4425
6488,12.4292
6489,15.0521
6490,13.3560
6491,15.4424
6492,14.9493
6493,14.3600
6494,12.4905
6495,15.8992
6496,10.7543
6497,14.8423
6498,21.0633
6499,12.0203
6500,10.8657
6501,22.9456
6502,11.9004
6503,14.4174
6504,20.0605
6505,13.3414
6506,13.0284
6507,15.8184
6508,14.0986
6509,15.1775
6510,14.1416
6511,9.0578
6512,25.0583
6513,11.6863
6514,14.3244
6515,13.6154
6516,8.9009
6517,11.4570
6518,14.4610
6519,11.8623
6520,11.8103
6521,13.0899
6522,12.7811
6523,13.6766
6524,14.7245
6525,13.3290
6526,10.4263
6527,12.5573
6528,11.3149
6529,11.3087
6530,19.5868
6531,12.5175
6532,13.9387
6533,11.6029
6534,12.4998
6535,18.8322
6536,17.8237
6537,11.9202
6538,14.5175
6539,12.2538
6540,11.2660
6541,12.1894
6542,11.7364
6543,13.0560
6544,11.0595
6545,14.6325
6546,13.4315
6547,10.0307
6548,13.3655
6549,19.1536
6550,16.3922
6551,17.6094
6552,12.5947
6553,13.7811
6554,11.7919
6555,13.9165
6556,14.1363
6557,17.8759
6558,17.3924
6559,20.0725
6560,14.0238
6561,9.8834
6562,15.4204
6563,13.1764
6564,14.7061
6565,13.7095
6566,16.4289
6567,17.6833
6568,14.2491
6569,17.5068
6570,13.0367
6571,18.4724
6572,10.5653
6573,11.7464
6574,10.7358
6575,10.9785
6576,12.6772
6577,11.8074
6578,12.0661
6579,12.4142
6580,16.1574
6581,12.3692
6582,17.1781
6583,13.6199
6584,15.1260
6585,11.7660
6586,11.5349
6587,12.9383
6588,16.6991
6589,15.7716
6590,15.3925
6591,15.0633
6592,17.7276
6593,15.0495
6594,9.9888
6595,9.5999
6596,9.3429
6597,9.5222
6598,15.3730
6599,13.1745
6600,40.0188
6601,11.3955
6602,13.5882
6603,12.6400
6604,19.7418
6605,13.5541
6606,13.3131
6607,15.7917
6608,17.6327
6609,22.2869
6610,20.5364
6611,16.6507
6612,12.3236
6613,25.8827
6614,21.5087
6615,8.4412
6616,11.0934
6617,11.4436
6618,10.4687
6619,9.5439
6620,8.8603
6621,10.3877
6622,10.2501
6623,11.1990
6624,11.3482
6625,12.4784
6626,13.7756
6627,10.0360
6628,14.5152
6629,13.5427
6630,11.3814
6631,14.6136
6632,11.8263
6633,9.0973
6634,15.5082
6635,12.2643
6636,15.9461
6637,13.9599
6638,11.4174
6639,13.3617
6640,11.1625
6641,11.2023
6642,12.6483
6643,13.2396
6644,18.9338
6645,15.5234
6646,9.8245
6647,13.7870
6648,11.7381
6649,14.3869
6650,13.0255
6651,16.6609
6652,16.7351
6653,12.0590
6654,17.0310
6655,13.6344
6656,10.7110
6657,20.7021
6658,13.2971
6659,16.3414
6660,18.8096
6661,13.2010
6662,12.5844
6663,14.5714
6664,13.0701
6665,9.3529
6666,9.6562
6667,10.6015
6668,11.1883
6669,10.7856
6670,10.7510
6671,9.4147
6672,12.9859
6673,14.5035
6674,12.6934
6675,12.8818
6676,11.6122
6677,15.7800
6678,10.0613
6679,12.9850
6680,10.5486
6681,13.1516
6682,12.0859
6683,11.7495
6684,15.3275
6685,11.2936
6686,8.5659
6687,12.0206
6688,15.2919
6689,13.2220
6690,11.4508
6691,17.6108
6692,14.4839
6693,16.5248
6694,10.9110
6695,12.3706
6696,10.5712
6697,14.0328
6698,15.4619
6699,13.0346
6700,10.2391
6701,13.3317
6702,10.5381
6703,13.6428
6704,8.9598
6705,17.1075
6706,10.4461
6707,10.9069
6708,11.4295
6709,8.5442
6710,13.2866
6711,13.4165
6712,10.8895
6713,12.1202
6714,12.0263
6715,15.9347
6716,12.3019
6717,27.5593
6718,18.6176
6719,11.5666
6720,18.2405
6721,13.4594
6722,13.1729
6723,9.2137
6724,19.6431
6725,12.6243
6726,13.6070
6727,12.5625
6728,7.8990
6729,21.6694
6730,13.7868
6731,16.9168
6732,13.2017
6733,19.2385
6734,14.7607
6735,16.9444
6736,15.6345
6737,15.7814
6738,12.2716
6739,12.2313
6740,15.4963
6741,16.4208
6742,18.0466
6743,11.3072
6744,13.9697
6745,12.3444
6746,17.5915
6747,12.0542
6748,11.5085
6749,21.2600
6750,12.2914
6751,10.9193
6752,11.2486
6753,12.3880
6754,12.4450
6755,11.9510
6756,10.8099
6757,12.0609
6758,12.8462
6759,12.2056
6760,16.3825
6761,9.8040
6762,13.9227
6763,16.0346
6764,10.8523
6765,15.9183
6766,15.3010
6767,13.1884
6768,14.6027
6769,12.8963
6770,13.1600
6771,11.6544
6772,16.3264
6773,13.8834
6774,8.6625
6775,13.8619
6776,17.3931
6777,18.1520
6778,13.5691
6779,17.8151
6780,15.3143
6781,15.5857
6782,15.6538
6783,15.6193
6784,15.8956
6785,15.3995
6786,14.3847
6787,15.3236
6788,16.2389
6789,14.2279
6790,17.8165
6791,14.1718
6792,21.0056
6793,16.9973
6794,13.6895
6795,12.3768
6796,10.2503
6797,11.0168
6798,15.2714
6799,9.9537
6800,15.4350
6801,9.8622
6802,14.4014
6803,17.4611
6804,11.2400
6805,12.0735
6806,13.5844
6807,12.2080
6808,12.1918
6809,21.4806
6810,20.7851
6811,10.7503
6812,11.7280
6813,14.1692
6814,14.4660
6815,9.8748
6816,8.0736
6817,12.3363
6818,13.7782
6819,16.0921
6820,18.6577
6821,16.2590
6822,14.4300
6823,17.9362
6824,13.0339
6825,20.2999
6826,16.5136
6827,16.4707
6828,12.3761
6829,16.3686
6830,14.7643
6831,14.9601
6832,14.0486
6833,13.0687
6834,13.9911
6835,14.3850
6836,16.5672
6837,18.4648
6838,27.6682
6839,9.5015
6840,12.9166
6841,15.9888
6842,10.1943
6843,14.6334
6844,13.3922
6845,12.4629
6846,13.6254
6847,19.5429
6848,14.5824
6849,11.3108
6850,14.0603
6851,17.9486
6852,13.3295
6853,14.8156
6854,11.4417
6855,14.9825
6856,11.2965
6857,10.2215
6858,8.6963
6859,13.9043
6860,10.6139
6861,12.6052
6862,10.5290
6863,13.6702
6864,9.8219
6865,16.0494
6866,14.1854
6867,16.4797
6868,16.0336
6869,12.7378
6870,11.3478
6871,15.2655
6872,18.7511
6873,15.8575
6874,15.7366
6875,15.1117
6876,13.3405
6877,13.1345
6878,12.8045
6879,15.1396
6880,16.8560
6881,14.6344
6882,12.4073
6883,11.3575
6884,11.4024
6885,12.8012
6886,14.5323
6887,10.9110
6888,8.4987
6889,8.4820
6890,10.7186
6891,10.2398
6892,9.6393
6893,12.8260
6894,9.1822
6895,10.6251
6896,10.3202
6897,14.2503
6898,12.0871
6899,10.6647
6900,13.1669
6901,15.8787
6902,8.7438
6903,11.2107
6904,14.9524
6905,15.9326
6906,13.0901
6907,11.4677
6908,14.4918
6909,12.5079
6910,20.6389
6911,20.7794
6912,16.1271
6913,13.3653
6914,13.0630
6915,14.0059
6916,15.5487
6917,14.6632
6918,16.2845
6919,15.3022
6920,15.9595
6921,19.3374
6922,21.8468
6923,23.0317
6924,11.3883
6925,18.6203
6926,17.5197
6927,24.4222
6928,11.5647
6929,15.5177
6930,11.2634
6931,13.3593
6932,12.0018
6933,13.5012
6934,10.3364
6935,13.9840
6936,17.5569
6937,7.8604
6938,39.6054
6939,10.6707
6940,10.8211
6941,9.9819
6942,10.3352
6943,9.5859
6944,15.2571
6945,13.7851
6946,16.6807
6947,12.1701
6948,15.2757
6949,13.1564
6950,15.8021
6951,21.2951
6952,10.5479
6953,12.1002
6954,11.2126
6955,17.3788
6956,11.9803
6957,14.6487
6958,11.4024
6959,14.9333
6960,12.6650
6961,10.9549
6962,13.4020
6963,11.7428
6964,13.0038
6965,13.7165
6966,12.2015
6967,15.0511
6968,12.1152
6969,14.1704
6970,12.2993
6971,13.2582
6972,21.3077
6973,14.2925
6974,13.0675
6975,14.3807
6976,14.2038
6977,15.9271
6978,14.2310
6979,11.7996
6980,13.2773
6981,12.7327
6982,12.6853
6983,11.4415
6984,9.8321
6985,16.8080
6986,12.0540
6987,12.7251
6988,11.7443
6989,9.9244
6990,14.9002
6991,10.0546
6992,13.4573
6993,9.3849
6994,9.1708
6995,9.1150
6996,10.4830
6997,11.5869
6998,13.0415
6999,13.8907
7000,11.0753
7001,10.4384
7002,12.3055
7003,10.8411
7004,12.0201
7005,14.4639
7006,13.8710
7007,10.4041
7008,12.0742
7009,14.0851
7010,13.9236
7011,11.2381
7012,10.9513
7013,12.2733
7014,14.9994
7015,12.8956
7016,13.0036
7017,15.6832
7018,17.7491
7019,12.4288
7020,18.0328
7021,17.5092
7022,10.2975
7023,11.3945
7024,21.1411
7025,17.3230
7026,14.9953
7027,20.6442
7028,12.6212
7029,12.1632
7030,14.9519
7031,21.0648
7032,11.4801
7033,14.8098
7034,18.1026
7035,15.1818
7036,13.8164
7037,16.5112
7038,11.0350
7039,10.7303
7040,11.9874
7041,11.6637
7042,12.5999
7043,11.8449
7044,15.0297
7045,14.6756
7046,18.8396
7047,16.9370
7048,12.9397
7049,19.9125
7050,12.4197
7051,22.2774
7052,13.9277
7053,15.4314
7054,16.0036
7055,14.2386
7056,14.4939
7057,9.8703
7058,13.5484
7059,13.8254
7060,16.6502
7061,13.4079
7062,9.6848
7063,13.5603
7064,18.8711
7065,19.8452
7066,12.4729
7067,10.7248
7068,15.6369
7069,12.5270
7070,17.1001
7071,12.2266
7072,14.5950
7073,14.3077
7074,20.9951
7075,14.5800
7076,15.8825
7077,21.2324
7078,18.4436
7079,15.4223
7080,14.5230
7081,12.7437
7082,16.1102
7083,11.7259
7084,15.8215
7085,20.0117
7086,12.7726
7087,14.2395
7088,13.8698
7089,9.4924
7090,12.1379
7091,14.1544
7092,15.4142
7093,14.5359
7094,14.9512
7095,16.1426
7096,15.5561
7097,12.2521
7098,21.8692
7099,10.4322
7100,9.5963
7101,11.8141
7102,12.4416
7103,12.2578
7104,14.0781
7105,13.3414
7106,15.3139
7107,12.8124
7108,15.8675
7109,9.5632
7110,19.6259
7111,13.1624
7112,17.0555
7113,16.0539
7114,13.5410
7115,8.6770
7116,10.8478
7117,13.1340
7118,15.1837
7119,16.9227
7120,18.9919
7121,16.6631
7122,10.7920
7123,9.5968
7124,13.2153
7125,17.5142
7126,11.7610
7127,18.5943
7128,16.8805
7129,19.1276
7130,20.4356
7131,15.7843
7132,12.9144
7133,20.7179
7134,18.9207
7135,15.4767
7136,21.1856
7137,12.2707
7138,15.2640
7139,11.6405
7140,17.7553
7141,10.2038
7142,10.5562
7143,8.2586
7144,17.6029
7145,10.2832
7146,16.5563
7147,10.1495
7148,16.0077
7149,9.1417
7150,12.4211
7151,10.9901
7152,12.5098
7153,11.0655
7154,12.9406
7155,13.2236
7156,20.7524
7157,11.8191
7158,12.5952
7159,15.4152
7160,15.3999
7161,15.7185
7162,15.0502
7163,17.8881
7164,16.4700
7165,10.1955
7166,12.0559
7167,18.5437
7168,12.3556
7169,12.8591
7170,12.5761
7171,15.7557
7172,14.0517
7173,13.1330
7174,14.6286
7175,14.3335
7176,17.6358
7177,14.9953
7178,18.3942
7179,15.2228
7180,13.4013
7181,12.4385
7182,9.5065
7183,10.4980
7184,14.9097
7185,11.2884
7186,10.8328
7187,19.8462
7188,14.2698
7189,22.7587
7190,12.0244
7191,14.8530
7192,15.9171
7193,13.5601
7194,17.1525
7195,13.2964
7196,20.2272
7197,15.1381
7198,11.7178
7199,12.7528
7200,11.4446
7201,21.8990
7202,17.5176
7203,10.2141
7204,11.4918
7205,15.8169
7206,18.6448
7207,17.2827
7208,14.1850
7209,11.6928
7210,12.5320
7211,10.9634
7212,12.2948
7213,11.8442
7214,11.6236
7215,15.6612
7216,11.5952
7217,13.6237
7218,15.6147
7219,13.1619
7220,17.9508
7221,9.7980
7222,11.6706
7223,15.0347
7224,14.8158
7225,12.8763
7226,12.7084
7227,14.0316
7228,24.1652
7229,12.3127
7230,16.1281
7231,18.5728
7232,8.6644
7233,13.5844
7234,18.9967
7235,15.8463
7236,20.8614
7237,17.8142
7238,11.2150
7239,14.7741
7240,16.1028
7241,13.9503
7242,12.1849
7243,15.2180
7244,15.2636
7245,13.9515
7246,14.3976
7247,11.6386
7248,14.9848
7249,11.5376
7250,16.6335
7251,17.4994
7252,11.5447
7253,11.8825
7254,12.9373
7255,11.1063
7256,19.8781
7257,12.5167
7258,15.8329
7259,12.4602
7260,18.2772
7261,14.9169
7262,12.9890
7263,12.4116
7264,17.2281
7265,12.3758
7266,14.0219
7267,17.8416
7268,18.6460
7269,11.1158
7270,13.8910
7271,12.6457
7272,14.9326
7273,18.7309
7274,16.7029
7275,18.4915
7276,16.5293
7277,13.8078
7278,14.4384
7279,12.5985
7280,17.3631
7281,16.1045
7282,16.8715
7283,18.7364
7284,15.6448
7285,14.3178
7286,9.3651
7287,13.5472
7288,10.6602
7289,11.3776
7290,13.3996
7291,11.4365
7292,15.0871
7293,12.7373
7294,11.3339
7295,16.1223
7296,13.6685
7297,13.3259
7298,12.0332
7299,11.7202
7300,15.3580
7301,19.4452
7302,13.5000
7303,12.5291
7304,18.2161
7305,12.9209
7306,14.7343
7307,20.8838
7308,10.2956
7309,10.3588
7310,11.6217
7311,9.8417
7312,8.8046
7313,12.0900
7314,14.0076
7315,13.0424
7316,17.3724
7317,13.9554
7318,15.4414
7319,15.7163
7320,20.7493
7321,16.8700
7322,18.7986
7323,19.9866
7324,10.6542
7325,10.6835
7326,13.8450
7327,13.4854
7328,17.2365
7329,17.2377
7330,16.5114
7331,22.9840
7332,21.8470
7333,14.8759
7334,16.2194
7335,17.5931
7336,12.4614
7337,8.7099
7338,13.6635
7339,13.1309
7340,12.0151
7341,15.1844
7342,9.3243
7343,10.1497
7344,10.2258
7345,14.2336
7346,10.3240
7347,16.8910
7348,11.7354
7349,15.6076
7350,9.8953
7351,11.8744
7352,11.1303
7353,11.1604
7354,14.3139
7355,18.5940
7356,12.6700
7357,12.5325
7358,12.6722
7359,14.6992
7360,12.4993
7361,12.0823
7362,11.3702
7363,11.4071
7364,11.3554
7365,11.5299
7366,14.0519
7367,10.0083
7368,11.4751
7369,11.5793
7370,12.5649
7371,13.4003
7372,15.3251
7373,13.2878
7374,14.1852
7375,15.7380
7376,13.1125
7377,14.3840
7378,16.1607
7379,10.5908
7380,13.0804
7381,19.5682
7382,21.5797
7383,11.9269
7384,14.4703
7385,14.4842
7386,10.8511
7387,19.4652
7388,12.3219
7389,12.9657
7390,15.6047
7391,12.4826
7392,14.2756
7393,12.3806
7394,15.5840
7395,11.5988
7396,8.9791
7397,13.9782
7398,14.1675
7399,11.8835
7400,11.3087
7401,12.2936
7402,19.6874
7403,18.2183
7404,12.7997
7405,14.0858
7406,12.7001
7407,12.5384
7408,12.7177
7409,12.6665
7410,15.0061
7411,13.6523
7412,8.1060
7413,16.5637
7414,12.1355
7415,11.8399
7416,15.2957
7417,10.9508
7418,11.9019
7419,11.5271
7420,13.5875
7421,9.0668
7422,8.5089
7423,16.2024
7424,9.5232
7425,10.9742
7426,18.1782
7427,11.7900
7428,19.8531
7429,23.7844
7430,13.5779
7431,10.4892
7432,9.6738
7433,11.4691
7434,13.5810
7435,9.6476
7436,14.7016
7437,21.7416
7438,9.2776
7439,9.1889
7440,14.9255
7441,10.4721
7442,14.2889
7443,12.7704
7444,9.2123
7445,11.7710
7446,11.8439
7447,16.2971
7448,17.3798
7449,12.9864
7450,13.9170
7451,7.7965
7452,8.7643
7453,19.6741
7454,12.7239
7455,8.4803
7456,11.0648
7457,12.3124
7458,11.3916
7459,10.6554
7460,13.0110
7461,14.2858
7462,15.4817
7463,9.3234
7464,12.4252
7465,14.3144
7466,18.2159
7467,14.5047
7468,20.7767
7469,14.3030
7470,14.5466
7471,11.6997
7472,14.9205
7473,21.1475
7474,15.9707
7475,12.2488
7476,20.0348
7477,20.1631
7478,10.2255
7479,11.9722
7480,15.6403
7481,9.8693
7482,18.9440
7483,20.3185
7484,13.1209
7485,18.8677
7486,8.6820
7487,21.8658
7488,16.1474
7489,10.1671
7490,15.1460
7491,11.3294
7492,12.3420
7493,22.0931
7494,14.1237
7495,12.9569
7496,10.3250
7497,11.1177
7498,14.8869
7499,14.5555
7500,11.9441
7501,16.3465
7502,11.4329
7503,11.3401
7504,14.9541
7505,9.6743
7506,15.1131
7507,18.1277
7508,16.7844
7509,13.0937
7510,15.8858
7511,17.5478
7512,16.6259
7513,12.0254
7514,19.7215
7515,9.6424
7516,13.3097
7517,13.3507
7518,13.1185
7519,16.1281
7520,15.0130
7521,12.4228
7522,12.2936
7523,12.2998
7524,10.5972
7525,9.6972
7526,14.7674
7527,12.7392
7528,16.7263
7529,12.8870
7530,16.2003
7531,11.6968
7532,11.8370
7533,15.5923
7534,14.7424
7535,20.6754
7536,13.3777
7537,8.8952
7538,9.0399
7539,15.7263
7540,11.6842
7541,18.3957
7542,7.7524
7543,7.9770
7544,9.0151
7545,10.6037
7546,14.3232
7547,18.7528
7548,16.6650
7549,15.3315
7550,20.4582
7551,16.0613
7552,11.9641
7553,12.7892
7554,12.9595
7555,10.9117
7556,13.5016
7557,15.1284
7558,13.5114
7559,16.7825
7560,14.7002
7561,10.9646
7562,8.1170
7563,12.8291
7564,14.7359
7565,14.7090
7566,19.9997
7567,14.2288
7568,23.6294
7569,18.5580
7570,17.4417
7571,16.5915
7572,11.7671
7573,16.1893
7574,11.4214
7575,16.1803
7576,12.3341
7577,12.5995
7578,16.2120
7579,10.1590
7580,13.7315
7581,14.2884
7582,11.1182
7583,12.9948
7584,12.6481
7585,21.4753
7586,10.7937
7587,14.0145
7588,10.2634
7589,12.3484
7590,11.9441
7591,11.4012
7592,11.6580
7593,12.5091
7594,11.6889
7595,18.6968
7596,13.8741
7597,13.2167
7598,16.7434
7599,10.9916
7600,8.7659
7601,12.9297
7602,17.3993
7603,17.4177
7604,16.9802
7605,8.9684
7606,11.7614
7607,12.7916
7608,14.5597
7609,10.7400
7610,17.2620
7611,14.1110
7612,18.3249
7613,16.8560
7614,10.7031
7615,18.3744
7616,15.4076
7617,14.7884
7618,11.5414
7619,12.3696
7620,12.2523
7621,12.4559
7622,13.8240
7623,13.4838
7624,12.2185
7625,26.0708
7626,9.6536
7627,11.4181
7628,13.5217
7629,14.1320
7630,11.7829
7631,15.3308
7632,9.4185
7633,14.0812
7634,10.0262
7635,11.6837
7636,15.6348
7637,11.3308
7638,14.5457
7639,12.9843
7640,11.2355
7641,12.0091
7642,12.4362
7643,13.1147
7644,11.5643
7645,15.5077
7646,22.0022
7647,15.3871
7648,21.5976
7649,14.0355
7650,15.9817
7651,18.4574
7652,20.8280
7653,19.7446
7654,17.2238
7655,23.2611
7656,10.2675
7657,11.1661
7658,15.8670
7659,16.0923
7660,15.9209
7661,10.9363
7662,10.2410
7663,11.3490
7664,12.2304
7665,11.2128
7666,10.5088
7667,16.0792
7668,15.0995
7669,9.4004
7670,13.4511
7671,11.2991
7672,12.4664
7673,11.3032
7674,13.1676
7675,12.2917
7676,11.8105
7677,13.2987
7678,11.4200
7679,9.4030
7680,8.9490
7681,14.2562
7682,12.4989
7683,14.3518
7684,14.2436
7685,13.2990
7686,16.4146
7687,11.7369
7688,11.6212
7689,15.5253
7690,10.9146
7691,17.4785
7692,20.2317
7693,9.1293
7694,13.3812
7695,10.6647
7696,14.3564
7697,8.9490
7698,13.8335
7699,17.9400
7700,12.1820
7701,12.5315
7702,13.0284
7703,13.9139
7704,12.1717
7705,13.1545
7706,13.8354
7707,14.0285
7708,17.7763
7709,10.8809
7710,11.2169
7711,10.9577
7712,12.6297
7713,10.7512
7714,14.6015
7715,13.4096
7716,13.6526
7717,15.7683
7718,13.7403
7719,17.6070
7720,17.7732
7721,17.5004
7722,11.9500
7723,15.2776
7724,11.3425
7725,14.5340
7726,14.1802
7727,17.2906
7728,12.7258
7729,19.1755
7730,12.4211
7731,15.3317
7732,14.9426
7733,13.4461
7734,14.4646
7735,15.4371
7736,14.2133
7737,15.6620
7738,16.3035
7739,11.4386
7740,15.3692
7741,15.6040
7742,17.2765
7743,14.7324
7744,14.3354
7745,14.5490
7746,11.7168
7747,15.0802
7748,13.5019
7749,9.4233
7750,15.1114
7751,14.4491
7752,12.7685
