id,t_pub_ms
1,1.4539
2,5.2936
3,6.6984
4,10.5565
5,12.7060
6,16.4359
7,18.7294
8,22.6779
9,26.4421
10,27.0348
11,29.6972
12,33.3881
13,36.9649
14,38.9349
15,41.4958
16,42.1970
17,45.8589
18,48.1217
19,51.0397
20,54.1577
21,58.7552
22,61.6395
23,64.2035
24,66.6969
25,69.4327
26,71.1944
27,72.7680
28,74.1999
29,76.2687
30,79.1893
31,82.7115
32,85.9869
33,89.0386
34,91.6057
35,94.5001
36,97.8127
37,100.3394
38,102.8612
39,105.5105
40,107.9805
41,110.6963
42,114.0568
43,117.2440
44,120.3125
45,123.0285
46,125.8149
47,128.3782
48,131.5231
49,134.2068
50,136.6122
51,139.8237
52,142.8144
53,150.8212
54,154.5351
55,158.4036
56,163.2278
57,166.9009
58,170.0058
59,173.3599
60,176.3730
61,182.0896
62,190.4905
63,195.5695
64,199.2331
65,202.5950
66,207.4628
67,213.8617
68,221.2591
69,224.9167
70,230.3078
71,234.3082
72,238.5097
73,241.8354
74,246.1777
75,250.1357
76,254.1192
77,257.2851
78,260.5178
79,263.4637
80,266.3996
81,270.5560
82,275.0814
83,281.7936
84,285.5351
85,291.6007
86,294.1570
87,299.3679
88,304.3139
89,308.9178
90,312.4831
91,318.0346
92,324.2340
93,329.0172
94,333.2663
95,336.3950
96,339.0536
97,339.8087
98,340.6830
99,341.7201
100,342.8779
101,344.0666
102,345.1633
103,346.2327
104,347.4147
105,348.2041
106,349.1411
107,350.2700
108,351.2797
109,352.3636
110,353.6272
111,354.9223
112,355.8228
113,357.3411
114,359.9889
115,363.3578
116,366.0936
117,369.0975
118,370.4832
119,372.4625
120,374.4347
121,376.3175
122,377.6927
123,379.9102
124,381.8400
125,384.7401
126,387.2926
127,389.4353
128,391.9089
129,394.4254
130,396.5802
131,398.4191
132,400.8183
133,403.4333
134,405.7736
135,408.0539
136,410.2695
137,413.0712
138,415.7078
139,417.9885
140,420.7082
141,423.5728
142,426.0824
143,428.7190
144,430.4411
145,432.8048
146,435.0095
147,436.9624
148,439.1723
149,440.7380
150,442.6353
151,445.3731
152,448.2584
153,450.9954
154,453.3584
155,454.4263
156,456.2829
157,458.5953
158,460.8691
159,463.0318
160,464.0765
161,466.3281
162,474.6304
163,478.6403
164,480.6545
165,486.4471
166,488.8701
167,501.6828
168,509.1364
169,516.9063
170,518.3821
171,522.3391
172,527.1928
173,529.0601
174,530.7162
175,536.7978
176,541.0702
177,545.4280
178,550.1966
179,554.0111
180,555.3331
181,557.5666
182,559.0100
183,560.1978
184,563.3492
185,566.3548
186,567.9109
187,570.3163
188,572.3100
189,574.8966
190,576.5271
191,579.8635
192,581.3775
193,583.5729
194,585.9864
195,587.2183
196,588.7749
197,589.8380
198,591.0623
199,592.7658
200,595.1283
201,595.0122
202,597.1963
203,599.6315
204,601.8102
205,604.1439
206,605.9916
207,608.4387
208,610.1472
209,612.0105
210,613.9853
211,615.9618
212,618.3789
213,619.4851
214,621.6803
215,622.5367
216,624.4774
217,626.8890
218,629.1451
219,631.1643
220,633.5971
221,636.2731
222,638.3452
223,641.0213
224,643.4293
225,645.2391
226,649.0362
227,650.3613
228,653.6770
229,656.8003
230,659.1046
231,661.6688
232,662.6952
233,663.3267
234,663.8784
235,663.0116
236,663.5249
237,665.1669
238,666.7125
239,669.2855
240,670.1572
241,672.2794
242,674.9558
243,676.9667
244,679.2526
245,681.3662
246,683.5523
247,685.6737
248,687.6061
249,689.2292
250,692.2598
251,694.1543
252,696.2698
253,698.4429
254,701.1609
255,703.4981
256,706.2078
257,708.3282
258,710.0980
259,712.3168
260,714.5734
261,716.5582
262,718.9176
263,720.3434
264,723.3894
265,726.1147
266,728.9240
267,731.8885
268,733.8927
269,736.4197
270,739.0745
271,741.4167
272,743.6037
273,746.1972
274,748.8935
275,751.2398
276,753.3612
277,755.9197
278,758.1844
279,760.5217
280,763.0789
281,765.3022
282,767.0939
283,769.0947
284,771.6179
285,774.1055
286,776.5324
287,778.8422
288,781.9629
289,784.6065
290,787.4300
291,790.0045
292,792.6235
293,795.1345
294,797.7834
295,800.4591
296,803.3457
297,806.1471
298,809.3708
299,807.8558
300,810.6041
301,813.6029
302,815.4643
303,817.8058
304,820.9410
305,825.6345
306,827.1694
307,830.9197
308,835.4516
309,840.0600
310,843.7455
311,847.6746
312,846.4773
313,848.5711
314,857.1863
315,857.8033
316,862.8776
317,867.8646
318,871.8071
319,875.5677
320,882.4568
321,885.7343
322,886.7695
323,889.2486
324,891.7277
325,894.7062
326,897.0041
327,899.9729
328,902.0591
329,905.0331
330,907.1472
331,909.6074
332,912.3013
333,915.3233
334,918.1044
335,920.7957
336,923.6639
337,926.3787
338,929.1523
339,931.8004
340,934.3476
341,936.8684
342,939.9297
343,942.8434
344,945.8308
345,949.1026
346,952.0786
347,955.0705
348,958.0097
349,961.8568
350,966.1593
351,971.0467
352,976.7959
353,982.5349
354,988.8499
355,992.2554
356,995.0361
357,998.0161
358,1001.0102
359,1003.8750
360,1006.7112
361,1012.2697
362,1015.5485
363,1020.2217
364,1024.1244
365,1027.0619
366,1031.1763
367,1034.0738
368,1037.3240
369,1040.3156
370,1043.5023
371,1046.3188
372,1049.0701
373,1051.7638
374,1055.1279
375,1057.9891
376,1060.6983
377,1063.7724
378,1067.4717
379,1070.4987
380,1073.1230
381,1076.0286
382,1079.0956
383,1081.9893
384,1084.7361
385,1087.8534
386,1090.7459
387,1093.5783
388,1096.5531
389,1101.1815
390,1105.3956
391,1109.9811
392,1113.4572
393,1116.1737
394,1119.2436
395,1121.8925
396,1125.3464
397,1128.5846
398,1131.5565
399,1134.4721
400,1137.6302
401,1140.0685
402,1143.5258
403,1146.0690
404,1148.7408
405,1151.3109
406,1154.2611
407,1156.8902
408,1159.8392
409,1162.5640
410,1164.9067
411,1167.2461
412,1169.8298
413,1172.2205
414,1175.4873
415,1178.2086
416,1180.3997
417,1182.5140
418,1184.6457
419,1186.8858
420,1188.9687
421,1191.9134
422,1194.2747
423,1197.1934
424,1199.7752
425,1202.2367
426,1204.6506
427,1206.6536
428,1208.7934
429,1212.0540
430,1215.3485
431,1216.5124
432,1219.6758
433,1221.6198
434,1222.9321
435,1224.2389
436,1225.2994
437,1225.5125
438,1227.5152
439,1229.7003
440,1232.7225
441,1234.8511
442,1237.4167
443,1239.6832
444,1241.9577
445,1244.5090
446,1246.6331
447,1251.0617
448,1251.8740
449,1254.8194
450,1259.5410
451,1262.1491
452,1264.1485
453,1266.9439
454,1277.0507
455,1280.6740
456,1284.0149
457,1287.3058
458,1289.6318
459,1292.2463
460,1294.4775
461,1296.9525
462,1298.9252
463,1301.5761
464,1303.1478
465,1305.0907
466,1307.2960
467,1309.3805
468,1312.0835
469,1314.5394
470,1317.7068
471,1319.7699
472,1321.7592
473,1323.9324
474,1326.1020
475,1328.7482
476,1332.3388
477,1335.3007
478,1338.4583
479,1340.7969
480,1343.1897
481,1345.0437
482,1346.8692
483,1349.2746
484,1351.5356
485,1353.8287
486,1355.8843
487,1358.1617
488,1360.3573
489,1363.0342
490,1365.1729
491,1367.5020
492,1369.6055
493,1371.9463
494,1375.4721
495,1377.8818
496,1379.8053
497,1382.0539
498,1383.9846
499,1385.4244
500,1387.8539
501,1390.0497
502,1392.6415
503,1394.4373
504,1396.2846
505,1398.7303
506,1401.9327
507,1404.5103
508,1406.5051
509,1408.1399
510,1410.0199
511,1411.7827
512,1414.0511
513,1417.0086
514,1419.2789
515,1421.3097
516,1422.9763
517,1424.7544
518,1426.4233
519,1428.6807
520,1431.5751
521,1434.5536
522,1436.9440
523,1438.7105
524,1441.3178
525,1443.0652
526,1445.1427
527,1446.4204
528,1448.8993
529,1451.4780
530,1453.6276
531,1455.8783
532,1458.0913
533,1458.4250
534,1460.3808
535,1462.6286
536,1464.8113
537,1467.2410
538,1469.4142
539,1471.6928
540,1474.1027
541,1476.4912
542,1480.6471
543,1482.1894
544,1487.7644
545,1489.3439
546,1490.1555
547,1494.6487
548,1498.0762
549,1498.1093
550,1501.0686
551,1503.3331
552,1506.1460
553,1510.8955
554,1514.1675
555,1516.2854
556,1521.1542
557,1523.0546
558,1523.7746
559,1527.7376
560,1530.5309
561,1532.5484
562,1532.8071
563,1534.7540
564,1535.8553
565,1540.1351
566,1544.3006
567,1545.9144
568,1548.6526
569,1550.3390
570,1555.5246
571,1562.7079
572,1578.5279
573,1580.6019
574,1582.7479
575,1584.5983
576,1585.4685
577,1586.3664
578,1586.7689
579,1588.0761
580,1589.2358
581,1590.4951
582,1591.9583
583,1592.9105
584,1594.2841
585,1595.2702
586,1596.5977
587,1599.7293
588,1601.0034
589,1602.1814
590,1603.4739
591,1604.7807
592,1606.1387
593,1609.4801
594,1613.2479
595,1616.6022
596,1620.5187
597,1626.3025
598,1627.7452
599,1633.3928
600,1632.1077
601,1635.1845
602,1637.0132
603,1640.9841
604,1643.5096
605,1648.1426
606,1651.0575
607,1656.3272
608,1660.5828
609,1665.5421
610,1669.3044
611,1675.5219
612,1678.6115
613,1681.6649
614,1684.1707
615,1687.4852
616,1690.1846
617,1691.0391
618,1693.8841
619,1697.9370
620,1699.4252
621,1701.3955
622,1702.6982
623,1706.1589
624,1707.8931
625,1712.2688
626,1715.8184
627,1729.4557
628,1728.4713
629,1728.8127
630,1733.1121
631,1735.9035
632,1737.9425
633,1740.5589
634,1740.7939
635,1743.8352
636,1747.3326
637,1748.3170
638,1751.5550
639,1754.4441
640,1757.4801
641,1758.1532
642,1759.8243
643,1762.0451
644,1763.8597
645,1766.2077
646,1768.5676
647,1770.1552
648,1772.9175
649,1775.7590
650,1778.2552
651,1782.3553
652,1784.7910
653,1787.2417
654,1788.5568
655,1790.2496
656,1792.9633
657,1795.7931
658,1796.5028
659,1799.9864
660,1801.7097
661,1803.2098
662,1805.4755
663,1806.6287
664,1809.7506
665,1810.2472
666,1811.3356
667,1815.2242
668,1817.5721
669,1821.9204
670,1824.5587
671,1826.7996
672,1828.4357
673,1832.2005
674,1835.8176
675,1840.7481
676,1846.8971
677,1848.0792
678,1856.4911
679,1858.8119
680,1863.0021
681,1866.6568
682,1869.7164
683,1875.8123
684,1880.7771
685,1881.3076
686,1881.5536
687,1883.6429
688,1886.5416
689,1890.0037
690,1891.5493
691,1892.6466
692,1895.1852
693,1896.6861
694,1897.8965
695,1900.0356
696,1901.8521
697,1902.4906
698,1903.9080
699,1905.4964
700,1906.6806
701,1907.8152
702,1908.7400
703,1909.9689
704,1911.2871
705,1912.2403
706,1913.7661
707,1915.0126
708,1916.5289
709,1917.6819
710,1919.0273
711,1920.1014
712,1919.7836
713,1921.2255
714,1922.5955
715,1923.9116
716,1924.9372
717,1926.3701
718,1927.2730
719,1928.1623
720,1929.2116
721,1930.2595
722,1931.4735
723,1932.4689
724,1933.7928
725,1934.9606
726,1936.3627
727,1937.5362
728,1938.8478
729,1939.5869
730,1940.4888
731,1941.5908
732,1942.7886
733,1944.2184
734,1945.1604
735,1946.4138
736,1947.8374
737,1948.8778
738,1950.2978
739,1951.5522
740,1952.7369
741,1954.0420
742,1955.4093
743,1956.8491
744,1958.0891
745,1959.4157
746,1960.6225
747,1961.9093
748,1963.2196
749,1964.5300
750,1965.5576
751,1966.3117
752,1967.2694
753,1968.3359
754,1969.4479
755,1970.5660
756,1971.7610
757,1972.8348
758,1974.2353
759,1975.6899
760,1977.0627
761,1978.2157
762,1979.5916
763,1981.0114
764,1982.1332
765,1983.5176
766,1985.1508
767,1986.4943
768,1987.8633
769,1989.2604
770,1990.8750
771,1991.0221
772,1992.3465
773,1993.5880
774,1994.9746
775,1996.3343
776,1997.7081
777,1999.0420
778,2000.6106
779,2002.0826
780,2003.3741
781,2005.0042
782,2006.2568
783,2007.9160
784,2009.5232
785,2011.1792
786,2012.6979
787,2014.2367
788,2016.2728
789,2017.7734
790,2019.9976
791,2021.6100
792,2023.0646
793,2024.5721
794,2026.2296
795,2028.3289
796,2029.6552
797,2031.0655
798,2032.6302
799,2034.1392
800,2034.8117
801,2035.1305
802,2036.7053
803,2038.0201
804,2039.5701
805,2040.9732
806,2042.6898
807,2043.9546
808,2045.2344
809,2048.0306
810,2049.8538
811,2051.2233
812,2052.7573
813,2053.7376
814,2055.9821
815,2057.2166
816,2058.5454
817,2059.6311
818,2061.2452
819,2062.6657
820,2064.1925
821,2065.7074
822,2067.1790
823,2069.0053
824,2070.6222
825,2070.9100
826,2071.4614
827,2072.8030
828,2074.1282
829,2075.6090
830,2076.9806
831,2078.3789
832,2079.9849
833,2081.7389
834,2083.4410
835,2085.0098
836,2086.0767
837,2087.2731
838,2088.5339
839,2089.9403
840,2090.7404
841,2091.9237
842,2093.4894
843,2094.3923
844,2095.9229
845,2097.3330
846,2098.6660
847,2100.2870
848,2101.8782
849,2103.4091
850,2110.2951
851,2113.2712
852,2114.3577
853,2116.0066
854,2117.3296
855,2118.7246
856,2120.2352
857,2120.4286
858,2122.3874
859,2123.9464
860,2125.2558
861,2126.8513
862,2128.4192
863,2129.9338
864,2131.4428
865,2133.0352
866,2134.7888
867,2136.5380
868,2138.1161
869,2140.0309
870,2141.4547
871,2143.2273
872,2145.2422
873,2146.8227
874,2148.4826
875,2149.5798
876,2151.1457
877,2151.0980
878,2152.4563
879,2153.4064
880,2155.0179
881,2156.6086
882,2158.1166
883,2159.5151
884,2160.9030
885,2162.4715
886,2164.0723
887,2165.6144
888,2165.7436
889,2167.0513
890,2168.6192
891,2170.1484
892,2171.8776
893,2173.3799
894,2175.0031
895,2176.7328
896,2177.7537
897,2179.2409
898,2180.5208
899,2181.6564
900,2183.3181
901,2184.7146
902,2184.7041
903,2185.8900
904,2187.4058
905,2188.9923
906,2190.6006
907,2191.8328
908,2193.1510
909,2194.6139
910,2196.0144
911,2197.5224
912,2199.2579
913,2200.4855
914,2203.2855
915,2204.9534
916,2206.7099
917,2208.3099
918,2209.8796
919,2211.4847
920,2212.8294
921,2214.9475
922,2216.5003
923,2218.1170
924,2219.6026
925,2221.1959
926,2222.6682
927,2224.1778
928,2225.7640
929,2227.2828
930,2228.7128
931,2230.1838
932,2231.8423
933,2233.3279
934,2234.9532
935,2236.3057
936,2237.8664
937,2239.2223
938,2240.6955
939,2242.3432
940,2243.8769
941,2245.2037
942,2246.7022
943,2248.2193
944,2249.8035
945,2251.6203
946,2253.3510
947,2255.1150
948,2256.4993
949,2258.1007
950,2259.8095
951,2261.4865
952,2263.0806
953,2264.5662
954,2266.2156
955,2267.5958
956,2268.7495
957,2270.2997
958,2272.1283
959,2273.8361
960,2275.6255
961,2277.0553
962,2278.5821
963,2280.2191
964,2281.8201
965,2283.6962
966,2285.6655
967,2286.9246
968,2288.8091
969,2290.4136
970,2291.7669
971,2293.1442
972,2294.8766
973,2296.3872
974,2297.7369
975,2299.3755
976,2301.0001
977,2302.8049
978,2304.5022
979,2306.1972
980,2307.8051
981,2309.1974
982,2310.8344
983,2312.5930
984,2314.2745
985,2315.9230
986,2317.2722
987,2318.5315
988,2320.0064
989,2321.3191
990,2322.7766
991,2324.3606
992,2325.7377
993,2327.1456
994,2328.4180
995,2329.7558
996,2331.2242
997,2332.4740
998,2334.0902
999,2335.4278
1000,2337.0373
1001,2338.3751
1002,2339.8354
1003,2341.0492
1004,2342.4721
1005,2343.8480
1006,2345.2897
1007,2346.5028
1008,2347.9617
1009,2349.1085
1010,2350.7779
1011,2352.2224
1012,2353.6766
1013,2355.0622
1014,2356.4308
1015,2357.7673
1016,2359.1266
1017,2360.3234
1018,2361.6233
1019,2363.4281
1020,2364.6874
1021,2366.1125
1022,2367.3639
1023,2368.5191
1024,2369.9050
1025,2371.4664
1026,2372.7665
1027,2374.2018
1028,2375.2840
1029,2376.6077
1030,2377.8589
1031,2379.3950
1032,2380.9936
1033,2382.4215
1034,2384.0845
1035,2385.5057
1036,2386.9123
1037,2388.1834
1038,2388.8755
1039,2390.4376
1040,2391.8684
1041,2393.0225
1042,2394.2246
1043,2395.5595
1044,2396.9495
1045,2398.2689
1046,2399.5032
1047,2400.8696
1048,2402.3256
1049,2403.3892
1050,2404.6519
1051,2407.8295
1052,2409.3504
1053,2410.5694
1054,2412.7512
1055,2414.2694
1056,2418.1111
1057,2418.3090
1058,2420.3043
1059,2422.7417
1060,2424.5930
1061,2426.0316
1062,2427.0062
1063,2429.3644
1064,2431.1478
1065,2430.8579
1066,2433.4908
1067,2434.2699
1068,2435.9920
1069,2437.5114
1070,2440.6972
1071,2441.5534
1072,2445.4417
1073,2454.5209
1074,2457.0725
1075,2461.4513
1076,2465.7454
1077,2468.8993
1078,2471.3542
1079,2473.9029
1080,2477.0715
1081,2484.6399
1082,2483.3181
1083,2484.8104
1084,2486.5468
1085,2494.1056
1086,2495.3816
1087,2498.3358
1088,2498.7140
1089,2502.7597
1090,2505.9869
1091,2506.4273
1092,2509.6524
1093,2511.2424
1094,2513.5627
1095,2516.2060
1096,2519.6655
1097,2524.8265
1098,2527.5052
1099,2530.5855
1100,2533.2518
1101,2536.2422
1102,2538.9841
1103,2542.0122
1104,2544.2228
1105,2545.3453
1106,2545.9375
1107,2547.1740
1108,2548.4540
1109,2549.6087
1110,2550.6995
1111,2551.7416
1112,2553.0689
1113,2554.2266
1114,2555.7008
1115,2557.0729
1116,2558.4695
1117,2559.7060
1118,2561.1186
1119,2562.0353
1120,2563.0884
1121,2564.4603
1122,2565.8097
1123,2567.3065
1124,2568.7397
1125,2570.2112
1126,2571.6579
1127,2573.0674
1128,2575.0165
1129,2576.6685
1130,2578.0556
1131,2579.4952
1132,2570.5621
1133,2570.7984
1134,2572.1321
1135,2572.5324
1136,2573.8974
1137,2575.3136
1138,2576.1342
1139,2577.6827
1140,2578.9413
1141,2580.2689
1142,2581.9225
1143,2583.4913
1144,2584.8446
1145,2584.1150
1146,2585.3601
1147,2586.5583
1148,2587.9803
1149,2589.4563
1150,2590.7357
1151,2592.1309
1152,2592.5646
1153,2593.9612
1154,2595.5191
1155,2596.9176
1156,2598.1545
1157,2598.7539
1158,2600.0178
1159,2601.4209
1160,2602.2935
1161,2603.8473
1162,2605.0451
1163,2606.0820
1164,2607.1076
1165,2608.4852
1166,2609.6466
1167,2610.8644
1168,2612.1407
1169,2613.1427
1170,2613.8608
1171,2615.3610
1172,2616.7407
1173,2618.2039
1174,2619.3137
1175,2620.7418
1176,2622.3574
1177,2623.9130
1178,2625.3788
1179,2626.6828
1180,2628.4368
1181,2629.5056
1182,2630.8720
1183,2632.1242
1184,2633.3964
1185,2634.5706
1186,2635.9730
1187,2637.0907
1188,2638.4027
1189,2639.9832
1190,2641.4177
1191,2642.9772
1192,2643.0521
1193,2644.6707
1194,2646.1463
1195,2647.1162
1196,2648.2780
1197,2649.7591
1198,2651.8488
1199,2652.7579
1200,2654.0987
1201,2656.2545
1202,2657.1853
1203,2658.2255
1204,2659.5609
1205,2661.0403
1206,2662.3523
1207,2663.6648
1208,2664.6645
1209,2666.0788
1210,2666.1839
1211,2667.6579
1212,2668.8375
1213,2669.4701
1214,2670.8591
1215,2672.3781
1216,2673.4526
1217,2674.4649
1218,2675.8287
1219,2677.1576
1220,2678.5576
1221,2680.9671
1222,2685.0200
1223,2685.7209
1224,2687.1688
1225,2688.5586
1226,2689.9312
1227,2691.3571
1228,2692.6205
1229,2694.0920
1230,2695.6437
1231,2697.9303
1232,2699.4095
1233,2701.8883
1234,2702.0228
1235,2702.2650
1236,2704.6592
1237,2706.1834
1238,2707.5834
1239,2709.0178
1240,2710.4769
1241,2711.9191
1242,2713.2263
1243,2714.6599
1244,2716.0347
1245,2717.4804
1246,2718.9014
1247,2720.4156
1248,2722.0924
1249,2723.5551
1250,2725.1019
1251,2726.5842
1252,2728.2026
1253,2729.5785
1254,2731.9384
1255,2734.8814
1256,2736.0802
1257,2740.7048
1258,2742.8284
1259,2746.9037
1260,2749.8426
1261,2750.6831
1262,2754.0686
1263,2760.5839
1264,2759.4953
1265,2761.6527
1266,2764.0009
1267,2766.4030
1268,2769.0156
1269,2771.3161
1270,2774.5259
1271,2776.3424
1272,2779.6054
1273,2784.6837
1274,2788.4486
1275,2792.3305
1276,2796.1555
1277,2798.8451
1278,2800.7700
1279,2803.2160
1280,2805.4409
1281,2808.0118
1282,2810.5209
1283,2812.5515
1284,2817.8935
1285,2820.6010
1286,2825.5687
1287,2827.6148
1288,2830.4422
1289,2833.9012
1290,2837.0333
1291,2839.9503
1292,2843.0805
1293,2846.2789
1294,2850.8675
1295,2855.2117
1296,2858.6333
1297,2862.8240
1298,2864.9666
1299,2867.5413
1300,2868.1612
1301,2872.0813
1302,2879.3747
1303,2883.0414
1304,2887.7952
1305,2890.9938
1306,2895.2336
1307,2897.4373
1308,2899.8332
1309,2902.5764
1310,2906.2910
1311,2910.9554
1312,2910.3398
1313,2913.5895
1314,2916.2123
1315,2918.2811
1316,2921.1962
1317,2927.7697
1318,2930.5949
1319,2932.7080
1320,2935.6701
1321,2938.0178
1322,2941.4113
1323,2944.7939
1324,2946.3208
1325,2949.2326
1326,2951.0765
1327,2953.9568
1328,2956.6209
1329,2958.9434
1330,2961.9703
1331,2964.8504
1332,2967.8266
1333,2971.5955
1334,2975.5173
1335,2980.4265
1336,2983.4733
1337,2983.8336
1338,2984.6356
1339,2988.2240
1340,2990.9792
1341,2993.4740
1342,2996.2118
1343,2998.5409
1344,3001.7409
1345,3004.5166
1346,3006.9931
1347,3009.4059
1348,3011.4591
1349,3012.7647
1350,3014.2362
1351,3016.8207
1352,3019.2580
1353,3018.0252
1354,3020.5433
1355,3022.2836
1356,3024.3499
1357,3026.4208
1358,3028.6205
1359,3031.8551
1360,3034.3726
1361,3037.9367
1362,3039.4137
1363,3042.8057
1364,3046.4437
1365,3050.1461
1366,3051.7235
1367,3053.6170
1368,3056.1404
1369,3058.4893
1370,3061.4333
1371,3064.7020
1372,3067.0795
1373,3070.0324
1374,3072.3505
1375,3075.0542
1376,3077.0040
1377,3079.7019
1378,3080.5154
1379,3082.9685
1380,3084.1191
1381,3088.4204
1382,3091.4376
1383,3093.7107
1384,3094.5976
1385,3097.8713
1386,3100.4746
1387,3104.7757
1388,3108.0532
1389,3109.8037
1390,3109.5765
1391,3113.8999
1392,3116.8025
1393,3119.7114
1394,3122.1726
1395,3124.7811
1396,3126.7273
1397,3129.0886
1398,3131.4514
1399,3133.7152
1400,3136.6723
1401,3139.5321
1402,3143.0564
1403,3145.9150
1404,3148.3850
1405,3151.3135
1406,3153.5478
1407,3156.7895
1408,3158.0589
1409,3161.4342
1410,3163.5156
1411,3166.3513
1412,3168.3910
1413,3170.9268
1414,3173.8908
1415,3175.4692
1416,3178.8220
1417,3183.7943
1418,3187.5398
1419,3192.1544
1420,3192.8780
1421,3194.3655
1422,3195.5681
1423,3196.7816
1424,3197.6178
1425,3197.7205
1426,3198.4622
1427,3199.5978
1428,3200.5763
1429,3201.8330
1430,3203.6221
1431,3204.1476
1432,3205.3304
1433,3206.5516
1434,3207.2144
1435,3208.4379
1436,3209.9590
1437,3210.9907
1438,3212.0237
1439,3213.1889
1440,3214.3643
1441,3214.8974
1442,3216.1856
1443,3217.5238
1444,3218.7617
1445,3220.0580
1446,3221.1061
1447,3222.1882
1448,3223.4251
1449,3224.4618
1450,3223.7773
1451,3225.0919
1452,3226.1026
1453,3227.1085
1454,3228.2391
1455,3229.3320
1456,3230.3483
1457,3231.1897
1458,3232.6534
1459,3233.7019
1460,3234.8373
1461,3236.0735
1462,3236.8124
1463,3238.0874
1464,3239.1081
1465,3240.2349
1466,3241.3604
1467,3242.4579
1468,3243.6392
1469,3244.8254
1470,3245.8801
1471,3247.0911
1472,3248.1320
1473,3249.2878
1474,3250.3936
1475,3251.5728
1476,3252.5160
1477,3252.2933
1478,3253.2763
1479,3254.4668
1480,3255.5921
1481,3256.6571
1482,3257.6904
1483,3258.6138
1484,3259.8097
1485,3260.7932
1486,3261.8086
1487,3263.0014
1488,3264.2190
1489,3267.2215
1490,3270.2036
1491,3270.7601
1492,3271.3828
1493,3275.2445
1494,3278.7011
1495,3282.0475
1496,3284.0383
1497,3286.8853
1498,3288.7735
1499,3292.1541
1500,3292.7654
1501,3295.8608
1502,3298.3778
1503,3302.7089
1504,3302.4130
1505,3304.9405
1506,3307.5571
1507,3309.5260
1508,3311.8508
1509,3314.4612
1510,3316.6256
1511,3318.8028
1512,3321.3997
1513,3324.1017
1514,3326.3140
1515,3328.5689
1516,3330.1945
1517,3332.5677
1518,3334.8415
1519,3337.0552
1520,3339.6420
1521,3341.1679
1522,3343.6520
1523,3346.9439
1524,3349.2544
1525,3351.8798
1526,3353.5538
1527,3355.8781
1528,3359.3924
1529,3361.9304
1530,3364.5229
1531,3367.1062
1532,3369.6849
1533,3371.9654
1534,3373.7986
1535,3376.9863
1536,3378.9997
1537,3382.1683
1538,3383.8606
1539,3386.8027
1540,3390.2493
1541,3393.1887
1542,3397.2092
1543,3400.5873
1544,3403.5923
1545,3406.6718
1546,3409.3060
1547,3413.5873
1548,3418.8507
1549,3421.8013
1550,3423.7609
1551,3426.1794
1552,3428.8578
1553,3434.8361
1554,3438.3953
1555,3442.2982
1556,3448.0863
1557,3453.6731
1558,3456.7587
1559,3460.2904
1560,3463.7091
1561,3464.3865
1562,3468.4784
1563,3470.4180
1564,3470.0823
1565,3470.9973
1566,3472.2114
1567,3473.1140
1568,3479.8281
1569,3476.2745
1570,3477.5796
1571,3477.8063
1572,3481.7309
1573,3479.8319
1574,3480.5884
1575,3480.7901
1576,3483.4652
1577,3484.1621
1578,3486.1732
1579,3487.7987
1580,3490.7513
1581,3492.1911
1582,3494.0069
1583,3496.3748
1584,3495.5707
1585,3501.3955
1586,3500.5281
1587,3496.5646
1588,3500.9484
1589,3500.2091
1590,3501.3616
1591,3502.1801
1592,3501.1361
1593,3503.4466
1594,3506.1798
1595,3507.8523
1596,3507.9081
1597,3510.1581
1598,3511.4830
1599,3513.7813
1600,3514.4644
1601,3516.9935
1602,3513.9613
1603,3515.7535
1604,3518.5578
1605,3519.1190
1606,3520.6206
1607,3519.4008
1608,3520.3691
1609,3520.9250
1610,3519.8753
1611,3519.9687
1612,3520.7777
1613,3522.7821
1614,3521.1546
1615,3521.4241
1616,3520.8182
1617,3520.2119
1618,3523.2589
1619,3522.4779
1620,3522.6536
1621,3524.2894
1622,3524.2949
1623,3525.0518
1624,3525.0914
1625,3524.0912
1626,3527.3826
1627,3526.7065
1628,3524.1570
1629,3510.6804
1630,3509.7492
1631,3510.1902
1632,3516.3882
1633,3519.8903
1634,3519.9859
1635,3524.4405
1636,3531.6637
1637,3530.1204
1638,3532.1453
1639,3535.9623
1640,3538.3377
1641,3539.8104
1642,3542.3076
1643,3547.0731
1644,3550.0968
1645,3552.9099
1646,3558.3076
1647,3559.1235
1648,3558.5449
1649,3561.1341
1650,3563.9522
1651,3564.0695
1652,3563.3345
1653,3564.4381
1654,3565.4137
1655,3567.3931
1656,3562.8798
1657,3566.0994
1658,3564.1508
1659,3565.0315
1660,3565.3715
1661,3564.9898
1662,3563.9424
1663,3562.8083
1664,3559.4165
1665,3560.7085
1666,3558.2211
1667,3559.3922
1668,3556.0169
1669,3555.4900
1670,3556.8798
1671,3557.7688
1672,3558.0502
1673,3558.3198
1674,3558.3889
1675,3559.0885
1676,3559.4888
1677,3560.8826
1678,3561.8148
1679,3564.5430
1680,3563.2408
1681,3562.4700
1682,3561.4278
1683,3560.3366
1684,3559.7410
1685,3562.2137
1686,3564.6222
1687,3557.5061
1688,3558.3856
1689,3557.7099
1690,3558.6081
1691,3558.8326
1692,3559.7172
1693,3561.7609
1694,3564.3039
1695,3562.9997
1696,3565.2637
1697,3563.1022
1698,3561.8470
1699,3559.4120
1700,3561.1758
1701,3562.0253
1702,3562.4964
1703,3563.2491
1704,3565.1314
1705,3567.5097
1706,3564.2977
1707,3566.4713
1708,3567.4403
1709,3567.3840
1710,3571.1274
1711,3571.5494
1712,3572.0649
1713,3572.8569
1714,3574.8763
1715,3578.3434
1716,3581.2483
1717,3582.4308
1718,3585.2818
1719,3586.8151
1720,3587.1017
1721,3585.4952
1722,3585.6345
1723,3586.8940
1724,3586.3373
1725,3587.5814
1726,3588.9132
1727,3593.4935
1728,3593.0111
1729,3595.6147
1730,3598.0182
1731,3596.8471
1732,3598.9707
1733,3592.2904
1734,3593.1551
1735,3594.8055
1736,3596.8392
1737,3596.1623
1738,3597.7368
1739,3602.7367
1740,3605.3755
1741,3636.8561
1742,3650.5661
1743,3713.0861
1744,3712.0497
1745,3715.0006
1746,3710.8226
1747,3707.4542
1748,3709.9972
1749,3708.3888
1750,3705.9891
1751,3706.4188
1752,3709.2321
1753,3711.6237
1754,3708.4448
1755,3710.8173
1756,3731.6856
1757,3730.2744
1758,3732.8629
1759,3737.3252
1760,3743.3336
1761,3741.3859
1762,3739.2848
1763,3739.0959
1764,3740.3185
1765,3747.0853
1766,3752.3246
1767,3756.4490
1768,3761.4300
1769,3764.8835
1770,3768.5230
1771,3769.4442
1772,3770.0200
1773,3770.9785
1774,3774.3349
1775,3776.9356
1776,3783.3977
1777,3789.7673
1778,3797.1678
1779,3809.5284
1780,3807.4276
1781,3807.6823
1782,3805.6746
1783,3802.9239
1784,3805.5367
1785,3803.3566
1786,3802.8667
1787,3802.6187
1788,3803.1905
1789,3804.3139
1790,3803.4763
1791,3809.3646
1792,3816.4232
1793,3816.9937
1794,3819.9186
1795,3821.5394
1796,3821.3875
1797,3821.8386
1798,3820.9808
1799,3822.2175
1800,3821.7704
1801,3822.4390
1802,3821.2061
1803,3822.9280
1804,3825.0668
1805,3826.3023
1806,3828.2669
1807,3829.2289
1808,3831.3277
1809,3832.4788
1810,3832.9401
1811,3834.8110
1812,3835.0465
1813,3836.6394
1814,3835.6168
1815,3840.5380
1816,3839.9410
1817,3841.5558
1818,3842.7982
1819,3843.9379
1820,3844.1176
1821,3847.0302
1822,3847.7490
1823,3849.2489
1824,3850.4190
1825,3854.3143
1826,3857.4088
1827,3858.2957
1828,3858.4621
1829,3863.2722
1830,3861.5832
1831,3863.1804
1832,3863.7800
1833,3864.0578
1834,3866.3931
1835,3868.3214
1836,3869.4274
1837,3870.5282
1838,3873.3363
1839,3878.9968
1840,3877.3415
1841,3885.7894
1842,3887.7127
1843,3886.1697
1844,3883.9445
1845,3884.9924
1846,3886.5283
1847,3885.8354
1848,3889.4885
1849,3888.7181
1850,3889.4246
1851,3891.5367
1852,3893.5452
1853,3892.6814
1854,3901.4189
1855,3899.9825
1856,3902.9224
1857,3903.2555
1858,3904.7828
1859,3905.5209
1860,3906.2767
1861,3913.4581
1862,3918.4880
1863,3915.4422
1864,3913.4963
1865,3910.6131
1866,3921.3486
1867,3920.2745
1868,3921.4001
1869,3923.6183
1870,3924.9856
1871,3922.8520
1872,3929.9326
1873,3926.7642
1874,3924.6621
1875,3924.9082
1876,3928.2486
1877,3929.1747
1878,3929.5781
1879,3928.0965
1880,3929.2986
1881,3929.7032
1882,3930.6898
1883,3931.3722
1884,3931.4165
1885,3931.9320
1886,3932.2617
1887,3930.9821
1888,3931.1633
1889,3931.2046
1890,3933.1181
1891,3934.0241
1892,3935.6422
1893,3936.4028
1894,3937.9773
1895,3938.1733
1896,3936.9750
1897,3937.1848
1898,3936.6443
1899,3937.7809
1900,3939.3303
1901,3940.1271
1902,3940.2707
1903,3940.5065
1904,3942.1015
1905,3941.7787
1906,3937.9740
1907,3938.7789
1908,3941.8030
1909,3946.4560
1910,3949.1773
1911,3948.9906
1912,3950.4457
1913,3952.2884
1914,3953.1841
1915,3954.4163
1916,3955.1680
1917,3956.8958
1918,3957.6070
1919,3955.1516
1920,3954.4885
1921,3955.8139
1922,3958.6985
1923,3959.4572
1924,3961.3729
1925,3961.7791
1926,3964.1845
1927,3964.7374
1928,3965.5011
1929,3966.3444
1930,3968.1199
1931,3968.5504
1932,3970.8247
1933,3973.3009
1934,3974.8735
1935,3976.2149
1936,3977.4532
1937,3979.4321
1938,3986.3403
1939,3995.5833
1940,3995.1305
1941,3994.2181
1942,3994.1494
1943,3995.0082
1944,3994.6282
1945,3994.4007
1946,3995.1806
1947,3996.1541
1948,3998.9154
1949,4000.6766
1950,4001.2281
1951,4001.9300
1952,4004.2622
1953,4004.2205
1954,4003.3269
1955,4004.0174
1956,4015.4576
1957,4032.5620
1958,4030.3471
1959,4026.8536
1960,4028.6567
1961,4030.0453
1962,4026.7625
1963,4024.6301
1964,4021.3673
1965,4021.9355
1966,4019.7957
1967,4017.6172
1968,4014.2634
1969,4009.6271
1970,4007.3647
1971,4005.1305
1972,4004.4413
1973,4005.3113
1974,4004.6935
1975,4005.2040
1976,4005.0020
1977,4005.4352
1978,4005.1701
1979,4005.6159
1980,4004.9374
1981,4005.3494
1982,4004.7750
1983,4005.5578
1984,4005.9154
1985,4005.1930
1986,4005.5251
1987,4005.7991
1988,4005.0793
1989,4005.4076
1990,4004.7643
1991,4005.2271
1992,4004.5123
1993,4003.8090
1994,4004.2632
1995,4003.9532
1996,4004.2324
1997,4004.4856
1998,4003.6654
1999,4004.0312
2000,4004.6496
2001,4004.7276
2002,4004.3688
2003,4004.7369
2004,4003.1538
2005,4003.3817
2006,4002.9826
2007,4003.1805
2008,4005.8947
2009,4007.9210
2010,4009.6498
2011,4011.2600
2012,4014.6472
2013,4014.3116
2014,4014.4749
2015,4013.8965
2016,4014.9231
2017,4014.9646
2018,4015.3759
2019,4014.9713
2020,4015.3897
2021,4014.4336
2022,4015.0571
2023,4014.2891
2024,4014.6108
2025,4014.0243
2026,4014.8883
2027,4014.1287
2028,4014.6711
2029,4014.3151
2030,4013.0572
2031,4013.4661
2032,4014.4169
2033,4015.5337
2034,4017.3948
2035,4017.3740
2036,4017.2341
2037,4017.6499
2038,4016.8977
2039,4017.1461
2040,4017.2975
2041,4018.2214
2042,4017.2367
2043,4017.9455
2044,4018.2428
2045,4017.6809
2046,4018.0647
2047,4017.2839
2048,4019.8765
2049,4022.2566
2050,4023.6135
2051,4025.4004
2052,4028.0774
2053,4030.5886
2054,4030.9381
2055,4033.0324
2056,4034.6966
2057,4036.1333
2058,4038.8644
2059,4040.6904
2060,4042.4402
2061,4045.4717
2062,4046.5219
2063,4047.3931
2064,4050.2517
2065,4052.1827
2066,4054.1785
2067,4055.0439
2068,4057.0078
2069,4060.0853
2070,4060.9770
2071,4063.7915
2072,4065.6335
2073,4068.3444
2074,4068.5437
2075,4069.7191
2076,4069.8245
2077,4073.4773
2078,4073.7307
2079,4074.6598
2080,4079.7021
2081,4080.0219
2082,4082.9530
2083,4080.5738
2084,4084.6419
2085,4081.3460
2086,4081.5806
2087,4082.0754
2088,4082.4337
2089,4081.9547
2090,4082.6585
2091,4080.0087
2092,4082.5810
2093,4083.2272
2094,4084.8436
2095,4092.0532
2096,4092.7079
2097,4092.8881
2098,4094.4767
2099,4095.8531
2100,4097.1105
2101,4100.6765
2102,4102.4034
2103,4105.4318
2104,4105.4711
2105,4104.0375
2106,4104.4638
2107,4103.4400
2108,4102.9348
2109,4106.1063
2110,4107.0483
2111,4106.0462
2112,4108.8676
2113,4110.0414
2114,4109.0937
2115,4113.3425
2116,4113.1849
2117,4111.1586
2118,4113.3609
2119,4114.4841
2120,4115.6518
2121,4114.7828
2122,4115.0153
2123,4115.9217
2124,4117.4502
2125,4118.0277
2126,4116.6058
2127,4114.5535
2128,4113.2641
2129,4108.0160
2130,4107.0354
2131,4102.7699
2132,4102.8228
2133,4101.3663
2134,4101.8171
2135,4099.9520
2136,4101.2955
2137,4097.4920
2138,4107.4808
2139,4102.7462
2140,4097.7116
2141,4094.0261
2142,4089.4337
2143,4093.4520
2144,4092.7799
2145,4092.5341
2146,4094.1057
2147,4096.0214
2148,4093.2202
2149,4093.0758
2150,4091.8579
2151,4092.8109
2152,4090.8444
2153,4088.7597
2154,4087.0676
2155,4085.6292
2156,4083.2176
2157,4082.4597
2158,4081.1162
2159,4082.1607
2160,4082.0968
2161,4082.6998
2162,4084.8665
2163,4086.5753
2164,4086.1983
2165,4086.0951
2166,4085.1076
2167,4085.3696
2168,4085.2652
2169,4085.1057
2170,4084.6310
2171,4085.2561
2172,4085.1605
2173,4085.0687
2174,4085.2990
2175,4084.0361
2176,4084.0776
2177,4083.1711
2178,4083.2238
2179,4083.5450
2180,4081.9542
2181,4081.9910
2182,4082.4845
2183,4081.4152
2184,4081.5759
2185,4082.0248
2186,4080.8926
2187,4081.2209
2188,4080.7121
2189,4080.5907
2190,4080.6062
2191,4079.4756
2192,4079.5381
2193,4079.4806
2194,4079.2589
2195,4077.8987
2196,4077.9231
2197,4077.7314
2198,4076.4115
2199,4076.3693
2200,4076.4623
2201,4076.3185
2202,4076.7062
2203,4076.7779
2204,4075.4848
2205,4075.7275
2206,4075.6445
2207,4075.6776
2208,4073.7882
2209,4074.6284
2210,4074.4050
2211,4073.0848
2212,4080.6358
2213,4080.4970
2214,4080.5337
2215,4080.3609
2216,4080.6613
2217,4079.3533
2218,4079.3080
2219,4079.0350
2220,4079.0825
2221,4079.0980
2222,4079.2189
2223,4079.1054
2224,4079.5250
2225,4077.5573
2226,4077.6000
2227,4077.4627
2228,4077.6432
2229,4077.4004
2230,4077.1639
2231,4076.2141
2232,4076.9994
2233,4077.0092
2234,4075.7949
2235,4075.9447
2236,4075.9439
2237,4076.5452
2238,4076.4790
2239,4076.6456
2240,4075.3620
2241,4075.3763
2242,4075.3267
2243,4075.2964
2244,4074.1117
2245,4074.1308
2246,4074.4922
2247,4073.2489
2248,4072.9842
2249,4072.9213
2250,4073.0612
2251,4074.1246
2252,4072.6361
2253,4073.1037
2254,4072.9756
2255,4071.7130
2256,4071.6701
2257,4071.6944
2258,4071.3642
2259,4071.2991
2260,4070.2000
2261,4070.3137
2262,4070.4322
2263,4072.1159
2264,4072.7777
2265,4073.2458
2266,4073.1308
2267,4073.1285
2268,4072.5217
2269,4072.6671
2270,4071.6913
2271,4071.8875
2272,4071.4715
2273,4071.5723
2274,4071.5954
2275,4070.4055
2276,4069.3009
2277,4068.3484
2278,4067.8673
2279,4066.7806
2280,4067.1656
2281,4067.1558
2282,4067.1589
2283,4065.9542
2284,4065.9833
2285,4065.9595
2286,4065.2514
2287,4064.4898
2288,4064.3904
2289,4064.2817
2290,4064.1453
2291,4063.1800
2292,4063.3495
2293,4067.1260
2294,4066.4570
2295,4066.2823
2296,4066.2603
2297,4066.7927
2298,4066.8156
2299,4066.3056
2300,4066.6275
2301,4066.1583
2302,4066.0465
2303,4064.7442
2304,4064.8057
2305,4064.9326
2306,4063.9489
2307,4063.4444
2308,4063.7474
2309,4062.8600
2310,4061.9729
2311,4063.5979
2312,4066.1714
2313,4066.8972
2314,4071.7926
2315,4071.8620
2316,4078.4538
2317,4079.0875
2318,4079.6800
2319,4080.5254
2320,4085.7759
2321,4090.3385
2322,4093.0037
2323,4092.0281
2324,4094.4948
2325,4099.0155
2326,4097.3384
2327,4102.1478
2328,4104.5763
2329,4101.2044
2330,4099.7386
2331,4098.2945
2332,4094.8949
2333,4095.5796
2334,4095.1960
2335,4093.8127
2336,4093.2202
2337,4091.3837
2338,4092.3462
2339,4092.8543
2340,4088.0742
2341,4087.1255
2342,4083.8776
2343,4084.2562
2344,4081.4726
2345,4080.5013
2346,4079.8967
2347,4077.9788
2348,4075.4797
2349,4075.9766
2350,4070.3990
2351,4072.7317
2352,4071.9168
2353,4075.5718
2354,4076.0634
2355,4075.1550
2356,4081.5368
2357,4083.2720
2358,4075.0780
2359,4071.7952
2360,4072.1319
2361,4069.6137
2362,4070.3437
2363,4065.8181
2364,4066.1297
2365,4068.3868
2366,4069.4900
2367,4068.5909
2368,4063.7860
2369,4062.6082
2370,4061.2853
2371,4058.9554
2372,4056.8740
2373,4057.5416
2374,4054.8415
2375,4054.6699
2376,4057.1234
2377,4058.0165
2378,4058.4249
2379,4062.3331
2380,4063.5588
2381,4065.0535
2382,4066.8988
2383,4070.4100
2384,4075.9420
2385,4072.7327
2386,4073.0867
2387,4073.2617
2388,4069.7856
2389,4068.1574
2390,4065.2022
2391,4063.5831
2392,4064.6236
2393,4062.4046
2394,4061.9986
2395,4062.7229
2396,4064.1835
2397,4063.5362
2398,4061.9743
2399,4060.6205
2400,4061.0018
2401,4060.7083
2402,4058.5456
2403,4056.2549
2404,4057.5283
2405,4057.4920
2406,4055.1202
2407,4055.1815
2408,4057.0028
2409,4057.8234
2410,4058.1341
2411,4059.2875
2412,4059.1393
2413,4062.8312
2414,4059.7384
2415,4058.6426
2416,4058.9714
2417,4059.0408
2418,4058.7425
2419,4058.5511
2420,4056.2921
2421,4055.0513
2422,4056.7467
2423,4055.8982
2424,4054.8904
2425,4053.5543
2426,4052.1100
2427,4051.2159
2428,4051.4326
2429,4050.8270
2430,4051.4033
2431,4052.1910
2432,4053.5986
2433,4053.0908
2434,4052.5901
2435,4052.8173
2436,4051.9524
2437,4052.7308
2438,4051.6250
2439,4051.6315
2440,4052.9683
2441,4053.9410
2442,4051.5778
2443,4050.6239
2444,4052.8629
2445,4054.8108
2446,4052.9521
2447,4052.9549
2448,4052.9943
2449,4052.8278
2450,4052.6812
2451,4053.2765
2452,4053.3249
2453,4053.2515
2454,4053.2949
2455,4052.6073
2456,4051.3313
2457,4053.3416
2458,4053.2107
2459,4051.9457
2460,4051.4512
2461,4050.6175
2462,4049.7785
2463,4050.3469
2464,4049.7024
2465,4050.3736
2466,4056.0915
2467,4054.9445
2468,4051.8429
2469,4049.4947
2470,4048.2645
2471,4043.9301
2472,4045.9421
2473,4047.0629
2474,4047.5492
2475,4049.5410
2476,4049.1567
2477,4051.0941
2478,4051.7945
2479,4053.5712
2480,4055.7356
2481,4057.8907
2482,4059.4938
2483,4060.6344
2484,4061.9123
2485,4064.4326
2486,4064.4510
2487,4065.4240
2488,4067.1420
2489,4069.3686
2490,4070.8046
2491,4073.0190
2492,4074.7113
2493,4076.3974
2494,4078.6045
2495,4080.6208
2496,4082.7026
2497,4084.1980
2498,4086.5057
2499,4088.1751
2500,4090.5316
2501,4092.8154
2502,4094.7955
2503,4096.3786
2504,4099.0515
2505,4103.5547
2506,4105.9577
2507,4107.5203
2508,4110.0883
2509,4115.5305
2510,4114.6340
2511,4113.3151
2512,4111.7840
2513,4118.5708
2514,4119.4479
2515,4122.7465
2516,4123.1165
2517,4126.4646
2518,4128.3019
2519,4128.5188
2520,4130.1825
2521,4132.2448
2522,4133.7497
2523,4134.6366
2524,4136.1163
2525,4137.4550
2526,4138.4318
2527,4140.0788
2528,4141.8645
2529,4143.3618
2530,4143.9493
2531,4145.4136
2532,4147.6026
2533,4149.0152
2534,4149.5876
2535,4151.3658
2536,4151.8207
2537,4154.0594
2538,4156.6503
2539,4158.2608
2540,4159.9953
2541,4161.0782
2542,4162.0674
2543,4163.8973
2544,4171.4840
2545,4172.5612
2546,4176.4336
2547,4177.5999
2548,4182.2474
2549,4181.8295
2550,4182.3790
2551,4183.0513
2552,4184.6211
2553,4184.8874
2554,4187.4075
2555,4191.8149
2556,4192.4334
2557,4188.9210
2558,4186.1861
2559,4189.6431
2560,4189.4748
2561,4190.5506
2562,4191.1705
2563,4191.6101
2564,4190.2931
2565,4190.5549
2566,4191.9746
2567,4192.8520
2568,4192.4086
2569,4194.1907
2570,4195.6863
2571,4197.2206
2572,4198.7171
2573,4199.0924
2574,4198.7631
2575,4199.6188
2576,4202.6799
2577,4204.4201
2578,4204.9963
2579,4205.9531
2580,4207.5992
2581,4208.4758
2582,4208.8094
2583,4209.6214
2584,4209.7371
2585,4211.0271
2586,4211.9284
2587,4210.9213
2588,4212.6036
2589,4215.0083
2590,4215.5800
2591,4216.6002
2592,4215.0643
2593,4217.2730
2594,4217.8791
2595,4217.1712
2596,4218.3068
2597,4217.1578
2598,4211.8285
2599,4211.1444
2600,4210.9954
2601,4210.0313
2602,4208.6971
2603,4205.6463
2604,4204.5171
2605,4209.1563
2606,4213.9752
2607,4211.0257
2608,4207.2892
2609,4209.4295
2610,4205.2884
2611,4203.9235
2612,4203.4862
2613,4203.8307
2614,4204.4978
2615,4204.3204
2616,4199.9013
2617,4198.3025
2618,4200.0420
2619,4203.6839
2620,4200.5470
2621,4200.5639
2622,4203.3091
2623,4205.5862
2624,4207.9213
2625,4202.3997
2626,4205.1871
2627,4202.6987
2628,4203.7807
2629,4195.4381
2630,4195.4284
2631,4195.0002
2632,4197.7255
2633,4193.1059
2634,4192.4541
2635,4193.6069
2636,4191.3269
2637,4185.6000
2638,4185.4131
2639,4192.3687
2640,4193.5542
2641,4189.2369
2642,4189.2862
2643,4189.5645
2644,4188.3490
2645,4188.2625
2646,4187.4886
2647,4188.2601
2648,4183.9931
2649,4180.7811
2650,4178.0882
2651,4174.7072
2652,4171.3676
2653,4168.9637
2654,4167.4585
2655,4167.2292
2656,4163.4409
2657,4161.3331
2658,4160.5463
2659,4153.6212
2660,4152.4165
2661,4148.8395
2662,4148.8037
2663,4148.8686
2664,4147.3086
2665,4147.7046
2666,4146.5197
2667,4146.4174
2668,4145.6947
2669,4145.0713
2670,4144.6624
2671,4141.8850
2672,4140.9454
2673,4139.9186
2674,4140.7666
2675,4137.6340
2676,4136.4946
2677,4136.0860
2678,4136.1346
2679,4135.2186
2680,4136.3392
2681,4132.8652
2682,4131.4082
2683,4131.0806
2684,4129.7863
2685,4130.0535
2686,4126.0974
2687,4122.5557
2688,4119.2539
2689,4118.0224
2690,4115.7832
2691,4112.0844
2692,4109.7486
2693,4110.9984
2694,4109.3760
2695,4106.6363
2696,4106.7979
2697,4104.5754
2698,4100.8718
2699,4098.2258
2700,4097.1994
2701,4093.7636
2702,4094.5880
2703,4095.3143
2704,4095.1157
2705,4091.7013
2706,4090.5266
2707,4088.0210
2708,4087.9314
2709,4088.7856
2710,4089.3278
2711,4087.2831
2712,4088.4781
2713,4085.9563
2714,4085.5587
2715,4086.2517
2716,4085.5701
2717,4081.4145
2718,4084.2257
2719,4079.5035
2720,4078.9104
2721,4076.9501
2722,4074.5199
2723,4072.3946
2724,4073.0662
2725,4069.7665
2726,4072.4964
2727,4072.4158
2728,4073.6225
2729,4073.1421
2730,4074.8749
2731,4073.8044
2732,4073.8771
2733,4072.8393
2734,4073.6756
2735,4072.4733
2736,4073.7362
2737,4074.0783
2738,4074.0201
2739,4074.9307
2740,4074.8787
2741,4075.0105
2742,4075.4089
2743,4076.6468
2744,4077.0407
2745,4077.7104
2746,4077.6143
2747,4077.4589
2748,4078.6109
2749,4078.3212
2750,4077.4624
2751,4079.2778
2752,4081.3639
2753,4102.3018
2754,18.2142
2755,15.7602
2756,16.8259
2757,14.9558
2758,12.6913
2759,20.0934
2760,16.5792
2761,15.4433
2762,19.8960
2763,19.2029
2764,15.9321
2765,15.0189
2766,17.4913
2767,16.2539
2768,23.1888
2769,15.8014
2770,12.8398
2771,13.9992
2772,13.0579
2773,20.5793
2774,18.8680
2775,16.7589
2776,16.9899
2777,15.9805
2778,14.8926
2779,12.3374
2780,8.4720
2781,10.6907
2782,16.0780
2783,11.2438
2784,12.6162
2785,15.6145
2786,9.8343
2787,13.6108
2788,11.7481
2789,10.7586
2790,14.7479
2791,12.6047
2792,12.8365
2793,9.9432
2794,11.2071
2795,11.4143
2796,11.7340
2797,16.5868
2798,14.0507
2799,12.3873
2800,13.6452
2801,15.3437
2802,17.5858
2803,13.5391
2804,12.9538
2805,18.6164
2806,21.4918
2807,15.1486
2808,17.0076
2809,12.2507
2810,16.6924
2811,15.2721
2812,19.2969
2813,13.6013
2814,13.1807
2815,12.2685
2816,16.0761
2817,13.5491
2818,11.9171
2819,14.7707
2820,10.0706
2821,11.7490
2822,11.9421
2823,11.9500
2824,11.6858
2825,11.0612
2826,11.2150
2827,11.5960
2828,13.9759
2829,16.0155
2830,11.9331
2831,10.0796
2832,14.1366
2833,16.4666
2834,11.3714
2835,10.1609
2836,12.3580
2837,14.4982
2838,11.5614
2839,14.4136
2840,13.4542
2841,12.3708
2842,12.0385
2843,11.6251
2844,16.0811
2845,13.8617
2846,13.0746
2847,11.8439
2848,11.8914
2849,14.2360
2850,13.9380
2851,16.9516
2852,13.2136
2853,13.6185
2854,16.2184
2855,13.2856
2856,16.6204
2857,17.3514
2858,16.4895
2859,21.5318
2860,23.7646
2861,13.1714
2862,7.7150
2863,15.6775
2864,11.5514
2865,13.1631
2866,14.5118
2867,14.4634
2868,15.3673
2869,24.3216
2870,11.3490
2871,19.3005
2872,16.6965
2873,13.3178
2874,13.1869
2875,14.4386
2876,13.3185
2877,22.2466
2878,8.9834
2879,11.4572
2880,17.7402
2881,18.5909
2882,10.7725
2883,15.4741
2884,15.1665
2885,10.9870
2886,10.0000
2887,14.6127
2888,11.5709
2889,13.9697
2890,12.3491
2891,10.2625
2892,10.7911
2893,8.4398
2894,8.7798
2895,8.8394
2896,19.1391
2897,18.5778
2898,11.5154
2899,11.8926
2900,9.3644
2901,15.4011
2902,16.8390
2903,13.4776
2904,10.1357
2905,14.7414
2906,12.3391
2907,12.1284
2908,11.0402
2909,14.3130
2910,12.7263
2911,13.1817
2912,10.6359
2913,12.7923
2914,11.9913
2915,11.8334
2916,11.9307
2917,13.2523
2918,12.9163
2919,13.2725
2920,13.5038
2921,15.3534
2922,12.3215
2923,12.3830
2924,14.9577
2925,12.9700
2926,13.0148
2927,10.8192
2928,14.5426
2929,10.9875
2930,9.3815
2931,12.0292
2932,13.1555
2933,10.8745
2934,9.6474
2935,9.3210
2936,11.4067
2937,8.7597
2938,13.4535
2939,12.0547
2940,9.5751
2941,10.3312
2942,9.7373
2943,9.8193
2944,9.4614
2945,9.7842
2946,9.3513
2947,11.1940
2948,13.9539
2949,13.2754
2950,9.8000
2951,14.8244
2952,10.0577
2953,11.5139
2954,9.5143
2955,14.9529
2956,12.6579
2957,11.5917
2958,14.8072
2959,11.1752
2960,12.6348
2961,14.4992
2962,11.5771
2963,12.5418
2964,9.2802
2965,13.8161
2966,11.3888
2967,12.9352
2968,14.9603
2969,8.6546
2970,11.6229
2971,11.7817
2972,11.0710
2973,16.8166
2974,24.4076
2975,14.4567
2976,20.2842
2977,18.3361
2978,13.9585
2979,16.6891
2980,13.1376
2981,13.0143
2982,16.7158
2983,14.6854
2984,15.0754
2985,15.0445
2986,14.2884
2987,17.3461
2988,21.4791
2989,14.6110
2990,20.1869
2991,15.0418
2992,10.8945
2993,12.9757
2994,12.8744
2995,13.1428
2996,11.6799
2997,8.0566
2998,8.2881
2999,6.8634
3000,8.0249
3001,6.9942
3002,7.1654
3003,8.2490
3004,8.2445
3005,9.6564
3006,12.8310
3007,8.7931
3008,15.2700
3009,12.3582
3010,13.4211
3011,12.1768
3012,10.1457
3013,11.7564
3014,11.6525
3015,12.2373
3016,11.4932
3017,11.7037
3018,12.5623
3019,11.2915
3020,11.3420
3021,13.1710
3022,8.5785
3023,14.7421
3024,14.5547
3025,14.8528
3026,14.3709
3027,16.9919
3028,18.6288
3029,21.3447
3030,15.2133
3031,14.2808
3032,12.5618
3033,12.2490
3034,13.2678
3035,15.3205
3036,22.9774
3037,18.0991
3038,11.2038
3039,12.6255
3040,13.5467
3041,12.1038
3042,15.6372
3043,12.3258
3044,15.4197
3045,16.9103
3046,16.0558
3047,12.8412
3048,12.3134
3049,11.5511
3050,15.4543
3051,14.6713
3052,18.6987
3053,11.1907
3054,14.3440
3055,20.6299
3056,13.6602
3057,15.8858
3058,10.5777
3059,11.5387
3060,18.2598
3061,15.8637
3062,12.6271
3063,11.2340
3064,12.8362
3065,11.1485
3066,8.0462
3067,13.1700
3068,10.9706
3069,9.6552
3070,12.7056
3071,24.6112
3072,13.2327
3073,12.6677
3074,22.9981
3075,16.6779
3076,9.4471
3077,13.3615
3078,17.8072
3079,26.9816
3080,18.1723
3081,18.2171
3082,22.3424
3083,18.1272
3084,12.1982
3085,15.1391
3086,11.4262
3087,7.3841
3088,10.6475
3089,11.0946
3090,21.3058
3091,8.9667
3092,13.9713
3093,13.3524
3094,8.5909
3095,11.6601
3096,10.4406
3097,13.2618
3098,14.8811
3099,14.2052
3100,14.9431
3101,13.4258
3102,11.7755
3103,13.1130
3104,14.3566
3105,13.5226
3106,7.9994
3107,8.4434
3108,11.8182
3109,13.1803
3110,13.3793
3111,18.8284
3112,16.5272
3113,12.1515
3114,7.2927
3115,9.3644
3116,13.7548
3117,17.2479
3118,15.4128
3119,19.0237
3120,21.5578
3121,12.7904
3122,22.1720
3123,14.0316
3124,11.0691
3125,20.1657
3126,11.8237
3127,7.0431
3128,14.9152
3129,16.9113
3130,15.2481
3131,15.8076
3132,15.1594
3133,12.7318
3134,13.7568
3135,16.2616
3136,12.9104
3137,13.0765
3138,14.2765
3139,18.3063
3140,16.7451
3141,17.6497
3142,11.7073
3143,13.2878
3144,14.1356
3145,10.8788
3146,12.7957
3147,13.1633
3148,11.0276
3149,12.3472
3150,10.5431
3151,10.3970
3152,11.2710
3153,15.8629
3154,12.5175
3155,16.2215
3156,10.6056
3157,13.7737
3158,10.2000
3159,11.1406
3160,14.1249
3161,10.0887
3162,15.4200
3163,14.6928
3164,12.9683
3165,11.1802
3166,10.9463
3167,12.0416
3168,13.2828
3169,14.0827
3170,14.4386
3171,11.8895
3172,21.4279
3173,14.2817
3174,12.8801
3175,14.3533
3176,13.4556
3177,16.6509
3178,12.4853
3179,24.8621
3180,17.8061
3181,14.1551
3182,25.7695
3183,16.7012
3184,14.5590
3185,18.3387
3186,17.0918
3187,15.1188
3188,14.4894
3189,19.4850
3190,12.2218
3191,13.9093
3192,16.3817
3193,11.8258
3194,11.3559
3195,9.3360
3196,14.7109
3197,12.0625
3198,11.8046
3199,11.3914
3200,13.1698
3201,23.4950
3202,14.3807
3203,13.6945
3204,14.9038
3205,11.9328
3206,14.0719
3207,17.4160
3208,8.6052
3209,11.0085
3210,11.3466
3211,11.0073
3212,15.1939
3213,10.5672
3214,11.9665
3215,10.8888
3216,12.1481
3217,14.5173
3218,12.7437
3219,22.0683
3220,14.5571
3221,13.1910
3222,11.0533
3223,12.3346
3224,8.6722
3225,11.2748
3226,19.0601
3227,15.6465
3228,12.9306
3229,16.6924
3230,12.4335
3231,10.2806
3232,10.2031
3233,9.2344
3234,11.4508
3235,12.9521
3236,10.8490
3237,16.1049
3238,10.8845
3239,7.2229
3240,7.9789
3241,9.1186
3242,11.2610
3243,8.4963
3244,11.8005
3245,16.4173
3246,11.5616
3247,10.5233
3248,11.5905
3249,10.2553
3250,11.2038
3251,10.4384
3252,10.1709
3253,10.4606
3254,10.5219
3255,14.4160
3256,10.6544
3257,11.8303
3258,14.7927
3259,12.1317
3260,14.1542
3261,16.0091
3262,13.3789
3263,8.7247
3264,15.2032
3265,11.9269
3266,14.4043
3267,14.8499
3268,11.6656
3269,18.7962
3270,10.9439
3271,16.2299
3272,17.0918
3273,16.5126
3274,24.0209
3275,19.1679
3276,16.1490
3277,18.4805
3278,21.1036
3279,10.7746
3280,11.8806
3281,14.1268
3282,11.7228
3283,12.5248
3284,12.4876
3285,11.8976
3286,10.3436
3287,10.2665
3288,9.0818
3289,13.6850
3290,11.3802
3291,11.0610
3292,10.7181
3293,16.6430
3294,15.0702
3295,9.9185
3296,14.2975
3297,15.9452
3298,12.5384
3299,13.4413
3300,13.3450
3301,8.6215
3302,17.6511
3303,15.7909
3304,15.1594
3305,17.1928
3306,10.1047
3307,13.9132
3308,13.4156
3309,12.7523
3310,19.2890
3311,14.0655
3312,14.8096
3313,14.4393
3314,15.3720
3315,13.4823
3316,13.4096
3317,12.0587
3318,10.8130
3319,12.9008
3320,11.2681
3321,14.9336
3322,19.6984
3323,11.0738
3324,17.7882
3325,13.9253
3326,15.1622
3327,11.4369
3328,11.6680
3329,18.4867
3330,13.2172
3331,16.3670
3332,12.6374
3333,15.2969
3334,12.3289
3335,14.4727
3336,13.1240
3337,13.9658
3338,16.6740
3339,17.8113
3340,7.0028
3341,7.2110
3342,8.5022
3343,8.6696
3344,10.0710
3345,11.1785
3346,11.0924
3347,12.6224
3348,14.2822
3349,11.6434
3350,13.2165
3351,10.7563
3352,11.6978
3353,11.4725
3354,11.5776
3355,9.7432
3356,13.9294
3357,9.4137
3358,12.8324
3359,9.4953
3360,11.5798
3361,12.2395
3362,12.8868
3363,10.4074
3364,7.7789
3365,7.5428
3366,10.2925
3367,10.8707
3368,13.6902
3369,7.7667
3370,14.5266
3371,12.1226
3372,10.0687
3373,13.3898
3374,10.3900
3375,10.3116
3376,16.7773
3377,16.2871
3378,11.4806
3379,20.4856
3380,13.7637
3381,12.6224
3382,16.0370
3383,12.6414
3384,10.5443
3385,15.1632
3386,13.2217
3387,10.8118
3388,10.8142
3389,8.4403
3390,11.2135
3391,17.7562
3392,16.1173
3393,15.3632
3394,17.7863
3395,12.9819
3396,13.4072
3397,12.1808
3398,11.0891
3399,10.0024
3400,11.4961
3401,11.8134
3402,13.5052
3403,12.4357
3404,10.1697
3405,12.3081
3406,10.7064
3407,16.9470
3408,10.2544
3409,15.1105
3410,10.6306
3411,13.7286
3412,14.1850
3413,12.0339
3414,13.1576
3415,13.5360
3416,10.4256
3417,22.0289
3418,12.4555
3419,8.4729
3420,13.4172
3421,13.2222
3422,16.3672
3423,12.6793
3424,16.7985
3425,19.1278
3426,11.5986
3427,17.7741
3428,12.4450
3429,13.3338
3430,12.2986
3431,10.6816
3432,10.1111
3433,10.0565
3434,10.5584
3435,10.1385
3436,9.5448
3437,11.1105
3438,8.8341
3439,13.5067
3440,18.3456
3441,10.7174
3442,15.3160
3443,10.0124
3444,16.9349
3445,9.9387
3446,10.2475
3447,7.6349
3448,16.2919
3449,8.9815
3450,8.8687
3451,7.8073
3452,13.8500
3453,9.0852
3454,11.7633
3455,13.3796
3456,8.0490
3457,17.5362
3458,12.8992
3459,15.9826
3460,10.4582
3461,10.1571
3462,13.5779
3463,14.1239
3464,13.5021
3465,14.0846
3466,12.4218
3467,12.4791
3468,9.9285
3469,10.6001
3470,11.4114
3471,12.8174
3472,9.2311
3473,12.7063
3474,11.8454
3475,10.3478
3476,11.6663
3477,10.3183
3478,11.6220
3479,10.0553
3480,13.9184
3481,17.1642
3482,13.7258
3483,12.4753
3484,11.0400
3485,19.5465
3486,18.4286
3487,12.4385
3488,14.1850
3489,19.9802
3490,11.5201
3491,17.3926
3492,15.3513
3493,12.7392
3494,9.4786
3495,13.6654
3496,21.0993
3497,13.9034
3498,13.3607
3499,18.1308
3500,15.0108
3501,12.9864
3502,13.1090
3503,12.5782
3504,16.1741
3505,9.9993
3506,13.8216
3507,13.6878
3508,12.2283
3509,12.3584
3510,8.6191
3511,12.9113
3512,13.4428
3513,15.3270
3514,11.5986
3515,10.3738
3516,9.3939
3517,11.4560
3518,17.9906
3519,17.2884
3520,14.7638
3521,16.0589
3522,9.0654
3523,10.9208
3524,11.2765
3525,9.9578
3526,11.4298
3527,12.4278
3528,10.3559
3529,13.5918
3530,10.9398
3531,10.8254
3532,15.1234
3533,17.2815
3534,23.4389
3535,16.9091
3536,11.7602
3537,14.0474
3538,11.7638
3539,23.5314
3540,14.4718
3541,10.6773
3542,16.5212
3543,16.8266
3544,14.3659
3545,12.2261
3546,12.4886
3547,11.9126
3548,10.3769
3549,13.4101
3550,17.3564
3551,13.3379
3552,16.0699
3553,9.1827
3554,8.2142
3555,13.9902
3556,12.3172
3557,11.9567
3558,11.6971
3559,10.5333
3560,12.8942
3561,10.9551
3562,14.0676
3563,8.6827
3564,16.0809
3565,17.4026
3566,13.1309
3567,8.1451
3568,14.3969
3569,11.9045
3570,11.4238
3571,7.9727
3572,10.2477
3573,11.8141
3574,11.1763
3575,11.6229
3576,16.5112
3577,8.8861
3578,12.2864
3579,11.5225
3580,9.0146
3581,13.5918
3582,17.8180
3583,10.9560
3584,11.9264
3585,13.6113
3586,15.7740
3587,13.2775
3588,12.2173
3589,9.8417
3590,12.3141
3591,14.4484
3592,10.6704
3593,10.5040
3594,14.3547
3595,14.3111
3596,11.2560
3597,15.9774
3598,14.1706
3599,13.2220
3600,10.9532
3601,14.5440
3602,19.6588
3603,8.2030
3604,13.7985
3605,11.5690
3606,14.4880
3607,17.0417
3608,8.4970
3609,12.5039
3610,14.3313
3611,12.2557
3612,18.6522
3613,18.7018
3614,15.6617
3615,14.2572
3616,15.6143
3617,15.1012
3618,17.6229
3619,8.5378
3620,9.2423
3621,12.9378
3622,12.6574
3623,12.5833
3624,8.1992
3625,11.3719
3626,11.3888
3627,10.5920
3628,9.4497
3629,15.0137
3630,13.0749
3631,12.4586
3632,14.0276
3633,10.6115
3634,11.6243
3635,16.4409
3636,12.7897
3637,19.0148
3638,12.5778
3639,14.3468
3640,14.0045
3641,12.8763
3642,10.5979
3643,10.7350
3644,10.6077
3645,7.9181
3646,9.2010
3647,8.3911
3648,10.9701
3649,14.9369
3650,16.8610
3651,11.8849
3652,9.9311
3653,10.9189
3654,16.4528
3655,17.1814
3656,14.9682
3657,13.3336
3658,15.2490
3659,10.0830
3660,10.2623
3661,9.7806
3662,13.6716
3663,10.8938
3664,12.4218
3665,14.0455
3666,14.5776
3667,11.8923
3668,12.0106
3669,11.8518
3670,15.1119
3671,15.7335
3672,16.4065
3673,17.1084
3674,16.9888
3675,14.1776
3676,19.2771
3677,11.5006
3678,11.7958
3679,12.0323
3680,11.4961
3681,12.2077
3682,9.3567
3683,10.6647
3684,12.8300
3685,10.1116
3686,11.7338
3687,12.2991
3688,12.0275
3689,16.7572
3690,13.8001
3691,11.6589
3692,14.3023
3693,11.8022
3694,12.4590
3695,13.0291
3696,20.5014
3697,10.6690
3698,18.4982
3699,16.7806
3700,29.6860
3701,12.4528
3702,9.2404
3703,17.7357
3704,16.6955
3705,9.8360
3706,14.6701
3707,16.4890
3708,17.6535
3709,16.6512
3710,14.2784
3711,14.0293
3712,12.0723
3713,12.7537
3714,10.8798
3715,9.1963
3716,16.5415
3717,14.8058
3718,10.6137
3719,11.5089
3720,13.6988
3721,13.5138
3722,11.8763
3723,10.9663
3724,13.6552
3725,11.9374
3726,11.8713
3727,12.2664
3728,10.3884
3729,12.3870
3730,14.1160
3731,13.0618
3732,16.1748
3733,9.4821
3734,11.4067
3735,17.3147
3736,13.5720
3737,11.3053
3738,15.3897
3739,19.3408
3740,30.7152
3741,14.6744
3742,17.9715
3743,16.9454
3744,18.3084
3745,15.1954
3746,18.0211
3747,17.2820
3748,15.8279
3749,9.9614
3750,12.0416
3751,9.0835
3752,11.8117
3753,12.9905
3754,11.0817
3755,11.9605
3756,11.9948
3757,12.4257
3758,12.4862
3759,11.8465
3760,14.1697
3761,10.7448
3762,10.1786
3763,10.9625
3764,15.6467
3765,12.0602
3766,13.9327
3767,9.7761
3768,12.8529
3769,10.1073
3770,12.4481
3771,11.2526
3772,13.7279
3773,12.8875
3774,13.1147
3775,11.6751
3776,58.6500
3777,15.6558
3778,17.8339
3779,14.9286
3780,13.6554
3781,12.3322
3782,22.2507
3783,11.5247
3784,15.9309
3785,13.3455
3786,20.2928
3787,17.1764
3788,16.1698
3789,10.5364
3790,13.1373
3791,10.4475
3792,11.9162
3793,12.1992
3794,16.4540
3795,13.1264
3796,23.0794
3797,13.1006
3798,7.4959
3799,19.8901
3800,13.0768
3801,11.3637
3802,12.6929
3803,21.4705
3804,14.6246
3805,12.0132
3806,14.4060
3807,13.9201
3808,13.0713
3809,12.0957
3810,11.0214
3811,9.6188
3812,14.4625
3813,12.8322
3814,13.8388
3815,14.7784
3816,16.0775
3817,20.6337
3818,9.9680
3819,13.0334
3820,14.2355
3821,16.2573
3822,15.0266
3823,13.6814
3824,13.8910
3825,17.8728
3826,17.2434
3827,12.5046
3828,14.9419
3829,11.2534
3830,13.8516
3831,12.5732
3832,11.8275
3833,13.4046
3834,20.9897
3835,17.0901
3836,10.0009
3837,11.0910
3838,15.1467
3839,13.0022
3840,14.6046
3841,16.4897
3842,12.1455
3843,13.4397
3844,12.2638
3845,9.5651
3846,14.5769
3847,16.0286
3848,14.8447
3849,13.2656
3850,12.6119
3851,13.7281
3852,14.0657
3853,11.0891
3854,12.9666
3855,14.3857
3856,11.6522
3857,11.1489
3858,11.6081
3859,15.2004
3860,14.3578
3861,13.0436
3862,16.0451
3863,14.4396
3864,18.2698
3865,22.4767
3866,10.9150
3867,19.8877
3868,12.1217
3869,12.1095
3870,14.9112
3871,10.9828
3872,13.1488
3873,11.8864
3874,11.6451
3875,12.6548
3876,15.1453
3877,14.7352
3878,14.6108
3879,16.9485
3880,13.0920
3881,11.9951
3882,15.7328
3883,17.5889
3884,14.2100
3885,13.2120
3886,13.0939
3887,20.0303
3888,16.3834
3889,10.9577
3890,13.2368
3891,12.8894
3892,11.2150
3893,13.7100
3894,14.1139
3895,13.4716
3896,13.9983
3897,23.5083
3898,15.0430
3899,15.4467
3900,14.7150
3901,17.3240
3902,11.5411
3903,22.4121
3904,16.1428
3905,18.5611
3906,19.0856
3907,17.5190
3908,15.1200
3909,14.9477
3910,20.6149
3911,7.9918
3912,11.3788
3913,18.8465
3914,14.6649
3915,12.0971
3916,16.4964
3917,11.2934
3918,18.6706
3919,12.0697
3920,12.7835
3921,15.6775
3922,14.8268
3923,10.4780
3924,8.6107
3925,8.1494
3926,13.2899
3927,12.8002
3928,16.2938
3929,12.3343
3930,12.0654
3931,10.3650
3932,11.7710
3933,14.1459
3934,8.4839
3935,7.5443
3936,7.5800
3937,10.3712
3938,11.8437
3939,11.9536
3940,10.8335
3941,9.4898
3942,11.6229
3943,12.1474
3944,12.3084
3945,11.9944
3946,12.6598
3947,12.4931
3948,10.9556
3949,14.0536
3950,15.0142
3951,12.8572
3952,13.0599
3953,11.5774
3954,18.8696
3955,8.7397
3956,14.7657
3957,13.1230
3958,16.1269
3959,12.5835
3960,13.4985
3961,12.4590
3962,11.6308
3963,9.1596
3964,11.8752
3965,9.6121
3966,14.9808
3967,12.0890
3968,12.8095
3969,10.5126
3970,17.2586
3971,20.5922
3972,15.0957
3973,7.9811
3974,10.2792
3975,14.2787
3976,10.3538
3977,11.9674
3978,11.4455
3979,11.9212
3980,11.6608
3981,11.1094
3982,11.5650
3983,12.5027
3984,12.8024
3985,12.7177
3986,11.6649
3987,15.3592
3988,15.4476
3989,10.4983
3990,11.0722
3991,10.6671
3992,16.8288
3993,21.6453
3994,12.3217
3995,13.6054
3996,11.3890
3997,14.0526
3998,21.8856
3999,14.6105
4000,14.8532
4001,11.9760
4002,16.8149
4003,14.9996
4004,19.6736
4005,24.9517
4006,17.5748
4007,11.3113
4008,11.4591
4009,12.3813
4010,12.6333
4011,8.9817
4012,10.2279
4013,16.7515
4014,11.6987
4015,11.4152
4016,10.2177
4017,13.6924
4018,14.0882
4019,13.2082
4020,11.8966
4021,15.2762
4022,15.9953
4023,27.5514
4024,13.2265
4025,13.8471
4026,12.0194
4027,15.2280
4028,10.7279
4029,16.5288
4030,11.9591
4031,11.4300
4032,26.7076
4033,10.7548
4034,18.3327
4035,13.5174
4036,14.9896
4037,16.0871
4038,14.1027
4039,13.8457
4040,15.1429
4041,9.7070
4042,14.6539
4043,11.7383
4044,11.2274
4045,11.0703
4046,10.3731
4047,9.3153
4048,16.3293
4049,12.7776
4050,10.8833
4051,10.2983
4052,11.6224
4053,14.0162
4054,12.4843
4055,12.7971
4056,17.7989
4057,9.3327
4058,12.3761
4059,12.3103
4060,10.5934
4061,11.4253
4062,11.8527
4063,11.2250
4064,12.2480
4065,9.7735
4066,15.7197
4067,12.5139
4068,17.3972
4069,12.0986
4070,16.7501
4071,12.8860
4072,13.0618
4073,22.0957
4074,14.8370
4075,15.1129
4076,17.7784
4077,12.5551
4078,12.7568
4079,25.8646
4080,10.6556
4081,13.4003
4082,16.4666
4083,12.5482
4084,14.0738
4085,15.9342
4086,11.2200
4087,9.9888
4088,13.9234
4089,12.4462
4090,13.2687
4091,12.0528
4092,10.0269
4093,13.9296
4094,11.0691
4095,12.0802
4096,15.3630
4097,16.5114
4098,11.6911
4099,15.6531
4100,18.7674
4101,14.6008
4102,17.2338
4103,11.6398
4104,10.6959
4105,13.4673
4106,12.5711
4107,8.1248
4108,16.4437
4109,8.7299
4110,10.6261
4111,28.5630
4112,18.0433
4113,15.1141
4114,12.2731
4115,12.6619
4116,10.0317
4117,12.1167
4118,15.8474
4119,15.5969
4120,23.0668
4121,31.7087
4122,30.8144
4123,13.9923
4124,20.0562
4125,12.1739
4126,13.4628
4127,14.4012
4128,11.2236
4129,11.0765
4130,11.5983
4131,12.9282
4132,8.9300
4133,8.8825
4134,11.2009
4135,18.3637
4136,14.9770
4137,10.3805
4138,11.7998
4139,14.5636
4140,12.8868
4141,12.7752
4142,15.7521
4143,18.2641
4144,15.0316
4145,15.1451
4146,15.1241
4147,11.4398
4148,11.4024
4149,11.5464
4150,18.1773
4151,16.2289
4152,12.7828
4153,11.4906
4154,17.0941
4155,17.2634
4156,12.5527
4157,11.6937
4158,10.6146
4159,14.5783
4160,13.5078
4161,10.9556
4162,13.1516
4163,16.1304
4164,14.4968
4165,15.0380
4166,18.3260
4167,18.0519
4168,11.4923
4169,10.3660
4170,16.7944
4171,18.8417
4172,15.3143
4173,13.9015
4174,7.6187
4175,22.2363
4176,13.7787
4177,17.3407
4178,14.6475
4179,10.4690
4180,12.9607
4181,19.5055
4182,9.3708
4183,12.3246
4184,12.6388
4185,10.2193
4186,11.4708
4187,15.5110
4188,20.5369
4189,12.5079
4190,14.8520
4191,18.5065
4192,15.6264
4193,14.3874
4194,9.3272
4195,10.3827
4196,12.1160
4197,12.5031
4198,15.0080
4199,16.8018
4200,21.2455
4201,20.7598
4202,14.1501
4203,19.1298
4204,17.9930
4205,20.0329
4206,8.2216
4207,15.8048
4208,15.6510
4209,13.8748
4210,11.4689
4211,9.7542
4212,9.6164
4213,8.9555
4214,7.5798
4215,7.1750
4216,7.5612
4217,6.3052
4218,9.8276
4219,10.2785
4220,10.9742
4221,9.4891
4222,10.8747
4223,9.5673
4224,16.8545
4225,7.9138
4226,11.5581
4227,9.5108
4228,10.6614
4229,13.3448
4230,8.7805
4231,9.6552
4232,8.9536
4233,16.0828
4234,10.9394
4235,9.3453
4236,11.3559
4237,10.2546
4238,8.3346
4239,12.4960
4240,10.5450
4241,10.5984
4242,11.2252
4243,11.8399
4244,12.9669
4245,13.3305
4246,17.8888
4247,15.1622
4248,10.3095
4249,13.0754
4250,12.6255
4251,15.6915
4252,14.0808
4253,15.3527
4254,11.9064
4255,15.5537
4256,12.2640
4257,16.2609
4258,9.0296
4259,10.2611
4260,10.2181
4261,12.1710
4262,14.5345
4263,10.7861
4264,11.4605
4265,12.0592
4266,15.7797
4267,10.6134
4268,12.4314
4269,17.4587
4270,11.1983
4271,12.0089
4272,17.5414
4273,16.1951
4274,11.8477
4275,10.5631
4276,9.6431
4277,11.9619
4278,11.4899
4279,15.3804
4280,17.8080
4281,8.4670
4282,14.3969
4283,15.3580
4284,10.0467
4285,10.5445
4286,11.3246
4287,10.9887
4288,7.3731
4289,9.7282
4290,9.9592
4291,11.0121
4292,9.6531
4293,12.9802
4294,12.4655
4295,10.6676
4296,11.7159
4297,9.6116
4298,10.0031
4299,16.0468
4300,8.1928
4301,14.0619
4302,14.5380
4303,11.8549
4304,13.4919
4305,16.3751
4306,13.6714
4307,10.5951
4308,12.3265
4309,11.7221
4310,10.7944
4311,11.7776
4312,7.2796
4313,21.0605
4314,8.9514
4315,15.1007
4316,11.0569
4317,10.3843
4318,11.2541
4319,13.1776
4320,14.9646
4321,11.8716
4322,15.7499
4323,15.4750
4324,10.9448
4325,11.4920
4326,16.1819
4327,12.2287
4328,12.6479
4329,17.0813
4330,10.5844
4331,12.2564
4332,20.7343
4333,13.9492
4334,14.2319
4335,8.7762
4336,9.4240
4337,9.2413
4338,8.9808
4339,8.4641
4340,9.6941
4341,7.7889
4342,8.2672
4343,9.1019
4344,10.1726
4345,8.0612
4346,10.8237
4347,15.2798
4348,10.5820
4349,19.7425
4350,9.8393
4351,13.4797
4352,11.9319
4353,15.0964
4354,11.7221
4355,13.3617
4356,14.4715
4357,16.8839
4358,11.5211
4359,8.2803
4360,8.9154
4361,9.3360
4362,11.5607
4363,14.7622
4364,14.1470
4365,11.1566
4366,11.9653
4367,8.8844
4368,11.1256
4369,12.9189
4370,9.3265
4371,13.3870
4372,16.4807
4373,13.2806
4374,11.0922
4375,13.2208
4376,16.4950
4377,15.7290
4378,10.6249
4379,13.6392
4380,10.9329
4381,14.5075
4382,14.5497
4383,14.4224
4384,12.7497
4385,10.3135
4386,8.1120
4387,11.2560
4388,8.8842
4389,9.0995
4390,13.4985
4391,12.3253
4392,13.2775
4393,13.0229
4394,11.6351
4395,14.6856
4396,10.7176
4397,15.4970
4398,9.7165
4399,12.0184
4400,12.9669
4401,11.9162
4402,12.6128
4403,7.4773
4404,35.1605
4405,13.8702
4406,11.5581
4407,12.3560
4408,15.4531
4409,21.3194
4410,16.4316
4411,13.4149
4412,21.5912
4413,8.0779
4414,14.1385
4415,12.5303
4416,14.3507
4417,15.3635
4418,12.4595
4419,27.2441
4420,15.9104
4421,16.5327
4422,15.1777
4423,14.8580
4424,15.1975
4425,15.3632
4426,15.6326
4427,11.5118
4428,7.1673
4429,7.9699
4430,9.4891
4431,12.1150
4432,15.8501
4433,16.4988
4434,13.8450
4435,10.5805
4436,17.6125
4437,13.5810
4438,11.9245
4439,12.5170
4440,16.0611
4441,11.8093
4442,8.8396
4443,14.8923
4444,12.4931
4445,15.6515
4446,15.4459
4447,10.4744
4448,8.2364
4449,13.4599
4450,17.1559
4451,12.5721
4452,11.3084
4453,11.9569
4454,12.3472
4455,12.9838
4456,14.2832
4457,12.2387
4458,12.1074
4459,10.6728
4460,13.5953
4461,7.4782
4462,10.9665
4463,11.8551
4464,13.5553
4465,12.8698
4466,22.4545
4467,12.8267
4468,12.2225
4469,17.7464
4470,10.4504
4471,17.1793
4472,10.5929
4473,9.2976
4474,14.5786
4475,14.9915
4476,16.3610
4477,10.5684
4478,17.2577
4479,10.5791
4480,11.6618
4481,6.8188
4482,11.7218
4483,13.2492
4484,9.4168
4485,10.4496
4486,14.6570
4487,14.1580
4488,18.6386
4489,11.0602
4490,10.2050
4491,10.4492
4492,13.5779
4493,12.5504
4494,12.8734
4495,12.6524
4496,18.4972
4497,12.3503
4498,14.0698
4499,13.0408
4500,12.2712
4501,13.4156
4502,13.3162
4503,11.4219
4504,14.9641
4505,13.5076
4506,14.9052
4507,16.9048
4508,14.4427
4509,20.2162
4510,14.2813
4511,19.1026
4512,12.3880
4513,11.5244
4514,13.0072
4515,11.0233
4516,16.9933
4517,15.8756
4518,13.4931
4519,13.5972
4520,11.4453
4521,12.2793
4522,18.7509
4523,11.7474
4524,22.1472
4525,13.8967
4526,14.0750
4527,17.3230
4528,16.8431
4529,14.1397
4530,15.8975
4531,14.0610
4532,15.7862
4533,23.8056
4534,17.9310
4535,15.9748
4536,17.5340
4537,16.4468
4538,13.3240
4539,17.5571
4540,12.7120
4541,14.3936
4542,11.2987
4543,12.7840
4544,12.2771
4545,12.5630
4546,13.7153
4547,28.0101
4548,11.7252
4549,16.2463
4550,9.1071
4551,10.0310
4552,12.0459
4553,14.3135
4554,11.7109
4555,13.2005
4556,13.1867
4557,20.6938
4558,7.8659
4559,12.1217
4560,17.2677
4561,11.1237
4562,10.2282
4563,12.4488
4564,11.5247
4565,11.8461
4566,11.1692
4567,12.7733
4568,12.5628
4569,13.8345
4570,11.3618
4571,11.3177
4572,12.3527
4573,11.8561
4574,22.3565
4575,12.5577
4576,11.3058
4577,15.9309
4578,10.2553
4579,13.5727
4580,11.6642
4581,9.7051
4582,11.5964
4583,10.6368
4584,10.2682
4585,13.3109
4586,15.8639
4587,14.2808
4588,12.3918
4589,15.2235
4590,12.0399
4591,10.8335
4592,12.3675
4593,16.3686
4594,11.3394
4595,12.7285
4596,10.3450
4597,13.8268
4598,12.0783
4599,19.1126
4600,13.6278
4601,17.4255
4602,11.0095
4603,19.7930
4604,14.5965
4605,10.3779
4606,9.9452
4607,10.5298
4608,10.0310
4609,11.2283
4610,11.0972
4611,15.0228
4612,21.6379
4613,14.2381
4614,11.8146
4615,15.4154
4616,19.6083
4617,14.7538
4618,18.9891
4619,14.6086
4620,11.7822
4621,15.9822
4622,9.1217
4623,13.9737
4624,16.9458
4625,13.3018
4626,21.4365
4627,17.0460
4628,19.3994
4629,12.5957
4630,15.2476
4631,18.9362
4632,21.7173
4633,12.2280
4634,16.0100
4635,18.4681
4636,14.8942
4637,11.2395
4638,18.9543
4639,11.8213
4640,11.1816
4641,15.6724
4642,14.1487
4643,11.6475
4644,12.4695
4645,19.3887
4646,17.6458
4647,9.7532
4648,14.3960
4649,11.1487
4650,13.0954
4651,11.6549
4652,18.8475
4653,13.6580
4654,16.0434
4655,16.9499
4656,9.7883
4657,18.1983
4658,14.2827
4659,15.1813
4660,13.8407
4661,8.6744
4662,11.8201
4663,10.7713
4664,11.6749
4665,12.3832
4666,12.0795
4667,13.3326
4668,15.3742
4669,16.2892
4670,12.0342
4671,13.2217
4672,13.0832
4673,13.2525
4674,16.3674
4675,16.7665
4676,11.4129
4677,12.0089
4678,11.8103
4679,12.2006
4680,16.8943
4681,10.1316
4682,13.1457
4683,12.1698
4684,14.0810
4685,11.2836
4686,13.0703
4687,11.2555
4688,9.6085
4689,15.7206
4690,10.7009
4691,10.3486
4692,12.3489
4693,15.8832
4694,14.2136
4695,9.9812
4696,11.3313
4697,18.1441
4698,10.5255
4699,13.6244
4700,9.8443
4701,9.2809
4702,11.3316
4703,17.1311
4704,13.5736
4705,14.3156
4706,11.7621
4707,21.1086
4708,11.1463
4709,15.1691
4710,10.9916
4711,10.0267
4712,11.2472
4713,9.5956
4714,11.5492
4715,13.2370
4716,14.5891
4717,12.5270
4718,12.7790
4719,14.4210
4720,15.3005
4721,18.1918
4722,11.3237
4723,10.3524
4724,14.7390
4725,14.1087
4726,14.7891
4727,17.0188
4728,12.9471
4729,16.6504
4730,7.0066
4731,28.3108
4732,16.6125
4733,14.4541
4734,18.2328
4735,16.9511
4736,12.6653
4737,20.9041
4738,12.6746
4739,10.7849
4740,11.0002
4741,10.8042
4742,14.7221
4743,16.0537
4744,10.2766
4745,19.0289
4746,12.2693
4747,17.3035
4748,14.9240
4749,15.7285
4750,16.6261
4751,17.2200
4752,12.0747
4753,13.0806
4754,12.6016
4755,12.1105
4756,11.1971
4757,12.3897
4758,10.5994
4759,11.4667
4760,11.1351
4761,12.2752
4762,10.8743
4763,11.8692
4764,11.3819
4765,11.1537
4766,12.8398
4767,14.2956
4768,8.8806
4769,11.6076
4770,12.0087
4771,12.1577
4772,11.8017
4773,12.2190
4774,7.9741
4775,13.2802
4776,11.7016
4777,14.2493
4778,11.8012
4779,11.2786
4780,14.2920
4781,16.9873
4782,12.0096
4783,14.1253
4784,11.1482
4785,12.7466
4786,12.3096
4787,16.3510
4788,9.4292
4789,11.0400
4790,13.0658
4791,14.1668
4792,15.3711
4793,12.3849
4794,12.6827
4795,15.6357
4796,15.5234
4797,10.8895
4798,11.2522
4799,8.9691
4800,14.3552
4801,14.8330
4802,11.6186
4803,15.5180
4804,15.7223
4805,14.6015
4806,13.8655
4807,16.9814
4808,11.8637
4809,9.7492
4810,12.6150
4811,10.3457
4812,14.0891
4813,13.0467
4814,17.3006
4815,10.7865
4816,9.0287
4817,10.8786
4818,9.6269
4819,10.6206
4820,13.4263
4821,8.2502
4822,9.5024
4823,11.6649
4824,8.3044
4825,8.1506
4826,9.1717
4827,13.6395
4828,11.3709
4829,10.2315
4830,12.1582
4831,10.5922
4832,10.4637
4833,11.0965
4834,9.2754
4835,12.4116
4836,9.2018
4837,8.3740
4838,16.1326
4839,10.0927
4840,8.7626
4841,16.1467
4842,10.5915
4843,17.8862
4844,12.9848
4845,11.3873
4846,13.0827
4847,24.7331
4848,18.4762
4849,10.4587
4850,19.3923
4851,11.4863
4852,11.9357
4853,8.2519
4854,6.6063
4855,10.6206
4856,11.6608
4857,13.4594
4858,13.4616
4859,10.6213
4860,13.4339
4861,14.3492
4862,10.5011
4863,8.8646
4864,10.9670
4865,10.4570
4866,10.0620
4867,11.9026
4868,11.4558
4869,11.4446
4870,10.8860
4871,10.4764
4872,12.3832
4873,10.2456
4874,19.5706
4875,12.2519
4876,12.7878
4877,7.5819
4878,8.7123
4879,11.4784
4880,9.0027
4881,11.5521
4882,11.1160
4883,16.2072
4884,11.9843
4885,11.0300
4886,13.3138
4887,11.3046
4888,12.0780
4889,12.6734
4890,11.3728
4891,11.4698
4892,11.6541
4893,13.6471
4894,16.9039
4895,8.9917
4896,10.6571
4897,10.1593
4898,9.4502
4899,11.1854
4900,10.6266
4901,13.6204
4902,11.7083
4903,10.3118
4904,12.3761
4905,12.3448
4906,12.8875
4907,11.9367
4908,10.9198
4909,12.0366
4910,15.0592
4911,11.1401
4912,12.3127
4913,14.2460
4914,12.2650
4915,15.1951
4916,15.0480
4917,15.3534
4918,11.3518
4919,15.3155
4920,13.6662
4921,14.6101
4922,10.5326
4923,11.6420
4924,11.8127
4925,13.0711
4926,12.0544
4927,11.9107
4928,14.1499
4929,11.0035
4930,13.2227
4931,9.1033
4932,11.8222
4933,20.0331
4934,21.2460
4935,9.0210
4936,14.3371
4937,16.3577
4938,12.9385
4939,9.8538
4940,16.5262
4941,9.6271
4942,13.2036
4943,16.5174
4944,17.6144
4945,17.2150
4946,15.5456
4947,18.6722
4948,13.8171
4949,16.6483
4950,13.9217
4951,11.4410
4952,17.7107
4953,12.6507
4954,7.6325
4955,12.9068
4956,20.9613
4957,24.1387
4958,12.3467
4959,12.0771
4960,14.6425
4961,12.6681
4962,14.8544
4963,12.3780
4964,10.7756
4965,12.1546
4966,11.1983
4967,13.3522
4968,12.2187
4969,9.6750
4970,11.9836
4971,11.2572
4972,12.4176
4973,8.6808
4974,12.4295
4975,12.8534
4976,10.1435
4977,12.4311
4978,11.6563
4979,12.8446
4980,11.7173
4981,17.3469
4982,13.6099
4983,15.5423
4984,12.0132
4985,13.5791
4986,10.5293
4987,11.4405
4988,14.6878
4989,8.1036
4990,11.2307
4991,10.1435
4992,17.7984
4993,10.6862
4994,9.7415
4995,11.4293
4996,13.4737
4997,13.0277
4998,9.1612
4999,10.2794
5000,13.0408
5001,9.0594
5002,9.9881
5003,14.0471
5004,12.4886
5005,13.2787
5006,12.8038
5007,13.9024
5008,13.4938
5009,10.3850
5010,8.7256
5011,11.4927
5012,16.8493
5013,10.5848
5014,16.1021
5015,11.7536
5016,12.5208
5017,11.7180
5018,10.3555
5019,11.4183
5020,9.8085
5021,10.8445
5022,12.7962
5023,10.7229
5024,12.0919
5025,15.6426
5026,10.5410
5027,12.4664
5028,10.8030
5029,17.0295
5030,13.5486
5031,8.3804
5032,11.8325
5033,20.8228
5034,15.4743
5035,15.5659
5036,14.5783
5037,11.6556
5038,11.6577
5039,12.0313
5040,12.6350
5041,9.8176
5042,9.7311
5043,10.8891
5044,9.0351
5045,9.8298
5046,9.7690
5047,11.9154
5048,12.6648
5049,10.4940
5050,10.9687
5051,14.6899
5052,12.5339
5053,11.6155
5054,11.0247
5055,10.7343
5056,12.1658
5057,10.5841
5058,14.0638
5059,19.5229
5060,10.2799
5061,12.2612
5062,22.6407
5063,19.8667
5064,13.6292
5065,20.4706
5066,14.3392
5067,15.1694
5068,16.4478
5069,11.3101
5070,16.0074
5071,15.2032
5072,18.0533
5073,13.1831
5074,17.9019
5075,14.7078
5076,13.3862
5077,8.6787
5078,14.2925
5079,24.5521
5080,9.1295
5081,8.4972
5082,11.7099
5083,15.1813
5084,19.0792
5085,13.2198
5086,7.9532
5087,14.8222
5088,10.6013
5089,8.0872
5090,12.3427
5091,10.8366
5092,9.4602
5093,13.5190
5094,10.3967
5095,11.9359
5096,20.6428
5097,10.3960
5098,13.5374
5099,11.9781
5100,12.0857
5101,12.0127
5102,13.9050
5103,14.2024
5104,10.9315
5105,10.0935
5106,13.9122
5107,12.8288
5108,15.3759
5109,11.7567
5110,12.6944
5111,12.4297
5112,9.2938
5113,11.9674
5114,14.6129
5115,10.8507
5116,12.3758
5117,13.8047
5118,11.5490
5119,12.6622
5120,18.4796
5121,11.4355
5122,21.8539
5123,15.9726
5124,12.3856
5125,15.9461
5126,11.2197
5127,10.2377
5128,10.5710
5129,12.7568
5130,13.2813
5131,11.2598
5132,13.3631
5133,15.2578
5134,15.6167
5135,17.7970
5136,9.6941
5137,15.6317
5138,12.6007
5139,10.4632
5140,16.7437
5141,11.3978
5142,10.4890
5143,14.8151
5144,14.2887
5145,13.4070
5146,16.8393
5147,14.1883
5148,14.7390
5149,12.4462
5150,15.6631
5151,12.8481
5152,20.3176
5153,11.2782
5154,11.2233
5155,11.0950
5156,14.1954
5157,15.3239
5158,12.7094
5159,14.3919
5160,14.0312
5161,16.5155
5162,15.9409
5163,32.8398
5164,18.0528
5165,17.6492
5166,11.1284
5167,8.1129
5168,9.9025
5169,16.9456
5170,15.8784
5171,17.9350
5172,14.4005
5173,18.0528
5174,13.4962
5175,11.3251
5176,11.5006
5177,12.0730
5178,12.2964
5179,13.5820
5180,13.9098
5181,25.7192
5182,12.0051
5183,15.2612
5184,12.3112
5185,13.3011
5186,17.6907
5187,12.1868
5188,10.7250
5189,8.3227
5190,9.5327
5191,13.4394
5192,13.0670
5193,12.2173
5194,12.6262
5195,13.7253
5196,17.6723
5197,14.5528
5198,11.0464
5199,10.4070
5200,11.6940
5201,10.6895
5202,13.1705
5203,8.9750
5204,9.1407
5205,10.2816
5206,7.7095
5207,9.6493
5208,11.7095
5209,8.9064
5210,11.0841
5211,12.1367
5212,13.1578
5213,13.3686
5214,12.5117
5215,16.7694
5216,12.6178
5217,13.4575
5218,12.5289
5219,17.6620
5220,17.3249
5221,11.8923
5222,14.4188
5223,15.8541
5224,15.1477
5225,15.4798
5226,16.0980
5227,13.2067
5228,15.0797
5229,12.4121
5230,12.6026
5231,12.9223
5232,12.3289
5233,11.8964
5234,12.8336
5235,11.9529
5236,15.2729
5237,12.0528
5238,14.4925
5239,22.6266
5240,10.1998
5241,13.8164
5242,8.3885
5243,6.6938
5244,8.9962
5245,11.0383
5246,10.3836
5247,16.7437
5248,14.3166
5249,11.0030
5250,10.9262
5251,14.4682
5252,11.5294
5253,11.5681
5254,11.2429
5255,12.5654
5256,14.9250
5257,18.4991
5258,13.8495
5259,20.3760
5260,10.5467
5261,13.2406
5262,13.3340
5263,12.4304
5264,18.7900
5265,12.3601
5266,11.5962
5267,11.4894
5268,11.6014
5269,14.0483
5270,13.9623
5271,13.2928
5272,16.4535
5273,16.7701
5274,16.5226
5275,15.1193
5276,21.8489
5277,18.0092
5278,11.0629
5279,14.9240
5280,11.2786
5281,13.3457
5282,12.0265
5283,12.2380
5284,17.6044
5285,16.4750
5286,11.2383
5287,15.8768
5288,11.6181
5289,12.3045
5290,12.8300
5291,13.3080
5292,12.3787
5293,13.9208
5294,12.5134
5295,14.5793
5296,13.5770
5297,17.7953
5298,16.0644
5299,10.2348
5300,17.2880
5301,9.1541
5302,11.6565
5303,10.1807
5304,9.5632
5305,13.8113
5306,15.5785
5307,8.2083
5308,15.3987
5309,14.9570
5310,11.0066
5311,17.2703
5312,14.3540
5313,10.6018
5314,17.7219
5315,8.8959
5316,12.0625
5317,16.7181
5318,16.3016
5319,10.1426
5320,20.8719
5321,10.0110
5322,9.0547
5323,9.1214
5324,7.7324
5325,19.7098
5326,13.9546
5327,11.7934
5328,15.5835
5329,15.3413
5330,14.1597
5331,13.0587
5332,18.7337
5333,8.5366
5334,12.8632
5335,12.8551
5336,15.6429
5337,20.0081
5338,11.6527
5339,13.2365
5340,17.1843
5341,11.7283
5342,17.5967
5343,9.2218
5344,10.7291
5345,8.1716
5346,12.8694
5347,12.8129
5348,11.3840
5349,7.2854
5350,7.3469
5351,10.7298
5352,18.1115
5353,15.2645
5354,10.1814
5355,10.9127
5356,10.9859
5357,12.2366
5358,12.4528
5359,11.1270
5360,13.2723
5361,14.0190
5362,12.2283
5363,10.1743
5364,13.5851
5365,15.5685
5366,13.9484
5367,12.6650
5368,11.2000
5369,14.3371
5370,9.7158
5371,20.4306
5372,13.0832
5373,15.1691
5374,17.4718
5375,11.5924
5376,17.9145
5377,15.2686
5378,14.7138
5379,10.9322
5380,21.0841
5381,14.4436
5382,12.5709
5383,13.2213
5384,8.1401
5385,8.8103
5386,7.7121
5387,8.9023
5388,10.1922
5389,11.8144
5390,8.7767
5391,7.4134
5392,7.0782
5393,8.6887
5394,9.0373
5395,11.1709
5396,17.1287
5397,12.2569
5398,12.3932
5399,16.9809
5400,9.1946
5401,12.6269
5402,11.4450
5403,16.8679
5404,17.8542
5405,11.8420
5406,10.5016
5407,10.0446
5408,11.6875
5409,14.2097
5410,11.9512
5411,9.8095
5412,7.6838
5413,9.7575
5414,13.1569
5415,18.6102
5416,12.8863
5417,12.7268
5418,12.7072
5419,17.2970
5420,13.5124
5421,13.4027
5422,15.5883
5423,10.2742
5424,10.1342
5425,12.5616
5426,11.8706
5427,12.5926
5428,12.2199
5429,14.0088
5430,17.3972
5431,10.2367
5432,14.9817
5433,15.6047
5434,15.5251
5435,11.7052
5436,9.5799
5437,11.1687
5438,13.5055
5439,9.4340
5440,14.5841
5441,14.2601
5442,13.5283
5443,9.6498
5444,9.0332
5445,9.2261
5446,8.8766
5447,8.8961
5448,8.8105
5449,8.2197
5450,11.9407
5451,11.5819
5452,11.9574
5453,14.0042
5454,14.6935
5455,14.2531
5456,14.6611
5457,13.3405
5458,23.9975
5459,13.3984
5460,10.3881
5461,18.5640
5462,9.4936
5463,15.8331
5464,14.3411
5465,21.6672
5466,14.0147
5467,12.7358
5468,11.7760
5469,10.2932
5470,14.1313
5471,11.7466
5472,11.8277
5473,10.5689
5474,9.4159
5475,11.9586
5476,13.6638
5477,11.0362
5478,12.5785
5479,9.1677
5480,9.7361
5481,14.4355
5482,14.2498
5483,10.0143
5484,11.7717
5485,10.2763
5486,20.9880
5487,10.2966
5488,11.9781
5489,14.0278
5490,13.8319
5491,10.2527
5492,13.5772
5493,16.4788
5494,15.8582
5495,13.3886
5496,17.8556
5497,13.2833
5498,13.9863
5499,14.4210
5500,20.7520
5501,7.5676
5502,14.2360
5503,9.9878
5504,11.3368
5505,14.7345
5506,11.6045
5507,13.0033
5508,13.2482
5509,13.3533
5510,12.9092
5511,12.4862
5512,12.7385
5513,10.9353
5514,13.4766
5515,13.6054
5516,13.0408
5517,12.8429
5518,11.7617
5519,11.7428
5520,12.2845
5521,11.7993
5522,10.7739
5523,10.6499
5524,12.2359
5525,10.2189
5526,11.5635
5527,7.4553
5528,9.6369
5529,12.9895
5530,14.2021
5531,14.8604
5532,18.6262
5533,17.3857
5534,10.6122
5535,17.0286
5536,15.1308
5537,18.4884
5538,11.3466
5539,15.8954
5540,15.6269
5541,17.3125
5542,23.9580
5543,19.2635
5544,14.1661
5545,9.2018
5546,10.4187
5547,11.8580
5548,9.5515
5549,15.8021
5550,9.1524
5551,11.1427
5552,9.5181
5553,8.7080
5554,19.4566
5555,9.8972
5556,11.1125
5557,11.7474
5558,19.5837
5559,13.7432
5560,14.0588
5561,12.8572
5562,14.6248
5563,17.3161
5564,10.0420
5565,12.1551
5566,11.4000
5567,16.4218
5568,15.0373
5569,9.6674
5570,10.9622
5571,13.4952
5572,13.0968
5573,12.3880
5574,11.9827
5575,24.8685
5576,12.3222
5577,10.9830
5578,11.4374
5579,15.0983
5580,7.6168
5581,11.7521
5582,13.3710
5583,12.0027
5584,12.9766
5585,11.7896
5586,15.5404
5587,13.4428
5588,7.2918
5589,9.7954
5590,7.6227
5591,8.0044
5592,7.7760
5593,8.4116
5594,16.1145
5595,14.4155
5596,14.7758
5597,12.5716
5598,27.7925
5599,10.7493
5600,14.9658
5601,30.5464
5602,21.3566
5603,17.7386
5604,14.8346
5605,10.6232
5606,14.6422
5607,10.0441
5608,12.2519
5609,13.5593
5610,10.6213
5611,14.7946
5612,12.7032
5613,15.2829
5614,10.7784
5615,10.5107
5616,17.4193
5617,12.0673
5618,12.2311
5619,12.5842
5620,10.3302
5621,11.3301
5622,10.6668
5623,10.4673
5624,12.7144
5625,10.6754
5626,14.8571
5627,18.3904
5628,13.7725
5629,14.7762
5630,8.9014
5631,18.5716
5632,10.1988
5633,15.2307
5634,14.0841
5635,16.9604
5636,12.0723
5637,10.9315
5638,12.8355
5639,13.9043
5640,14.1387
5641,15.2576
5642,9.2335
5643,12.3911
5644,13.4718
5645,11.3528
5646,10.8633
5647,9.8825
5648,22.1231
5649,9.7256
5650,9.7873
5651,15.2524
5652,13.8702
5653,14.3175
5654,13.3936
5655,18.6932
5656,15.2898
5657,10.2205
5658,7.3936
5659,9.4905
5660,10.9851
5661,18.1615
5662,11.1909
5663,20.4203
5664,17.5936
5665,10.9816
5666,11.3685
5667,7.1170
5668,7.3764
5669,11.6580
5670,12.8720
5671,12.5339
5672,10.0441
5673,10.1216
5674,11.3430
5675,13.6325
5676,14.2107
5677,22.1817
5678,13.6650
5679,13.4916
5680,13.1881
5681,13.6185
5682,10.7105
5683,13.0706
5684,9.8681
5685,16.1328
5686,12.1448
5687,9.2454
5688,8.3447
5689,10.8838
5690,15.8873
5691,11.9555
5692,13.2508
5693,11.3482
5694,12.7969
5695,12.3432
5696,12.9566
5697,29.1095
5698,16.8371
5699,11.5902
5700,17.6847
5701,11.3852
5702,10.6127
5703,23.7145
5704,8.4617
5705,9.6216
5706,9.7899
5707,12.4490
5708,17.8394
5709,13.8779
5710,12.8908
5711,13.0224
5712,13.2833
5713,13.9430
5714,13.4034
5715,13.9346
5716,16.3329
5717,13.1142
5718,13.9461
5719,12.0196
5720,11.6148
5721,11.4124
5722,13.4044
5723,8.1198
5724,12.1775
5725,12.2743
5726,13.3858
5727,14.2267
5728,14.6964
5729,13.7582
5730,14.1454
5731,10.5636
5732,13.4442
5733,13.0057
5734,12.0165
5735,10.3478
5736,8.8468
5737,15.5747
5738,11.2698
5739,13.6676
5740,13.5679
5741,11.6670
5742,11.0354
5743,14.5392
5744,16.0296
5745,11.8632
5746,11.3726
5747,12.6257
5748,18.0807
5749,14.8365
5750,12.3024
5751,11.2174
5752,11.2143
5753,15.1253
5754,8.3215
5755,16.7060
5756,17.5309
5757,11.0309
5758,12.3069
5759,9.3257
5760,12.4648
5761,17.2181
5762,15.5857
5763,21.9738
5764,19.4323
5765,17.0178
5766,23.0441
5767,10.0758
5768,19.6741
5769,23.5057
5770,16.1214
5771,22.8753
5772,12.5637
5773,13.7925
5774,15.6925
5775,18.4951
5776,21.6591
5777,19.9018
5778,11.1196
5779,8.0929
5780,12.5239
5781,16.0007
5782,16.0811
5783,14.7748
5784,12.9843
5785,14.0116
5786,12.4998
5787,10.6833
5788,8.2438
5789,12.3551
5790,10.2346
5791,12.4071
5792,11.4565
5793,14.5082
5794,13.1323
5795,12.8124
5796,12.9573
5797,12.1210
5798,13.8898
5799,14.4238
5800,18.0483
5801,13.1524
5802,13.8135
5803,16.5737
5804,16.3283
5805,11.1880
5806,23.8914
5807,18.1668
5808,15.5489
5809,11.1539
5810,12.5568
5811,15.3451
5812,11.5616
5813,11.6599
5814,12.3553
5815,12.6259
5816,14.9858
5817,9.3408
5818,10.1800
5819,11.1661
5820,15.2049
5821,17.7398
5822,14.8683
5823,12.0203
5824,14.3466
5825,12.9828
5826,10.3512
5827,13.2241
5828,14.9758
5829,13.5593
5830,12.6400
5831,13.7737
5832,13.9866
5833,16.2396
5834,13.0024
5835,10.9384
5836,13.6681
5837,12.1419
5838,12.8822
5839,12.4686
5840,8.6658
5841,8.4722
5842,14.4253
5843,12.7342
5844,15.4779
5845,15.7528
5846,14.3785
5847,8.3013
5848,14.9438
5849,12.1667
5850,20.2258
5851,11.8089
5852,8.0442
5853,9.0964
5854,11.2169
5855,14.3585
5856,11.8389
5857,11.6506
5858,14.5836
5859,16.1753
5860,12.3043
5861,12.7614
5862,13.8423
5863,18.0683
5864,20.7186
5865,12.4714
5866,14.0631
5867,11.1318
5868,12.5844
5869,11.5757
5870,11.3153
5871,12.8748
5872,13.2837
5873,11.8153
5874,12.0616
5875,11.1346
5876,11.5449
5877,12.0058
5878,10.2470
5879,14.0646
5880,10.5100
5881,14.4050
5882,10.9284
5883,14.0314
5884,10.0749
5885,9.7325
5886,10.7355
5887,11.9348
5888,11.4653
5889,16.9678
5890,12.0420
5891,11.9448
5892,12.0227
5893,14.3209
5894,11.1129
5895,14.5388
5896,11.3511
5897,10.3662
5898,12.8894
5899,10.9770
5900,10.5503
5901,15.1157
5902,11.5583
5903,13.5391
5904,18.4226
5905,14.8523
5906,14.1451
5907,21.3082
5908,18.0230
5909,18.6660
5910,10.8335
5911,16.1800
5912,16.4542
5913,11.4024
5914,14.3027
5915,10.9944
5916,12.8708
5917,10.9150
5918,23.0458
5919,13.9928
5920,8.9059
5921,8.5442
5922,12.8889
5923,10.9282
5924,14.8628
5925,12.5484
5926,14.9970
5927,10.8442
5928,11.7226
5929,9.1355
5930,12.2180
5931,16.7024
5932,13.8295
5933,13.1450
5934,16.2258
5935,12.0289
5936,14.0936
5937,12.1007
5938,15.0340
5939,13.1617
5940,13.6607
5941,12.5253
5942,12.1806
5943,17.9329
5944,20.6251
5945,13.2737
5946,12.4137
5947,9.9273
5948,15.1584
5949,14.6828
5950,9.7940
5951,9.1779
5952,17.5116
5953,16.3989
5954,9.1386
5955,10.9801
5956,17.1268
5957,13.8390
5958,13.8636
5959,15.0166
5960,12.9218
5961,10.8390
5962,10.3040
5963,12.5763
5964,12.9447
5965,13.0208
5966,12.8877
5967,17.4384
5968,14.5035
5969,10.1929
5970,15.1491
5971,13.1662
5972,14.0643
5973,9.8810
5974,8.7781
5975,11.6005
5976,13.1927
5977,13.9418
5978,13.9067
5979,17.4787
5980,17.8378
5981,10.7741
5982,17.3924
5983,14.9078
5984,16.3734
5985,15.8293
5986,11.6303
5987,9.7973
5988,13.1845
5989,12.3858
5990,9.6598
5991,10.9391
5992,12.7428
5993,11.2910
5994,14.9879
5995,10.6585
5996,14.7941
5997,16.2139
5998,11.4505
5999,14.6317
6000,17.1881
6001,16.7105
6002,15.0704
6003,14.4596
6004,15.2457
6005,18.3051
6006,30.0620
6007,11.2298
6008,15.8582
6009,19.2819
6010,18.9140
6011,12.0432
6012,16.9067
6013,15.5165
6014,20.9999
6015,17.4625
6016,18.8591
6017,17.9377
6018,8.3025
6019,8.9386
6020,14.9307
6021,10.1845
6022,13.2134
6023,14.8706
6024,14.4117
6025,16.7539
6026,12.6064
6027,15.0650
6028,16.2997
6029,12.8462
6030,13.0715
6031,20.5817
6032,12.3374
6033,15.7607
6034,16.4177
6035,13.8695
6036,11.8580
6037,15.0545
6038,9.3751
6039,10.5226
6040,10.4663
6041,12.2182
6042,11.9133
6043,16.7534
6044,14.5898
6045,15.2707
6046,13.7284
6047,15.0845
6048,12.7316
6049,12.2812
6050,12.7275
6051,17.5979
6052,12.4311
6053,11.9166
6054,8.4820
6055,19.1853
6056,117.1134
6057,17.7460
6058,14.4329
6059,12.3708
6060,19.1410
6061,17.5271
6062,10.3700
6063,9.5816
6064,11.3206
6065,13.0165
6066,18.4810
6067,10.7448
6068,20.5283
6069,10.6330
6070,19.5019
6071,14.1497
6072,15.2521
6073,15.8126
6074,18.6322
6075,20.0088
6076,14.4176
6077,14.1926
6078,9.5785
6079,11.0819
6080,14.1191
6081,15.0361
6082,21.0116
6083,9.6819
6084,9.6962
6085,10.9863
6086,9.9897
6087,15.5313
6088,12.2879
6089,14.1377
6090,18.0674
6091,12.4378
6092,15.3637
6093,17.5142
6094,11.2600
6095,11.5867
6096,17.9119
6097,16.7475
6098,16.8712
6099,17.8883
6100,15.3043
6101,12.8708
6102,13.1466
6103,14.0982
6104,14.4691
6105,22.4085
6106,19.7911
6107,16.8540
6108,11.7848
6109,14.8714
6110,14.0157
6111,16.2702
6112,10.8848
6113,13.2203
6114,14.2021
6115,15.6922
6116,11.6189
6117,13.3905
6118,12.5856
6119,16.2261
6120,11.9781
6121,14.2868
6122,11.0438
6123,10.9606
6124,12.2173
6125,9.3398
6126,10.0274
6127,15.5373
6128,12.3553
6129,10.9804
6130,12.8100
6131,12.8419
6132,17.2303
6133,12.1703
6134,13.8361
6135,11.2891
6136,15.8839
6137,15.5809
6138,9.2454
6139,10.4861
6140,11.5061
6141,11.0612
6142,15.8668
6143,11.6184
6144,14.1468
6145,12.3744
6146,17.1916
6147,16.6452
6148,16.4475
6149,14.6015
6150,14.2381
6151,10.3199
6152,18.4052
6153,10.0255
6154,9.2273
6155,13.4702
6156,16.7539
6157,14.5683
6158,13.5350
6159,14.2796
6160,17.4839
6161,16.0034
6162,17.3769
6163,13.5202
6164,14.6174
6165,21.0557
6166,13.9139
6167,18.8222
6168,12.2910
6169,14.4718
6170,12.8686
6171,11.8203
6172,12.7738
6173,10.4687
6174,10.0634
6175,10.6390
6176,7.9217
6177,11.2629
6178,11.4305
6179,11.1101
6180,9.9452
6181,11.7545
6182,10.5085
6183,14.1153
6184,16.9854
6185,11.7776
6186,10.2365
6187,8.6968
6188,9.8109
6189,14.4386
6190,19.7811
6191,16.4566
6192,15.5687
6193,12.3994
6194,12.5105
6195,10.2525
6196,13.0918
6197,11.6899
6198,12.0614
6199,13.7875
6200,13.2303
6201,12.3868
6202,19.3517
6203,18.9726
6204,14.7736
6205,13.2177
6206,19.0001
6207,12.7838
6208,17.1494
6209,15.8389
6210,20.1988
6211,9.3782
6212,8.9946
6213,7.7908
6214,10.0381
6215,15.0189
6216,15.6043
6217,14.1666
6218,25.1932
6219,12.5387
6220,17.2718
6221,17.5097
6222,16.9573
6223,17.8652
6224,17.9546
6225,17.3631
6226,17.0298
6227,15.5852
6228,13.0653
6229,17.3297
6230,13.7877
6231,26.7146
6232,12.6081
6233,13.5899
6234,13.2916
6235,10.5004
6236,12.4297
6237,10.2739
6238,13.1691
6239,15.0533
6240,14.0305
6241,16.8035
6242,12.3348
6243,10.6266
6244,15.1765
6245,13.4327
6246,14.8258
6247,18.5518
6248,11.0664
6249,12.2099
6250,14.2467
6251,11.1394
6252,9.2707
6253,8.7793
6254,10.9410
6255,14.5564
6256,13.4497
6257,9.5584
6258,18.6038
6259,9.1486
6260,12.7008
6261,15.4688
6262,12.2218
6263,16.1982
6264,17.1914
6265,19.3124
6266,25.7044
6267,14.6630
6268,12.3167
6269,8.8270
6270,15.0635
6271,16.2919
6272,7.1716
6273,17.9973
6274,19.3398
6275,10.1223
6276,10.0532
6277,12.6181
6278,12.3899
6279,12.7492
6280,15.7886
6281,11.4455
6282,12.8267
6283,22.4180
6284,13.6399
6285,16.6399
6286,10.6966
6287,12.7723
6288,9.3265
6289,14.7526
6290,10.0417
6291,15.7623
6292,10.1612
6293,13.5913
6294,8.9109
6295,13.8562
6296,12.4245
6297,16.2444
6298,8.2891
6299,11.5163
6300,12.9387
6301,14.1709
6302,16.5067
6303,13.8118
6304,16.7346
6305,13.6478
6306,18.5070
6307,16.0711
6308,11.4372
6309,17.1380
6310,19.5491
6311,13.6104
6312,17.5612
6313,11.8437
6314,14.6475
6315,20.8182
6316,11.1811
6317,14.0655
6318,13.8509
6319,8.1260
6320,13.2883
6321,12.1350
6322,12.9585
6323,17.8587
6324,17.9350
6325,9.4020
6326,11.0133
6327,10.6368
6328,11.9836
6329,13.2263
6330,12.1739
6331,12.4285
6332,11.7095
6333,16.7470
6334,13.8369
6335,15.4660
6336,8.4536
6337,11.3411
6338,15.9287
6339,12.9251
6340,16.0112
6341,13.5460
6342,15.3182
6343,14.5299
6344,14.0617
6345,14.5686
6346,9.2206
6347,16.4969
6348,9.2003
6349,12.1579
6350,10.8652
6351,16.4137
6352,11.2636
6353,10.7157
6354,11.0753
6355,13.3095
6356,9.5143
6357,11.0657
6358,10.3979
6359,9.6760
6360,10.3908
6361,12.7406
6362,8.1761
6363,10.5197
6364,8.5123
6365,7.8588
6366,10.4854
6367,12.7966
6368,13.0236
6369,12.2232
6370,11.5914
6371,15.0695
6372,16.8033
6373,12.7409
6374,10.9985
6375,10.6955
6376,11.8582
6377,16.6867
6378,11.2529
6379,11.4596
6380,19.2740
6381,11.0118
6382,14.6377
6383,10.3824
6384,11.0824
6385,10.6976
6386,11.5378
6387,10.0842
6388,16.2790
6389,15.4879
6390,18.5068
6391,12.2178
6392,13.3858
6393,8.7492
6394,9.9134
6395,15.5358
6396,13.8922
6397,16.5570
6398,13.9852
6399,11.4372
6400,12.6567
6401,13.6294
6402,11.3902
6403,8.0354
6404,8.2424
6405,9.8786
6406,14.0312
6407,16.9766
6408,20.3788
6409,17.2827
6410,27.2932
6411,13.2515
6412,23.5922
6413,121.5024
6414,10.9973
6415,19.7496
6416,31.4252
6417,14.8790
6418,18.7612
6419,14.0154
6420,11.7276
6421,10.8302
6422,11.1980
6423,8.9397
6424,13.9022
6425,13.5987
6426,22.7389
6427,12.7640
6428,16.8426
6429,15.2116
6430,12.2030
6431,12.9073
6432,11.4636
6433,12.0299
6434,12.4319
6435,14.1718
6436,17.3185
6437,10.0441
6438,8.1351
6439,12.1112
6440,12.3799
6441,10.4687
6442,14.4365
6443,10.6323
6444,12.2187
6445,11.7722
6446,11.0974
6447,12.3549
6448,14.5526
6449,14.0901
6450,9.2371
6451,10.8624
6452,8.7662
6453,12.2921
6454,19.6345
6455,10.4949
6456,13.2649
6457,15.8794
6458,10.3202
6459,10.9372
6460,13.2978
6461,11.5225
6462,12.0864
6463,18.7671
6464,10.3769
6465,13.4077
6466,18.8859
6467,11.9975
6468,11.9891
6469,16.9384
6470,14.9143
6471,15.3184
6472,13.2527
6473,11.8003
6474,19.6249
6475,11.8408
6476,14.8509
6477,19.5043
6478,11.9765
6479,14.9851
6480,13.5779
6481,11.5969
6482,17.0238
6483,15.6596
6484,14.3373
6485,11.8277
6486,12.8591
6487,15.7020
6488,11.6749
6489,14.0436
6490,12.5310
6491,14.4291
6492,13.6993
6493,13.6101
6494,11.8999
6495,15.1150
6496,10.1373
6497,14.2722
6498,19.9711
6499,12.8942
6500,11.0052
6501,22.8069
6502,11.1110
6503,12.9828
6504,17.5712
6505,12.3551
6506,12.3894
6507,15.0807
6508,13.6752
6509,14.0746
6510,15.6972
6511,8.5111
6512,23.4449
6513,11.4999
6514,16.4399
6515,14.5068
6516,8.8460
6517,11.1589
6518,13.7990
6519,12.3219
6520,11.4350
6521,12.5098
6522,12.1992
6523,12.9600
6524,13.8042
6525,12.6464
6526,9.5479
6527,12.8851
6528,10.5379
6529,11.6527
6530,18.7511
6531,12.8999
6532,11.9662
6533,10.9780
6534,11.8983
6535,16.3157
6536,15.6913
6537,10.9446
6538,14.8606
6539,12.7504
6540,16.9837
6541,11.8182
6542,10.1256
6543,13.6576
6544,9.8550
6545,13.6256
6546,12.8214
6547,11.3957
6548,12.3954
6549,18.5020
6550,17.2703
6551,14.8149
6552,12.0707
6553,12.9180
6554,10.5357
6555,12.6386
6556,13.3595
6557,16.7985
6558,18.5237
6559,15.1594
6560,14.2586
6561,9.1517
6562,14.8728
6563,11.5206
6564,14.1394
6565,12.6705
6566,14.7247
6567,16.7122
6568,13.2546
6569,16.8879
6570,12.3909
6571,17.7875
6572,9.9401
6573,11.1353
6574,10.0229
6575,10.1430
6576,12.2542
6577,11.1406
6578,11.4396
6579,11.7948
6580,15.4724
6581,11.5974
6582,16.0713
6583,13.7622
6584,14.3502
6585,10.9925
6586,10.9553
6587,12.4655
6588,16.0835
6589,14.6503
6590,13.7477
6591,13.6840
6592,16.9761
6593,15.3952
6594,11.2238
6595,8.8532
6596,7.9615
6597,8.7678
6598,14.1149
6599,12.1658
6600,42.7248
6601,9.8627
6602,13.1464
6603,13.2365
6604,20.0756
6605,13.2971
6606,11.8272
6607,16.5551
6608,16.5620
6609,20.7462
6610,13.5200
6611,14.4589
6612,11.7056
6613,21.5199
6614,19.9523
6615,10.1266
6616,9.8455
6617,9.5844
6618,10.0186
6619,8.9409
6620,8.4047
6621,10.0029
6622,9.6624
6623,10.3517
6624,10.7524
6625,11.5347
6626,13.8128
6627,9.7306
6628,14.5600
6629,12.2972
6630,10.1671
6631,13.2186
6632,10.3264
6633,8.6627
6634,15.7449
6635,11.5027
6636,15.0933
6637,13.1500
6638,11.1141
6639,12.7468
6640,10.4556
6641,11.9150
6642,12.0740
6643,12.3928
6644,18.2116
6645,14.8809
6646,9.5921
6647,14.9086
6648,11.0495
6649,13.2759
6650,12.5880
6651,16.7866
6652,13.6797
6653,12.5549
6654,16.2632
6655,12.1210
6656,9.8610
6657,20.5188
6658,13.0181
6659,16.1800
6660,17.5612
6661,12.7940
6662,12.3572
6663,12.7311
6664,11.5848
6665,8.7073
6666,8.9376
6667,10.0367
6668,10.1984
6669,10.0391
6670,10.1449
6671,8.8477
6672,12.0978
6673,13.5951
6674,12.0711
6675,12.0251
6676,10.8244
6677,16.0718
6678,8.7056
6679,12.3582
6680,11.2591
6681,11.4648
6682,11.4269
6683,11.0037
6684,15.0440
6685,9.4390
6686,7.6301
6687,11.4753
6688,14.4689
6689,12.4228
6690,10.2584
6691,16.8226
6692,13.8104
6693,15.0974
6694,11.4405
6695,11.7648
6696,10.6869
6697,13.4115
6698,14.7052
6699,11.7080
6700,9.8381
6701,12.8667
6702,10.0739
6703,12.9111
6704,8.2958
6705,16.5706
6706,9.8560
6707,10.1209
6708,10.6184
6709,7.8528
6710,12.5906
6711,12.1779
6712,9.8193
6713,11.4176
6714,11.4176
6715,14.9963
6716,11.5869
6717,26.0582
6718,18.4569
6719,9.5510
6720,17.4651
6721,12.9240
6722,12.5549
6723,8.9071
6724,20.5903
6725,12.5074
6726,13.4068
6727,12.4121
6728,7.5624
6729,20.5977
6730,12.9666
6731,15.8184
6732,12.1512
6733,18.3480
6734,13.8144
6735,12.5515
6736,12.7215
6737,11.3604
6738,11.5407
6739,11.1794
6740,16.4127
6741,12.8105
6742,17.7038
6743,10.2277
6744,13.0641
6745,11.4555
6746,16.1147
6747,11.3852
6748,10.7927
6749,21.8110
6750,11.7919
6751,9.9292
6752,10.6487
6753,11.6813
6754,11.6329
6755,11.3521
6756,10.2220
6757,11.4107
6758,12.0831
6759,11.5871
6760,16.9997
6761,10.7708
6762,13.6013
6763,17.0989
6764,10.9901
6765,16.4790
6766,14.6737
6767,13.9985
6768,12.5029
6769,12.4483
6770,12.7704
6771,10.2108
6772,14.5869
6773,14.1115
6774,11.7669
6775,12.6042
6776,15.9638
6777,18.0178
6778,10.4554
6779,16.3472
6780,14.0057
6781,14.3080
6782,14.6961
6783,14.2117
6784,13.8702
6785,14.2989
6786,13.0742
6787,13.6993
6788,15.4295
6789,13.1984
6790,16.9747
6791,14.3337
6792,19.5220
6793,17.6222
6794,12.9895
6795,13.1407
6796,10.0765
6797,12.3601
6798,15.0664
6799,9.4049
6800,14.9586
6801,8.2183
6802,16.2671
6803,16.3326
6804,15.6224
6805,11.6897
6806,16.1030
6807,17.6482
6808,11.4496
6809,20.0667
6810,10.2611
6811,10.2241
6812,11.2462
6813,13.7570
6814,14.6680
6815,9.5534
6816,7.7436
6817,13.7866
6818,10.6521
6819,15.4345
6820,19.7415
6821,15.8772
6822,13.7632
6823,16.9234
6824,14.4494
6825,18.4374
6826,15.5568
6827,14.3642
6828,11.7381
6829,15.5332
6830,14.0419
6831,14.4100
6832,13.2639
6833,12.4738
6834,13.4063
6835,14.5466
6836,15.5392
6837,16.6323
6838,21.5740
6839,13.5639
6840,12.4910
6841,15.0666
6842,9.8746
6843,13.8035
6844,13.9418
6845,11.5144
6846,12.9209
6847,18.2698
6848,13.9999
6849,9.9735
6850,13.3712
6851,17.4572
6852,13.8299
6853,14.3678
6854,13.2346
6855,14.7212
6856,11.7137
6857,9.6874
6858,8.2581
6859,13.3419
6860,9.9475
6861,12.2473
6862,9.9499
6863,12.8109
6864,9.1445
6865,15.2538
6866,13.4969
6867,15.6994
6868,15.3747
6869,12.5055
6870,10.8159
6871,13.8736
6872,17.8661
6873,15.1701
6874,14.5779
6875,13.9153
6876,12.6247
6877,12.4719
6878,12.2499
6879,13.8576
6880,15.4679
6881,14.5764
6882,11.9836
6883,11.3328
6884,10.2065
6885,12.3310
6886,13.7522
6887,10.1857
6888,8.1205
6889,7.9036
6890,10.3352
6891,9.7833
6892,9.2270
6893,12.2235
6894,8.7631
6895,10.2293
6896,9.4895
6897,12.0258
6898,12.6123
6899,9.6421
6900,10.9208
6901,14.9944
6902,8.3838
6903,10.5765
6904,14.0254
6905,16.0782
6906,12.7244
6907,10.9181
6908,13.8209
6909,11.8079
6910,20.1638
6911,19.8035
6912,15.4407
6913,13.9809
6914,13.8786
6915,12.4512
6916,15.0437
6917,13.9153
6918,15.6920
6919,14.7238
6920,15.1083
6921,19.0103
6922,20.6823
6923,14.7431
6924,10.2348
6925,19.0082
6926,16.8986
6927,23.0551
6928,14.1790
6929,14.5047
6930,11.4818
6931,12.5732
6932,11.3413
6933,12.5394
6934,9.7666
6935,13.4344
6936,17.0507
6937,7.2830
6938,39.2840
6939,9.9247
6940,10.1948
6941,8.9016
6942,10.9999
6943,8.7254
6944,14.4649
6945,12.7573
6946,16.2048
6947,11.3492
6948,15.4893
6949,11.7896
6950,14.5683
6951,19.4714
6952,9.6822
6953,11.8945
6954,10.7071
6955,16.5238
6956,11.7149
6957,13.7339
6958,11.9493
6959,15.9328
6960,12.1703
6961,11.6491
6962,14.5633
6963,10.9217
6964,13.4628
6965,8.3325
6966,11.8451
6967,14.5807
6968,10.9985
6969,13.5269
6970,11.9104
6971,13.7222
6972,20.4864
6973,12.9132
6974,12.4512
6975,13.8054
6976,13.3085
6977,15.2233
6978,13.4506
6979,11.1451
6980,12.7370
6981,12.1763
6982,12.2101
6983,10.7763
6984,9.2216
6985,15.8975
6986,11.7214
6987,12.0509
6988,12.4457
6989,9.1865
6990,14.1706
6991,9.8076
6992,12.8586
6993,8.9567
6994,8.7354
6995,8.8091
6996,10.0965
6997,11.0080
6998,12.3732
6999,13.2821
7000,10.4725
7001,9.7740
7002,11.5669
7003,10.5197
7004,10.6962
7005,12.8994
7006,13.1750
7007,9.9840
7008,11.6220
7009,13.3891
7010,13.2811
7011,11.1866
7012,10.2837
7013,10.8216
7014,13.9980
7015,12.4016
7016,12.5043
7017,14.9119
7018,16.4866
7019,11.9381
7020,17.6904
7021,16.1645
7022,11.9767
7023,12.4986
7024,21.0004
7025,16.0825
7026,12.8813
7027,19.6807
7028,11.8613
7029,11.2145
7030,14.0126
7031,20.4735
7032,10.5088
7033,13.7053
7034,17.4959
7035,14.3609
7036,14.7891
7037,16.6676
7038,10.3264
7039,10.5648
7040,12.1450
7041,11.8024
7042,11.9631
7043,11.2665
7044,14.2152
7045,18.2393
7046,16.2139
7047,15.4896
7048,12.0192
7049,18.8315
7050,11.4260
7051,21.0533
7052,12.7602
7053,14.0555
7054,15.6760
7055,11.6024
7056,14.6294
7057,10.2396
7058,11.7104
7059,15.6159
7060,15.8100
7061,12.9187
7062,10.7400
7063,12.4354
7064,17.1275
7065,22.2392
7066,11.6043
7067,9.7954
7068,13.6054
7069,11.6436
7070,15.9843
7071,13.5908
7072,13.5996
7073,13.2012
7074,20.0467
7075,13.6862
7076,16.3350
7077,18.8692
7078,10.9537
7079,14.4303
7080,13.0124
7081,12.0873
7082,15.2318
7083,9.4254
7084,19.1729
7085,17.0972
7086,12.0919
7087,13.6130
7088,14.5977
7089,9.3608
7090,11.3256
7091,13.0198
7092,15.0990
7093,14.4420
7094,12.9132
7095,14.1308
7096,15.2824
7097,10.5064
7098,20.5872
7099,8.8758
7100,8.5490
7101,12.0225
7102,11.1270
7103,13.1042
7104,13.2387
7105,11.9612
7106,14.1814
7107,11.6670
7108,14.5123
7109,8.4755
7110,18.2974
7111,12.7468
7112,16.3627
7113,15.3573
7114,13.2339
7115,8.7690
7116,10.3912
7117,12.6126
7118,13.8483
7119,16.0334
7120,18.2490
7121,16.8505
7122,10.0629
7123,8.7888
7124,11.6153
7125,16.4418
7126,11.0738
7127,17.7422
7128,16.0699
7129,13.1483
7130,20.5307
7131,15.3515
7132,12.4719
7133,20.0822
7134,18.1499
7135,14.5411
7136,21.0164
7137,13.9062
7138,18.7993
7139,11.0357
7140,17.0109
7141,9.3355
7142,10.0539
7143,9.1474
7144,16.1426
7145,9.4779
7146,17.8900
7147,10.0806
7148,15.0697
7149,8.8694
7150,14.5037
7151,12.3820
7152,13.2515
7153,10.6015
7154,12.3324
7155,14.6923
7156,19.7723
7157,11.0829
7158,12.2476
7159,14.5700
7160,14.2660
7161,14.1380
7162,13.7901
7163,16.4809
7164,15.6918
7165,8.6539
7166,10.9937
7167,17.6938
7168,11.5862
7169,12.0616
7170,12.0671
7171,14.6260
7172,13.2449
7173,12.5284
7174,13.7737
7175,13.6268
7176,16.6078
7177,14.0615
7178,16.6929
7179,15.2009
7180,13.2282
7181,11.7371
7182,9.1031
7183,9.9454
7184,14.1993
7185,10.6487
7186,10.2024
7187,19.1047
7188,11.9863
7189,23.1547
7190,12.6169
7191,13.6247
7192,15.2919
7193,12.8646
7194,17.3841
7195,12.1040
7196,16.6268
7197,15.1701
7198,11.1868
7199,13.2108
7200,10.7234
7201,22.9483
7202,16.8519
7203,10.0579
7204,10.9575
7205,16.3679
7206,14.9469
7207,16.1550
7208,13.2143
7209,11.1015
7210,11.7822
7211,10.2696
7212,11.5962
7213,11.1907
7214,10.9661
7215,15.0709
7216,10.9537
7217,13.2537
7218,18.0247
7219,11.1866
7220,13.3877
7221,9.3727
7222,11.7054
7223,13.6359
7224,14.0812
7225,12.0070
7226,12.1949
7227,13.2635
7228,15.4903
7229,10.9017
7230,15.4338
7231,18.0011
7232,7.8406
7233,12.5754
7234,18.0869
7235,13.9351
7236,19.6853
7237,16.4981
7238,11.3189
7239,14.1556
7240,15.0573
7241,13.1326
7242,11.4117
7243,14.4820
7244,14.6551
7245,13.5930
7246,14.7414
7247,10.4845
7248,13.8378
7249,10.9642
7250,15.8541
7251,16.1736
7252,11.0872
7253,11.3025
7254,12.4230
7255,10.7172
7256,18.8162
7257,11.5583
7258,15.2128
7259,12.9755
7260,22.2001
7261,14.7800
7262,12.3329
7263,11.1713
7264,16.6445
7265,11.7536
7266,13.1209
7267,16.1185
7268,18.1448
7269,11.3389
7270,13.0675
7271,12.5158
7272,13.8614
7273,18.0683
7274,15.6195
7275,17.0033
7276,15.7523
7277,12.9621
7278,13.5155
7279,11.9114
7280,16.4988
7281,15.4929
7282,17.6556
7283,17.7224
7284,15.7735
7285,16.1414
7286,8.7450
7287,13.7939
7288,9.8596
7289,10.5433
7290,12.8279
7291,11.2944
7292,12.5206
7293,11.9736
7294,10.6320
7295,15.4686
7296,12.2685
7297,12.5225
7298,11.2550
7299,11.3788
7300,14.0367
7301,18.1785
7302,12.7721
7303,11.8220
7304,17.3516
7305,11.4474
7306,14.0026
7307,21.2638
7308,11.0621
7309,9.9940
7310,10.9434
7311,10.2196
7312,9.3253
7313,11.3652
7314,13.4377
7315,12.1059
7316,16.7422
7317,13.3123
7318,14.6751
7319,15.3642
7320,20.2007
7321,17.0422
7322,15.3327
7323,19.0182
7324,9.9921
7325,11.1949
7326,15.2228
7327,12.6617
7328,16.6416
7329,16.0203
7330,15.2814
7331,22.0966
7332,18.7881
7333,12.7714
7334,12.7878
7335,16.7704
7336,11.9333
7337,8.0276
7338,12.5322
7339,12.0037
7340,11.3258
7341,15.9578
7342,8.9881
7343,9.2988
7344,9.2106
7345,13.9172
7346,9.2342
7347,15.8670
7348,12.7814
7349,15.0583
7350,10.6153
7351,12.6088
7352,10.6874
7353,11.9772
7354,14.5180
7355,17.3581
7356,12.3167
7357,12.4886
7358,11.9162
7359,14.8389
7360,11.8945
7361,12.2383
7362,10.7265
7363,10.8418
7364,10.7126
7365,10.9022
7366,13.6414
7367,9.4140
7368,10.8573
7369,12.2664
7370,13.4075
7371,12.9094
7372,14.4005
7373,12.6560
7374,13.3736
7375,14.5521
7376,12.4226
7377,13.6454
7378,18.9211
7379,10.7923
7380,14.8916
7381,18.2884
7382,20.7582
7383,11.6119
7384,14.0245
7385,13.7367
7386,9.8791
7387,18.7654
7388,14.9612
7389,12.1400
7390,15.8725
7391,11.5466
7392,13.6032
7393,11.3113
7394,14.4811
7395,13.6070
7396,8.2960
7397,12.9404
7398,13.1454
7399,11.0893
7400,10.6683
7401,11.5042
7402,18.9295
7403,17.1106
7404,12.6691
7405,13.5050
7406,11.9374
7407,11.9367
7408,15.1913
7409,11.6959
7410,14.0989
7411,12.5530
7412,7.2727
7413,15.7886
7414,10.6640
7415,11.3692
7416,14.7164
7417,10.0911
7418,11.2278
7419,11.1017
7420,13.0894
7421,8.5876
7422,8.0960
7423,15.5334
7424,9.2404
7425,10.1852
7426,16.5975
7427,11.4512
7428,19.0642
7429,21.4238
7430,12.9795
7431,10.4260
7432,8.6985
7433,10.4203
7434,12.7778
7435,7.2150
7436,12.8381
7437,20.2725
7438,8.8317
7439,8.6546
7440,14.9529
7441,10.7341
7442,15.0924
7443,12.9907
7444,9.2781
7445,11.2853
7446,11.3719
7447,16.7389
7448,18.7628
7449,12.3487
7450,13.2992
7451,7.4711
7452,8.4257
7453,18.9476
7454,12.1024
7455,8.9219
7456,18.0833
7457,11.6837
7458,12.2762
7459,10.0758
7460,14.6134
7461,15.9032
7462,15.6634
7463,9.3842
7464,11.6639
7465,13.3076
7466,16.6812
7467,13.4416
7468,19.2862
7469,13.2010
7470,13.6774
7471,11.0297
7472,9.7501
7473,17.7372
7474,15.8341
7475,10.8356
7476,18.8696
7477,15.5532
7478,8.5003
7479,11.1125
7480,15.2566
7481,8.7030
7482,17.8602
7483,19.4271
7484,12.8908
7485,21.3182
7486,8.9161
7487,18.7581
7488,15.6069
7489,11.8380
7490,13.8981
7491,10.3745
7492,11.6961
7493,21.6002
7494,16.4385
7495,13.5350
7496,9.4845
7497,11.7030
7498,14.1139
7499,15.4150
7500,11.0765
7501,15.4455
7502,12.1522
7503,9.8093
7504,14.3991
7505,11.9205
7506,13.6867
7507,17.7586
7508,17.1168
7509,13.2356
7510,14.6971
7511,16.4669
7512,16.1951
7513,11.2631
7514,18.9052
7515,10.3545
7516,13.2277
7517,13.1214
7518,11.8108
7519,15.8982
7520,12.4979
7521,12.0907
7522,11.8084
7523,11.8964
7524,9.5303
7525,6.9859
7526,13.2620
7527,11.9777
7528,16.1452
7529,12.2793
7530,15.5070
7531,11.0250
7532,10.6225
7533,14.1842
7534,12.8374
7535,19.9974
7536,12.7659
7537,9.1515
7538,8.2374
7539,14.5607
7540,10.9260
7541,18.6000
7542,7.3893
7543,7.6346
7544,8.6217
7545,9.7635
7546,13.6209
7547,18.7550
7548,14.3640
7549,14.2851
7550,20.6978
7551,11.7426
7552,10.8347
7553,11.5423
7554,11.9779
7555,10.1726
7556,12.1419
7557,14.6577
7558,12.0015
7559,11.2793
7560,13.0541
7561,10.9322
7562,7.5939
7563,14.7617
7564,16.0799
7565,13.6271
7566,19.7318
7567,13.3026
7568,24.6906
7569,17.2060
7570,15.9416
7571,15.9621
7572,12.5296
7573,15.6252
7574,10.9191
7575,15.4421
7576,11.7567
7577,11.9357
7578,10.9017
7579,9.8724
7580,12.0656
7581,14.0285
7582,10.4451
7583,12.5334
7584,11.6115
7585,20.5600
7586,10.1845
7587,15.0921
7588,9.7308
7589,12.0037
7590,10.8888
7591,10.8573
7592,11.0626
7593,11.9350
7594,11.0285
7595,16.0413
7596,13.2821
7597,13.8359
7598,15.3930
7599,10.1955
7600,8.0962
7601,11.7407
7602,16.1564
7603,16.7518
7604,16.3281
7605,10.8612
7606,11.2410
7607,11.5728
7608,13.1657
7609,11.8449
7610,16.7985
7611,13.5775
7612,17.7872
7613,18.2772
7614,11.7147
7615,17.6358
7616,14.8127
7617,14.0910
7618,10.0715
7619,11.5983
7620,11.4932
7621,11.8167
7622,13.0832
7623,18.4822
7624,11.7517
7625,23.6840
7626,9.1739
7627,11.2760
7628,12.7881
7629,13.3173
7630,11.0147
7631,13.9189
7632,10.1604
7633,13.6559
7634,12.0940
7635,11.7621
7636,14.3600
7637,11.4124
7638,14.3304
7639,12.7659
7640,11.7245
7641,11.2896
7642,11.7531
7643,12.2390
7644,10.7889
7645,11.2782
7646,25.6817
7647,14.3979
7648,21.9316
7649,12.9004
7650,16.2489
7651,15.8794
7652,15.4202
7653,18.2638
7654,15.8191
7655,21.6641
7656,12.2221
7657,9.0861
7658,16.4871
7659,14.6682
7660,14.9059
7661,9.6154
7662,9.3818
7663,10.6716
7664,11.5166
7665,10.5271
7666,9.8772
7667,16.7809
7668,14.2460
7669,8.8568
7670,12.8329
7671,10.6416
7672,14.8602
7673,10.0517
7674,12.7511
7675,11.6410
7676,11.2920
7677,12.7003
7678,10.3841
7679,9.3069
7680,10.5028
7681,13.4196
7682,11.5824
7683,12.7566
7684,13.0911
7685,12.5256
7686,15.7216
7687,10.9506
7688,10.7899
7689,15.0807
7690,10.2084
7691,17.1807
7692,18.3651
7693,16.2768
7694,11.8449
7695,10.2098
7696,12.5930
7697,10.7350
7698,13.1698
7699,17.3306
7700,11.6036
7701,11.3719
7702,9.6962
7703,12.8124
7704,11.1349
7705,12.4607
7706,13.2926
7707,14.2918
7708,16.4714
7709,12.8372
7710,10.0484
7711,9.9864
7712,11.4481
7713,10.1140
7714,13.6950
7715,12.4969
7716,12.8384
7717,11.5447
7718,8.4238
7719,11.4658
7720,16.7959
7721,16.8145
7722,11.3299
7723,14.4224
7724,10.8230
7725,13.8004
7726,13.4017
7727,15.8916
7728,12.3682
7729,15.8327
7730,11.6887
7731,14.5340
7732,14.2181
7733,12.7940
7734,13.8090
7735,14.7340
7736,13.4706
7737,14.9343
7738,15.4550
7739,12.1212
7740,14.1470
7741,14.2701
7742,18.6956
7743,13.8304
7744,13.6638
7745,13.8631
7746,10.8993
7747,14.4610
7748,12.8911
7749,10.5600
7750,16.3302
7751,13.8323
7752,11.8537
