id,t_pub_ms
1,5.4626
2,6.4077
3,8.7047
4,11.6687
5,14.1959
6,17.5552
7,20.0760
8,23.9191
9,26.4401
10,28.3663
11,32.2471
12,35.4917
13,37.6418
14,41.2841
15,42.4747
16,44.7578
17,47.7116
18,49.7100
19,52.2122
20,57.2772
21,57.8980
22,62.8881
23,64.9502
24,68.1782
25,70.8337
26,72.0942
27,73.6365
28,75.2096
29,77.9266
30,81.0187
31,84.1846
32,87.4853
33,90.1587
34,93.0266
35,95.7165
36,99.1321
37,101.6691
38,104.2056
39,106.7157
40,109.2701
41,111.9010
42,115.6216
43,118.7575
44,121.7024
45,124.4512
46,127.1160
47,129.9319
48,132.9174
49,135.4039
50,138.1037
51,143.1520
52,148.3395
53,152.8649
54,156.2285
55,160.1856
56,164.9137
57,168.2909
58,172.0603
59,174.9475
60,177.7055
61,186.6946
62,192.7094
63,197.3474
64,200.6965
65,204.5960
66,209.8715
67,216.8069
68,223.3071
69,227.1972
70,232.9023
71,235.9178
72,239.5308
73,244.6709
74,247.8478
75,251.7657
76,255.3248
77,258.4839
78,261.4551
79,264.5240
80,267.9467
81,271.9607
82,277.6921
83,282.9404
84,287.5435
85,291.2948
86,296.0317
87,304.7316
88,305.9280
89,310.5538
90,314.0368
91,320.1315
92,327.2722
93,331.0020
94,334.5969
95,337.8143
96,339.7119
97,340.4715
98,341.3584
99,342.6225
100,343.6244
101,344.7671
102,345.9587
103,347.0142
104,348.2044
105,349.0191
106,349.9188
107,350.9634
108,352.0813
109,353.2135
110,354.5527
111,355.5939
112,356.5063
113,358.4912
114,361.4163
115,364.7292
116,367.1436
117,369.3504
118,371.5243
119,373.5428
120,375.5498
121,377.1892
122,378.7181
123,380.8270
124,382.8011
125,385.7827
126,388.6573
127,390.4896
128,393.4352
129,395.4952
130,397.5842
131,399.4174
132,401.7825
133,404.7005
134,406.8563
135,409.3690
136,411.5815
137,414.4154
138,417.0835
139,419.2224
140,422.2364
141,424.7007
142,427.2826
143,430.0275
144,431.6130
145,434.1230
146,435.6680
147,438.1251
148,440.1295
149,441.4971
150,443.6636
151,446.7664
152,449.1346
153,452.0380
154,454.1266
155,456.1205
156,457.4826
157,460.1924
158,462.0564
159,464.6673
160,464.9119
161,468.1945
162,475.5208
163,479.7065
164,482.8100
165,486.1255
166,489.6986
167,503.9821
168,511.5087
169,518.3902
170,521.3623
171,524.5206
172,526.9458
173,528.9099
174,531.8573
175,538.4181
176,542.4621
177,546.3691
178,552.5556
179,554.9600
180,556.7224
181,558.5961
182,560.3783
183,561.9807
184,565.1145
185,567.3687
186,569.2499
187,571.4233
188,573.5908
189,575.8314
190,578.3286
191,580.5092
192,582.4382
193,584.6825
194,586.6957
195,588.0785
196,589.4392
197,590.5635
198,591.8593
199,593.8065
200,596.6027
201,595.9675
202,598.2099
203,600.7764
204,602.9983
205,605.3658
206,607.2583
207,609.5283
208,611.2649
209,613.2092
210,615.1235
211,617.3356
212,619.2782
213,620.3563
214,622.7934
215,623.8062
216,625.6642
217,628.4788
218,629.9179
219,632.5057
220,634.8183
221,637.2848
222,639.7378
223,642.2467
224,646.4195
225,646.3773
226,648.9632
227,651.7386
228,655.2548
229,657.9134
230,660.0013
231,662.1702
232,663.5907
233,663.9419
234,664.5312
235,663.6426
236,664.1583
237,666.0569
238,668.1015
239,670.4316
240,671.0930
241,673.4486
242,676.1861
243,678.1232
244,680.5778
245,682.4625
246,684.6795
247,686.8577
248,688.5285
249,690.5296
250,692.9166
251,695.0223
252,697.4590
253,699.4059
254,702.2715
255,704.3834
256,707.3472
257,709.6071
258,711.1785
259,713.3353
260,715.8370
261,717.5732
262,719.8551
263,721.8719
264,724.6044
265,727.2871
266,730.1793
267,733.8130
268,735.3046
269,737.6869
270,740.1543
271,742.6496
272,744.8709
273,747.5607
274,749.5494
275,753.3753
276,754.6186
277,757.1094
278,759.6247
279,761.6670
280,764.0483
281,765.9550
282,767.9060
283,770.3750
284,772.6340
285,775.2795
286,777.4575
287,780.2639
288,783.2277
289,785.8303
290,788.4860
291,791.3229
292,793.8097
293,796.5839
294,799.0377
295,801.7037
296,804.7481
297,807.4858
298,810.4668
299,809.1512
300,811.8980
301,815.0556
302,816.6270
303,818.9824
304,822.8729
305,826.6554
306,828.5747
307,832.8900
308,837.3115
309,841.3296
310,845.2945
311,848.8996
312,847.9311
313,851.3825
314,858.3162
315,861.0539
316,864.2042
317,869.4546
318,873.1458
319,878.0289
320,884.6586
321,886.4481
322,887.4497
323,890.0368
324,893.3177
325,895.7691
326,898.3188
327,901.1462
328,903.1143
329,906.0357
330,908.2801
331,910.8143
332,913.7073
333,916.5804
334,919.3735
335,922.1911
336,924.9170
337,927.6214
338,930.3694
339,933.0463
340,935.6449
341,938.2815
342,941.2670
343,946.5358
344,947.1478
345,950.7635
346,953.3353
347,956.9614
348,959.4133
349,963.7368
350,969.4188
351,973.0823
352,978.4317
353,985.2409
354,990.6576
355,993.5334
356,996.4120
357,999.2857
358,1002.3890
359,1005.1615
360,1017.4043
361,1016.4163
362,1018.3525
363,1021.7485
364,1025.3446
365,1028.4984
366,1032.5480
367,1035.7194
368,1038.5294
369,1041.7264
370,1044.7948
371,1047.5991
372,1050.4210
373,1053.2262
374,1056.4361
375,1059.3116
376,1062.0561
377,1065.2878
378,1069.0045
379,1071.8498
380,1074.4810
381,1077.4198
382,1080.3986
383,1083.2510
384,1086.1602
385,1089.2262
386,1092.1085
387,1094.9442
388,1097.8284
389,1100.7166
390,1107.5039
391,1112.0539
392,1114.7783
393,1117.5311
394,1120.4126
395,1123.2467
396,1126.7531
397,1129.7817
398,1133.0996
399,1136.0123
400,1138.7713
401,1141.3839
402,1145.0543
403,1147.1744
404,1150.0533
405,1152.7162
406,1155.3776
407,1158.2344
408,1161.0484
409,1163.7182
410,1166.1289
411,1168.4401
412,1171.0250
413,1173.9306
414,1176.8680
415,1179.2822
416,1181.4973
417,1183.8629
418,1185.6151
419,1188.1115
420,1189.8346
421,1192.8735
422,1195.5891
423,1198.5679
424,1201.0772
425,1203.2776
426,1205.7414
427,1207.7987
428,1210.2699
429,1213.5737
430,1216.4021
431,1217.5913
432,1221.0617
433,1222.2826
434,1223.5951
435,1224.9472
436,1226.3682
437,1226.3007
438,1228.4389
439,1230.6111
440,1233.7680
441,1236.1248
442,1238.4903
443,1240.7162
444,1243.1180
445,1245.7075
446,1247.7028
447,1251.1687
448,1253.3171
449,1256.7427
450,1260.8826
451,1263.4320
452,1265.1052
453,1268.1558
454,1278.8970
455,1282.3291
456,1285.2457
457,1288.5671
458,1290.9803
459,1293.3311
460,1295.6004
461,1298.0616
462,1300.0154
463,1302.6996
464,1304.3664
465,1306.1919
466,1308.2724
467,1310.7116
468,1313.2017
469,1316.0799
470,1318.8889
471,1321.0633
472,1322.8130
473,1324.9133
474,1327.1616
475,1330.4441
476,1333.7348
477,1336.9315
478,1339.5634
479,1341.9058
480,1344.1036
481,1345.9179
482,1347.9815
483,1350.4198
484,1352.6094
485,1354.9221
486,1356.9381
487,1359.1845
488,1361.6745
489,1364.1236
490,1366.3757
491,1368.6359
492,1370.7235
493,1373.3995
494,1376.6942
495,1378.9699
496,1381.0492
497,1383.0974
498,1385.0522
499,1386.4679
500,1388.9589
501,1391.4182
502,1393.6791
503,1395.5305
504,1397.4614
505,1400.0857
506,1403.0752
507,1405.5264
508,1407.5806
509,1409.2512
510,1410.9914
511,1412.8895
512,1415.3686
513,1418.2620
514,1420.4042
515,1422.4272
516,1424.0708
517,1425.8769
518,1427.5620
519,1429.8580
520,1432.7834
521,1435.7250
522,1438.1759
523,1439.8971
524,1442.2193
525,1444.0978
526,1446.2624
527,1447.6614
528,1449.9090
529,1452.5223
530,1454.9000
531,1456.9924
532,1459.0750
533,1459.4812
534,1461.4477
535,1463.7768
536,1465.7719
537,1468.2939
538,1470.6905
539,1472.6937
540,1475.2491
541,1478.0347
542,1479.7242
543,1485.0552
544,1486.9456
545,1489.4872
546,1490.5310
547,1493.4993
548,1496.3751
549,1499.0225
550,1499.6271
551,1502.6095
552,1507.9286
553,1510.3793
554,1512.7270
555,1514.9801
556,1520.7193
557,1521.7323
558,1525.1350
559,1526.9079
560,1529.5000
561,1532.0716
562,1534.2307
563,1536.0951
564,1538.8701
565,1542.1894
566,1545.8891
567,1548.7511
568,1550.5285
569,1554.3613
570,1558.7883
571,1574.6262
572,1579.9875
573,1582.6094
574,1584.5692
575,1585.9089
576,1587.0461
577,1588.0232
578,1588.3343
579,1589.7036
580,1590.8322
581,1592.0153
582,1593.1633
583,1594.0766
584,1595.6244
585,1596.8759
586,1598.2268
587,1601.2659
588,1602.5302
589,1603.8024
590,1605.1922
591,1606.2691
592,1607.7394
593,1610.9977
594,1614.9449
595,1618.4845
596,1622.3502
597,1625.0823
598,1628.7010
599,1631.5317
600,1630.7735
601,1636.8382
602,1638.3276
603,1642.1208
604,1645.1428
605,1649.6372
606,1653.5661
607,1658.5340
608,1664.0961
609,1667.4206
610,1673.7006
611,1677.5525
612,1680.0914
613,1682.9922
614,1685.6604
615,1689.1124
616,1691.2658
617,1693.2983
618,1696.2676
619,1698.4227
620,1700.9807
621,1701.0112
622,1704.8879
623,1707.4897
624,1712.9860
625,1714.3021
626,1717.8640
627,1729.5282
628,1728.4281
629,1730.0994
630,1732.8978
631,1735.2881
632,1738.5557
633,1739.6085
634,1741.4749
635,1743.7301
636,1744.7345
637,1748.1060
638,1751.3964
639,1753.5827
640,1756.7039
641,1759.3892
642,1761.0145
643,1763.7982
644,1765.7094
645,1767.3671
646,1769.7728
647,1771.7938
648,1773.7687
649,1774.5228
650,1780.0579
651,1783.4203
652,1785.9182
653,1788.2323
654,1790.1900
655,1792.5925
656,1794.0726
657,1796.7856
658,1798.4278
659,1799.9425
660,1802.2859
661,1803.5495
662,1804.8556
663,1807.3640
664,1809.0467
665,1810.5500
666,1812.3143
667,1815.0790
668,1819.6170
669,1823.4980
670,1826.0126
671,1828.1655
672,1829.9081
673,1833.3302
674,1838.9161
675,1842.7858
676,1846.5993
677,1854.2280
678,1858.5167
679,1860.0550
680,1864.5113
681,1868.6361
682,1872.6277
683,1874.2323
684,1877.7111
685,1877.9895
686,1882.6072
687,1884.1186
688,1888.1283
689,1890.8408
690,1891.2272
691,1894.7649
692,1896.7931
693,1897.8953
694,1898.7494
695,1901.8114
696,1902.5996
697,1903.1782
698,1905.0961
699,1906.9006
700,1907.6581
701,1908.9284
702,1909.7786
703,1911.0413
704,1912.6322
705,1913.9390
706,1914.8366
707,1916.3103
708,1917.7411
709,1918.7801
710,1920.1534
711,1921.2143
712,1920.8615
713,1922.4653
714,1923.7523
715,1925.0042
716,1926.0533
717,1927.5205
718,1928.4050
719,1929.2123
720,1930.3162
721,1931.3264
722,1932.5485
723,1933.5690
724,1934.8538
725,1936.0707
726,1937.4504
727,1938.6351
728,1939.9819
729,1940.6559
730,1941.6130
731,1942.6534
732,1943.9371
733,1945.3228
734,1946.2764
735,1947.5422
736,1948.9746
737,1949.9986
738,1951.4282
739,1952.7137
740,1953.8467
741,1955.1537
742,1956.6131
743,1957.9794
744,1959.2276
745,1960.5670
746,1961.6990
747,1962.9996
748,1964.2835
749,1965.5716
750,1966.6212
751,1967.3810
752,1968.3487
753,1969.3849
754,1970.5527
755,1971.6611
756,1972.7693
757,1973.9735
758,1975.3606
759,1976.7959
760,1978.1411
761,1979.3591
762,1980.7189
763,1982.1215
764,1983.2587
765,1984.7581
766,1986.3310
767,1987.5836
768,1988.9877
769,1990.4630
770,1992.0263
771,1992.1496
772,1993.4614
773,1994.7567
774,1995.9943
775,1997.4828
776,1998.9142
777,2000.3955
778,2001.9832
779,2003.3953
780,2004.8134
781,2006.3589
782,2007.6048
783,2009.2556
784,2010.9663
785,2012.4800
786,2014.0150
787,2016.0387
788,2017.5745
789,2019.8252
790,2021.3082
791,2022.9280
792,2024.4434
793,2025.9166
794,2027.7858
795,2029.6707
796,2030.9560
797,2032.3613
798,2033.9329
799,2035.4929
800,2036.2518
801,2036.5274
802,2038.0230
803,2039.3662
804,2040.8382
805,2042.2668
806,2043.7069
807,2045.2704
808,2046.9742
809,2049.0913
810,2050.8792
811,2052.2873
812,2053.7457
813,2055.2859
814,2056.9987
815,2058.1865
816,2059.5090
817,2060.6313
818,2062.2218
819,2063.6454
820,2065.1731
821,2066.6945
822,2068.1632
823,2070.1592
824,2071.6901
825,2071.9347
826,2072.4459
827,2073.7767
828,2075.1045
829,2076.5865
830,2078.0213
831,2079.3839
832,2081.0571
833,2082.8805
834,2084.4455
835,2086.0286
836,2087.0664
837,2088.2454
838,2089.5298
839,2090.9667
840,2091.6777
841,2092.9019
842,2094.4607
843,2095.4044
844,2096.9319
845,2098.3131
846,2099.6428
847,2101.2321
848,2102.9458
849,2104.9106
850,2109.0474
851,2114.4240
852,2115.7084
853,2117.3673
854,2118.6688
855,2120.0514
856,2121.6006
857,2121.7735
858,2123.3487
859,2124.8970
860,2126.2598
861,2127.7685
862,2129.4053
863,2130.9123
864,2132.3950
865,2134.0737
866,2135.8268
867,2137.4817
868,2139.3828
869,2140.9602
870,2142.4456
871,2144.4159
872,2146.2183
873,2147.8603
874,2149.4155
875,2150.5353
876,2152.4498
877,2152.1211
878,2153.4264
879,2154.3562
880,2156.0202
881,2157.5906
882,2159.1241
883,2160.5341
884,2161.8853
885,2163.4839
886,2165.1368
887,2166.6279
888,2166.7566
889,2168.0467
890,2169.5864
891,2171.1211
892,2172.8632
893,2174.3705
894,2175.9844
895,2177.6989
896,2178.7109
897,2180.2120
898,2181.5119
899,2182.7407
900,2184.3004
901,2185.6782
902,2185.7028
903,2186.8894
904,2188.4005
905,2190.0442
906,2191.5779
907,2192.8265
908,2194.1416
909,2195.5934
910,2196.9857
911,2198.5321
912,2200.2783
913,2201.4782
914,2204.7093
915,2206.4550
916,2208.0691
917,2209.7147
918,2211.2718
919,2212.8837
920,2214.3524
921,2215.9367
922,2217.4981
923,2219.0630
924,2220.5663
925,2222.1901
926,2223.6657
927,2225.1673
928,2226.7487
929,2228.2217
930,2229.7025
931,2231.1735
932,2232.8482
933,2234.3445
934,2235.9645
935,2237.2921
936,2238.8685
937,2240.2420
938,2241.7243
939,2243.3720
940,2244.8571
941,2246.1333
942,2247.6952
943,2249.2263
944,2250.9727
945,2252.6228
946,2254.2756
947,2256.1595
948,2257.5402
949,2259.1197
950,2260.8070
951,2262.4362
952,2264.0765
953,2265.5585
954,2267.1790
955,2268.6040
956,2269.7299
957,2271.3807
958,2273.1252
959,2274.9982
960,2276.6352
961,2278.0869
962,2279.5887
963,2281.2099
964,2282.8431
965,2285.0626
966,2286.7043
967,2288.2106
968,2289.8207
969,2291.3868
970,2292.7425
971,2294.2166
972,2295.8732
973,2297.3981
974,2298.7182
975,2300.4932
976,2301.9872
977,2303.9281
978,2305.5754
979,2307.1730
980,2308.7950
981,2310.3538
982,2311.8873
983,2313.6096
984,2315.3028
985,2316.9158
986,2318.2662
987,2319.4890
988,2320.9872
989,2322.2334
990,2323.7321
991,2325.3131
992,2326.6375
993,2328.0573
994,2329.3321
995,2330.7054
996,2332.1586
997,2333.4119
998,2335.0406
999,2336.3450
1000,2338.0296
1001,2339.2990
1002,2340.7202
1003,2342.0143
1004,2343.4081
1005,2344.8095
1006,2346.2183
1007,2347.4560
1008,2348.9692
1009,2350.0221
1010,2351.8271
1011,2353.2076
1012,2354.6119
1013,2356.0259
1014,2357.4007
1015,2358.7034
1016,2360.0643
1017,2361.2359
1018,2362.5801
1019,2364.3861
1020,2365.6445
1021,2367.0135
1022,2368.3150
1023,2369.4263
1024,2370.8634
1025,2372.3738
1026,2373.7009
1027,2375.1276
1028,2376.1950
1029,2377.5094
1030,2378.7553
1031,2380.3253
1032,2381.9468
1033,2383.3420
1034,2385.0553
1035,2386.4715
1036,2387.8729
1037,2389.0936
1038,2389.9922
1039,2391.4056
1040,2392.7543
1041,2393.9836
1042,2395.1275
1043,2396.5049
1044,2397.8584
1045,2399.2548
1046,2400.4984
1047,2401.8161
1048,2403.2784
1049,2404.3312
1050,2405.5545
1051,2408.8178
1052,2410.2707
1053,2411.6368
1054,2413.4619
1055,2415.3917
1056,2418.1461
1057,2418.7286
1058,2421.5250
1059,2423.8508
1060,2424.3417
1061,2427.2277
1062,2427.5346
1063,2429.0752
1064,2430.7778
1065,2432.5070
1066,2434.3994
1067,2435.6644
1068,2436.8792
1069,2438.9110
1070,2443.2919
1071,2443.7361
1072,2446.8832
1073,2456.3134
1074,2458.9159
1075,2464.1249
1076,2467.1512
1077,2470.2847
1078,2473.2444
1079,2475.9908
1080,2478.4482
1081,2484.7250
1082,2482.9831
1083,2486.1147
1084,2490.1168
1085,2493.1965
1086,2495.7602
1087,2498.2300
1088,2499.5694
1089,2504.4568
1090,2505.8231
1091,2507.8776
1092,2510.3319
1093,2512.7256
1094,2515.7080
1095,2518.5971
1096,2522.1808
1097,2526.8176
1098,2529.9888
1099,2532.2275
1100,2535.2123
1101,2537.9658
1102,2541.2621
1103,2543.8969
1104,2545.7699
1105,2546.8795
1106,2547.3819
1107,2548.6472
1108,2549.9940
1109,2551.1470
1110,2552.2325
1111,2553.2501
1112,2554.5776
1113,2556.0296
1114,2557.1842
1115,2558.6834
1116,2559.9289
1117,2561.3344
1118,2562.7413
1119,2563.5700
1120,2564.6875
1121,2566.1781
1122,2567.4384
1123,2568.9390
1124,2570.3595
1125,2571.8164
1126,2573.3030
1127,2575.2714
1128,2576.7822
1129,2578.2905
1130,2579.7071
1131,2581.0835
1132,2572.1121
1133,2572.3701
1134,2573.7183
1135,2574.1162
1136,2575.4790
1137,2576.9377
1138,2577.8935
1139,2579.3066
1140,2580.5166
1141,2581.9297
1142,2583.9117
1143,2585.1257
1144,2586.4375
1145,2585.7358
1146,2586.9765
1147,2588.1624
1148,2589.6091
1149,2591.0895
1150,2592.3386
1151,2593.7059
1152,2594.1782
1153,2595.8226
1154,2597.1267
1155,2598.5246
1156,2599.7117
1157,2600.2765
1158,2601.5537
1159,2603.0800
1160,2603.9424
1161,2605.4814
1162,2606.6279
1163,2607.6658
1164,2608.6619
1165,2609.9901
1166,2611.2320
1167,2612.4353
1168,2613.6653
1169,2614.6483
1170,2615.4680
1171,2616.8673
1172,2618.3488
1173,2619.7796
1174,2620.8684
1175,2622.4282
1176,2624.0394
1177,2625.4911
1178,2626.9994
1179,2628.2325
1180,2629.6217
1181,2631.0923
1182,2632.3915
1183,2633.7733
1184,2634.9988
1185,2636.1544
1186,2637.5792
1187,2638.7675
1188,2640.1429
1189,2641.5792
1190,2643.1141
1191,2644.6350
1192,2644.9018
1193,2646.3273
1194,2647.6901
1195,2648.6683
1196,2649.9438
1197,2651.4890
1198,2653.0159
1199,2654.4578
1200,2655.7844
1201,2657.5248
1202,2658.7422
1203,2659.7457
1204,2661.1357
1205,2662.7154
1206,2663.9247
1207,2665.2520
1208,2666.1975
1209,2667.2869
1210,2667.8679
1211,2669.2078
1212,2670.4454
1213,2671.0510
1214,2672.4653
1215,2674.1364
1216,2675.0083
1217,2676.0330
1218,2677.3760
1219,2678.7550
1220,2680.3889
1221,2682.7505
1222,2685.8654
1223,2687.3569
1224,2688.7257
1225,2690.1605
1226,2691.5677
1227,2692.8988
1228,2694.1919
1229,2695.7054
1230,2697.2442
1231,2698.7011
1232,2700.0473
1233,2701.7856
1234,2702.7035
1235,2703.8982
1236,2705.4274
1237,2706.9178
1238,2708.4661
1239,2709.7661
1240,2711.2582
1241,2712.6522
1242,2713.9590
1243,2715.5244
1244,2716.8489
1245,2718.2348
1246,2719.6937
1247,2721.2608
1248,2722.9013
1249,2724.3769
1250,2725.9173
1251,2727.3796
1252,2729.0304
1253,2730.3612
1254,2732.6603
1255,2735.6324
1256,2736.8195
1257,2741.7400
1258,2744.6356
1259,2749.1176
1260,2749.2335
1261,2751.6146
1262,2755.5690
1263,2760.3583
1264,2760.2985
1265,2762.6452
1266,2765.1629
1267,2767.6799
1268,2769.9454
1269,2772.4259
1270,2775.0335
1271,2777.9064
1272,2781.3890
1273,2786.0796
1274,2790.0016
1275,2793.9119
1276,2797.7445
1277,2799.7477
1278,2801.9009
1279,2804.2510
1280,2806.4950
1281,2809.9284
1282,2811.6038
1283,2814.6536
1284,2819.4733
1285,2822.0448
1286,2826.8180
1287,2828.9304
1288,2831.7187
1289,2835.2535
1290,2838.4113
1291,2841.3270
1292,2844.6271
1293,2847.9841
1294,2852.2551
1295,2856.6604
1296,2860.3175
1297,2864.4781
1298,2868.3043
1299,2871.5248
1300,2874.4607
1301,2875.3064
1302,2880.5466
1303,2885.0296
1304,2889.9219
1305,2893.1053
1306,2896.3227
1307,2899.3094
1308,2901.5315
1309,2904.4752
1310,2907.7210
1311,2911.2496
1312,2911.7754
1313,2914.6764
1314,2917.8753
1315,2919.9939
1316,2923.2540
1317,2925.9379
1318,2931.2994
1319,2934.5968
1320,2937.1221
1321,2940.8205
1322,2943.2650
1323,2945.9178
1324,2948.3602
1325,2950.9547
1326,2953.0001
1327,2955.8120
1328,2958.3023
1329,2961.0198
1330,2963.4709
1331,2966.5298
1332,2968.6577
1333,2973.1209
1334,2977.1435
1335,2980.2680
1336,2983.3398
1337,2984.3123
1338,2986.3789
1339,2989.9423
1340,2992.0974
1341,2994.8225
1342,2997.3567
1343,3000.5603
1344,3003.4730
1345,3005.6226
1346,3008.3623
1347,3010.7591
1348,3012.8267
1349,3013.5915
1350,3014.3728
1351,3017.3533
1352,3019.5742
1353,3019.1953
1354,3020.2196
1355,3023.2286
1356,3024.2577
1357,3026.7289
1358,3029.8398
1359,3033.8392
1360,3036.1032
1361,3039.0501
1362,3041.1484
1363,3044.4636
1364,3048.6040
1365,3051.5509
1366,3053.6232
1367,3055.8865
1368,3057.2841
1369,3060.3588
1370,3063.2699
1371,3065.9208
1372,3068.7046
1373,3071.5902
1374,3074.6908
1375,3076.4694
1376,3078.7127
1377,3081.0919
1378,3082.4351
1379,3084.3108
1380,3086.7476
1381,3089.6878
1382,3093.0977
1383,3095.0418
1384,3096.5831
1385,3099.6761
1386,3102.9603
1387,3107.2614
1388,3109.0612
1389,3109.4058
1390,3111.7845
1391,3115.8998
1392,3118.8722
1393,3121.2418
1394,3123.9562
1395,3126.1847
1396,3128.3205
1397,3130.7073
1398,3133.0099
1399,3135.8955
1400,3138.9320
1401,3141.6278
1402,3144.9761
1403,3147.8660
1404,3150.2848
1405,3153.1947
1406,3155.5235
1407,3158.1311
1408,3160.0516
1409,3162.6298
1410,3164.8610
1411,3167.4705
1412,3170.1097
1413,3172.6120
1414,3174.9911
1415,3177.5963
1416,3182.0736
1417,3185.5476
1418,3189.3513
1419,3192.8787
1420,3194.6447
1421,3195.4100
1422,3197.0217
1423,3198.2448
1424,3199.0838
1425,3199.2302
1426,3199.8763
1427,3200.7596
1428,3201.7002
1429,3202.9672
1430,3203.7072
1431,3204.5302
1432,3205.8864
1433,3208.0793
1434,3208.6322
1435,3209.8999
1436,3211.1506
1437,3212.2018
1438,3213.0854
1439,3214.2932
1440,3215.5185
1441,3216.0373
1442,3217.2854
1443,3218.6253
1444,3219.9273
1445,3221.2820
1446,3222.2185
1447,3223.3460
1448,3224.5090
1449,3225.5991
1450,3224.9753
1451,3226.1667
1452,3227.1936
1453,3228.2231
1454,3229.3420
1455,3230.4740
1456,3231.4658
1457,3232.3184
1458,3233.7294
1459,3234.8008
1460,3235.9645
1461,3237.1988
1462,3238.1036
1463,3239.1362
1464,3240.1857
1465,3241.3549
1466,3242.4343
1467,3243.5632
1468,3244.7317
1469,3245.8930
1470,3246.9745
1471,3248.1570
1472,3249.2328
1473,3250.3662
1474,3251.4584
1475,3252.6305
1476,3253.6039
1477,3253.3982
1478,3254.3538
1479,3255.5368
1480,3256.6729
1481,3257.7572
1482,3258.7731
1483,3259.7187
1484,3260.8576
1485,3261.8775
1486,3262.9230
1487,3264.0924
1488,3265.3079
1489,3268.5750
1490,3270.0777
1491,3274.2670
1492,3274.3061
1493,3277.7689
1494,3279.9735
1495,3283.3409
1496,3286.1912
1497,3291.7078
1498,3292.7341
1499,3291.8401
1500,3293.9472
1501,3296.8247
1502,3300.8409
1503,3302.6211
1504,3304.1258
1505,3305.9652
1506,3308.7442
1507,3310.7600
1508,3313.5481
1509,3316.1993
1510,3318.3036
1511,3320.3509
1512,3323.0422
1513,3325.0391
1514,3327.3146
1515,3329.7982
1516,3331.9802
1517,3334.5690
1518,3336.6485
1519,3339.1819
1520,3340.6975
1521,3343.0102
1522,3346.2062
1523,3348.6278
1524,3350.5323
1525,3353.0705
1526,3355.0897
1527,3357.8329
1528,3361.1815
1529,3363.1892
1530,3365.8514
1531,3368.8722
1532,3371.3071
1533,3373.1611
1534,3376.1983
1535,3378.2110
1536,3381.2432
1537,3383.2397
1538,3386.0512
1539,3389.1873
1540,3392.2417
1541,3395.8049
1542,3399.8098
1543,3402.0000
1544,3405.1020
1545,3407.8810
1546,3411.1383
1547,3415.7150
1548,3420.4409
1549,3423.1691
1550,3425.3221
1551,3427.6733
1552,3431.8283
1553,3436.9037
1554,3440.1321
1555,3445.1592
1556,3451.4945
1557,3455.7221
1558,3459.4407
1559,3462.4748
1560,3465.1601
1561,3468.1914
1562,3470.5393
1563,3472.4576
1564,3472.0824
1565,3472.9483
1566,3473.7384
1567,3474.6263
1568,3480.2434
1569,3477.2253
1570,3480.3214
1571,3476.7945
1572,3481.9510
1573,3482.4889
1574,3482.7964
1575,3482.8122
1576,3485.0612
1577,3486.4113
1578,3488.1220
1579,3490.6299
1580,3493.1002
1581,3494.1010
1582,3498.0145
1583,3497.4856
1584,3498.1360
1585,3501.3397
1586,3500.1161
1587,3498.3153
1588,3499.9044
1589,3501.1964
1590,3501.8651
1591,3503.9485
1592,3502.7392
1593,3506.5477
1594,3508.6434
1595,3509.9819
1596,3511.0154
1597,3512.7099
1598,3513.8884
1599,3515.9357
1600,3516.0108
1601,3519.3930
1602,3515.4426
1603,3517.0846
1604,3520.5185
1605,3521.5094
1606,3523.0491
1607,3521.3149
1608,3521.5864
1609,3523.6049
1610,3521.9045
1611,3522.1372
1612,3522.9311
1613,3524.2288
1614,3523.1695
1615,3523.4227
1616,3522.7809
1617,3522.2156
1618,3525.2764
1619,3524.5304
1620,3525.0363
1621,3526.3641
1622,3526.0491
1623,3527.4501
1624,3526.5186
1625,3524.8010
1626,3528.9946
1627,3528.1785
1628,3526.7365
1629,3512.2771
1630,3511.7419
1631,3514.5426
1632,3518.8668
1633,3521.2588
1634,3522.7218
1635,3526.1006
1636,3532.0387
1637,3532.2230
1638,3533.5500
1639,3537.5214
1640,3540.8483
1641,3542.4559
1642,3545.8670
1643,3550.0131
1644,3553.2548
1645,3555.5897
1646,3560.5128
1647,3560.7443
1648,3560.2489
1649,3563.2505
1650,3566.1376
1651,3565.5499
1652,3565.0806
1653,3566.8602
1654,3566.8550
1655,3568.5396
1656,3565.3005
1657,3567.3940
1658,3565.9454
1659,3566.4673
1660,3566.9096
1661,3565.9926
1662,3566.0887
1663,3564.5509
1664,3561.4562
1665,3563.5390
1666,3560.6101
1667,3561.4908
1668,3557.7772
1669,3558.1911
1670,3558.6143
1671,3559.7878
1672,3559.9136
1673,3559.4459
1674,3560.1373
1675,3560.6658
1676,3560.8301
1677,3562.4106
1678,3563.8907
1679,3566.9312
1680,3564.5170
1681,3564.7323
1682,3562.9919
1683,3562.2003
1684,3561.3449
1685,3564.9147
1686,3566.4072
1687,3559.7847
1688,3559.9272
1689,3559.3662
1690,3560.3731
1691,3560.4208
1692,3561.6870
1693,3563.2946
1694,3565.3026
1695,3563.2417
1696,3564.8336
1697,3564.2138
1698,3564.2362
1699,3560.9691
1700,3562.8271
1701,3561.9702
1702,3563.4787
1703,3565.3732
1704,3567.0319
1705,3569.7742
1706,3566.7915
1707,3567.9715
1708,3568.4183
1709,3570.9639
1710,3572.1591
1711,3571.4381
1712,3573.9088
1713,3576.2126
1714,3576.9162
1715,3580.9295
1716,3584.0302
1717,3583.1621
1718,3583.6899
1719,3584.4429
1720,3585.6192
1721,3587.1572
1722,3588.3880
1723,3589.9575
1724,3588.6304
1725,3589.9098
1726,3591.8903
1727,3594.8370
1728,3596.2276
1729,3599.5970
1730,3599.7488
1731,3599.4570
1732,3602.0396
1733,3594.8176
1734,3595.0675
1735,3597.8522
1736,3599.1228
1737,3598.5332
1738,3601.0330
1739,3606.1752
1740,3614.8953
1741,3611.6538
1742,3605.6650
1743,3600.1334
1744,3599.0329
1745,3700.8312
1746,3699.5113
1747,3700.1851
1748,3697.7453
1749,3702.9486
1750,3702.4183
1751,3704.3319
1752,3708.6675
1753,3714.2229
1754,3711.0994
1755,3711.4315
1756,3712.4352
1757,3715.7800
1758,3718.0817
1759,3720.8028
1760,3724.6068
1761,3728.6124
1762,3736.8977
1763,3734.7996
1764,3742.8119
1765,3751.7056
1766,3753.1078
1767,3754.3573
1768,3764.0367
1769,3768.2247
1770,3772.3687
1771,3774.0097
1772,3772.3358
1773,3781.2452
1774,3779.1231
1775,3781.4777
1776,3786.1564
1777,3792.8407
1778,3802.0375
1779,3802.1560
1780,3807.8680
1781,3805.7296
1782,3805.1221
1783,3803.9694
1784,3804.1992
1785,3804.2104
1786,3804.3773
1787,3804.5878
1788,3805.2404
1789,3805.7864
1790,3807.1098
1791,3815.2943
1792,3818.0521
1793,3818.3413
1794,3821.5604
1795,3822.6075
1796,3823.1831
1797,3823.3585
1798,3822.5298
1799,3822.9883
1800,3823.2996
1801,3823.5366
1802,3822.6185
1803,3824.7983
1804,3826.4589
1805,3828.4280
1806,3829.5658
1807,3831.3200
1808,3832.6390
1809,3834.3959
1810,3835.0909
1811,3836.4971
1812,3836.4012
1813,3836.3853
1814,3836.7262
1815,3841.8691
1816,3841.4230
1817,3843.3185
1818,3843.9822
1819,3844.1467
1820,3848.1224
1821,3849.9672
1822,3852.4354
1823,3851.7582
1824,3851.5353
1825,3854.0001
1826,3855.6104
1827,3857.8923
1828,3857.9192
1829,3864.9828
1830,3863.0378
1831,3863.0850
1832,3864.4860
1833,3865.7169
1834,3868.3629
1835,3869.8375
1836,3871.4833
1837,3872.4954
1838,3876.4539
1839,3876.7214
1840,3887.9688
1841,3887.7478
1842,3887.3270
1843,3888.4740
1844,3885.7765
1845,3886.2581
1846,3888.0160
1847,3887.9161
1848,3889.1997
1849,3888.3700
1850,3890.0335
1851,3890.2776
1852,3893.3146
1853,3893.8563
1854,3900.8055
1855,3901.8669
1856,3904.7966
1857,3904.9873
1858,3906.8289
1859,3907.2320
1860,3920.0368
1861,3924.8590
1862,3930.3594
1863,3929.9657
1864,3930.0530
1865,3927.2468
1866,3924.5214
1867,3923.1474
1868,3923.7742
1869,3931.9530
1870,3930.8929
1871,3935.8714
1872,3934.7701
1873,3932.3409
1874,3930.7961
1875,3928.1273
1876,3930.7663
1877,3931.2074
1878,3931.8583
1879,3931.0882
1880,3931.1988
1881,3931.1650
1882,3931.8235
1883,3933.1334
1884,3932.8513
1885,3932.6522
1886,3933.3375
1887,3931.8931
1888,3931.8130
1889,3932.4870
1890,3934.8931
1891,3935.6709
1892,3936.9860
1893,3937.5005
1894,3939.2076
1895,3939.5554
1896,3938.3283
1897,3939.0888
1898,3938.0820
1899,3939.6136
1900,3940.6972
1901,3941.6161
1902,3941.7763
1903,3942.8852
1904,3943.3706
1905,3944.2065
1906,3939.2793
1907,3940.8195
1908,3944.2418
1909,3948.0519
1910,3950.6414
1911,3950.4352
1912,3952.2753
1913,3954.3052
1914,3954.5491
1915,3956.4795
1916,3956.3105
1917,3956.8110
1918,3957.5512
1919,3955.2727
1920,3956.6202
1921,3957.8245
1922,3960.0449
1923,3961.4754
1924,3962.9731
1925,3963.3398
1926,3965.5659
1927,3966.5020
1928,3967.1955
1929,3967.8555
1930,3969.5022
1931,3971.5793
1932,3972.6446
1933,3974.9274
1934,3976.1457
1935,3978.2825
1936,3980.1905
1937,3983.4146
1938,3989.1415
1939,3995.1954
1940,3994.6020
1941,3994.0310
1942,3995.4526
1943,3995.2688
1944,3995.1396
1945,3995.7991
1946,3997.5710
1947,3998.5814
1948,3997.4639
1949,4000.0837
1950,4001.7440
1951,4003.2399
1952,4003.4921
1953,4004.5695
1954,4007.7624
1955,4007.1092
1956,4033.8504
1957,4040.1993
1958,4037.9317
1959,4034.3671
1960,4032.1281
1961,4029.8688
1962,4026.4878
1963,4024.3247
1964,4020.9951
1965,4018.5461
1966,4016.3534
1967,4014.1604
1968,4010.7789
1969,4006.1414
1970,4003.8748
1971,4006.5041
1972,4006.2907
1973,4007.0517
1974,4006.3505
1975,4007.3073
1976,4006.6304
1977,4007.2896
1978,4006.5844
1979,4007.3004
1980,4006.5777
1981,4007.1104
1982,4006.7804
1983,4006.7916
1984,4007.6244
1985,4006.7883
1986,4007.1735
1987,4007.5228
1988,4006.7289
1989,4007.0393
1990,4006.5153
1991,4006.9199
1992,4006.1560
1993,4005.4495
1994,4006.2990
1995,4005.5695
1996,4005.8591
1997,4006.1312
1998,4005.3010
1999,4005.6930
2000,4006.8183
2001,4006.9034
2002,4006.0301
2003,4005.9068
2004,4003.9318
2005,4003.8397
2006,4003.2773
2007,4003.8555
2008,4005.8792
2009,4006.8810
2010,4009.6951
2011,4011.6482
2012,4015.8052
2013,4015.6562
2014,4016.2423
2015,4015.9442
2016,4017.2455
2017,4016.6676
2018,4017.4005
2019,4016.5696
2020,4017.0238
2021,4016.3069
2022,4016.7298
2023,4015.9276
2024,4016.4175
2025,4015.6879
2026,4016.5646
2027,4015.8589
2028,4016.4113
2029,4015.5101
2030,4014.6732
2031,4015.3952
2032,4016.6144
2033,4017.5352
2034,4018.6532
2035,4019.0673
2036,4018.8868
2037,4019.3038
2038,4018.4824
2039,4019.0191
2040,4019.0785
2041,4019.6004
2042,4019.3028
2043,4019.5150
2044,4020.0007
2045,4019.3100
2046,4019.6831
2047,4019.6798
2048,4022.0311
2049,4024.5872
2050,4025.4405
2051,4028.0192
2052,4029.3574
2053,4031.9207
2054,4032.9871
2055,4035.1281
2056,4036.2232
2057,4038.8775
2058,4040.8707
2059,4043.3195
2060,4044.8606
2061,4047.1678
2062,4049.2973
2063,4050.0920
2064,4052.0511
2065,4054.2276
2066,4056.3920
2067,4057.5325
2068,4059.8705
2069,4062.2106
2070,4063.1030
2071,4065.3503
2072,4067.7619
2073,4070.3344
2074,4069.2768
2075,4071.1510
2076,4071.5578
2077,4075.0623
2078,4076.0710
2079,4075.9420
2080,4079.5329
2081,4079.7894
2082,4083.6380
2083,4081.2633
2084,4082.8471
2085,4080.1277
2086,4081.3832
2087,4081.7714
2088,4082.2060
2089,4082.1328
2090,4083.2717
2091,4081.4908
2092,4082.5574
2093,4084.5406
2094,4085.2602
2095,4095.0954
2096,4092.9327
2097,4093.9276
2098,4096.1139
2099,4097.4832
2100,4099.0961
2101,4099.7396
2102,4099.8909
2103,4099.8363
2104,4102.5491
2105,4104.6183
2106,4104.0027
2107,4103.3950
2108,4104.0182
2109,4105.8869
2110,4107.3728
2111,4107.1451
2112,4111.2385
2113,4113.1494
2114,4110.7826
2115,4114.3384
2116,4114.1651
2117,4113.3885
2118,4114.7354
2119,4115.9194
2120,4117.2595
2121,4115.9306
2122,4116.1716
2123,4117.8377
2124,4119.4599
2125,4120.0697
2126,4117.8644
2127,4116.5888
2128,4115.0131
2129,4109.0486
2130,4108.1035
2131,4105.0115
2132,4104.3518
2133,4102.9696
2134,4102.9651
2135,4102.0589
2136,4102.3269
2137,4105.0012
2138,4112.8607
2139,4108.1133
2140,4103.0605
2141,4099.7694
2142,4095.4444
2143,4093.5690
2144,4092.9351
2145,4093.0946
2146,4094.4824
2147,4097.4226
2148,4093.2357
2149,4096.2169
2150,4092.3388
2151,4093.8432
2152,4092.6454
2153,4089.7465
2154,4088.4387
2155,4087.1241
2156,4085.0394
2157,4084.4026
2158,4082.9260
2159,4083.2529
2160,4083.2691
2161,4085.2697
2162,4086.1168
2163,4087.3561
2164,4087.5692
2165,4087.4910
2166,4086.6570
2167,4086.7465
2168,4086.6382
2169,4086.7133
2170,4085.9423
2171,4086.6811
2172,4086.4787
2173,4086.3678
2174,4086.5848
2175,4085.4840
2176,4085.4716
2177,4084.6500
2178,4084.5828
2179,4084.6486
2180,4083.4131
2181,4083.6339
2182,4083.8034
2183,4082.9601
2184,4082.9420
2185,4083.0834
2186,4081.9442
2187,4082.2413
2188,4081.7940
2189,4081.5883
2190,4082.0396
2191,4080.8561
2192,4080.9364
2193,4080.8733
2194,4080.5783
2195,4079.3252
2196,4079.2351
2197,4079.1228
2198,4077.9111
2199,4077.7943
2200,4077.8921
2201,4077.7524
2202,4078.0940
2203,4077.8258
2204,4076.5297
2205,4077.1554
2206,4076.9818
2207,4077.0442
2208,4075.1469
2209,4076.0267
2210,4075.9084
2211,4081.2500
2212,4081.8474
2213,4082.0467
2214,4082.0153
2215,4081.8052
2216,4082.0913
2217,4080.6732
2218,4080.8389
2219,4080.4892
2220,4080.4627
2221,4080.5299
2222,4080.5826
2223,4080.4241
2224,4080.1523
2225,4078.9535
2226,4078.9893
2227,4078.8195
2228,4078.7556
2229,4078.9702
2230,4078.5723
2231,4077.9705
2232,4078.3470
2233,4078.3885
2234,4076.9336
2235,4077.2865
2236,4077.7578
2237,4078.0022
2238,4078.3005
2239,4077.6772
2240,4076.8209
2241,4076.4129
2242,4076.6649
2243,4076.7055
2244,4075.4611
2245,4075.5606
2246,4075.9408
2247,4074.7199
2248,4074.0297
2249,4074.2795
2250,4074.5809
2251,4074.9524
2252,4074.3496
2253,4074.5630
2254,4074.3842
2255,4073.0600
2256,4073.1006
2257,4073.0371
2258,4072.7618
2259,4072.6702
2260,4071.6701
2261,4071.7561
2262,4072.3724
2263,4074.1282
2264,4074.3749
2265,4074.6393
2266,4074.5325
2267,4073.8730
2268,4073.9465
2269,4074.0998
2270,4073.6575
2271,4073.0152
2272,4073.0257
2273,4072.8385
2274,4073.1184
2275,4071.8610
2276,4070.8396
2277,4069.7701
2278,4069.2554
2279,4068.5060
2280,4068.4667
2281,4068.6047
2282,4068.4259
2283,4067.3277
2284,4067.3237
2285,4067.3239
2286,4066.6573
2287,4065.7787
2288,4065.8147
2289,4065.7415
2290,4065.5115
2291,4064.6346
2292,4068.4924
2293,4068.5930
2294,4067.5168
2295,4067.6723
2296,4068.0451
2297,4068.5689
2298,4068.1982
2299,4067.3242
2300,4067.6665
2301,4067.4429
2302,4067.4760
2303,4066.2076
2304,4066.2117
2305,4066.4272
2306,4065.3331
2307,4065.1798
2308,4064.8429
2309,4075.9768
2310,4072.7022
2311,4068.5930
2312,4067.8751
2313,4070.4708
2314,4074.3041
2315,4077.9490
2316,4080.3311
2317,4081.1336
2318,4082.4316
2319,4082.7014
2320,4089.0839
2321,4093.2221
2322,4094.3007
2323,4094.2721
2324,4102.4146
2325,4099.1280
2326,4103.8749
2327,4103.4889
2328,4106.1378
2329,4102.9191
2330,4101.2130
2331,4099.6261
2332,4096.4997
2333,4097.1098
2334,4096.2148
2335,4095.1536
2336,4094.4009
2337,4092.9878
2338,4093.7965
2339,4094.2185
2340,4089.3798
2341,4088.5808
2342,4087.7531
2343,4085.2742
2344,4082.6328
2345,4082.0208
2346,4081.1234
2347,4079.1376
2348,4076.9861
2349,4077.3730
2350,4071.5859
2351,4074.0633
2352,4073.3087
2353,4074.6412
2354,4076.9889
2355,4075.9490
2356,4081.6631
2357,4083.2372
2358,4076.3321
2359,4074.0798
2360,4073.2288
2361,4071.0366
2362,4070.5278
2363,4067.4274
2364,4068.7811
2365,4071.9621
2366,4070.8206
2367,4069.8392
2368,4065.0885
2369,4063.8974
2370,4062.7441
2371,4060.2486
2372,4059.2670
2373,4059.6268
2374,4056.8333
2375,4056.0575
2376,4059.5508
2377,4059.2012
2378,4060.1172
2379,4064.1444
2380,4065.5825
2381,4068.3649
2382,4070.4479
2383,4073.4043
2384,4077.2855
2385,4074.2726
2386,4074.3082
2387,4074.3778
2388,4071.9316
2389,4069.3684
2390,4066.7980
2391,4065.3572
2392,4065.5811
2393,4063.7341
2394,4064.6040
2395,4064.1823
2396,4066.6864
2397,4064.5373
2398,4063.3209
2399,4064.8203
2400,4062.0070
2401,4061.6963
2402,4059.7906
2403,4057.7579
2404,4058.9738
2405,4059.5734
2406,4056.3915
2407,4057.1141
2408,4058.3735
2409,4058.9325
2410,4059.3033
2411,4060.9639
2412,4060.7719
2413,4064.0748
2414,4061.5101
2415,4060.2961
2416,4060.3845
2417,4060.1022
2418,4059.7465
2419,4058.6874
2420,4057.3409
2421,4057.0426
2422,4058.2738
2423,4057.3030
2424,4055.5847
2425,4054.5633
2426,4053.5161
2427,4052.4495
2428,4052.9344
2429,4052.0344
2430,4052.9296
2431,4053.6351
2432,4054.6677
2433,4054.2891
2434,4053.6051
2435,4053.9455
2436,4053.6354
2437,4054.5557
2438,4052.7594
2439,4052.7878
2440,4054.3034
2441,4055.1128
2442,4052.5458
2443,4052.1138
2444,4054.3952
2445,4056.1523
2446,4054.1716
2447,4054.2212
2448,4053.9513
2449,4053.9968
2450,4054.0996
2451,4054.6210
2452,4054.3468
2453,4054.3406
2454,4054.3146
2455,4053.6063
2456,4052.8562
2457,4054.7745
2458,4054.3320
2459,4053.0188
2460,4052.6233
2461,4051.8064
2462,4051.1241
2463,4051.7919
2464,4051.1165
2465,4056.3524
2466,4054.0102
2467,4056.5469
2468,4052.0518
2469,4053.5305
2470,4050.1101
2471,4045.7547
2472,4045.8341
2473,4048.3906
2474,4049.7043
2475,4050.8308
2476,4050.4365
2477,4052.1412
2478,4053.7047
2479,4055.4981
2480,4057.4057
2481,4059.1741
2482,4060.7767
2483,4062.1364
2484,4063.7667
2485,4064.5812
2486,4065.8741
2487,4067.0574
2488,4069.8655
2489,4071.8024
2490,4072.6202
2491,4074.3833
2492,4076.1306
2493,4077.8971
2494,4079.9975
2495,4082.0949
2496,4084.1415
2497,4086.1292
2498,4087.8940
2499,4089.5615
2500,4092.1957
2501,4094.3494
2502,4096.1339
2503,4097.8131
2504,4100.9264
2505,4104.8603
2506,4107.3446
2507,4109.4267
2508,4112.4654
2509,4115.4747
2510,4114.9254
2511,4113.9829
2512,4112.4432
2513,4120.6799
2514,4121.4762
2515,4124.5201
2516,4124.8908
2517,4127.9299
2518,4129.8451
2519,4129.9341
2520,4131.8502
2521,4133.6157
2522,4134.8181
2523,4136.4903
2524,4137.5108
2525,4138.8524
2526,4140.2140
2527,4142.1680
2528,4143.3275
2529,4144.4550
2530,4145.3176
2531,4147.1758
2532,4148.6087
2533,4150.0216
2534,4151.2499
2535,4152.1735
2536,4153.7681
2537,4156.1317
2538,4157.8693
2539,4159.4937
2540,4161.3398
2541,4162.5893
2542,4163.7635
2543,4165.5295
2544,4173.4140
2545,4174.1130
2546,4178.0868
2547,4179.4858
2548,4184.2098
2549,4183.7194
2550,4185.1490
2551,4184.7260
2552,4186.1072
2553,4184.0851
2554,4192.2681
2555,4191.7384
2556,4192.8093
2557,4190.5477
2558,4187.8290
2559,4191.0560
2560,4191.3455
2561,4192.0311
2562,4192.4577
2563,4192.6894
2564,4191.5796
2565,4192.4956
2566,4194.2027
2567,4194.2449
2568,4194.8874
2569,4195.4908
2570,4197.6910
2571,4199.4660
2572,4200.6083
2573,4201.0617
2574,4200.7954
2575,4201.6375
2576,4205.0977
2577,4206.9523
2578,4206.9712
2579,4207.8369
2580,4208.9770
2581,4209.7993
2582,4210.6788
2583,4210.8612
2584,4211.9939
2585,4212.8992
2586,4213.1367
2587,4213.2723
2588,4214.7481
2589,4216.5010
2590,4217.3789
2591,4217.7815
2592,4217.1860
2593,4219.2678
2594,4219.3069
2595,4219.0745
2596,4219.5683
2597,4218.6396
2598,4213.7756
2599,4212.5993
2600,4212.7311
2601,4211.6983
2602,4209.9836
2603,4207.2337
2604,4206.4848
2605,4210.0575
2606,4213.3422
2607,4210.4862
2608,4209.5671
2609,4210.3343
2610,4207.5965
2611,4204.7472
2612,4205.8332
2613,4204.5028
2614,4206.4834
2615,4203.9123
2616,4201.9863
2617,4201.8657
2618,4203.9230
2619,4204.7377
2620,4203.2113
2621,4203.0017
2622,4202.3301
2623,4207.7522
2624,4210.3708
2625,4204.1571
2626,4204.8051
2627,4204.2339
2628,4205.2939
2629,4197.8228
2630,4197.3104
2631,4196.9254
2632,4199.9497
2633,4194.2816
2634,4194.1559
2635,4193.8910
2636,4191.8962
2637,4186.6996
2638,4191.3552
2639,4193.6440
2640,4194.3438
2641,4190.4085
2642,4190.8278
2643,4192.7521
2644,4190.1956
2645,4189.6522
2646,4189.1396
2647,4189.0152
2648,4185.0562
2649,4182.1256
2650,4179.4469
2651,4176.1022
2652,4172.8082
2653,4170.3365
2654,4169.0509
2655,4168.2858
2656,4164.7749
2657,4162.4243
2658,4161.5772
2659,4154.9661
2660,4153.8703
2661,4150.2190
2662,4150.2388
2663,4150.3334
2664,4149.5178
2665,4149.6124
2666,4147.7115
2667,4148.2377
2668,4147.0034
2669,4145.5641
2670,4145.3986
2671,4143.1935
2672,4142.3645
2673,4141.0077
2674,4140.9965
2675,4138.5314
2676,4137.2097
2677,4137.7969
2678,4137.4378
2679,4136.6823
2680,4137.8212
2681,4134.4438
2682,4132.5784
2683,4133.1348
2684,4131.8505
2685,4131.2454
2686,4128.0086
2687,4123.4915
2688,4121.0325
2689,4119.9026
2690,4117.6345
2691,4113.4305
2692,4111.8982
2693,4112.7737
2694,4110.9340
2695,4108.2067
2696,4108.1114
2697,4105.7110
2698,4102.2313
2699,4100.0533
2700,4098.4957
2701,4094.9609
2702,4096.0610
2703,4096.4000
2704,4096.4246
2705,4092.7720
2706,4092.2899
2707,4089.3340
2708,4089.2868
2709,4090.0364
2710,4090.4894
2711,4088.8686
2712,4088.7437
2713,4087.0616
2714,4086.8676
2715,4086.6282
2716,4086.8137
2717,4082.7601
2718,4083.7762
2719,4084.8935
2720,4080.0211
2721,4079.5615
2722,4077.4553
2723,4074.9924
2724,4074.4581
2725,4068.9254
2726,4074.3961
2727,4073.8080
2728,4074.4951
2729,4075.4344
2730,4074.6160
2731,4073.7410
2732,4074.4729
2733,4074.0764
2734,4074.7995
2735,4073.8254
2736,4074.7907
2737,4075.7151
2738,4076.0894
2739,4076.8847
2740,4077.0900
2741,4077.1775
2742,4076.8139
2743,4078.4099
2744,4079.6595
2745,4079.4735
2746,4079.1388
2747,4080.1723
2748,4080.0817
2749,4080.0631
2750,4079.5939
2751,4081.2705
2752,4083.4401
2753,4103.2908
2754,19.8674
2755,18.6989
2756,18.4829
2757,16.3269
2758,14.2035
2759,22.2564
2760,16.7246
2761,15.2915
2762,20.7415
2763,20.0768
2764,17.4668
2765,17.6747
2766,19.5315
2767,18.9097
2768,23.3114
2769,15.0280
2770,14.3411
2771,16.3186
2772,14.5123
2773,22.2464
2774,20.1876
2775,18.4767
2776,19.0403
2777,16.4540
2778,13.2756
2779,12.2867
2780,8.5058
2781,10.9994
2782,16.3441
2783,13.5536
2784,13.7243
2785,15.8579
2786,11.7340
2787,14.6837
2788,13.4034
2789,12.4538
2790,13.9658
2791,14.1854
2792,13.6113
2793,10.9863
2794,12.6805
2795,13.3131
2796,14.2717
2797,16.0098
2798,14.6921
2799,13.3934
2800,13.7999
2801,14.5998
2802,17.3688
2803,14.0595
2804,12.9919
2805,19.9795
2806,20.5953
2807,16.8140
2808,18.9278
2809,14.6632
2810,18.5938
2811,17.4034
2812,21.8563
2813,15.3637
2814,14.8869
2815,12.5072
2816,18.5416
2817,15.0826
2818,11.8425
2819,16.7778
2820,11.5101
2821,14.3437
2822,13.3469
2823,13.4182
2824,13.2320
2825,12.5463
2826,10.7703
2827,11.3213
2828,15.7030
2829,19.9416
2830,15.0497
2831,11.4748
2832,15.2099
2833,15.1756
2834,12.3713
2835,12.2192
2836,14.0104
2837,16.4785
2838,13.4835
2839,16.2842
2840,15.3840
2841,14.0617
2842,14.0898
2843,13.1876
2844,18.0440
2845,15.6624
2846,14.7173
2847,13.7119
2848,13.5729
2849,15.5497
2850,16.1288
2851,18.8479
2852,15.2102
2853,15.8713
2854,18.0509
2855,15.5475
2856,18.7469
2857,18.5246
2858,14.1706
2859,26.3827
2860,25.3778
2861,15.0044
2862,9.5637
2863,20.5169
2864,12.7225
2865,14.8802
2866,12.6567
2867,11.1034
2868,15.9202
2869,25.5239
2870,14.0512
2871,21.3745
2872,18.3692
2873,16.8419
2874,15.8815
2875,14.8153
2876,15.1575
2877,22.1035
2878,13.1342
2879,11.4365
2880,19.3651
2881,20.2596
2882,12.6684
2883,17.5538
2884,16.6426
2885,14.7672
2886,9.4852
2887,15.2738
2888,13.9403
2889,15.8563
2890,14.3018
2891,12.0664
2892,12.1577
2893,9.9223
2894,9.8097
2895,12.9247
2896,20.3307
2897,20.9944
2898,12.2216
2899,12.6505
2900,10.7012
2901,16.6769
2902,18.5792
2903,15.2435
2904,11.4844
2905,16.4468
2906,16.3727
2907,13.6337
2908,12.5031
2909,16.1431
2910,14.3037
2911,14.9634
2912,12.2204
2913,14.3120
2914,13.3035
2915,13.1478
2916,13.4261
2917,15.0456
2918,13.8476
2919,14.6184
2920,15.3079
2921,16.9699
2922,13.7131
2923,13.6697
2924,16.3648
2925,14.1737
2926,14.6985
2927,12.5692
2928,15.9361
2929,12.4938
2930,10.2839
2931,13.4182
2932,14.4112
2933,11.7443
2934,10.8266
2935,10.3490
2936,12.4547
2937,10.1998
2938,14.7674
2939,13.3924
2940,10.7543
2941,11.4260
2942,11.1516
2943,11.0631
2944,10.8485
2945,11.0278
2946,10.7083
2947,12.4888
2948,15.2791
2949,14.2124
2950,9.8810
2951,16.2892
2952,11.3661
2953,13.0625
2954,11.0910
2955,16.5963
2956,13.7239
2957,13.5427
2958,15.9445
2959,12.4326
2960,13.8838
2961,14.6501
2962,11.9505
2963,13.5128
2964,11.1868
2965,14.7963
2966,12.7547
2967,12.1605
2968,23.8447
2969,10.3071
2970,13.2430
2971,13.5014
2972,12.5470
2973,22.7153
2974,26.8557
2975,15.3990
2976,27.7739
2977,19.3164
2978,15.1799
2979,18.0330
2980,14.3631
2981,14.4646
2982,18.7232
2983,15.6999
2984,16.2308
2985,16.5858
2986,15.6436
2987,18.3969
2988,23.3092
2989,16.4061
2990,21.8368
2991,15.7018
2992,11.7028
2993,13.3917
2994,13.1295
2995,13.5174
2996,15.4490
2997,9.3603
2998,9.2864
2999,7.9479
3000,9.0191
3001,8.0268
3002,8.2455
3003,9.3286
3004,9.2154
3005,10.7696
3006,13.7920
3007,10.0906
3008,16.6473
3009,13.6242
3010,14.9233
3011,13.5703
3012,11.7052
3013,13.1702
3014,13.3121
3015,14.0021
3016,13.1910
3017,13.0684
3018,14.1304
3019,12.8047
3020,12.3007
3021,13.7434
3022,11.1718
3023,18.9509
3024,16.1824
3025,16.7961
3026,16.2916
3027,18.3840
3028,21.9567
3029,22.5248
3030,17.5674
3031,15.9841
3032,14.0750
3033,13.7658
3034,14.9648
3035,17.7307
3036,23.1059
3037,15.8119
3038,11.5869
3039,13.7918
3040,15.5094
3041,14.4508
3042,17.3874
3043,14.3228
3044,17.5738
3045,16.8648
3046,16.8085
3047,15.5139
3048,13.6161
3049,13.2835
3050,16.8653
3051,17.0798
3052,19.8061
3053,12.6255
3054,15.3198
3055,21.7929
3056,13.5565
3057,15.9426
3058,10.6213
3059,12.1219
3060,19.3236
3061,15.8155
3062,13.9942
3063,12.0041
3064,14.3948
3065,12.0480
3066,9.3956
3067,14.3783
3068,11.8027
3069,10.4771
3070,13.0422
3071,26.1817
3072,15.9454
3073,14.4956
3074,27.7348
3075,17.7920
3076,10.4210
3077,14.3638
3078,19.1021
3079,29.2661
3080,18.9700
3081,20.2737
3082,19.4860
3083,17.3917
3084,16.1359
3085,15.6355
3086,13.0880
3087,10.9911
3088,14.5164
3089,13.5610
3090,22.0346
3091,9.6319
3092,16.0894
3093,15.3606
3094,9.6834
3095,12.8455
3096,11.5681
3097,13.9010
3098,16.0520
3099,15.6689
3100,16.4795
3101,14.6947
3102,12.8582
3103,14.3511
3104,15.2764
3105,14.3125
3106,8.7166
3107,9.2828
3108,13.0262
3109,14.4503
3110,14.4906
3111,16.8278
3112,20.8325
3113,12.8131
3114,10.8473
3115,10.2441
3116,14.6406
3117,18.9247
3118,17.0479
3119,20.8077
3120,18.2750
3121,14.3480
3122,25.5470
3123,16.9399
3124,13.4275
3125,20.3073
3126,13.7355
3127,10.0491
3128,16.9601
3129,19.5382
3130,17.2000
3131,17.7975
3132,17.0200
3133,14.6139
3134,15.4502
3135,18.1496
3136,14.6260
3137,14.7939
3138,16.0518
3139,19.5770
3140,18.7531
3141,14.2882
3142,17.9634
3143,17.2451
3144,16.9663
3145,14.2376
3146,15.6963
3147,15.3100
3148,13.1199
3149,14.7552
3150,12.1217
3151,12.1610
3152,12.9437
3153,18.8010
3154,17.4005
3155,11.8387
3156,10.8287
3157,15.1658
3158,11.8632
3159,12.5046
3160,15.2359
3161,11.0953
3162,17.1459
3163,16.2237
3164,14.3478
3165,12.5616
3166,12.4605
3167,13.6154
3168,14.4703
3169,15.6281
3170,15.9247
3171,13.8824
3172,22.8164
3173,15.7440
3174,14.2677
3175,16.3612
3176,15.6119
3177,18.4867
3178,14.1346
3179,27.5240
3180,19.9063
3181,16.0418
3182,28.2605
3183,16.4692
3184,13.1109
3185,20.3242
3186,18.3454
3187,16.7093
3188,15.5575
3189,20.3738
3190,13.8628
3191,15.0857
3192,18.9369
3193,13.6607
3194,12.8658
3195,11.9557
3196,14.9968
3197,14.4961
3198,14.8525
3199,13.4854
3200,14.5807
3201,23.6120
3202,15.8451
3203,13.4065
3204,13.8483
3205,12.6898
3206,15.8052
3207,17.4038
3208,9.1741
3209,12.7456
3210,13.3219
3211,11.0600
3212,16.5765
3213,11.7238
3214,13.3703
3215,12.1107
3216,13.1795
3217,15.8010
3218,13.7587
3219,23.1323
3220,15.1272
3221,13.7227
3222,11.6508
3223,12.7985
3224,9.6164
3225,13.1116
3226,20.4754
3227,12.1686
3228,12.6774
3229,17.9453
3230,20.2081
3231,12.2132
3232,11.7974
3233,10.6118
3234,13.0091
3235,14.6110
3236,11.7745
3237,17.3993
3238,11.6792
3239,7.9327
3240,8.7748
3241,10.9742
3242,13.3266
3243,10.3071
3244,13.5572
3245,17.5288
3246,12.8388
3247,11.8670
3248,12.8119
3249,11.4520
3250,13.2341
3251,11.5249
3252,11.3688
3253,11.3134
3254,11.5154
3255,14.8976
3256,11.0152
3257,13.1223
3258,15.5206
3259,13.0038
3260,15.6696
3261,17.3070
3262,14.3487
3263,9.4278
3264,14.8425
3265,12.0854
3266,13.1254
3267,16.5973
3268,13.6392
3269,20.5064
3270,11.7309
3271,17.0238
3272,19.5196
3273,19.4268
3274,24.8430
3275,19.9616
3276,18.6446
3277,20.1752
3278,20.6280
3279,13.9575
3280,11.6999
3281,14.2591
3282,12.8953
3283,13.9205
3284,15.5537
3285,14.2250
3286,10.9892
3287,10.9067
3288,13.8984
3289,19.0663
3290,14.6549
3291,12.0811
3292,12.8663
3293,16.1293
3294,15.4324
3295,9.1989
3296,15.0073
3297,16.2187
3298,14.1733
3299,15.3196
3300,15.5993
3301,10.1788
3302,20.1976
3303,17.2927
3304,16.5474
3305,18.6226
3306,11.0590
3307,13.7739
3308,13.3739
3309,14.5383
3310,16.0084
3311,14.3108
3312,15.7235
3313,16.0179
3314,16.5453
3315,14.0386
3316,13.7506
3317,12.8775
3318,11.6317
3319,15.9802
3320,12.4946
3321,16.3071
3322,15.4142
3323,11.5428
3324,20.1123
3325,15.9564
3326,17.7183
3327,12.8345
3328,12.9673
3329,20.5560
3330,14.3790
3331,18.0576
3332,14.2772
3333,12.7740
3334,14.3559
3335,15.1179
3336,15.1501
3337,15.4443
3338,16.1870
3339,19.0201
3340,7.9784
3341,8.1236
3342,9.4850
3343,9.9337
3344,11.2655
3345,12.3808
3346,10.7386
3347,13.5536
3348,15.1913
3349,12.8584
3350,14.1954
3351,11.8806
3352,12.7854
3353,12.6259
3354,12.5322
3355,10.8492
3356,14.6925
3357,10.5877
3358,13.7708
3359,10.3836
3360,12.9757
3361,13.8934
3362,14.2767
3363,11.5833
3364,8.5402
3365,8.5659
3366,11.1926
3367,12.1815
3368,14.5991
3369,8.3895
3370,17.0033
3371,14.2782
3372,10.5562
3373,14.3535
3374,10.0327
3375,10.9334
3376,17.2246
3377,14.2984
3378,12.8055
3379,25.1398
3380,17.0953
3381,13.4091
3382,17.6146
3383,13.9306
3384,11.7226
3385,17.3793
3386,13.8876
3387,11.7619
3388,11.9319
3389,9.1383
3390,12.1875
3391,17.7927
3392,18.0728
3393,18.1887
3394,20.3319
3395,14.0631
3396,13.8113
3397,14.1344
3398,11.9309
3399,12.0912
3400,13.2461
3401,14.3261
3402,15.4936
3403,14.3020
3404,12.1336
3405,11.8706
3406,12.2313
3407,18.7848
3408,10.0422
3409,13.0398
3410,12.2101
3411,15.0218
3412,14.9899
3413,12.3014
3414,16.5353
3415,15.3956
3416,12.6407
3417,17.1981
3418,11.4129
3419,8.8313
3420,16.8095
3421,13.4828
3422,18.3473
3423,16.1216
3424,18.7507
3425,17.5571
3426,15.4517
3427,19.0024
3428,14.0481
3429,14.7996
3430,13.6912
3431,11.9190
3432,11.5194
3433,11.3068
3434,11.8902
3435,11.7261
3436,10.8485
3437,12.3994
3438,10.0684
3439,14.2243
3440,16.0713
3441,12.4226
3442,15.4188
3443,8.3966
3444,15.7595
3445,11.0149
3446,11.9491
3447,8.5104
3448,17.3850
3449,10.2692
3450,9.6538
3451,8.3063
3452,14.8971
3453,10.0050
3454,13.1419
3455,16.4263
3456,8.9662
3457,18.6460
3458,15.5902
3459,19.8908
3460,12.2969
3461,12.4962
3462,14.9729
3463,16.2010
3464,14.3137
3465,14.5030
3466,14.3378
3467,13.8066
3468,9.6853
3469,11.5538
3470,11.7037
3471,13.8962
3472,13.4106
3473,14.9581
3474,13.7742
3475,12.2416
3476,12.8148
3477,11.3270
3478,12.4190
3479,7.8382
3480,13.2520
3481,19.3410
3482,16.3791
3483,13.8099
3484,12.0025
3485,16.9342
3486,19.7341
3487,13.4747
3488,17.0326
3489,20.1669
3490,14.2245
3491,26.7200
3492,13.6316
3493,16.5553
3494,12.9712
3495,15.0611
3496,22.9900
3497,15.4960
3498,15.5866
3499,16.5339
3500,15.3794
3501,13.1984
3502,15.6388
3503,15.1923
3504,18.9557
3505,11.1840
3506,15.2383
3507,12.2485
3508,12.8152
3509,12.9650
3510,9.4283
3511,14.0870
3512,14.6809
3513,16.4089
3514,13.5291
3515,12.0308
3516,10.6781
3517,13.1254
3518,18.6412
3519,18.4865
3520,17.0598
3521,16.3589
3522,9.7380
3523,12.3370
3524,12.1036
3525,11.2295
3526,12.7475
3527,13.8288
3528,11.6675
3529,15.8424
3530,12.1496
3531,12.4140
3532,15.3911
3533,18.7197
3534,25.2728
3535,18.7523
3536,13.0327
3537,15.2597
3538,13.3979
3539,23.6783
3540,15.9085
3541,10.1867
3542,18.5642
3543,18.5463
3544,15.7156
3545,14.1318
3546,13.9310
3547,12.0404
3548,11.6973
3549,14.8926
3550,19.1383
3551,16.3546
3552,16.7878
3553,10.6311
3554,9.2144
3555,15.8751
3556,11.5924
3557,12.2001
3558,14.2124
3559,12.1098
3560,14.7514
3561,12.4614
3562,11.0712
3563,10.8137
3564,16.6366
3565,16.9318
3566,14.9155
3567,9.2952
3568,16.3150
3569,11.7419
3570,13.3147
3571,8.2707
3572,11.3065
3573,13.5529
3574,13.3557
3575,13.0029
3576,14.1582
3577,12.1942
3578,10.9947
3579,15.8024
3580,10.5462
3581,15.4042
3582,19.9442
3583,12.2111
3584,13.6900
3585,15.4679
3586,15.9862
3587,16.1099
3588,13.5822
3589,11.0428
3590,12.3601
3591,18.3597
3592,11.5497
3593,11.4591
3594,15.7735
3595,19.2497
3596,12.5604
3597,19.0625
3598,12.0521
3599,14.2574
3600,13.0570
3601,16.3484
3602,22.2764
3603,10.8871
3604,16.5796
3605,13.9647
3606,15.8789
3607,16.4707
3608,11.1289
3609,14.1566
3610,16.1324
3611,13.6092
3612,17.2422
3613,20.8356
3614,17.6711
3615,15.5711
3616,16.9065
3617,16.3891
3618,19.6950
3619,9.2378
3620,9.8681
3621,13.5844
3622,14.1838
3623,18.7516
3624,10.1595
3625,13.0489
3626,12.3801
3627,11.7061
3628,11.0707
3629,16.2902
3630,12.7308
3631,13.9098
3632,15.4233
3633,12.3842
3634,13.7172
3635,15.7979
3636,10.6564
3637,19.2831
3638,13.5341
3639,15.6143
3640,16.9010
3641,14.1048
3642,11.8723
3643,12.0888
3644,11.6413
3645,9.0084
3646,10.3772
3647,9.4056
3648,17.1490
3649,17.8237
3650,17.0398
3651,15.4612
3652,11.2557
3653,12.1129
3654,16.0828
3655,18.0895
3656,17.8719
3657,14.9238
3658,19.2311
3659,11.9014
3660,11.5647
3661,11.0309
3662,14.7572
3663,12.0530
3664,13.8850
3665,15.9929
3666,15.9578
3667,13.2291
3668,12.6562
3669,12.8834
3670,16.5286
3671,16.1974
3672,17.2756
3673,18.7895
3674,18.8363
3675,15.4455
3676,21.2553
3677,11.7848
3678,12.7280
3679,13.0377
3680,14.7181
3681,13.8068
3682,10.5023
3683,11.8332
3684,14.0972
3685,11.4663
3686,12.9483
3687,13.5553
3688,14.3313
3689,14.3273
3690,13.8433
3691,12.8298
3692,17.7748
3693,13.1519
3694,13.9382
3695,14.2801
3696,22.3632
3697,12.1448
3698,20.6997
3699,17.2968
3700,29.4974
3701,12.5313
3702,10.9684
3703,19.7921
3704,18.4875
3705,13.3529
3706,17.0822
3707,19.0711
3708,18.5149
3709,18.0025
3710,14.7007
3711,16.3536
3712,13.4761
3713,14.1478
3714,11.7211
3715,11.1134
3716,18.4116
3717,16.0537
3718,9.7680
3719,10.2129
3720,16.1040
3721,15.8427
3722,13.0427
3723,12.8355
3724,15.3146
3725,13.5329
3726,13.3693
3727,13.7594
3728,11.7598
3729,13.5343
3730,12.8126
3731,11.7781
3732,17.5846
3733,10.8099
3734,12.9158
3735,18.9514
3736,15.4324
3737,14.8010
3738,17.5424
3739,21.1117
3740,33.2167
3741,17.5180
3742,20.8271
3743,17.6160
3744,19.6857
3745,19.2213
3746,21.9052
3747,18.9800
3748,17.0083
3749,9.4428
3750,13.5262
3751,14.8892
3752,17.3430
3753,13.2895
3754,13.2308
3755,13.9041
3756,13.8042
3757,13.9105
3758,13.7424
3759,13.2313
3760,16.7809
3761,12.0192
3762,11.5917
3763,12.7921
3764,17.4675
3765,14.0965
3766,15.5311
3767,11.1744
3768,13.9289
3769,11.7555
3770,13.8874
3771,12.8875
3772,15.0526
3773,13.7084
3774,15.0528
3775,13.4356
3776,60.2880
3777,15.7709
3778,19.5696
3779,17.0887
3780,13.3138
3781,13.0718
3782,22.3496
3783,13.2642
3784,18.3702
3785,14.8661
3786,20.6556
3787,18.7619
3788,17.7674
3789,11.8692
3790,14.3945
3791,12.5928
3792,12.4304
3793,16.0062
3794,17.7455
3795,15.5010
3796,24.9884
3797,13.9830
3798,8.1997
3799,21.9750
3800,14.5657
3801,12.5730
3802,13.9153
3803,23.5300
3804,16.5555
3805,15.9523
3806,15.9831
3807,15.5118
3808,14.5252
3809,13.4094
3810,12.1233
3811,10.3440
3812,15.2283
3813,14.9176
3814,14.8644
3815,17.9260
3816,16.5708
3817,24.4751
3818,12.4848
3819,15.2030
3820,14.9009
3821,14.2186
3822,14.5948
3823,15.0094
3824,14.6439
3825,21.3187
3826,19.1786
3827,14.9529
3828,16.1970
3829,12.3398
3830,15.3875
3831,14.7560
3832,12.9189
3833,13.6027
3834,23.5445
3835,19.1815
3836,11.3969
3837,14.1385
3838,16.5725
3839,14.8253
3840,16.6581
3841,18.3308
3842,13.7408
3843,13.7131
3844,14.1616
3845,11.1561
3846,16.0451
3847,18.2564
3848,16.1209
3849,13.8698
3850,14.7514
3851,13.6673
3852,15.2562
3853,10.7870
3854,13.1347
3855,13.3047
3856,14.2882
3857,17.0786
3858,14.0245
3859,15.3921
3860,15.6500
3861,14.4289
3862,18.5673
3863,16.0434
3864,19.3961
3865,22.5797
3866,11.2033
3867,19.0058
3868,13.9585
3869,14.2889
3870,15.1789
3871,12.1927
3872,11.9183
3873,12.6545
3874,10.6423
3875,14.6942
3876,15.1172
3877,16.7782
3878,15.8405
3879,18.2326
3880,14.3070
3881,13.3572
3882,17.2000
3883,19.2049
3884,15.6031
3885,13.8373
3886,14.6642
3887,21.3749
3888,17.8368
3889,11.4942
3890,14.6420
3891,13.9315
3892,12.1775
3893,15.1243
3894,15.1849
3895,14.9267
3896,15.9297
3897,26.7057
3898,15.9104
3899,16.9230
3900,17.1392
3901,17.1442
3902,11.0614
3903,23.1314
3904,19.3212
3905,20.7977
3906,21.1236
3907,18.9362
3908,16.6671
3909,16.7320
3910,20.2398
3911,8.5998
3912,11.3060
3913,20.3958
3914,15.4750
3915,12.9189
3916,17.4327
3917,12.8658
3918,20.8747
3919,11.5881
3920,14.8261
3921,14.6868
3922,15.5423
3923,9.1357
3924,9.7437
3925,9.1758
3926,15.1906
3927,14.4606
3928,17.9694
3929,17.9873
3930,11.0204
3931,11.7633
3932,15.4390
3933,14.8940
3934,9.4666
3935,8.5616
3936,9.2497
3937,11.9479
3938,13.5360
3939,13.6633
3940,14.2443
3941,16.9601
3942,13.5779
3943,13.3877
3944,13.2763
3945,13.5660
3946,10.7312
3947,12.6154
3948,12.9781
3949,13.8290
3950,18.9486
3951,15.5814
3952,14.5767
3953,13.2041
3954,19.0368
3955,11.0128
3956,16.0565
3957,14.7007
3958,19.4085
3959,16.8743
3960,15.1865
3961,15.4860
3962,13.1280
3963,10.3502
3964,10.5207
3965,11.0898
3966,17.1773
3967,13.4130
3968,15.5079
3969,12.5554
3970,19.9437
3971,18.9662
3972,14.1308
3973,10.2954
3974,15.5103
3975,14.7078
3976,11.4894
3977,13.5810
3978,12.9724
3979,13.9432
3980,13.8245
3981,12.6448
3982,13.2031
3983,14.2057
3984,13.8199
3985,14.3135
3986,13.3197
3987,17.2143
3988,17.0157
3989,11.8988
3990,13.7763
3991,11.4958
3992,18.0736
3993,22.3596
3994,15.6672
3995,14.8721
3996,14.1444
3997,15.9330
3998,23.2568
3999,15.7223
4000,17.9679
4001,13.5164
4002,18.8847
4003,16.4111
4004,20.8356
4005,25.4529
4006,19.3388
4007,11.0300
4008,11.5399
4009,13.7863
4010,13.0446
4011,9.0098
4012,12.4381
4013,15.6631
4014,12.9378
4015,12.4116
4016,13.0618
4017,15.2256
4018,15.6388
4019,14.8888
4020,13.4120
4021,17.6034
4022,15.8944
4023,28.4503
4024,10.4821
4025,13.7746
4026,13.4301
4027,16.7208
4028,12.1660
4029,18.3141
4030,12.5008
4031,12.7063
4032,26.8509
4033,9.4528
4034,18.8749
4035,15.5163
4036,16.9852
4037,16.7692
4038,18.6732
4039,13.0060
4040,17.7550
4041,11.1687
4042,16.5894
4043,12.7857
4044,12.6808
4045,12.3453
4046,11.8463
4047,11.1957
4048,17.5223
4049,14.0393
4050,12.4743
4051,11.3275
4052,12.8288
4053,16.8040
4054,15.2922
4055,14.3487
4056,17.1673
4057,9.8197
4058,13.5691
4059,13.7639
4060,11.9190
4061,12.7313
4062,12.8722
4063,11.6010
4064,12.8548
4065,11.1833
4066,14.5187
4067,13.5632
4068,18.6288
4069,14.3559
4070,18.6563
4071,14.6592
4072,14.7557
4073,23.4177
4074,16.8622
4075,17.1001
4076,15.4936
4077,17.4160
4078,15.7328
4079,26.6786
4080,11.0648
4081,14.9710
4082,13.1171
4083,14.2093
4084,21.4882
4085,9.4709
4086,12.5954
4087,11.3602
4088,15.3115
4089,13.7856
4090,14.8058
4091,15.7716
4092,10.0617
4093,15.5394
4094,15.5334
4095,13.1345
4096,16.9795
4097,18.7316
4098,12.7649
4099,17.5130
4100,20.4623
4101,16.3112
4102,18.8031
4103,14.6012
4104,10.9420
4105,18.1992
4106,13.8984
4107,8.9345
4108,17.2858
4109,10.0584
4110,11.7507
4111,22.3889
4112,19.4252
4113,15.9583
4114,13.8338
4115,13.9341
4116,11.5507
4117,13.8197
4118,17.3678
4119,17.7000
4120,26.9597
4121,31.5397
4122,26.0818
4123,17.2207
4124,20.1771
4125,14.2457
4126,14.9758
4127,15.8162
4128,13.0165
4129,14.1697
4130,13.1705
4131,10.7625
4132,9.8171
4133,10.5617
4134,12.5816
4135,18.7826
4136,9.5873
4137,12.7687
4138,13.8476
4139,14.0169
4140,14.2522
4141,12.1768
4142,15.4698
4143,13.9666
4144,17.1950
4145,16.4714
4146,17.5211
4147,12.4059
4148,12.4223
4149,12.6736
4150,17.6497
4151,17.5266
4152,11.9667
4153,12.0754
4154,17.2803
4155,18.9919
4156,13.5841
4157,12.4533
4158,11.7667
4159,13.9687
4160,15.6574
4161,12.7945
4162,15.1112
4163,16.3047
4164,15.4901
4165,16.1202
4166,16.6805
4167,18.0519
4168,11.5623
4169,12.5077
4170,17.5784
4171,16.8257
4172,20.1831
4173,13.9563
4174,10.9880
4175,26.7534
4176,15.5954
4177,23.4060
4178,15.2445
4179,11.7362
4180,14.9002
4181,19.8247
4182,12.2080
4183,13.8259
4184,13.8946
4185,11.7917
4186,12.7914
4187,17.5247
4188,20.3979
4189,11.5087
4190,13.6940
4191,18.3103
4192,17.9360
4193,16.1273
4194,10.5686
4195,14.1366
4196,14.1494
4197,13.8714
4198,16.2034
4199,18.9950
4200,23.2954
4201,22.4035
4202,14.5512
4203,22.7973
4204,20.0007
4205,21.5819
4206,11.0929
4207,16.5977
4208,17.5722
4209,15.3832
4210,12.3897
4211,10.6442
4212,10.2968
4213,9.7249
4214,8.6405
4215,8.5907
4216,8.4100
4217,7.4286
4218,10.7741
4219,11.0941
4220,12.0046
4221,10.4327
4222,12.0702
4223,10.7419
4224,17.5717
4225,9.2161
4226,11.0807
4227,11.6415
4228,10.7875
4229,15.8966
4230,10.2990
4231,9.5165
4232,11.1277
4233,17.8564
4234,12.3055
4235,10.7820
4236,12.8884
4237,11.9011
4238,9.4459
4239,18.5037
4240,11.7941
4241,12.3415
4242,12.6300
4243,14.2486
4244,14.6961
4245,15.7678
4246,15.9564
4247,19.6135
4248,12.1870
4249,14.7271
4250,13.9358
4251,16.8152
4252,15.0805
4253,17.0195
4254,13.2301
4255,16.9823
4256,13.8185
4257,15.6598
4258,10.2863
4259,12.9306
4260,11.2569
4261,12.5997
4262,14.9338
4263,10.6573
4264,14.6856
4265,13.2458
4266,15.0728
4267,10.9916
4268,13.7148
4269,16.4125
4270,12.4574
4271,13.6890
4272,18.9881
4273,12.3556
4274,14.3137
4275,11.9042
4276,10.9394
4277,13.1814
4278,12.7785
4279,16.7551
4280,19.1238
4281,9.4676
4282,14.8964
4283,14.9384
4284,11.5745
4285,11.8558
4286,12.5539
4287,11.7347
4288,8.1277
4289,10.8657
4290,11.1954
4291,12.2609
4292,11.8783
4293,14.9460
4294,13.7022
4295,11.9367
4296,13.2821
4297,10.5560
4298,10.9432
4299,17.1168
4300,9.1858
4301,15.2931
4302,17.3683
4303,13.0529
4304,14.8048
4305,17.9086
4306,15.0275
4307,12.0294
4308,13.6936
4309,12.6903
4310,11.9543
4311,13.1693
4312,9.2211
4313,25.6085
4314,9.2125
4315,20.0980
4316,12.5186
4317,12.3477
4318,12.6007
4319,14.7393
4320,15.7492
4321,13.2332
4322,18.8575
4323,15.3916
4324,12.3498
4325,13.1443
4326,17.5214
4327,13.8695
4328,15.2309
4329,18.9319
4330,12.1543
4331,14.2708
4332,20.1924
4333,21.6334
4334,15.5351
4335,10.2472
4336,10.2191
4337,10.0863
4338,9.7828
4339,9.2716
4340,10.5605
4341,8.6451
4342,9.2597
4343,10.1409
4344,11.0793
4345,8.7740
4346,9.2392
4347,15.9700
4348,12.2697
4349,19.8781
4350,11.6060
4351,13.2475
4352,12.6431
4353,16.3965
4354,13.4072
4355,10.1671
4356,14.8010
4357,19.1252
4358,13.3147
4359,9.5892
4360,10.1027
4361,10.5731
4362,13.6704
4363,16.2902
4364,15.4576
4365,12.7997
4366,13.6945
4367,11.8570
4368,11.8191
4369,14.8635
4370,10.3960
4371,14.7715
4372,19.4573
4373,14.6604
4374,12.1031
4375,11.6773
4376,13.9496
4377,14.0674
4378,10.6709
4379,15.4376
4380,12.7943
4381,15.7809
4382,19.3903
4383,15.5976
4384,13.3646
4385,8.0371
4386,8.9512
4387,11.9441
4388,9.7506
4389,10.9384
4390,14.4763
4391,13.8276
4392,14.6921
4393,14.6141
4394,13.0563
4395,15.6527
4396,13.0825
4397,13.6254
4398,10.8588
4399,13.4125
4400,13.9163
4401,11.7114
4402,13.3610
4403,8.3606
4404,36.2754
4405,13.5188
4406,13.2668
4407,14.8215
4408,17.3886
4409,22.5987
4410,17.4704
4411,14.6646
4412,23.1333
4413,8.5747
4414,15.1117
4415,16.9358
4416,15.9569
4417,14.3282
4418,15.1412
4419,28.1384
4420,19.3651
4421,16.8576
4422,17.8375
4423,16.3455
4424,16.4845
4425,15.0356
4426,17.2424
4427,12.9321
4428,7.4227
4429,9.0120
4430,11.6632
4431,13.3333
4432,18.8203
4433,18.6181
4434,15.1322
4435,12.4331
4436,20.1998
4437,15.3406
4438,14.0386
4439,13.9234
4440,16.9940
4441,14.2822
4442,11.6673
4443,12.8369
4444,13.0274
4445,18.2278
4446,16.7110
4447,11.4789
4448,10.0887
4449,13.2184
4450,18.5165
4451,14.0278
4452,13.1021
4453,12.7118
4454,13.8969
4455,14.6239
4456,16.2933
4457,15.0771
4458,13.8428
4459,11.7619
4460,14.9100
4461,8.2805
4462,12.4326
4463,12.9280
4464,14.2713
4465,12.0206
4466,22.3410
4467,14.6708
4468,12.8016
4469,18.2328
4470,11.3447
4471,18.6186
4472,10.6597
4473,9.6316
4474,16.9456
4475,17.9126
4476,18.5652
4477,14.1714
4478,19.1941
4479,14.1497
4480,13.6220
4481,8.9061
4482,13.0570
4483,15.5885
4484,12.1701
4485,10.6406
4486,14.8110
4487,15.1041
4488,19.4056
4489,12.0609
4490,11.4589
4491,11.8933
4492,15.2593
4493,14.1253
4494,14.3034
4495,13.8595
4496,15.2931
4497,13.8714
4498,15.0287
4499,13.6220
4500,14.5621
4501,14.5767
4502,14.6184
4503,12.1367
4504,16.5780
4505,15.0712
4506,15.5828
4507,16.4382
4508,15.9748
4509,20.9348
4510,15.0423
4511,16.7408
4512,17.7069
4513,12.6872
4514,14.2741
4515,12.7804
4516,18.4631
4517,17.3750
4518,16.3519
4519,16.1569
4520,12.3754
4521,14.4629
4522,20.0834
4523,13.3553
4524,23.0157
4525,15.1792
4526,16.8676
4527,19.9542
4528,17.5791
4529,13.9320
4530,18.1928
4531,16.0184
4532,17.5462
4533,25.8665
4534,19.7411
4535,17.4673
4536,19.8345
4537,17.3607
4538,14.5290
4539,19.1641
4540,14.2281
4541,15.6829
4542,12.6443
4543,14.0755
4544,13.5491
4545,13.8710
4546,15.0952
4547,30.0512
4548,11.6990
4549,16.6533
4550,11.0672
4551,9.1028
4552,13.4897
4553,16.7043
4554,13.6817
4555,14.3881
4556,14.5900
4557,15.2063
4558,13.5252
4559,11.9309
4560,18.2827
4561,11.8635
4562,12.2335
4563,13.7086
4564,12.9573
4565,13.2732
4566,13.3951
4567,13.9966
4568,13.8483
4569,14.8191
4570,12.9483
4571,12.5804
4572,13.7661
4573,13.0320
4574,24.3804
4575,15.8017
4576,14.5035
4577,19.2344
4578,9.8143
4579,12.0604
4580,12.3246
4581,11.2636
4582,12.4354
4583,11.9443
4584,11.2572
4585,14.7662
4586,15.1069
4587,13.3605
4588,13.5391
4589,15.8503
4590,13.4244
4591,11.8186
4592,14.3793
4593,17.5602
4594,12.2499
4595,13.8876
4596,11.2703
4597,14.8544
4598,11.3451
4599,19.5801
4600,15.7795
4601,18.3382
4602,12.2309
4603,19.7566
4604,14.6654
4605,12.8899
4606,11.7385
4607,11.5082
4608,11.1947
4609,13.1495
4610,12.2414
4611,16.4850
4612,21.7493
4613,15.0313
4614,14.2164
4615,17.4520
4616,22.1443
4617,16.0089
4618,20.7298
4619,15.0812
4620,15.0423
4621,18.0998
4622,10.1714
4623,13.5481
4624,18.3668
4625,14.6983
4626,22.2461
4627,18.3566
4628,21.9367
4629,13.6788
4630,17.0865
4631,20.4823
4632,24.9104
4633,13.8998
4634,17.9129
4635,20.2615
4636,15.4114
4637,12.9235
4638,20.8609
4639,8.9750
4640,12.9924
4641,17.6914
4642,15.4903
4643,12.9330
4644,13.9709
4645,12.2418
4646,18.7547
4647,11.9972
4648,15.4190
4649,12.0983
4650,14.6992
4651,12.5878
4652,20.6294
4653,15.1594
4654,18.7078
4655,16.9041
4656,11.1518
4657,20.5135
4658,15.5532
4659,16.3639
4660,15.1629
4661,10.8030
4662,13.0010
4663,11.9975
4664,12.9209
4665,13.5748
4666,13.2139
4667,14.6148
4668,16.6655
4669,17.5295
4670,13.2341
4671,14.5752
4672,14.6241
4673,14.5087
4674,16.4406
4675,15.3351
4676,12.8443
4677,14.1840
4678,12.9623
4679,13.0208
4680,18.0254
4681,9.5656
4682,12.8186
4683,13.1986
4684,15.0983
4685,13.7916
4686,13.6807
4687,11.7834
4688,10.2901
4689,15.3110
4690,10.2880
4691,10.8721
4692,12.8851
4693,16.0861
4694,15.8093
4695,10.5598
4696,12.8739
4697,19.7065
4698,12.0318
4699,14.4277
4700,10.2222
4701,10.9041
4702,12.0993
4703,16.3844
4704,16.2175
4705,18.2309
4706,15.9874
4707,22.7268
4708,12.0862
4709,16.1245
4710,11.7950
4711,16.4297
4712,13.8557
4713,10.3996
4714,11.8332
4715,15.2979
4716,14.0917
4717,10.8285
4718,16.0511
4719,16.6819
4720,17.1964
4721,16.4926
4722,15.7063
4723,10.3259
4724,15.1386
4725,14.5700
4726,16.1271
4727,18.3678
4728,15.1722
4729,17.8480
4730,6.5501
4731,30.2179
4732,18.4679
4733,15.4216
4734,21.0793
4735,17.5440
4736,15.6300
4737,18.3387
4738,13.9568
4739,13.6261
4740,12.1369
4741,11.5972
4742,16.0737
4743,17.4444
4744,11.5957
4745,20.5882
4746,12.8996
4747,17.4773
4748,15.9662
4749,14.0276
4750,20.1261
4751,18.6651
4752,13.3071
4753,10.3385
4754,14.1344
4755,13.2134
4756,12.6524
4757,13.8364
4758,11.8797
4759,12.5911
4760,12.5794
4761,13.3805
4762,12.1393
4763,12.9695
4764,12.4273
4765,12.2812
4766,14.3061
4767,15.0006
4768,9.6178
4769,12.6328
4770,13.3963
4771,13.3777
4772,14.5876
4773,13.5231
4774,8.8170
4775,14.2407
4776,12.8999
4777,15.3475
4778,12.4815
4779,12.3608
4780,16.2969
4781,18.1880
4782,13.4921
4783,15.2810
4784,12.7766
4785,14.6458
4786,13.5665
4787,18.3103
4788,11.0402
4789,11.2212
4790,15.4316
4791,15.2383
4792,17.0405
4793,12.0161
4794,14.2543
4795,16.3276
4796,15.2795
4797,11.6291
4798,13.0353
4799,10.8318
4800,14.7078
4801,16.9942
4802,13.5674
4803,17.1564
4804,12.9337
4805,15.8725
4806,15.2478
4807,17.8082
4808,13.1688
4809,10.8671
4810,14.5390
4811,11.5252
4812,15.2225
4813,14.2415
4814,14.6141
4815,11.8101
4816,11.5244
4817,11.8122
4818,10.7949
4819,11.1344
4820,14.4379
4821,10.7279
4822,12.2333
4823,13.5183
4824,9.2916
4825,9.3536
4826,10.5729
4827,14.8029
4828,12.8005
4829,11.5294
4830,13.5205
4831,12.2337
4832,11.9605
4833,12.7814
4834,10.3099
4835,13.5188
4836,10.5152
4837,9.5448
4838,17.5886
4839,11.0278
4840,10.0513
4841,17.3848
4842,11.6611
4843,20.1349
4844,14.4284
4845,13.3891
4846,15.3577
4847,26.3791
4848,19.9354
4849,12.3572
4850,22.1140
4851,11.0507
4852,12.8033
4853,9.3384
4854,7.6537
4855,12.0838
4856,13.2587
4857,14.8635
4858,15.4121
4859,14.9355
4860,17.6764
4861,16.0637
4862,12.5310
4863,9.9363
4864,12.2995
4865,11.2052
4866,11.5535
4867,13.6721
4868,12.3935
4869,12.5644
4870,11.8196
4871,11.4608
4872,14.8442
4873,10.9689
4874,18.5282
4875,12.1284
4876,13.6769
4877,8.2867
4878,9.6469
4879,13.0098
4880,9.8057
4881,12.8584
4882,12.4989
4883,17.4839
4884,13.0045
4885,12.5704
4886,14.2581
4887,17.1542
4888,12.8660
4889,13.1390
4890,13.5880
4891,18.0264
4892,12.3730
4893,14.9131
4894,14.0467
4895,10.1993
4896,11.8186
4897,11.4114
4898,10.7241
4899,12.2056
4900,12.0499
4901,15.6212
4902,12.7354
4903,11.0908
4904,13.3648
4905,12.7065
4906,13.8278
4907,12.8357
4908,12.4049
4909,13.1514
4910,16.1853
4911,12.5878
4912,14.0374
4913,17.2999
4914,15.2788
4915,16.2709
4916,15.2760
4917,15.8391
4918,12.5690
4919,19.8982
4920,21.6203
4921,17.0925
4922,14.0288
4923,14.0932
4924,14.0626
4925,14.5781
4926,13.1307
4927,13.2346
4928,16.0310
4929,12.2237
4930,14.3740
4931,11.2722
4932,11.2362
4933,20.3121
4934,21.4913
4935,10.4063
4936,12.3765
4937,19.5520
4938,15.3010
4939,10.1001
4940,17.1485
4941,11.7233
4942,15.0828
4943,18.6279
4944,19.7158
4945,17.8978
4946,14.5726
4947,18.9033
4948,13.1130
4949,17.8230
4950,14.6964
4951,12.1524
4952,19.4147
4953,15.5087
4954,8.7016
4955,12.7852
4956,21.2429
4957,26.5105
4958,13.8628
4959,13.7498
4960,15.5704
4961,14.6544
4962,16.4039
4963,14.9920
4964,12.7122
4965,13.4032
4966,12.4774
4967,14.4296
4968,13.0730
4969,10.5944
4970,13.2852
4971,12.5327
4972,13.6023
4973,9.8987
4974,13.4203
4975,13.9153
4976,11.3194
4977,12.7492
4978,12.9104
4979,13.6397
4980,12.9035
4981,18.5378
4982,14.8323
4983,16.7038
4984,13.1567
4985,14.8077
4986,11.5633
4987,12.7311
4988,16.4757
4989,12.3696
4990,12.5260
4991,10.8154
4992,19.1681
4993,12.2571
4994,11.3621
4995,12.6801
4996,14.2102
4997,12.9855
4998,10.0565
4999,12.3348
5000,14.4970
5001,9.6502
5002,12.8441
5003,14.9176
5004,13.3660
5005,13.9599
5006,11.5407
5007,16.7201
5008,14.6840
5009,11.7402
5010,10.4496
5011,13.8814
5012,16.5381
5013,10.6132
5014,17.4551
5015,11.9915
5016,14.2469
5017,13.2229
5018,12.1512
5019,14.0107
5020,10.6254
5021,12.6581
5022,13.8843
5023,12.3682
5024,13.4094
5025,16.9597
5026,11.7974
5027,13.9759
5028,12.0597
5029,17.1220
5030,13.0768
5031,8.9700
5032,13.8557
5033,19.0372
5034,15.7762
5035,17.0488
5036,14.9698
5037,12.5456
5038,10.7968
5039,12.6340
5040,13.5722
5041,11.8775
5042,10.7663
5043,11.9238
5044,10.0486
5045,10.8502
5046,10.5708
5047,12.6586
5048,12.7213
5049,13.3018
5050,13.6769
5051,16.2055
5052,14.8940
5053,13.7677
5054,12.7494
5055,12.3131
5056,13.5205
5057,12.1548
5058,13.0568
5059,21.0350
5060,11.1346
5061,13.2277
5062,22.7344
5063,21.9271
5064,15.9166
5065,22.6679
5066,15.6119
5067,16.6297
5068,17.6568
5069,12.6257
5070,18.5993
5071,16.7942
5072,20.1459
5073,15.0409
5074,23.2582
5075,14.6785
5076,10.8202
5077,11.0161
5078,15.3947
5079,22.7954
5080,10.2651
5081,12.6760
5082,14.2994
5083,17.0708
5084,21.5263
5085,14.4157
5086,9.4254
5087,16.2141
5088,10.2432
5089,9.7377
5090,14.5228
5091,14.5750
5092,10.7217
5093,15.0764
5094,11.7602
5095,13.3362
5096,20.0717
5097,12.0232
5098,14.1032
5099,12.7547
5100,13.6805
5101,14.3507
5102,13.5667
5103,15.2636
5104,13.5701
5105,10.6711
5106,16.5524
5107,12.6297
5108,16.7854
5109,13.4604
5110,14.4367
5111,11.7466
5112,12.2402
5113,13.5629
5114,16.0756
5115,12.2278
5116,14.0655
5117,15.8172
5118,13.3591
5119,13.9525
5120,20.3063
5121,10.6912
5122,24.3931
5123,15.0390
5124,14.4222
5125,18.0128
5126,13.3259
5127,11.8239
5128,12.0134
5129,14.9426
5130,16.1624
5131,12.4762
5132,11.7629
5133,18.5297
5134,16.7115
5135,17.7584
5136,12.8355
5137,16.6900
5138,14.7791
5139,10.3540
5140,17.2110
5141,14.3538
5142,12.3763
5143,16.4442
5144,14.6196
5145,14.4584
5146,19.5243
5147,15.0490
5148,16.2387
5149,14.1323
5150,20.5998
5151,14.6167
5152,22.5384
5153,12.7690
5154,12.5580
5155,12.7966
5156,15.6367
5157,16.7568
5158,14.3304
5159,15.7983
5160,15.5439
5161,20.1087
5162,16.5942
5163,34.3399
5164,20.1194
5165,19.0320
5166,11.6673
5167,8.3275
5168,11.8773
5169,18.2917
5170,18.2478
5171,21.7056
5172,14.3030
5173,17.0228
5174,15.1954
5175,12.2480
5176,12.6674
5177,13.3793
5178,13.2160
5179,13.1004
5180,16.5033
5181,25.5249
5182,11.2739
5183,13.8278
5184,10.9868
5185,11.1728
5186,17.8528
5187,13.7527
5188,12.1379
5189,9.3949
5190,10.4651
5191,18.0387
5192,13.4933
5193,13.2308
5194,13.6962
5195,15.5914
5196,15.3482
5197,13.4225
5198,11.8532
5199,11.7571
5200,13.0484
5201,12.1870
5202,14.1368
5203,10.2913
5204,10.3092
5205,11.3406
5206,8.7209
5207,10.6785
5208,13.5550
5209,9.3231
5210,12.0924
5211,14.2281
5212,15.4324
5213,14.3466
5214,14.2655
5215,18.3482
5216,13.9310
5217,14.9131
5218,13.8745
5219,19.4380
5220,18.7492
5221,12.9652
5222,15.8789
5223,17.8053
5224,16.5641
5225,16.8664
5226,17.8335
5227,14.6039
5228,16.5129
5229,13.9527
5230,13.8035
5231,14.2956
5232,13.9434
5233,13.5930
5234,14.3108
5235,13.4141
5236,16.4683
5237,13.4995
5238,16.1505
5239,23.3216
5240,11.7559
5241,11.5945
5242,9.7282
5243,7.5822
5244,10.3080
5245,12.3241
5246,11.9417
5247,19.0239
5248,15.3437
5249,12.4092
5250,12.1703
5251,15.7068
5252,12.8813
5253,13.3307
5254,12.5551
5255,13.8896
5256,16.7212
5257,18.3740
5258,13.9592
5259,21.0292
5260,10.1449
5261,14.8571
5262,14.8931
5263,12.3818
5264,21.6384
5265,13.9556
5266,20.2928
5267,13.4089
5268,21.2336
5269,15.8362
5270,14.9202
5271,14.5686
5272,18.1999
5273,18.7795
5274,18.7156
5275,16.7043
5276,23.4032
5277,17.8864
5278,10.0162
5279,16.3624
5280,12.5122
5281,15.2164
5282,13.6435
5283,13.3188
5284,20.0453
5285,17.3814
5286,12.8095
5287,17.3225
5288,13.6180
5289,13.7460
5290,14.3542
5291,14.7371
5292,13.5868
5293,15.3649
5294,14.1625
5295,15.9597
5296,12.3634
5297,18.5733
5298,17.5331
5299,12.0711
5300,16.9842
5301,10.9432
5302,13.6294
5303,11.8093
5304,10.7882
5305,14.7176
5306,16.6609
5307,10.3683
5308,16.5327
5309,16.2539
5310,12.4192
5311,20.8287
5312,12.7327
5313,10.0458
5314,18.5146
5315,14.8101
5316,12.2902
5317,16.2609
5318,15.2380
5319,10.9870
5320,23.1688
5321,16.7184
5322,8.9083
5323,12.1729
5324,10.8140
5325,19.7594
5326,15.1863
5327,12.5704
5328,15.2137
5329,16.4390
5330,14.4606
5331,17.3273
5332,20.7138
5333,9.8395
5334,13.7253
5335,14.0750
5336,17.9353
5337,20.7510
5338,12.3539
5339,15.0731
5340,16.9091
5341,12.5134
5342,19.1610
5343,11.0862
5344,11.4460
5345,8.9557
5346,14.1292
5347,14.1299
5348,12.7435
5349,8.1708
5350,8.1151
5351,12.0049
5352,17.9627
5353,17.1912
5354,12.9931
5355,14.5516
5356,13.3648
5357,10.9646
5358,13.7713
5359,12.5763
5360,14.1087
5361,13.8505
5362,12.8362
5363,13.7389
5364,14.4227
5365,18.5709
5366,17.3171
5367,14.6759
5368,14.0312
5369,17.0801
5370,12.7549
5371,22.7368
5372,14.7576
5373,16.4211
5374,19.8812
5375,13.3450
5376,21.1022
5377,13.8459
5378,15.0974
5379,13.2809
5380,22.4948
5381,17.3583
5382,20.4055
5383,13.3197
5384,11.1704
5385,9.3184
5386,8.2016
5387,10.9179
5388,11.3933
5389,11.9655
5390,9.8608
5391,8.2350
5392,7.8180
5393,9.5668
5394,9.8302
5395,11.9727
5396,18.7535
5397,13.6223
5398,14.9848
5399,18.8172
5400,9.0630
5401,14.0023
5402,13.7258
5403,17.0708
5404,15.3472
5405,11.0967
5406,10.2022
5407,10.5422
5408,12.9411
5409,13.2749
5410,13.0532
5411,10.6306
5412,8.5478
5413,11.4121
5414,14.4069
5415,15.9686
5416,14.0367
5417,15.0115
5418,14.1125
5419,18.2717
5420,14.6871
5421,14.9524
5422,17.5049
5423,13.3858
5424,10.7198
5425,14.2994
5426,13.4420
5427,14.4556
5428,13.8628
5429,11.4257
5430,18.4054
5431,10.2656
5432,20.5684
5433,9.7919
5434,15.9407
5435,10.8371
5436,10.9370
5437,14.6730
5438,13.2167
5439,9.3632
5440,16.2323
5441,15.0998
5442,15.2700
5443,10.8976
5444,10.5767
5445,10.6606
5446,10.2890
5447,10.3281
5448,10.0682
5449,9.7561
5450,13.5777
5451,13.4184
5452,12.4459
5453,15.2617
5454,11.7540
5455,17.2935
5456,14.0047
5457,13.8230
5458,20.6916
5459,14.6906
5460,12.3808
5461,21.0049
5462,10.7396
5463,22.2106
5464,15.4729
5465,19.5603
5466,14.6792
5467,14.5986
5468,13.6480
5469,11.6594
5470,15.4467
5471,13.4091
5472,13.2394
5473,11.6627
5474,12.2128
5475,13.5899
5476,15.7866
5477,11.8549
5478,13.3626
5479,10.3736
5480,10.8891
5481,13.3123
5482,14.0178
5483,12.0976
5484,12.8245
5485,11.5826
5486,24.5614
5487,11.9221
5488,14.2469
5489,16.4142
5490,19.2416
5491,11.5569
5492,15.1896
5493,16.3593
5494,17.4775
5495,15.4457
5496,19.2235
5497,11.6899
5498,13.1791
5499,12.8901
5500,15.6622
5501,10.0732
5502,16.7332
5503,11.7960
5504,12.2087
5505,14.3576
5506,11.9274
5507,14.7357
5508,14.5938
5509,14.4544
5510,14.5481
5511,13.9937
5512,14.4506
5513,11.0443
5514,12.2950
5515,15.0886
5516,14.7803
5517,14.2524
5518,12.7885
5519,13.3169
5520,13.8547
5521,11.8339
5522,13.0005
5523,13.9785
5524,17.5414
5525,12.4879
5526,13.1340
5527,8.5149
5528,10.6289
5529,13.2787
5530,16.0203
5531,16.2997
5532,20.5390
5533,17.0610
5534,11.0142
5535,17.2732
5536,13.0661
5537,13.8593
5538,15.3770
5539,18.3756
5540,16.5496
5541,18.7504
5542,26.5930
5543,20.3156
5544,13.5348
5545,9.8860
5546,11.8623
5547,14.3790
5548,10.3581
5549,14.9395
5550,12.0285
5551,11.1208
5552,11.4689
5553,9.3119
5554,20.8335
5555,8.4901
5556,12.5122
5557,13.3367
5558,20.0934
5559,14.4768
5560,16.1235
5561,14.2817
5562,16.3076
5563,18.4705
5564,12.0769
5565,14.1733
5566,12.8388
5567,17.9727
5568,16.0954
5569,10.9191
5570,12.7997
5571,14.7405
5572,14.7803
5573,13.3789
5574,13.3114
5575,19.9413
5576,13.4377
5577,11.4493
5578,12.1739
5579,16.3367
5580,9.6767
5581,13.8412
5582,14.8871
5583,13.6497
5584,14.8993
5585,13.4797
5586,19.1998
5587,14.0531
5588,8.6148
5589,10.8695
5590,9.0172
5591,9.0816
5592,8.8499
5593,9.2320
5594,20.3516
5595,15.6744
5596,16.2809
5597,13.9990
5598,30.3731
5599,13.7451
5600,14.7824
5601,31.8203
5602,25.9345
5603,14.6232
5604,16.6364
5605,11.8399
5606,15.9903
5607,12.4416
5608,13.7584
5609,14.3197
5610,10.7460
5611,14.2133
5612,13.4156
5613,16.8195
5614,12.1896
5615,12.1639
5616,19.2721
5617,12.9893
5618,13.0968
5619,14.1394
5620,12.1610
5621,12.2621
5622,12.3434
5623,12.4838
5624,14.3213
5625,12.4583
5626,15.8098
5627,18.5199
5628,15.6791
5629,14.5440
5630,11.8823
5631,19.7372
5632,11.6684
5633,17.5562
5634,16.0255
5635,18.0407
5636,13.9275
5637,12.9695
5638,14.3883
5639,14.6263
5640,13.3553
5641,15.3096
5642,11.4868
5643,13.0501
5644,13.2508
5645,12.7108
5646,11.8365
5647,11.0798
5648,24.1616
5649,9.3184
5650,10.6761
5651,15.8703
5652,15.4123
5653,15.6894
5654,14.4587
5655,19.6321
5656,16.1362
5657,11.5252
5658,8.7216
5659,10.8151
5660,12.2547
5661,18.5931
5662,12.9430
5663,22.6161
5664,19.6536
5665,13.9635
5666,12.8815
5667,8.4457
5668,8.5125
5669,10.5944
5670,13.2682
5671,13.8736
5672,11.3018
5673,11.3406
5674,12.4986
5675,14.7438
5676,15.4824
5677,23.2580
5678,14.9090
5679,14.3349
5680,14.4432
5681,14.5023
5682,11.8511
5683,14.1842
5684,11.4715
5685,17.0424
5686,12.2058
5687,10.1397
5688,9.3210
5689,12.0542
5690,17.2718
5691,14.0538
5692,15.7173
5693,12.7592
5694,14.1943
5695,14.3082
5696,14.7767
5697,28.2090
5698,19.1305
5699,12.8887
5700,20.3242
5701,12.3539
5702,16.5694
5703,21.8134
5704,8.7428
5705,10.3731
5706,10.5822
5707,13.4964
5708,19.1114
5709,15.2481
5710,14.1876
5711,14.8468
5712,14.2717
5713,15.6353
5714,14.8661
5715,14.9696
5716,18.1324
5717,14.5192
5718,15.7361
5719,12.9397
5720,12.9249
5721,12.8584
5722,12.1937
5723,9.1026
5724,11.9615
5725,13.3622
5726,14.9229
5727,15.5282
5728,16.5799
5729,14.8804
5730,15.5139
5731,12.1758
5732,15.4545
5733,13.6876
5734,14.6787
5735,13.3541
5736,9.2127
5737,16.8207
5738,12.8660
5739,19.6245
5740,15.9259
5741,10.0026
5742,12.0995
5743,16.2311
5744,12.7378
5745,13.8912
5746,12.1288
5747,13.5441
5748,20.5462
5749,16.3271
5750,13.5758
5751,12.6982
5752,12.4972
5753,16.1865
5754,9.3524
5755,17.3948
5756,23.7126
5757,13.4463
5758,13.4377
5759,11.0395
5760,15.0616
5761,19.8078
5762,17.2374
5763,23.5102
5764,20.1433
5765,16.8018
5766,23.5119
5767,11.5700
5768,20.1879
5769,22.9921
5770,19.7625
5771,21.9295
5772,12.6948
5773,15.4424
5774,15.7530
5775,20.2086
5776,22.9149
5777,19.8550
5778,11.1229
5779,9.7404
5780,14.8733
5781,16.9828
5782,18.6930
5783,17.5233
5784,11.4939
5785,13.7043
5786,12.5906
5787,10.8609
5788,13.7544
5789,11.6420
5790,12.0122
5791,13.9270
5792,13.2725
5793,16.4614
5794,14.4854
5795,14.3707
5796,14.9539
5797,13.6044
5798,15.7251
5799,16.5520
5800,19.5200
5801,15.3761
5802,15.3456
5803,18.3432
5804,18.2414
5805,12.7246
5806,25.3232
5807,21.7729
5808,16.0983
5809,13.2284
5810,14.1675
5811,14.3046
5812,12.5053
5813,16.1529
5814,13.0198
5815,13.9787
5816,15.5008
5817,8.7767
5818,11.7791
5819,13.5479
5820,15.5652
5821,15.9621
5822,14.0371
5823,14.5221
5824,14.5509
5825,13.8245
5826,11.2374
5827,13.3595
5828,17.2470
5829,14.8802
5830,13.6354
5831,15.4359
5832,15.6121
5833,15.9760
5834,14.6246
5835,12.2747
5836,15.1176
5837,13.8099
5838,14.8809
5839,16.0906
5840,10.3667
5841,9.7103
5842,16.5277
5843,12.3756
5844,18.7845
5845,20.1409
5846,18.3678
5847,9.2480
5848,15.2428
5849,12.4173
5850,21.2896
5851,13.0770
5852,8.9424
5853,10.2205
5854,12.5530
5855,14.0214
5856,14.7083
5857,13.2394
5858,16.3670
5859,18.9483
5860,13.9093
5861,14.9236
5862,15.4111
5863,20.0896
5864,20.5836
5865,16.0856
5866,15.5087
5867,12.6166
5868,14.0123
5869,12.3169
5870,12.8007
5871,14.1175
5872,14.6089
5873,12.8875
5874,13.1276
5875,12.4378
5876,13.1328
5877,12.6450
5878,10.8569
5879,15.4190
5880,11.8213
5881,15.7149
5882,11.9736
5883,15.4343
5884,11.4479
5885,10.9138
5886,12.0101
5887,12.9640
5888,12.7780
5889,18.5492
5890,13.2902
5891,12.9857
5892,13.3364
5893,15.6698
5894,12.4416
5895,15.7759
5896,12.5136
5897,11.9925
5898,14.0963
5899,12.1188
5900,11.2743
5901,16.1028
5902,12.9328
5903,16.1946
5904,19.0454
5905,16.4306
5906,15.9490
5907,17.2620
5908,17.6091
5909,19.2978
5910,9.2847
5911,17.0996
5912,18.4481
5913,12.9178
5914,16.1507
5915,12.3467
5916,13.9649
5917,12.2705
5918,24.8120
5919,15.6703
5920,10.0050
5921,9.7752
5922,14.9846
5923,12.0370
5924,16.1865
5925,14.0803
5926,15.8763
5927,11.3170
5928,15.6732
5929,11.5051
5930,13.1128
5931,17.1576
5932,15.0278
5933,14.6070
5934,17.6177
5935,15.3675
5936,15.5118
5937,13.5870
5938,16.5906
5939,14.1222
5940,15.3880
5941,14.1289
5942,13.5639
5943,19.6660
5944,23.0415
5945,14.8251
5946,15.2011
5947,11.6127
5948,16.3298
5949,16.0859
5950,10.7594
5951,8.2521
5952,20.1244
5953,17.8642
5954,11.0266
5955,11.4350
5956,17.9236
5957,13.9110
5958,15.2915
5959,16.3176
5960,14.2920
5961,11.7469
5962,12.0010
5963,13.7300
5964,14.2498
5965,13.4127
5966,14.0493
5967,17.8869
5968,11.9689
5969,16.0880
5970,13.3026
5971,14.2362
5972,15.3792
5973,10.8907
5974,11.0083
5975,13.6003
5976,15.8446
5977,16.3333
5978,16.4747
5979,20.0813
5980,19.4409
5981,11.8892
5982,18.5847
5983,16.8862
5984,18.1689
5985,17.9877
5986,12.9116
5987,11.1458
5988,14.2026
5989,14.0567
5990,10.5472
5991,12.2690
5992,14.1749
5993,12.9328
5994,21.5509
5995,12.0430
5996,16.9587
5997,16.7825
5998,11.2140
5999,14.6039
6000,18.8215
6001,17.8173
6002,16.9344
6003,16.0253
6004,17.7441
6005,19.8739
6006,32.0122
6007,12.4657
6008,17.5247
6009,18.8348
6010,18.5235
6011,13.1545
6012,14.5912
6013,16.2411
6014,27.0059
6015,19.1710
6016,21.6470
6017,22.8589
6018,9.4657
6019,10.0684
6020,12.3940
6021,11.6885
6022,14.5025
6023,15.9526
6024,15.6765
6025,18.6677
6026,14.5400
6027,16.9358
6028,17.3526
6029,14.5111
6030,13.9489
6031,20.8397
6032,13.7293
6033,17.3254
6034,17.7722
6035,15.4219
6036,13.3414
6037,15.9054
6038,10.7074
6039,12.0339
6040,11.5640
6041,13.8652
6042,13.0603
6043,17.5977
6044,16.0134
6045,16.5582
6046,13.9198
6047,14.7774
6048,13.1695
6049,13.6311
6050,14.2791
6051,18.4312
6052,13.4213
6053,13.1130
6054,9.1968
6055,18.7151
6056,117.2397
6057,17.1115
6058,15.0180
6059,11.3740
6060,15.0952
6061,18.7783
6062,11.9269
6063,15.9698
6064,17.2019
6065,13.7494
6066,21.5421
6067,10.2825
6068,20.9482
6069,13.7038
6070,21.3959
6071,15.3313
6072,16.7267
6073,16.7251
6074,14.9012
6075,20.9770
6076,15.0387
6077,15.2216
6078,9.3820
6079,13.6094
6080,15.6496
6081,16.9737
6082,22.4333
6083,11.0586
6084,11.0185
6085,12.3410
6086,11.8906
6087,16.1529
6088,15.9168
6089,17.5982
6090,19.2575
6091,15.3055
6092,16.5539
6093,19.8410
6094,21.3926
6095,16.1097
6096,20.9200
6097,18.9013
6098,19.3763
6099,16.6280
6100,15.6970
6101,14.9601
6102,14.4167
6103,15.2750
6104,16.0067
6105,25.4152
6106,22.5475
6107,18.1704
6108,12.3887
6109,16.2971
6110,15.3558
6111,17.4432
6112,12.4278
6113,14.6286
6114,15.5294
6115,17.0221
6116,12.8376
6117,14.7851
6118,13.5462
6119,18.0740
6120,13.5603
6121,15.5694
6122,11.8637
6123,12.7769
6124,13.8335
6125,10.6773
6126,11.1334
6127,17.2698
6128,13.7160
6129,12.6464
6130,14.1878
6131,14.2314
6132,18.4221
6133,16.7608
6134,13.2823
6135,15.1939
6136,16.6857
6137,17.3485
6138,9.1143
6139,9.3110
6140,15.2807
6141,10.6728
6142,15.8942
6143,12.7451
6144,16.5622
6145,14.0905
6146,18.7550
6147,17.2997
6148,17.2424
6149,15.8432
6150,15.5571
6151,11.7176
6152,17.6332
6153,11.5654
6154,10.2313
6155,13.6135
6156,18.4364
6157,16.0642
6158,14.9472
6159,16.0499
6160,19.1929
6161,17.7050
6162,18.4793
6163,15.3291
6164,15.8257
6165,22.7187
6166,12.8131
6167,18.5912
6168,13.3555
6169,16.1724
6170,19.9969
6171,13.1125
6172,13.6569
6173,11.2522
6174,10.7949
6175,11.3587
6176,9.0630
6177,12.7347
6178,12.8934
6179,12.5842
6180,11.0152
6181,13.1304
6182,11.8032
6183,15.8978
6184,18.1134
6185,13.6573
6186,11.5442
6187,11.1408
6188,11.6642
6189,15.5890
6190,21.6212
6191,12.9070
6192,15.9009
6193,13.6461
6194,13.3429
6195,11.1840
6196,14.9021
6197,14.7996
6198,13.4003
6199,14.9372
6200,14.1320
6201,11.3640
6202,20.3061
6203,13.4523
6204,17.0405
6205,14.7152
6206,20.8507
6207,14.1327
6208,14.6108
6209,18.0423
6210,19.6285
6211,10.4117
6212,10.0496
6213,8.7447
6214,10.8390
6215,16.6562
6216,17.2915
6217,15.5723
6218,25.0819
6219,18.9145
6220,19.0167
6221,17.3957
6222,18.1444
6223,19.9642
6224,19.9761
6225,19.7392
6226,18.8625
6227,17.1177
6228,14.6449
6229,19.5692
6230,15.7630
6231,20.1349
6232,14.5564
6233,15.3899
6234,15.0027
6235,11.4956
6236,13.8481
6237,11.6611
6238,14.4665
6239,16.0873
6240,15.5373
6241,18.3723
6242,13.6926
6243,10.0961
6244,10.0677
6245,13.5980
6246,17.3082
6247,19.9797
6248,14.1494
6249,12.6398
6250,16.2508
6251,12.7590
6252,10.8109
6253,10.0064
6254,12.5821
6255,14.7636
6256,14.9024
6257,10.1006
6258,17.6456
6259,9.8436
6260,14.4708
6261,17.1833
6262,13.0134
6263,17.6005
6264,18.9621
6265,21.2617
6266,26.6225
6267,15.2419
6268,13.1502
6269,9.5978
6270,17.1618
6271,18.7135
6272,7.7581
6273,21.2147
6274,21.8136
6275,9.5999
6276,11.0765
6277,13.4697
6278,12.8186
6279,12.8746
6280,18.2567
6281,13.0386
6282,12.6650
6283,23.1595
6284,14.5891
6285,19.4302
6286,10.2072
6287,12.6648
6288,11.0564
6289,16.3572
6290,9.2144
6291,17.5095
6292,11.1494
6293,14.4420
6294,10.2077
6295,14.6093
6296,13.9651
6297,18.0264
6298,9.7766
6299,14.2949
6300,15.2888
6301,17.1304
6302,22.4335
6303,16.9988
6304,17.9274
6305,14.7862
6306,18.0163
6307,17.3802
6308,16.8991
6309,18.5661
6310,21.1639
6311,11.7021
6312,19.8710
6313,13.7317
6314,17.1444
6315,20.8840
6316,11.7686
6317,14.8628
6318,15.3930
6319,10.0639
6320,14.9841
6321,13.9225
6322,14.3793
6323,19.7737
6324,19.3164
6325,10.9942
6326,12.3167
6327,12.0308
6328,13.3684
6329,15.1346
6330,13.2806
6331,14.6608
6332,13.3238
6333,19.6011
6334,14.2050
6335,12.0974
6336,9.2947
6337,15.4886
6338,16.7434
6339,14.4992
6340,17.8041
6341,15.2972
6342,16.8705
6343,13.1881
6344,13.9465
6345,15.1064
6346,8.3756
6347,18.8391
6348,9.0418
6349,12.1229
6350,12.3212
6351,17.9684
6352,13.1304
6353,11.7695
6354,12.5387
6355,12.2645
6356,10.4265
6357,11.8196
6358,11.7261
6359,10.9053
6360,11.5366
6361,13.9987
6362,7.9458
6363,12.5527
6364,9.9947
6365,9.3982
6366,12.5606
6367,13.9446
6368,13.3650
6369,11.5254
6370,9.4676
6371,15.6512
6372,18.5280
6373,13.6423
6374,10.7815
6375,12.3899
6376,12.1982
6377,18.0969
6378,12.2898
6379,13.7444
6380,20.6754
6381,11.8678
6382,15.3179
6383,11.1344
6384,12.5992
6385,11.6651
6386,12.5084
6387,11.3206
6388,18.1074
6389,16.5925
6390,17.2544
6391,11.2565
6392,14.2832
6393,10.0965
6394,10.3807
6395,16.7775
6396,14.7223
6397,18.2836
6398,14.7538
6399,12.3935
6400,14.0984
6401,14.8144
6402,12.7590
6403,10.0901
6404,9.1813
6405,10.8018
6406,15.6012
6407,18.8658
6408,15.4963
6409,19.4230
6410,29.3477
6411,14.6654
6412,25.4500
6413,123.3692
6414,11.9605
6415,21.8923
6416,33.7512
6417,15.5690
6418,20.1213
6419,18.7461
6420,12.4683
6421,11.2116
6422,11.0261
6423,10.6771
6424,15.6326
6425,13.0644
6426,24.1654
6427,14.2524
6428,16.5727
6429,16.8512
6430,11.9917
6431,15.7335
6432,13.6755
6433,13.8290
6434,14.4033
6435,15.6429
6436,19.0091
6437,11.4698
6438,9.6991
6439,13.8628
6440,12.5699
6441,11.2219
6442,13.5727
6443,11.3282
6444,12.5654
6445,12.2967
6446,11.9572
6447,13.9592
6448,14.3394
6449,15.9516
6450,9.8917
6451,12.1930
6452,9.9137
6453,13.0360
6454,20.9825
6455,11.6255
6456,14.4095
6457,17.1320
6458,11.7874
6459,12.7151
6460,13.9666
6461,12.7921
6462,13.2987
6463,19.5463
6464,11.7824
6465,13.5515
6466,22.9111
6467,14.9927
6468,16.6926
6469,21.9300
6470,18.0018
6471,17.0715
6472,12.4815
6473,13.9227
6474,21.5256
6475,12.4454
6476,16.4986
6477,23.4463
6478,13.0188
6479,16.8557
6480,14.5774
6481,12.8706
6482,18.3177
6483,17.1514
6484,15.8284
6485,13.1793
6486,15.3298
6487,17.3252
6488,13.1366
6489,15.7943
6490,13.7188
6491,16.2988
6492,16.0382
6493,15.1045
6494,13.0250
6495,16.9570
6496,11.5633
6497,15.4853
6498,21.9467
6499,13.7756
6500,11.4532
6501,23.1800
6502,13.5403
6503,15.5656
6504,19.3403
6505,14.1702
6506,13.5567
6507,16.8374
6508,15.6655
6509,16.2814
6510,14.8327
6511,10.1416
6512,27.3747
6513,11.4610
6514,14.4155
6515,15.0309
6516,10.9220
6517,12.2278
6518,15.1830
6519,14.0228
6520,12.5613
6521,13.9992
6522,13.9384
6523,14.2910
6524,15.6910
6525,13.1013
6526,11.5345
6527,13.7079
6528,13.1006
6529,13.6313
6530,20.8216
6531,11.2815
6532,13.7105
6533,12.9054
6534,14.4477
6535,18.9364
6536,16.2117
6537,12.6939
6538,15.5427
6539,12.9404
6540,11.3566
6541,10.4430
6542,11.7962
6543,13.3471
6544,10.5958
6545,16.7937
6546,13.5951
6547,12.1999
6548,13.7775
6549,18.4207
6550,18.1346
6551,15.9957
6552,13.3638
6553,15.5215
6554,12.5580
6555,15.4219
6556,13.4130
6557,16.5200
6558,17.5908
6559,19.2027
6560,16.1815
6561,15.4076
6562,16.1009
6563,11.7843
6564,14.4808
6565,15.2352
6566,17.4472
6567,18.1241
6568,14.6041
6569,18.3206
6570,13.7181
6571,19.1815
6572,12.6688
6573,12.3727
6574,11.3273
6575,11.5955
6576,13.2885
6577,12.3160
6578,12.6805
6579,13.0458
6580,16.7644
6581,13.0575
6582,18.2116
6583,12.8827
6584,16.3267
6585,12.1346
6586,12.0158
6587,13.2508
6588,14.9391
6589,19.4135
6590,15.9903
6591,16.0513
6592,18.7273
6593,16.0096
6594,9.6793
6595,10.7830
6596,9.1374
6597,10.8738
6598,16.1076
6599,13.8912
6600,42.8581
6601,11.7989
6602,14.4420
6603,14.5521
6604,14.2417
6605,13.6883
6606,14.9291
6607,17.5853
6608,18.7006
6609,23.7081
6610,20.8983
6611,17.0872
6612,13.3507
6613,23.8714
6614,21.7087
6615,9.9883
6616,11.4229
6617,12.2502
6618,10.8309
6619,11.4009
6620,9.6500
6621,11.3268
6622,10.9529
6623,11.9584
6624,12.0583
6625,13.2921
6626,16.5575
6627,10.5338
6628,15.4786
6629,14.6179
6630,13.3030
6631,16.2659
6632,12.0692
6633,10.3509
6634,16.1128
6635,12.7265
6636,16.5710
6637,14.9064
6638,12.0468
6639,14.0648
6640,11.7214
6641,10.9444
6642,12.7687
6643,14.0009
6644,20.1023
6645,16.2017
6646,9.9862
6647,14.8890
6648,12.6030
6649,15.3036
6650,13.4203
6651,16.7940
6652,17.2505
6653,13.6902
6654,17.3814
6655,13.4022
6656,11.2720
6657,21.6284
6658,13.1831
6659,16.6028
6660,18.6558
6661,14.1957
6662,13.3882
6663,13.8550
6664,14.0319
6665,9.9061
6666,10.2909
6667,11.1451
6668,11.9717
6669,11.3640
6670,11.2967
6671,9.9647
6672,13.7873
6673,15.3513
6674,13.3417
6675,13.8373
6676,12.1968
6677,16.4893
6678,11.3964
6679,13.9301
6680,10.8790
6681,14.8506
6682,12.7437
6683,12.5296
6684,15.1660
6685,10.0472
6686,9.8650
6687,12.6598
6688,16.2137
6689,13.6111
6690,12.1498
6691,18.0728
6692,15.6043
6693,15.7304
6694,12.0845
6695,12.5234
6696,14.4234
6697,15.5182
6698,16.3996
6699,13.6502
6700,10.5596
6701,13.4978
6702,11.2116
6703,14.5361
6704,9.4800
6705,17.7279
6706,11.1511
6707,11.7953
6708,12.2511
6709,9.3768
6710,14.0212
6711,13.8206
6712,10.7744
6713,12.8787
6714,12.6400
6715,16.8443
6716,13.0687
6717,28.7304
6718,19.3262
6719,11.9290
6720,18.8951
6721,14.0812
6722,13.7827
6723,10.8173
6724,18.1520
6725,13.0031
6726,14.2758
6727,15.0731
6728,12.7859
6729,22.4028
6730,14.9238
6731,17.5426
6732,13.7665
6733,19.9742
6734,15.3165
6735,14.1954
6736,10.9813
6737,15.2590
6738,12.8880
6739,12.9154
6740,14.0069
6741,12.2283
6742,20.0849
6743,12.5508
6744,14.9181
6745,13.2930
6746,17.0524
6747,13.2964
6748,12.2275
6749,21.4257
6750,13.0477
6751,11.1055
6752,12.0289
6753,13.2477
6754,13.4380
6755,12.7168
6756,11.5590
6757,12.8071
6758,13.6864
6759,13.0875
6760,17.0741
6761,15.9731
6762,14.1933
6763,18.4426
6764,12.1086
6765,18.4042
6766,16.6192
6767,14.5154
6768,17.2422
6769,12.6355
6770,12.9645
6771,12.6975
6772,17.8809
6773,14.1494
6774,10.8001
6775,13.8638
6776,17.9090
6777,18.8420
6778,13.6108
6779,18.5637
6780,16.5122
6781,16.7120
6782,16.4917
6783,17.1049
6784,17.3893
6785,16.3100
6786,15.1224
6787,16.3395
6788,17.0448
6789,15.1038
6790,17.6756
6791,14.0684
6792,22.2738
6793,15.3716
6794,14.3499
6795,13.5114
6796,11.4384
6797,15.9791
6798,15.6596
6799,10.9537
6800,16.8216
6801,10.8933
6802,14.9832
6803,19.0015
6804,11.3168
6805,12.1520
6806,16.4537
6807,14.3561
6808,14.2047
6809,20.0307
6810,12.5499
6811,11.6563
6812,12.8081
6813,15.4214
6814,15.4963
6815,10.6571
6816,8.5919
6817,12.8603
6818,14.5397
6819,17.0288
6820,19.1641
6821,16.6457
6822,15.1694
6823,18.1410
6824,17.8185
6825,21.7266
6826,17.2646
6827,17.0033
6828,13.1888
6829,17.1762
6830,15.4805
6831,15.5735
6832,14.8869
6833,13.6764
6834,14.5342
6835,14.9169
6836,17.4787
6837,20.9990
6838,26.1097
6839,12.3687
6840,13.1443
6841,16.7563
6842,10.9031
6843,18.0466
6844,14.8175
6845,14.3824
6846,14.7328
6847,20.5762
6848,13.6001
6849,12.9583
6850,15.9709
6851,19.7253
6852,13.7098
6853,14.4320
6854,12.5432
6855,14.9460
6856,12.8675
6857,10.6654
6858,9.2018
6859,14.3437
6860,10.9911
6861,13.0808
6862,10.9658
6863,14.2848
6864,10.4060
6865,16.9141
6866,14.8454
6867,17.1888
6868,16.7878
6869,13.8381
6870,11.7209
6871,16.0861
6872,19.7620
6873,16.6569
6874,16.2189
6875,16.4421
6876,13.9325
6877,13.8721
6878,13.4604
6879,14.9248
6880,18.5790
6881,15.5246
6882,13.1445
6883,12.0015
6884,12.1088
6885,13.2258
6886,15.1174
6887,11.4496
6888,8.9660
6889,8.9839
6890,11.1289
6891,10.6332
6892,10.0384
6893,13.3362
6894,9.5637
6895,11.3542
6896,10.9916
6897,14.3979
6898,13.8366
6899,12.1512
6900,13.9029
6901,17.9703
6902,9.0806
6903,11.6172
6904,13.3080
6905,16.2339
6906,14.1473
6907,11.9855
6908,15.1401
6909,13.1235
6910,21.1356
6911,21.5657
6912,16.7518
6913,14.7042
6914,12.2087
6915,13.7217
6916,16.9265
6917,15.6438
6918,16.8087
6919,15.9850
6920,17.1852
6921,19.9637
6922,22.6927
6923,15.5799
6924,8.7042
6925,21.5323
6926,20.4101
6927,27.2422
6928,16.2542
6929,17.3242
6930,11.6301
6931,14.9226
6932,13.4461
6933,14.7223
6934,11.0049
6935,15.0304
6936,17.9000
6937,8.4214
6938,40.4577
6939,8.9433
6940,11.6863
6941,9.8505
6942,10.8333
6943,9.9943
6944,15.9321
6945,14.5202
6946,17.2224
6947,13.1986
6948,15.8982
6949,12.4443
6950,16.4320
6951,20.8266
6952,9.0239
6953,13.4521
6954,11.7068
6955,18.4300
6956,17.7999
6957,14.3151
6958,13.8743
6959,16.1948
6960,13.1779
6961,11.3902
6962,14.6101
6963,12.8663
6964,12.4848
6965,11.3823
6966,11.8089
6967,15.7037
6968,13.9844
6969,14.5812
6970,12.9325
6971,14.4083
6972,22.2535
6973,15.3308
6974,13.7935
6975,14.9009
6976,15.0065
6977,16.6955
6978,15.0335
6979,12.7993
6980,14.0755
6981,13.4280
6982,13.4413
6983,12.5141
6984,10.3786
6985,17.7801
6986,12.5668
6987,13.1330
6988,12.1191
6989,10.5059
6990,16.0162
6991,10.4959
6992,13.9613
6993,9.8588
6994,9.5482
6995,9.4273
6996,10.8347
6997,12.8393
6998,13.8414
6999,14.5943
7000,11.6887
7001,11.0180
7002,12.7861
7003,11.1887
7004,12.3978
7005,13.9995
7006,11.2677
7007,10.7777
7008,12.4502
7009,14.7283
7010,14.4310
7011,11.3101
7012,11.8256
7013,13.7053
7014,15.4409
7015,13.5078
7016,13.5887
7017,16.3040
7018,18.8248
7019,12.5990
7020,18.6727
7021,18.6841
7022,10.0284
7023,10.9878
7024,18.1403
7025,18.1417
7026,15.5561
7027,22.9146
7028,13.3970
7029,13.0451
7030,15.4314
7031,22.0354
7032,12.5847
7033,15.3971
7034,20.0596
7035,15.8424
7036,14.7245
7037,17.1204
7038,11.7157
7039,10.6752
7040,11.7631
7041,12.3556
7042,14.2903
7043,12.3949
7044,15.5659
7045,17.6923
7046,15.9967
7047,11.6968
7048,15.4495
7049,21.2171
7050,13.1733
7051,22.8813
7052,21.7621
7053,16.9249
7054,13.7327
7055,12.8777
7056,15.7990
7057,12.0494
7058,14.9658
7059,15.0101
7060,17.9720
7061,14.1907
7062,10.4871
7063,14.9193
7064,20.7236
7065,18.0767
7066,13.1698
7067,11.5056
7068,17.4165
7069,13.3581
7070,17.9071
7071,14.6198
7072,15.2345
7073,15.8396
7074,21.8139
7075,15.4519
7076,16.9139
7077,21.8015
7078,15.9671
7079,16.3927
7080,13.9561
7081,13.8121
7082,13.6652
7083,11.3754
7084,20.6001
7085,17.1328
7086,13.4950
7087,14.9400
7088,13.0305
7089,10.8640
7090,13.4945
7091,14.9841
7092,15.2011
7093,14.7798
7094,15.4452
7095,15.4932
7096,15.6205
7097,12.1858
7098,22.5008
7099,11.2479
7100,10.0756
7101,13.2027
7102,13.1881
7103,13.8071
7104,14.9632
7105,14.1542
7106,15.9264
7107,14.0400
7108,17.0937
7109,10.4647
7110,20.6556
7111,14.6699
7112,18.8220
7113,17.5946
7114,14.1728
7115,10.0074
7116,11.2357
7117,13.4854
7118,11.3072
7119,17.9858
7120,19.9656
7121,17.1075
7122,11.5585
7123,10.3352
7124,16.3643
7125,18.6636
7126,12.5008
7127,21.0400
7128,17.5438
7129,15.4710
7130,21.0633
7131,16.1486
7132,13.1783
7133,22.1932
7134,19.9282
7135,16.5074
7136,23.0315
7137,13.4256
7138,16.9749
7139,11.3173
7140,23.9103
7141,11.6467
7142,11.0979
7143,9.0621
7144,16.7203
7145,11.1272
7146,16.6898
7147,10.7358
7148,16.7246
7149,11.9197
7150,12.7072
7151,12.3670
7152,12.8474
7153,10.6812
7154,12.5723
7155,14.5833
7156,21.8694
7157,13.6573
7158,12.9559
7159,16.1204
7160,16.6273
7161,16.7859
7162,16.5682
7163,19.3691
7164,16.1769
7165,9.5220
7166,12.7180
7167,19.5880
7168,13.3386
7169,13.7413
7170,13.2246
7171,16.7243
7172,14.9696
7173,14.0398
7174,15.4471
7175,15.2421
7176,19.1085
7177,12.4776
7178,22.7406
7179,15.3499
7180,14.3790
7181,13.0482
7182,10.2780
7183,10.9897
7184,15.6488
7185,12.0265
7186,11.3201
7187,20.6285
7188,14.4341
7189,22.9325
7190,14.5240
7191,15.6522
7192,16.8445
7193,14.6043
7194,16.2799
7195,12.6998
7196,18.6086
7197,16.5002
7198,10.9096
7199,12.5945
7200,11.6339
7201,20.2591
7202,19.2783
7203,8.8110
7204,12.3270
7205,16.9945
7206,16.6767
7207,14.1103
7208,15.3434
7209,12.8274
7210,13.4902
7211,11.4281
7212,13.0427
7213,12.6088
7214,12.4154
7215,16.1123
7216,12.3041
7217,14.1249
7218,16.8490
7219,11.1394
7220,16.3741
7221,10.5143
7222,12.3763
7223,13.9978
7224,15.5065
7225,13.8414
7226,12.9957
7227,14.7603
7228,23.2136
7229,13.1059
7230,16.7503
7231,18.8863
7232,9.3451
7233,14.7672
7234,19.8560
7235,16.0055
7236,21.7941
7237,18.7833
7238,11.6434
7239,15.5108
7240,16.9408
7241,14.7398
7242,12.9764
7243,15.9972
7244,14.2968
7245,14.5524
7246,13.3228
7247,12.4779
7248,15.7480
7249,12.0614
7250,17.0455
7251,18.6241
7252,12.2912
7253,12.5370
7254,13.5512
7255,11.6389
7256,20.1390
7257,13.5777
7258,16.1195
7259,12.6815
7260,23.2329
7261,15.5485
7262,13.6664
7263,13.0515
7264,17.9589
7265,12.9881
7266,14.3900
7267,18.2464
7268,18.2228
7269,11.7450
7270,12.7726
7271,12.3622
7272,15.8298
7273,19.3784
7274,17.9946
7275,19.1288
7276,17.1864
7277,14.5822
7278,15.4092
7279,13.2334
7280,18.2447
7281,16.9234
7282,18.5368
7283,16.7346
7284,15.9986
7285,14.9558
7286,8.9314
7287,15.4803
7288,11.0281
7289,11.8036
7290,14.2999
7291,12.5597
7292,14.8933
7293,14.2939
7294,12.1145
7295,16.6638
7296,14.2896
7297,14.0491
7298,12.8458
7299,12.0089
7300,16.5856
7301,20.2773
7302,14.2212
7303,13.1853
7304,19.0866
7305,12.6545
7306,15.5520
7307,21.5375
7308,12.0380
7309,9.7725
7310,12.5256
7311,11.1370
7312,16.2711
7313,14.0996
7314,14.8950
7315,13.6714
7316,17.9558
7317,14.0502
7318,16.0763
7319,17.5705
7320,21.7531
7321,17.2052
7322,15.8679
7323,22.0852
7324,11.4186
7325,12.3477
7326,13.7970
7327,15.6667
7328,19.1031
7329,18.5430
7330,17.2246
7331,24.2307
7332,23.2642
7333,12.2397
7334,19.7129
7335,18.4984
7336,13.2995
7337,9.5167
7338,15.2280
7339,16.0902
7340,15.6243
7341,16.9647
7342,10.7033
7343,13.0610
7344,14.4463
7345,17.4954
7346,9.2914
7347,15.4550
7348,12.0726
7349,16.4285
7350,9.7015
7351,9.7690
7352,11.0891
7353,12.1639
7354,15.2383
7355,19.4011
7356,13.0289
7357,12.4953
7358,12.1021
7359,13.7939
7360,14.0924
7361,12.9757
7362,11.9267
7363,12.1169
7364,12.2221
7365,12.1174
7366,14.8563
7367,10.8786
7368,12.0862
7369,13.0553
7370,12.0656
7371,14.2994
7372,16.4301
7373,14.2508
7374,15.2988
7375,16.4428
7376,13.6588
7377,15.0635
7378,17.2367
7379,11.3487
7380,14.0047
7381,18.2302
7382,22.2166
7383,13.2861
7384,18.3220
7385,14.9672
7386,10.8044
7387,20.4139
7388,11.7831
7389,11.4818
7390,16.0782
7391,14.4610
7392,14.8113
7393,11.9860
7394,16.9027
7395,13.4053
7396,10.0400
7397,15.0142
7398,15.3437
7399,12.5024
7400,11.9202
7401,13.1378
7402,20.4992
7403,18.9066
7404,11.5616
7405,14.9853
7406,13.5157
7407,13.2656
7408,12.3825
7409,13.6015
7410,15.4719
7411,14.3068
7412,8.5888
7413,15.1517
7414,12.5153
7415,12.3467
7416,15.7948
7417,11.5557
7418,12.4683
7419,12.3634
7420,14.4353
7421,9.4585
7422,8.8880
7423,16.7780
7424,10.6301
7425,13.4089
7426,19.7299
7427,12.0635
7428,21.4589
7429,24.2355
7430,14.9510
7431,16.5572
7432,10.2985
7433,12.5470
7434,13.9539
7435,9.5041
7436,14.8325
7437,22.7606
7438,12.9831
7439,10.0558
7440,17.0612
7441,15.0070
7442,16.8366
7443,14.3933
7444,9.7351
7445,14.0727
7446,13.6538
7447,18.2493
7448,18.0769
7449,15.6264
7450,14.7552
7451,8.1444
7452,9.1045
7453,20.4220
7454,13.2003
7455,9.2080
7456,11.3807
7457,12.9256
7458,11.0481
7459,12.5718
7460,13.3581
7461,15.8529
7462,16.8684
7463,11.0903
7464,13.3138
7465,15.1641
7466,19.1207
7467,15.3217
7468,20.6022
7469,15.2760
7470,15.3735
7471,12.3456
7472,14.4036
7473,19.7034
7474,16.8958
7475,13.4251
7476,24.0839
7477,21.2054
7478,11.2317
7479,15.3084
7480,24.5836
7481,13.3579
7482,20.8030
7483,21.1539
7484,13.8671
7485,20.8135
7486,8.5564
7487,23.3002
7488,16.8719
7489,11.3153
7490,15.9390
7491,12.8357
7492,13.2174
7493,23.6597
7494,14.2665
7495,12.1031
7496,11.1828
7497,12.8894
7498,16.0780
7499,16.6337
7500,13.0401
7501,16.7325
7502,13.0136
7503,11.7447
7504,17.0555
7505,10.0238
7506,14.5631
7507,18.5142
7508,18.3682
7509,11.6682
7510,16.6459
7511,19.8562
7512,17.3678
7513,12.2859
7514,19.5265
7515,10.5734
7516,15.1753
7517,14.1487
7518,13.9232
7519,16.8355
7520,13.7727
7521,13.1872
7522,12.8901
7523,12.5325
7524,10.2212
7525,10.2401
7526,14.6801
7527,14.2088
7528,17.5648
7529,13.7770
7530,17.1137
7531,12.2395
7532,11.4183
7533,14.8082
7534,15.2693
7535,21.4279
7536,13.9849
7537,16.1428
7538,9.6929
7539,18.1625
7540,12.7718
7541,20.5503
7542,8.0740
7543,8.2557
7544,9.3753
7545,11.0700
7546,14.9724
7547,19.5944
7548,14.8335
7549,16.3126
7550,19.0389
7551,15.8772
7552,14.1783
7553,14.3747
7554,13.7529
7555,11.5774
7556,14.2705
7557,17.0238
7558,13.2546
7559,16.2144
7560,13.9649
7561,11.2085
7562,8.8623
7563,14.9834
7564,14.6120
7565,15.2800
7566,20.8244
7567,14.8132
7568,21.2548
7569,21.2462
7570,19.4428
7571,17.1461
7572,12.3746
7573,18.2667
7574,12.2912
7575,15.4130
7576,13.9642
7577,13.3824
7578,13.4325
7579,14.5571
7580,12.8465
7581,14.0669
7582,12.2869
7583,13.8915
7584,12.9781
7585,22.5208
7586,11.4062
7587,13.8340
7588,11.7490
7589,13.3524
7590,13.1950
7591,12.2709
7592,12.4912
7593,13.1695
7594,12.4569
7595,15.8219
7596,14.4184
7597,14.6756
7598,17.1504
7599,11.6553
7600,9.1143
7601,12.8500
7602,18.9321
7603,18.5192
7604,16.5424
7605,11.1196
7606,12.1808
7607,13.3550
7608,13.8836
7609,12.0540
7610,18.2300
7611,14.9126
7612,17.3211
7613,18.0433
7614,11.5693
7615,19.4128
7616,16.1219
7617,15.5888
7618,10.9234
7619,13.2167
7620,13.0613
7621,13.2577
7622,14.6387
7623,18.3234
7624,12.0804
7625,26.1180
7626,10.0205
7627,10.7780
7628,12.3434
7629,15.3804
7630,12.5327
7631,14.9078
7632,10.2136
7633,14.6112
7634,10.3648
7635,14.3087
7636,14.3983
7637,11.7452
7638,14.8730
7639,13.7706
7640,13.3345
7641,13.2961
7642,13.0563
7643,13.9196
7644,12.0108
7645,13.0227
7646,20.6904
7647,16.9289
7648,22.8066
7649,14.6046
7650,17.0646
7651,17.0772
7652,17.3163
7653,21.1525
7654,18.4131
7655,20.1499
7656,10.6494
7657,11.9209
7658,15.8975
7659,17.1247
7660,17.0515
7661,12.0759
7662,10.8619
7663,11.8506
7664,12.6414
7665,11.8225
7666,11.1513
7667,16.3636
7668,15.6388
7669,9.7597
7670,13.9170
7671,11.8492
7672,14.9975
7673,11.8310
7674,13.8113
7675,13.6216
7676,12.6834
7677,13.9410
7678,12.0883
7679,14.4513
7680,10.6452
7681,15.0337
7682,13.4664
7683,13.3393
7684,13.8443
7685,14.2221
7686,16.8474
7687,13.0661
7688,12.4819
7689,16.3200
7690,14.6391
7691,17.8611
7692,20.5817
7693,14.7667
7694,14.7364
7695,11.4365
7696,14.2629
7697,13.0956
7698,15.1157
7699,19.0635
7700,12.6796
7701,11.7228
7702,13.1392
7703,14.7004
7704,13.0057
7705,13.8385
7706,14.4072
7707,10.9978
7708,15.0044
7709,11.6005
7710,12.5978
7711,11.6532
7712,13.4294
7713,11.5359
7714,15.3191
7715,14.3335
7716,14.5512
7717,14.4024
7718,10.3216
7719,12.0139
7720,18.1434
7721,18.2252
7722,12.1076
7723,16.3636
7724,12.0628
7725,15.2993
7726,15.1103
7727,18.0933
7728,13.0157
7729,19.6478
7730,13.2592
7731,16.0201
7732,15.6116
7733,14.1389
7734,15.1350
7735,16.1507
7736,14.9519
7737,16.4783
7738,16.9117
7739,11.5266
7740,16.3376
7741,12.9907
7742,18.8284
7743,15.0967
7744,15.1913
7745,15.3770
7746,12.3448
7747,15.8477
7748,14.3058
7749,9.7754
7750,16.0174
7751,15.7499
7752,13.7107
