id,t_pub_ms
1,4.8640
2,5.8765
3,9.9454
4,12.7416
5,15.3692
6,18.4977
7,21.8470
8,24.6804
9,26.9301
10,29.1078
11,32.8088
12,36.8226
13,39.4247
14,41.0106
15,44.0865
16,45.2819
17,47.9429
18,50.2973
19,53.3137
20,57.7841
21,59.8843
22,63.8752
23,65.5029
24,68.9068
25,71.0256
26,72.4506
27,74.0199
28,75.6824
29,77.9557
30,81.4195
31,84.8155
32,88.1200
33,90.7834
34,93.6205
35,96.3175
36,99.7758
37,102.2019
38,104.7421
39,107.2543
40,109.8201
41,112.6068
42,116.1387
43,119.4546
44,122.2417
45,125.0744
46,127.7032
47,130.6283
48,133.5289
49,135.9076
50,138.9000
51,146.8267
52,149.3235
53,153.5056
54,157.2530
55,161.6695
56,165.8502
57,168.8306
58,172.5218
59,175.5214
60,178.2694
61,188.1244
62,193.6913
63,198.0510
64,201.3123
65,205.5609
66,210.9582
67,218.3459
68,224.8359
69,229.0797
70,235.1136
71,236.6643
72,241.7245
73,245.5628
74,248.4624
75,253.4192
76,255.9745
77,259.0418
78,262.1696
79,265.5525
80,268.6460
81,272.5313
82,279.3345
83,283.5560
84,290.3588
85,292.8452
86,297.1427
87,303.1948
88,306.5507
89,311.5811
90,315.1116
91,321.2929
92,328.2018
93,331.7733
94,335.2959
95,338.3136
96,340.0297
97,340.8093
98,341.7490
99,342.9005
100,343.9853
101,345.1402
102,346.2853
103,347.3568
104,348.5947
105,349.2799
106,350.2502
107,351.3010
108,352.4287
109,353.5535
110,354.8138
111,355.9687
112,356.8780
113,359.2539
114,362.2208
115,365.3872
116,367.6472
117,369.8399
118,372.0455
119,374.1145
120,375.9115
121,377.6948
122,379.3283
123,381.3760
124,383.8599
125,386.2400
126,389.1749
127,391.1431
128,393.9862
129,396.0183
130,398.1647
131,400.1577
132,402.2439
133,405.3459
134,407.2535
135,409.7779
136,412.3180
137,414.9468
138,417.6936
139,419.9789
140,422.9441
141,425.3042
142,427.8779
143,430.1436
144,432.2238
145,434.6404
146,436.2185
147,438.7343
148,440.8135
149,442.0950
150,444.3247
151,447.4430
152,449.6522
153,452.5497
154,454.6187
155,455.8794
156,457.9263
157,460.2063
158,462.6460
159,464.0532
160,465.2913
161,469.1372
162,479.9430
163,487.8113
164,489.6965
165,493.8052
166,495.2946
167,506.5215
168,512.9428
169,519.2652
170,525.1455
171,528.8372
172,529.5265
173,530.6075
174,533.8614
175,539.7854
176,543.4685
177,550.8432
178,554.0082
179,556.2587
180,557.6081
181,560.4999
182,561.6262
183,562.7711
184,565.4898
185,567.6770
186,569.8097
187,572.0091
188,574.1842
189,576.3330
190,578.7506
191,580.9658
192,582.9313
193,585.2883
194,587.1377
195,588.5479
196,589.8297
197,590.9588
198,592.2196
199,594.3561
200,597.2621
201,596.5459
202,598.9113
203,601.4390
204,603.4722
205,605.8569
206,607.8167
207,610.1587
208,611.6116
209,613.4119
210,615.7036
211,617.8355
212,619.6992
213,620.9462
214,623.6098
215,623.8453
216,626.2536
217,628.6817
218,630.4839
219,633.1642
220,635.3831
221,637.9023
222,639.7762
223,642.5352
224,644.9373
225,646.9684
226,649.6887
227,652.4656
228,655.9458
229,658.6001
230,660.5580
231,662.5042
232,663.6086
233,664.2597
234,664.8629
235,664.1829
236,664.6919
237,666.3520
238,668.6649
239,671.0770
240,671.7668
241,674.0305
242,676.7337
243,678.7207
244,681.2294
245,682.9984
246,685.0846
247,687.3002
248,689.1687
249,691.0605
250,693.3434
251,695.5926
252,697.9277
253,700.0787
254,702.7299
255,705.0121
256,707.7677
257,709.8794
258,711.5800
259,713.9847
260,716.2228
261,718.1160
262,720.1295
263,722.2278
264,725.1277
265,727.9127
266,730.6554
267,733.1679
268,735.9359
269,738.2667
270,740.6788
271,743.1750
272,745.3759
273,747.8356
274,750.2255
275,752.3079
276,755.2257
277,757.5195
278,759.9795
279,762.2271
280,764.4484
281,766.5567
282,768.5061
283,770.9270
284,773.3867
285,775.8412
286,778.0452
287,780.9165
288,783.8521
289,786.4754
290,789.0816
291,791.9176
292,794.3230
293,797.1873
294,799.5932
295,802.3834
296,805.4144
297,808.0997
298,811.1975
299,809.7320
300,812.5796
301,815.5756
302,817.2710
303,819.6104
304,823.6289
305,827.2133
306,829.0772
307,833.5407
308,838.4497
309,842.0393
310,846.1707
311,849.5090
312,848.6028
313,852.6402
314,857.2242
315,863.4501
316,866.4048
317,870.6844
318,873.9994
319,879.6446
320,885.1218
321,886.8396
322,888.0796
323,890.7423
324,893.8961
325,896.2030
326,898.9685
327,901.6268
328,903.7323
329,906.4558
330,908.8962
331,911.3860
332,914.3555
333,917.1915
334,920.0604
335,922.9133
336,925.6287
337,928.3023
338,931.0582
339,933.6786
340,936.3523
341,938.9625
342,941.9038
343,944.7792
344,947.8445
345,951.0679
346,954.0074
347,956.8324
348,959.9793
349,964.9935
350,969.2295
351,974.4458
352,979.7664
353,986.7435
354,991.2755
355,994.1883
356,997.0613
357,999.9304
358,1002.9345
359,1005.8019
360,1012.6185
361,1014.1113
362,1018.8963
363,1022.5966
364,1025.9702
365,1029.5644
366,1033.1812
367,1036.3946
368,1039.2811
369,1042.3667
370,1045.4264
371,1048.1768
372,1051.0275
373,1054.2376
374,1057.1039
375,1059.9289
376,1062.7694
377,1065.9747
378,1069.6111
379,1072.3982
380,1075.1090
381,1078.1169
382,1080.9953
383,1083.8585
384,1086.8452
385,1089.7846
386,1092.7708
387,1095.5896
388,1098.4776
389,1101.3668
390,1108.1684
391,1112.6788
392,1115.4315
393,1118.1972
394,1120.9443
395,1123.8959
396,1127.4691
397,1130.4727
398,1133.7678
399,1136.5027
400,1139.2641
401,1142.1041
402,1145.5808
403,1148.1838
404,1150.7337
405,1153.2922
406,1156.0886
407,1158.8130
408,1161.6907
409,1164.3734
410,1166.7783
411,1169.0419
412,1171.6464
413,1174.5651
414,1177.5646
415,1179.8379
416,1182.0517
417,1184.3321
418,1186.2693
419,1188.4744
420,1190.4619
421,1193.4233
422,1196.3723
423,1198.9899
424,1201.7627
425,1203.9034
426,1206.2836
427,1208.4341
428,1210.8123
429,1214.2198
430,1216.7425
431,1218.2059
432,1221.4622
433,1222.6367
434,1223.9714
435,1225.3146
436,1226.6791
437,1227.2241
438,1229.0335
439,1231.4746
440,1234.3507
441,1236.6188
442,1239.0025
443,1241.2999
444,1243.6786
445,1246.1941
446,1249.3181
447,1251.7684
448,1253.8612
449,1257.7653
450,1261.4222
451,1264.0359
452,1265.5182
453,1268.7266
454,1279.7687
455,1283.1399
456,1285.7339
457,1289.1805
458,1291.5864
459,1293.8201
460,1296.2205
461,1298.5182
462,1300.6284
463,1303.1652
464,1304.9302
465,1306.9296
466,1308.8000
467,1311.3282
468,1313.8754
469,1316.6595
470,1319.3054
471,1321.6670
472,1323.4205
473,1325.5804
474,1327.7743
475,1331.0823
476,1334.5637
477,1337.6226
478,1340.1599
479,1342.4797
480,1344.4533
481,1346.4262
482,1348.6190
483,1351.0301
484,1353.2538
485,1355.4468
486,1357.5683
487,1359.6911
488,1362.2429
489,1364.6038
490,1366.8993
491,1369.0798
492,1371.2938
493,1374.3541
494,1377.1851
495,1379.4677
496,1381.5746
497,1383.6055
498,1385.6208
499,1387.1436
500,1389.5543
501,1391.8943
502,1394.1848
503,1396.0469
504,1398.0372
505,1400.7289
506,1403.5940
507,1406.0669
508,1408.0560
509,1409.7140
510,1411.4773
511,1413.4207
512,1416.1532
513,1418.9723
514,1420.8550
515,1422.9882
516,1424.6280
517,1426.4789
518,1428.1549
519,1430.5439
520,1433.5494
521,1436.2888
522,1438.8170
523,1440.4898
524,1442.7159
525,1444.6039
526,1446.7442
527,1448.2470
528,1450.5060
529,1453.1262
530,1455.4558
531,1457.6056
532,1459.6617
533,1459.9683
534,1462.0602
535,1464.2313
536,1466.3417
537,1468.7746
538,1471.3192
539,1473.2339
540,1475.7159
541,1478.9453
542,1486.4128
543,1486.6259
544,1489.0561
545,1493.4409
546,1496.2225
547,1496.2800
548,1501.6100
549,1504.1189
550,1505.7809
551,1505.7738
552,1512.8882
553,1516.1564
554,1519.3820
555,1526.5250
556,1529.9864
557,1531.8646
558,1538.3389
559,1540.3807
560,1542.4492
561,1544.3361
562,1547.6010
563,1552.7976
564,1554.2262
565,1556.3226
566,1559.3355
567,1566.8323
568,1568.3277
569,1569.9842
570,1571.2907
571,1575.9902
572,1582.5343
573,1583.2984
574,1585.0122
575,1587.2850
576,1588.3646
577,1589.3118
578,1589.7036
579,1591.1019
580,1592.1578
581,1592.9332
582,1594.1033
583,1595.4137
584,1596.8218
585,1598.1896
586,1601.6963
587,1602.5755
588,1603.9610
589,1605.1924
590,1606.3747
591,1607.6918
592,1608.4013
593,1611.8703
594,1615.5522
595,1619.1106
596,1623.5290
597,1628.5028
598,1629.9562
599,1634.1767
600,1634.0902
601,1638.2496
602,1639.3025
603,1642.8218
604,1645.9920
605,1651.5074
606,1654.3703
607,1661.3610
608,1666.3744
609,1669.8062
610,1674.7596
611,1678.8306
612,1680.6421
613,1683.6200
614,1687.1686
615,1690.0237
616,1692.7323
617,1694.7412
618,1696.8513
619,1706.8925
620,1708.1847
621,1710.0112
622,1715.1093
623,1717.7336
624,1721.2124
625,1724.7674
626,1725.4779
627,1729.9585
628,1732.4362
629,1732.5182
630,1734.3376
631,1736.6345
632,1738.7140
633,1740.8884
634,1743.1660
635,1747.4895
636,1750.4027
637,1752.8393
638,1756.1040
639,1757.1492
640,1761.0877
641,1762.0142
642,1763.2558
643,1765.5551
644,1769.9912
645,1775.3098
646,1781.2719
647,1781.0576
648,1783.4828
649,1787.4537
650,1789.2797
651,1791.6143
652,1794.3192
653,1794.6532
654,1797.3888
655,1797.9763
656,1801.7383
657,1807.9641
658,1812.9148
659,1815.9800
660,1819.9553
661,1820.0784
662,1826.2937
663,1830.5671
664,1833.0026
665,1834.0776
666,1835.4666
667,1839.0598
668,1841.5520
669,1842.9239
670,1845.6838
671,1849.5233
672,1853.0257
673,1853.2279
674,1853.2944
675,1853.5821
676,1854.8062
677,1858.2263
678,1860.6796
679,1862.2169
680,1866.0953
681,1871.2847
682,1871.7093
683,1875.8945
684,1880.8799
685,1881.7120
686,1883.9507
687,1891.8612
688,1890.8505
689,1889.9271
690,1894.5253
691,1897.4066
692,1897.7821
693,1898.4590
694,1901.5684
695,1903.0063
696,1903.7800
697,1904.7134
698,1906.9409
699,1907.7885
700,1909.4040
701,1910.6145
702,1911.5908
703,1912.7836
704,1913.8424
705,1914.8805
706,1915.6084
707,1917.0334
708,1918.3815
709,1919.5211
710,1920.8090
711,1922.1692
712,1921.7050
713,1923.5356
714,1924.5226
715,1926.0345
716,1927.1019
717,1928.5333
718,1929.0926
719,1929.8863
720,1930.9900
721,1932.0474
722,1933.5251
723,1934.6607
724,1935.5931
725,1936.8725
726,1938.1876
727,1939.3308
728,1940.7024
729,1941.4175
730,1942.3301
731,1943.1813
732,1945.0250
733,1946.3875
734,1946.9216
735,1948.5869
736,1949.5580
737,1950.6047
738,1952.5001
739,1953.7377
740,1954.4744
741,1956.2237
742,1957.1979
743,1958.9672
744,1959.7263
745,1961.5877
746,1962.2576
747,1963.6414
748,1965.3351
749,1966.1064
750,1967.1450
751,1967.9070
752,1969.3174
753,1969.9416
754,1971.5464
755,1972.6431
756,1973.7353
757,1975.0116
758,1975.9212
759,1977.5019
760,1979.1598
761,1980.3858
762,1981.7481
763,1983.1502
764,1983.8424
765,1985.3313
766,1986.8879
767,1988.1413
768,1989.5728
769,1991.1306
770,1993.0451
771,1993.1664
772,1994.5354
773,1995.7829
774,1997.0815
775,1998.5187
776,1999.9146
777,2000.9978
778,2002.5592
779,2003.9842
780,2005.8291
781,2007.3757
782,2008.6601
783,2009.8011
784,2011.9865
785,2013.5117
786,2014.5662
787,2016.9876
788,2018.1134
789,2020.4017
790,2022.3510
791,2023.9906
792,2025.4908
793,2026.9578
794,2028.5630
795,2030.6838
796,2031.4894
797,2033.0594
798,2034.5664
799,2036.7527
800,2037.0257
801,2037.5507
802,2039.0522
803,2040.3774
804,2041.4135
805,2043.0577
806,2044.3318
807,2046.8285
808,2047.6930
809,2049.6995
810,2051.6734
811,2053.0171
812,2054.8437
813,2056.0348
814,2057.5445
815,2058.7409
816,2059.9825
817,2061.0716
818,2062.6466
819,2064.0721
820,2065.6052
821,2067.1332
822,2068.5670
823,2070.6377
824,2072.1269
825,2072.3419
826,2072.8958
827,2074.1971
828,2075.5432
829,2077.0235
830,2078.4693
831,2079.8190
832,2081.5473
833,2083.3328
834,2084.8842
835,2086.4601
836,2087.5187
837,2088.6593
838,2089.9367
839,2091.3980
840,2092.1021
841,2093.3568
842,2094.9268
843,2095.7997
844,2097.3575
845,2098.7446
846,2100.0652
847,2101.6982
848,2103.4906
849,2105.5760
850,2112.6351
851,2115.4644
852,2116.7359
853,2118.4261
854,2119.7009
855,2120.7881
856,2122.6351
857,2122.4535
858,2123.9622
859,2125.4759
860,2126.8606
861,2128.3600
862,2130.0077
863,2131.5496
864,2132.9508
865,2134.6760
866,2136.3766
867,2138.0720
868,2139.9572
869,2141.5255
870,2142.9918
871,2145.0477
872,2146.8046
873,2148.4318
874,2150.0087
875,2150.9857
876,2152.9646
877,2152.5788
878,2153.8360
879,2154.7956
880,2156.4448
881,2158.0765
882,2159.5626
883,2160.9921
884,2162.3571
885,2163.8973
886,2165.5586
887,2167.1042
888,2167.1951
889,2168.4687
890,2170.0442
891,2171.6852
892,2173.2862
893,2174.8140
894,2176.4436
895,2178.1082
896,2179.1418
897,2180.6488
898,2181.9499
899,2183.1915
900,2184.7193
901,2186.1300
902,2186.1436
903,2187.3007
904,2188.8461
905,2190.4471
906,2191.9985
907,2193.2719
908,2194.5574
909,2195.9991
910,2197.4275
911,2198.9560
912,2200.6905
913,2203.4338
914,2205.7300
915,2207.1011
916,2208.7219
917,2210.8002
918,2212.4128
919,2213.9056
920,2215.0512
921,2216.5859
922,2218.0686
923,2219.6336
924,2221.1020
925,2222.7211
926,2224.1206
927,2225.6322
928,2227.2949
929,2228.8213
930,2230.1567
931,2231.7386
932,2233.2926
933,2234.7844
934,2236.3985
935,2237.7949
936,2239.3148
937,2240.7167
938,2242.2016
939,2243.8228
940,2245.2834
941,2246.5589
942,2248.0972
943,2249.6274
944,2251.4162
945,2253.1250
946,2254.7779
947,2256.6094
948,2257.9937
949,2259.5518
950,2261.2250
951,2262.8927
952,2264.5059
953,2265.9869
954,2267.6275
955,2269.0189
956,2270.1674
957,2271.8067
958,2273.5658
959,2275.4438
960,2277.0946
961,2278.5292
962,2280.0426
963,2281.6210
964,2283.3340
965,2285.4712
966,2287.1578
967,2288.6992
968,2290.2665
969,2291.7781
970,2293.1826
971,2294.6899
972,2296.3297
973,2297.9188
974,2299.1359
975,2301.2257
976,2302.4795
977,2304.3678
978,2306.0384
979,2307.6251
980,2309.2549
981,2310.8118
982,2312.3376
983,2314.0903
984,2315.7728
985,2317.2500
986,2318.6827
987,2319.9222
988,2321.4293
989,2322.5839
990,2324.1823
991,2325.7208
992,2327.0850
993,2328.5000
994,2329.7668
995,2331.1608
996,2332.5517
997,2333.8447
998,2335.4533
999,2336.8030
1000,2338.4333
1001,2339.7291
1002,2341.1481
1003,2342.4406
1004,2343.8194
1005,2345.2449
1006,2346.6311
1007,2347.9347
1008,2349.3567
1009,2350.4007
1010,2352.2618
1011,2353.6515
1012,2355.0658
1013,2356.4696
1014,2357.8041
1015,2359.1154
1016,2360.4684
1017,2361.6304
1018,2363.0714
1019,2364.8133
1020,2366.0533
1021,2367.3966
1022,2368.7010
1023,2369.8552
1024,2371.3200
1025,2372.7748
1026,2374.0995
1027,2375.5424
1028,2376.6167
1029,2377.8651
1030,2379.1857
1031,2380.7862
1032,2382.3857
1033,2383.8608
1034,2385.4728
1035,2386.8840
1036,2388.2716
1037,2389.5202
1038,2390.3928
1039,2391.8140
1040,2393.1565
1041,2394.3911
1042,2395.5305
1043,2396.9100
1044,2398.2701
1045,2399.6685
1046,2400.9149
1047,2402.2324
1048,2403.7018
1049,2404.7103
1050,2407.0797
1051,2409.7447
1052,2410.7547
1053,2412.1203
1054,2414.3205
1055,2416.1820
1056,2417.6362
1057,2419.9328
1058,2421.9480
1059,2424.8073
1060,2427.2475
1061,2429.4543
1062,2428.9522
1063,2430.0253
1064,2429.7628
1065,2433.8667
1066,2434.9675
1067,2437.3295
1068,2437.9735
1069,2442.2934
1070,2444.9906
1071,2445.9641
1072,2447.9837
1073,2457.7456
1074,2461.6120
1075,2464.8879
1076,2467.8886
1077,2471.8969
1078,2474.8011
1079,2477.5145
1080,2480.6552
1081,2486.8493
1082,2486.7480
1083,2487.3543
1084,2495.6779
1085,2495.1522
1086,2497.4923
1087,2502.6252
1088,2507.6799
1089,2509.1548
1090,2509.9661
1091,2514.8323
1092,2517.2970
1093,2520.4432
1094,2522.9197
1095,2526.4277
1096,2530.5312
1097,2532.6617
1098,2535.3200
1099,2537.9438
1100,2541.9295
1101,2544.8906
1102,2546.8998
1103,2548.2213
1104,2549.6094
1105,2550.6744
1106,2551.1897
1107,2552.3953
1108,2553.8576
1109,2555.1720
1110,2556.1357
1111,2557.0152
1112,2557.0078
1113,2557.7374
1114,2558.9046
1115,2560.3931
1116,2561.7247
1117,2563.1154
1118,2564.4794
1119,2564.9133
1120,2566.0372
1121,2567.5538
1122,2568.7611
1123,2570.2336
1124,2571.6581
1125,2573.2303
1126,2574.7347
1127,2576.7295
1128,2578.2468
1129,2579.8733
1130,2581.2113
1131,2582.3913
1132,2573.4224
1133,2573.7178
1134,2575.0952
1135,2575.3899
1136,2576.7696
1137,2578.3329
1138,2579.1960
1139,2580.6587
1140,2581.8505
1141,2583.5292
1142,2585.2344
1143,2586.4100
1144,2587.7213
1145,2587.0285
1146,2588.2952
1147,2589.4949
1148,2590.8997
1149,2592.4039
1150,2593.6279
1151,2595.0687
1152,2595.6833
1153,2597.1754
1154,2598.4783
1155,2599.8240
1156,2601.0630
1157,2601.5625
1158,2602.9084
1159,2604.4569
1160,2605.3123
1161,2606.7965
1162,2607.9803
1163,2608.9842
1164,2610.0118
1165,2611.3827
1166,2612.5238
1167,2613.7836
1168,2615.0570
1169,2616.0128
1170,2616.7867
1171,2618.1934
1172,2619.6976
1173,2621.1388
1174,2622.3545
1175,2623.7800
1176,2625.4129
1177,2626.8971
1178,2628.2532
1179,2629.2040
1180,2630.9266
1181,2632.4012
1182,2633.7326
1183,2635.2210
1184,2636.3289
1185,2637.5296
1186,2638.9289
1187,2640.2147
1188,2641.5024
1189,2642.9422
1190,2644.5391
1191,2646.1823
1192,2646.2972
1193,2647.6705
1194,2648.9737
1195,2650.0485
1196,2651.3078
1197,2652.6039
1198,2654.4015
1199,2655.8526
1200,2656.9200
1201,2658.8118
1202,2660.0471
1203,2661.0577
1204,2662.4970
1205,2663.9948
1206,2665.2787
1207,2666.5399
1208,2667.1035
1209,2668.5910
1210,2669.1515
1211,2670.4867
1212,2671.7896
1213,2672.3931
1214,2674.0127
1215,2675.4622
1216,2676.3506
1217,2677.3939
1218,2678.7055
1219,2680.0325
1220,2681.0334
1221,2683.3668
1222,2687.2585
1223,2688.6919
1224,2690.0859
1225,2691.5264
1226,2692.9214
1227,2694.2706
1228,2695.6224
1229,2697.0937
1230,2697.6717
1231,2699.1110
1232,2700.4101
1233,2701.9877
1234,2704.0267
1235,2704.2856
1236,2705.8327
1237,2707.3045
1238,2708.8501
1239,2710.1691
1240,2711.6506
1241,2713.0477
1242,2714.3474
1243,2715.9219
1244,2717.2749
1245,2718.5948
1246,2720.1512
1247,2721.7040
1248,2723.4118
1249,2724.7899
1250,2726.2993
1251,2727.8054
1252,2729.4681
1253,2730.9031
1254,2733.2230
1255,2735.9765
1256,2737.1733
1257,2742.3215
1258,2745.4498
1259,2750.0637
1260,2750.1905
1261,2753.0634
1262,2756.1255
1263,2760.4694
1264,2760.8535
1265,2763.1626
1266,2765.7526
1267,2769.8224
1268,2770.5333
1269,2772.9955
1270,2775.6815
1271,2778.5752
1272,2781.4968
1273,2786.8819
1274,2790.7815
1275,2794.6544
1276,2798.3568
1277,2800.2181
1278,2802.4740
1279,2804.8053
1280,2807.1737
1281,2810.1513
1282,2812.1502
1283,2815.7742
1284,2819.9530
1285,2822.6228
1286,2827.4896
1287,2829.5748
1288,2832.3259
1289,2835.9091
1290,2839.1085
1291,2841.9852
1292,2845.2795
1293,2848.9037
1294,2856.7162
1295,2856.7696
1296,2861.1751
1297,2867.3241
1298,2880.2221
1299,2880.7898
1300,2880.3024
1301,2879.9465
1302,2881.3517
1303,2885.8287
1304,2891.7127
1305,2894.0330
1306,2897.9392
1307,2900.5842
1308,2903.2166
1309,2905.1969
1310,2909.1055
1311,2910.4800
1312,2912.4579
1313,2915.3571
1314,2918.6912
1315,2922.0893
1316,2926.0054
1317,2928.6749
1318,2933.2297
1319,2935.1811
1320,2938.3585
1321,2942.1856
1322,2944.1581
1323,2947.6039
1324,2949.9562
1325,2952.2927
1326,2954.5197
1327,2956.7802
1328,2959.5041
1329,2961.9701
1330,2964.4573
1331,2970.4528
1332,2969.9752
1333,2973.7287
1334,2977.9387
1335,2981.6282
1336,2984.3836
1337,2990.5083
1338,2992.1117
1339,2994.4491
1340,2996.5339
1341,3000.4804
1342,3002.4867
1343,3004.1983
1344,3007.4413
1345,3010.2217
1346,3013.2973
1347,3017.0040
1348,3018.7573
1349,3020.5579
1350,3022.4581
1351,3023.9036
1352,3025.2347
1353,3024.6489
1354,3027.3719
1355,3027.8265
1356,3031.7459
1357,3034.7171
1358,3037.1575
1359,3039.5792
1360,3042.7487
1361,3047.4374
1362,3049.7508
1363,3053.3531
1364,3055.5339
1365,3058.2175
1366,3062.0477
1367,3062.4835
1368,3064.3663
1369,3066.3664
1370,3070.1313
1371,3072.1011
1372,3075.5050
1373,3077.2653
1374,3079.4764
1375,3081.7623
1376,3083.8072
1377,3086.4382
1378,3087.4076
1379,3090.8020
1380,3094.9309
1381,3099.4773
1382,3100.9295
1383,3102.7713
1384,3104.2893
1385,3108.0797
1386,3110.9011
1387,3111.3987
1388,3113.9550
1389,3117.4099
1390,3119.8647
1391,3122.6268
1392,3125.0956
1393,3127.6603
1394,3129.9753
1395,3132.5967
1396,3136.7645
1397,3139.7476
1398,3142.5107
1399,3144.3703
1400,3145.9887
1401,3149.1964
1402,3152.0195
1403,3154.7434
1404,3157.1903
1405,3161.2601
1406,3161.7486
1407,3163.9028
1408,3165.4189
1409,3168.4465
1410,3171.3655
1411,3173.9159
1412,3175.8237
1413,3178.9439
1414,3181.3328
1415,3180.3410
1416,3182.4419
1417,3186.1200
1418,3190.1543
1419,3194.4098
1420,3195.9023
1421,3197.0606
1422,3198.1966
1423,3199.4998
1424,3200.3188
1425,3200.3772
1426,3200.2866
1427,3201.1673
1428,3202.0648
1429,3203.3827
1430,3204.2387
1431,3205.1053
1432,3207.0198
1433,3208.9007
1434,3209.8696
1435,3210.2726
1436,3211.4041
1437,3212.4619
1438,3213.4857
1439,3214.6904
1440,3216.0273
1441,3216.4006
1442,3217.7789
1443,3219.0242
1444,3220.2666
1445,3221.6611
1446,3222.5840
1447,3223.7051
1448,3224.8833
1449,3225.9829
1450,3225.3554
1451,3226.5303
1452,3227.5698
1453,3228.6050
1454,3229.7139
1455,3230.9999
1456,3231.8203
1457,3232.7337
1458,3234.1199
1459,3235.1549
1460,3236.3658
1461,3237.5681
1462,3238.5051
1463,3239.5148
1464,3240.5789
1465,3241.7345
1466,3242.7909
1467,3243.9454
1468,3245.1065
1469,3246.2788
1470,3247.3416
1471,3248.5514
1472,3249.5728
1473,3250.7336
1474,3251.8346
1475,3252.9726
1476,3253.9761
1477,3253.7696
1478,3254.7414
1479,3255.9102
1480,3257.0379
1481,3258.1248
1482,3259.1279
1483,3260.0937
1484,3261.2069
1485,3262.2311
1486,3263.3021
1487,3264.4944
1488,3265.6698
1489,3269.1216
1490,3284.8608
1491,3285.0351
1492,3288.1818
1493,3290.9994
1494,3299.9012
1495,3304.7185
1496,3307.2543
1497,3308.5532
1498,3310.1416
1499,3313.5469
1500,3316.4248
1501,3318.7354
1502,3319.9418
1503,3322.6678
1504,3324.6624
1505,3327.0376
1506,3329.3562
1507,3331.0757
1508,3333.2458
1509,3335.4731
1510,3337.9929
1511,3340.5344
1512,3342.8559
1513,3344.9233
1514,3346.6558
1515,3349.2110
1516,3351.6564
1517,3353.7707
1518,3357.1875
1519,3359.0200
1520,3360.9827
1521,3363.2691
1522,3365.7405
1523,3368.2125
1524,3370.4293
1525,3373.4882
1526,3376.0817
1527,3378.5162
1528,3381.2187
1529,3383.0307
1530,3386.2717
1531,3387.7418
1532,3390.4133
1533,3393.3504
1534,3396.8906
1535,3399.7705
1536,3401.3906
1537,3401.2234
1538,3402.6027
1539,3404.9494
1540,3408.6244
1541,3412.2927
1542,3414.5248
1543,3420.5298
1544,3425.3182
1545,3426.6093
1546,3429.0028
1547,3431.3810
1548,3434.3834
1549,3435.3197
1550,3434.7322
1551,3436.3148
1552,3438.8587
1553,3443.7191
1554,3448.1430
1555,3455.4975
1556,3458.7843
1557,3460.0196
1558,3462.9548
1559,3466.9056
1560,3468.6310
1561,3469.7661
1562,3473.2528
1563,3474.0994
1564,3473.7115
1565,3473.7387
1566,3474.4985
1567,3491.8773
1568,3490.5260
1569,3495.1315
1570,3497.8063
1571,3499.1684
1572,3501.3676
1573,3502.7921
1574,3506.8440
1575,3507.3788
1576,3509.8348
1577,3511.1876
1578,3513.6178
1579,3515.9609
1580,3524.7262
1581,3523.8879
1582,3522.4485
1583,3523.7238
1584,3523.2396
1585,3524.1134
1586,3523.6626
1587,3524.5376
1588,3526.9630
1589,3528.5568
1590,3529.6385
1591,3532.1529
1592,3531.8391
1593,3534.2216
1594,3534.8220
1595,3535.9380
1596,3536.6683
1597,3537.2484
1598,3540.0856
1599,3542.9933
1600,3544.0030
1601,3546.1404
1602,3538.8730
1603,3538.7619
1604,3538.6508
1605,3541.5285
1606,3541.8446
1607,3540.8669
1608,3542.8119
1609,3543.7362
1610,3541.2738
1611,3540.5498
1612,3541.2903
1613,3543.2413
1614,3541.4848
1615,3541.9052
1616,3542.5692
1617,3542.0978
1618,3545.7573
1619,3545.4109
1620,3552.7329
1621,3550.5536
1622,3547.3673
1623,3546.5095
1624,3546.6814
1625,3547.8871
1626,3547.7700
1627,3549.3085
1628,3552.5084
1629,3538.3174
1630,3537.0259
1631,3545.1870
1632,3543.6990
1633,3546.2589
1634,3548.9893
1635,3553.2992
1636,3553.5841
1637,3553.9875
1638,3558.4211
1639,3563.5796
1640,3566.5402
1641,3573.8449
1642,3573.3855
1643,3573.7319
1644,3578.2783
1645,3576.8595
1646,3581.5785
1647,3582.8497
1648,3584.0535
1649,3592.5865
1650,3589.0532
1651,3585.4011
1652,3586.3702
1653,3586.0112
1654,3586.4813
1655,3588.3391
1656,3583.7643
1657,3585.5355
1658,3584.3318
1659,3585.4628
1660,3586.5827
1661,3587.5165
1662,3587.2681
1663,3585.3162
1664,3580.5955
1665,3580.9090
1666,3576.6315
1667,3577.3633
1668,3574.1582
1669,3571.6715
1670,3573.1328
1671,3574.0726
1672,3573.1771
1673,3572.1381
1674,3572.8226
1675,3570.6527
1676,3571.7120
1677,3573.4694
1678,3575.1135
1679,3575.3670
1680,3574.1894
1681,3573.6134
1682,3572.5965
1683,3569.4792
1684,3569.5856
1685,3571.3000
1686,3571.8453
1687,3564.9569
1688,3564.7283
1689,3563.2532
1690,3564.9948
1691,3563.4770
1692,3563.6561
1693,3564.1813
1694,3566.5848
1695,3578.5713
1696,3585.2144
1697,3583.0455
1698,3581.8558
1699,3580.2402
1700,3582.2408
1701,3581.6236
1702,3584.0337
1703,3582.4277
1704,3583.0719
1705,3583.2164
1706,3580.8816
1707,3581.1222
1708,3579.0622
1709,3578.9471
1710,3584.2657
1711,3581.8276
1712,3582.6025
1713,3583.9601
1714,3600.3466
1715,3605.7563
1716,3609.2260
1717,3608.1939
1718,3612.9878
1719,3614.2211
1720,3616.4019
1721,3619.2589
1722,3620.6582
1723,3623.4603
1724,3621.8057
1725,3623.5924
1726,3625.7956
1727,3628.2103
1728,3634.3451
1729,3634.4740
1730,3632.9327
1731,3632.0901
1732,3633.6956
1733,3628.6769
1734,3631.1736
1735,3756.2363
1736,3758.2297
1737,3756.1059
1738,3757.8936
1739,3758.6749
1740,3761.4121
1741,3765.7895
1742,3766.3770
1743,3763.3348
1744,3765.4393
1745,3773.6104
1746,3772.1763
1747,3770.6711
1748,3770.5786
1749,3774.0550
1750,3780.9367
1751,3786.1226
1752,3786.0806
1753,3784.1575
1754,3781.9307
1755,3782.2351
1756,3780.8666
1757,3782.3217
1758,3781.1584
1759,3780.1640
1760,3778.3422
1761,3777.5962
1762,3781.4343
1763,3781.4913
1764,3784.0261
1765,3785.9325
1766,3786.5362
1767,3787.1327
1768,3793.8914
1769,3791.7929
1770,3794.5004
1771,3795.7754
1772,3804.3554
1773,3802.6683
1774,3802.2983
1775,3801.8560
1776,3800.4227
1777,3804.9009
1778,3810.8211
1779,3813.3280
1780,3813.6978
1781,3813.5500
1782,3813.9157
1783,3812.9365
1784,3813.3740
1785,3814.0578
1786,3815.2289
1787,3821.8942
1788,3829.0138
1789,3827.7206
1790,3829.4923
1791,3832.0994
1792,3832.1712
1793,3832.3860
1794,3831.4931
1795,3832.2256
1796,3832.0813
1797,3831.7771
1798,3831.5766
1799,3832.2146
1800,3833.7953
1801,3833.7388
1802,3834.0557
1803,3837.8901
1804,3837.7275
1805,3840.8899
1806,3842.3285
1807,3844.4409
1808,3845.0110
1809,3843.6155
1810,3850.3501
1811,3848.1920
1812,3846.6625
1813,3846.4642
1814,3846.6122
1815,3847.0557
1816,3846.9069
1817,3846.5967
1818,3846.9801
1819,3849.4332
1820,3847.2784
1821,3848.3863
1822,3850.3382
1823,3852.1099
1824,3853.6377
1825,3855.8605
1826,3856.2949
1827,3856.6537
1828,3860.6436
1829,3861.3343
1830,3863.1365
1831,3864.2299
1832,3867.0163
1833,3866.8911
1834,3869.3063
1835,3870.7459
1836,3873.2998
1837,3873.2800
1838,3885.7651
1839,3885.1092
1840,3882.2389
1841,3883.6370
1842,3884.1951
1843,3889.8950
1844,3890.7013
1845,3889.2901
1846,3890.5044
1847,3889.7941
1848,3896.2801
1849,3901.8030
1850,3901.2001
1851,3902.6518
1852,3909.2607
1853,3911.9108
1854,3915.9601
1855,3918.4587
1856,3921.7031
1857,3934.8652
1858,3935.1904
1859,3933.5804
1860,3931.5000
1861,3930.5265
1862,3929.8441
1863,3938.4110
1864,3940.0518
1865,3939.9748
1866,3950.4678
1867,3952.8186
1868,3952.9417
1869,3953.7337
1870,3954.7653
1871,3954.3147
1872,3954.7150
1873,3954.7567
1874,3956.3651
1875,3955.7388
1876,3956.6176
1877,3958.1785
1878,3956.9736
1879,3956.8994
1880,3958.8828
1881,3958.3590
1882,3961.3435
1883,3962.8720
1884,3963.1550
1885,3964.4365
1886,3964.1325
1887,3962.5916
1888,3962.8103
1889,3962.0306
1890,3963.4092
1891,3963.8395
1892,3964.5648
1893,3964.7484
1894,3965.4770
1895,3967.5949
1896,3966.8868
1897,3969.1927
1898,3967.6168
1899,3972.0309
1900,3975.7538
1901,3978.1916
1902,3980.2172
1903,3980.5505
1904,3979.6762
1905,3981.1192
1906,3978.6682
1907,3979.4137
1908,3981.2741
1909,3986.5155
1910,3987.1602
1911,3987.3102
1912,3989.3949
1913,3992.1095
1914,3992.7595
1915,3993.9852
1916,3994.8289
1917,3996.5966
1918,3997.7944
1919,3996.9606
1920,3998.4119
1921,4001.8611
1922,4002.9573
1923,4004.7519
1924,4007.1030
1925,4008.2178
1926,4012.4855
1927,4017.7555
1928,4018.4793
1929,4024.3537
1930,4023.7806
1931,4023.0525
1932,4022.3267
1933,4023.3350
1934,4023.0248
1935,4024.1637
1936,4023.0839
1937,4023.7372
1938,4028.2886
1939,4029.3870
1940,4034.4822
1941,4036.3526
1942,4035.7449
1943,4036.0589
1944,4036.9625
1945,4046.8516
1946,4060.3440
1947,4058.2235
1948,4054.9085
1949,4052.7418
1950,4049.3829
1951,4046.9830
1952,4044.5871
1953,4042.3687
1954,4039.0556
1955,4036.9599
1956,4033.6833
1957,4031.4569
1958,4029.1293
1959,4040.1897
1960,4039.8135
1961,4040.3702
1962,4039.6783
1963,4040.1204
1964,4039.4351
1965,4039.6154
1966,4040.4117
1967,4040.8583
1968,4040.1256
1969,4038.0516
1970,4036.8259
1971,4037.4761
1972,4037.2572
1973,4037.3042
1974,4036.1574
1975,4036.6127
1976,4035.9347
1977,4036.3441
1978,4035.6510
1979,4036.1278
1980,4035.4619
1981,4035.9583
1982,4035.1188
1983,4035.4762
1984,4035.7974
1985,4034.9119
1986,4035.2952
1987,4035.6016
1988,4034.8358
1989,4035.4409
1990,4035.3677
1991,4033.9944
1992,4033.3304
1993,4035.0590
1994,4035.6226
1995,4035.1112
1996,4035.6309
1997,4034.4782
1998,4033.7055
1999,4032.9299
2000,4031.9688
2001,4031.8546
2002,4029.9234
2003,4030.9889
2004,4029.1226
2005,4030.6742
2006,4028.7392
2007,4029.8762
2008,4029.2895
2009,4028.6431
2010,4029.2337
2011,4029.1989
2012,4029.7256
2013,4029.0637
2014,4029.8529
2015,4029.1219
2016,4029.5358
2017,4029.0835
2018,4029.4693
2019,4028.7261
2020,4029.3052
2021,4027.5054
2022,4027.4560
2023,4026.2694
2024,4026.6476
2025,4025.7847
2026,4026.1483
2027,4025.5253
2028,4026.3169
2029,4027.2636
2030,4027.9460
2031,4028.4719
2032,4029.1891
2033,4028.4367
2034,4028.5985
2035,4028.8877
2036,4028.4727
2037,4028.2438
2038,4028.5800
2039,4027.5712
2040,4026.7389
2041,4026.9961
2042,4026.2957
2043,4026.5903
2044,4027.1320
2045,4028.3425
2046,4030.2677
2047,4030.5862
2048,4033.2072
2049,4035.1546
2050,4035.5802
2051,4038.2097
2052,4040.3078
2053,4041.8296
2054,4044.5178
2055,4046.0887
2056,4047.0243
2057,4050.0383
2058,4051.3289
2059,4053.8712
2060,4052.2902
2061,4054.3242
2062,4058.1300
2063,4057.5206
2064,4059.5584
2065,4061.1801
2066,4063.2420
2067,4064.1396
2068,4066.0675
2069,4067.3995
2070,4069.5572
2071,4071.0046
2072,4073.9629
2073,4073.8339
2074,4076.7772
2075,4075.7475
2076,4076.4732
2077,4076.5669
2078,4078.7516
2079,4078.6076
2080,4080.1277
2081,4080.7815
2082,4089.7081
2083,4090.1437
2084,4091.0842
2085,4089.6006
2086,4088.9089
2087,4088.9053
2088,4089.3750
2089,4092.7527
2090,4094.2616
2091,4091.9194
2092,4099.9391
2093,4102.3476
2094,4102.2134
2095,4102.9809
2096,4106.0665
2097,4104.9213
2098,4106.3805
2099,4122.3140
2100,4128.3967
2101,4128.9365
2102,4130.8918
2103,4129.3485
2104,4127.6882
2105,4129.1478
2106,4128.3963
2107,4129.9300
2108,4132.0443
2109,4134.3052
2110,4133.7042
2111,4133.0543
2112,4134.4755
2113,4134.5382
2114,4132.9868
2115,4134.6092
2116,4136.1010
2117,4136.1005
2118,4139.1411
2119,4140.8811
2120,4142.6039
2121,4140.3649
2122,4140.0385
2123,4141.0508
2124,4143.0888
2125,4143.0109
2126,4141.3207
2127,4138.6509
2128,4138.4573
2129,4131.3765
2130,4131.3357
2131,4140.1060
2132,4138.0136
2133,4135.6175
2134,4134.0163
2135,4130.4562
2136,4132.8378
2137,4130.2750
2138,4131.4790
2139,4129.7143
2140,4129.2610
2141,4126.6451
2142,4125.2904
2143,4124.2337
2144,4122.0074
2145,4118.3031
2146,4120.6276
2147,4121.6645
2148,4118.2318
2149,4118.2892
2150,4113.7204
2151,4113.2343
2152,4111.5525
2153,4112.0691
2154,4110.1370
2155,4110.2009
2156,4108.1235
2157,4107.6934
2158,4104.9757
2159,4103.7817
2160,4102.6955
2161,4102.7224
2162,4103.0607
2163,4102.1564
2164,4102.5307
2165,4102.0117
2166,4100.9490
2167,4101.8565
2168,4101.2859
2169,4100.6963
2170,4099.6425
2171,4099.8502
2172,4099.7396
2173,4099.7937
2174,4099.8609
2175,4098.8297
2176,4099.1535
2177,4098.1684
2178,4098.6478
2179,4098.7821
2180,4097.5358
2181,4096.9276
2182,4097.7433
2183,4096.3321
2184,4096.3490
2185,4096.2749
2186,4095.0515
2187,4094.9984
2188,4094.7595
2189,4094.5683
2190,4094.5380
2191,4093.4167
2192,4093.4401
2193,4093.5469
2194,4093.3831
2195,4092.1478
2196,4092.5074
2197,4092.5505
2198,4091.1992
2199,4091.2690
2200,4091.2986
2201,4091.0926
2202,4090.9102
2203,4090.9982
2204,4089.5822
2205,4088.1367
2206,4087.7762
2207,4094.9674
2208,4093.2209
2209,4094.1474
2210,4094.1238
2211,4092.7854
2212,4092.7846
2213,4092.8683
2214,4092.8435
2215,4092.6576
2216,4092.4871
2217,4091.2671
2218,4091.2428
2219,4090.7667
2220,4090.7052
2221,4090.7848
2222,4090.8604
2223,4089.8190
2224,4090.7335
2225,4089.7274
2226,4089.7279
2227,4089.0026
2228,4088.5310
2229,4088.0649
2230,4088.3172
2231,4088.7799
2232,4089.4222
2233,4089.6566
2234,4087.3559
2235,4087.6262
2236,4086.8435
2237,4087.5399
2238,4086.9884
2239,4086.4811
2240,4085.2451
2241,4085.3438
2242,4085.2556
2243,4085.2149
2244,4083.9841
2245,4084.0015
2246,4084.3484
2247,4083.2155
2248,4083.5402
2249,4083.9119
2250,4083.7393
2251,4083.5946
2252,4082.5710
2253,4082.5739
2254,4082.5064
2255,4081.0831
2256,4081.1086
2257,4081.1100
2258,4080.7803
2259,4083.7119
2260,4083.3192
2261,4083.7619
2262,4083.8954
2263,4082.3710
2264,4082.7038
2265,4082.8862
2266,4082.7942
2267,4080.9813
2268,4082.3853
2269,4082.6068
2270,4081.5790
2271,4081.3246
2272,4081.2502
2273,4081.3825
2274,4081.3713
2275,4080.2100
2276,4077.7609
2277,4076.3659
2278,4075.8419
2279,4074.6155
2280,4074.5068
2281,4074.4820
2282,4074.4352
2283,4073.4227
2284,4073.4677
2285,4073.3719
2286,4072.4273
2287,4071.6708
2288,4071.8780
2289,4071.8658
2290,4075.4251
2291,4073.4680
2292,4074.5270
2293,4074.6205
2294,4074.0263
2295,4072.5131
2296,4072.3801
2297,4072.0248
2298,4072.6418
2299,4071.4450
2300,4071.4552
2301,4071.3465
2302,4071.3651
2303,4070.2231
2304,4070.2522
2305,4070.2567
2306,4069.0050
2307,4068.0876
2308,4069.2372
2309,4068.0571
2310,4069.8290
2311,4073.7925
2312,4076.5648
2313,4074.9691
2314,4081.4698
2315,4084.7554
2316,4089.2329
2317,4088.2981
2318,4089.6480
2319,4093.9643
2320,4100.4794
2321,4100.2305
2322,4099.1602
2323,4097.0511
2324,4105.3185
2325,4103.5225
2326,4104.6422
2327,4105.1865
2328,4109.2553
2329,4105.0892
2330,4102.8352
2331,4100.9963
2332,4097.4228
2333,4098.0415
2334,4097.2433
2335,4096.1990
2336,4094.8672
2337,4093.6930
2338,4094.3580
2339,4094.7907
2340,4089.9839
2341,4089.8175
2342,4088.2897
2343,4086.2465
2344,4083.6446
2345,4083.0278
2346,4081.6066
2347,4079.6490
2348,4078.9969
2349,4078.2435
2350,4073.2195
2351,4075.3713
2352,4074.6291
2353,4079.6225
2354,4082.1388
2355,4077.3876
2356,4082.5515
2357,4085.2702
2358,4081.5008
2359,4077.2123
2360,4074.8303
2361,4075.0790
2362,4070.7598
2363,4068.5923
2364,4071.0638
2365,4073.2012
2366,4072.1550
2367,4070.9863
2368,4066.2534
2369,4065.0356
2370,4063.9136
2371,4061.4948
2372,4061.0330
2373,4061.3604
2374,4057.6043
2375,4057.1878
2376,4060.4281
2377,4060.0479
2378,4062.8290
2379,4065.0420
2380,4067.9245
2381,4069.1388
2382,4072.6717
2383,4076.8273
2384,4077.7802
2385,4075.0017
2386,4075.4309
2387,4076.0133
2388,4072.7618
2389,4070.3762
2390,4067.5259
2391,4066.1390
2392,4066.9060
2393,4064.9178
2394,4066.7779
2395,4064.9734
2396,4067.5838
2397,4065.7806
2398,4067.1649
2399,4065.7010
2400,4062.9177
2401,4062.7735
2402,4060.9767
2403,4059.0255
2404,4060.3895
2405,4060.7569
2406,4058.0256
2407,4057.7796
2408,4059.0031
2409,4059.9241
2410,4060.8373
2411,4061.5833
2412,4061.6803
2413,4064.6920
2414,4062.0794
2415,4061.2869
2416,4061.1167
2417,4060.8692
2418,4060.6380
2419,4059.1002
2420,4058.0378
2421,4057.7366
2422,4059.0048
2423,4057.4071
2424,4055.8977
2425,4055.0990
2426,4054.1594
2427,4053.0126
2428,4053.5834
2429,4052.6929
2430,4053.6108
2431,4054.5013
2432,4055.3527
2433,4054.9071
2434,4054.3313
2435,4054.6932
2436,4054.3573
2437,4054.6737
2438,4053.3197
2439,4053.5419
2440,4054.9860
2441,4055.7265
2442,4053.3180
2443,4052.7833
2444,4054.9622
2445,4056.6945
2446,4054.6463
2447,4054.9669
2448,4054.6732
2449,4054.7807
2450,4054.6267
2451,4055.2216
2452,4054.8229
2453,4054.8599
2454,4054.8506
2455,4054.1692
2456,4053.6523
2457,4055.4674
2458,4054.7752
2459,4053.5114
2460,4053.3004
2461,4052.4049
2462,4051.7254
2463,4052.3732
2464,4051.7092
2465,4063.6201
2466,4071.1112
2467,4067.8988
2468,4063.3366
2469,4059.7625
2470,4058.3529
2471,4055.6078
2472,4053.0176
2473,4049.8586
2474,4052.4051
2475,4052.2366
2476,4051.1429
2477,4052.7575
2478,4055.2111
2479,4058.0375
2480,4058.2106
2481,4059.9155
2482,4062.2578
2483,4063.6482
2484,4064.5528
2485,4065.2301
2486,4066.6888
2487,4068.8469
2488,4070.8172
2489,4072.5241
2490,4073.4491
2491,4074.9962
2492,4076.9627
2493,4078.5968
2494,4080.7021
2495,4082.8385
2496,4085.7601
2497,4086.8657
2498,4088.5313
2499,4090.4593
2500,4093.0033
2501,4095.5291
2502,4096.9391
2503,4098.6848
2504,4103.5204
2505,4106.0843
2506,4108.1266
2507,4110.1253
2508,4123.0319
2509,4121.8917
2510,4120.6412
2511,4121.0132
2512,4119.5958
2513,4121.9797
2514,4124.2552
2515,4125.7005
2516,4126.6220
2517,4129.8549
2518,4131.0749
2519,4131.8130
2520,4132.6759
2521,4134.3765
2522,4136.0106
2523,4137.9044
2524,4138.0692
2525,4140.5480
2526,4141.3713
2527,4142.8945
2528,4144.8030
2529,4145.5283
2530,4146.7500
2531,4147.8670
2532,4149.9913
2533,4150.7666
2534,4151.9499
2535,4152.8378
2536,4155.5974
2537,4157.2843
2538,4158.6788
2539,4160.3701
2540,4162.0927
2541,4163.1660
2542,4165.5889
2543,4170.4164
2544,4174.4659
2545,4174.9644
2546,4180.6576
2547,4180.3410
2548,4185.1308
2549,4185.9853
2550,4186.0421
2551,4185.6306
2552,4188.4561
2553,4187.7213
2554,4195.3127
2555,4200.1207
2556,4198.3786
2557,4198.2667
2558,4195.6761
2559,4200.2413
2560,4199.9357
2561,4197.5465
2562,4199.1978
2563,4199.4174
2564,4199.2252
2565,4199.0297
2566,4198.8747
2567,4197.7501
2568,4196.5485
2569,4196.4016
2570,4199.6913
2571,4200.1956
2572,4202.1635
2573,4202.6765
2574,4202.3842
2575,4204.1876
2576,4206.9964
2577,4208.8826
2578,4208.7884
2579,4208.8552
2580,4209.8227
2581,4211.4954
2582,4211.3426
2583,4211.5219
2584,4213.7351
2585,4213.6681
2586,4214.8244
2587,4213.9578
2588,4215.8570
2589,4218.2121
2590,4218.0078
2591,4219.2643
2592,4219.0812
2593,4221.1864
2594,4221.1030
2595,4219.8813
2596,4220.2780
2597,4220.3019
2598,4214.7467
2599,4213.3591
2600,4214.0102
2601,4212.5821
2602,4211.0481
2603,4207.9458
2604,4207.2663
2605,4226.0346
2606,4235.0414
2607,4236.0156
2608,4241.8871
2609,4246.4385
2610,4242.0747
2611,4236.5422
2612,4235.5173
2613,4245.4603
2614,4243.7217
2615,4250.7317
2616,4245.5554
2617,4240.2453
2618,4235.2610
2619,4234.0908
2620,4233.7983
2621,4233.1986
2622,4233.0718
2623,4236.7373
2624,4240.1702
2625,4233.1944
2626,4229.8334
2627,4228.6348
2628,4234.5989
2629,4227.8392
2630,4224.0090
2631,4221.5469
2632,4224.9475
2633,4218.3905
2634,4212.6923
2635,4207.1917
2636,4216.8367
2637,4210.0201
2638,4210.0279
2639,4213.2907
2640,4214.4194
2641,4212.1315
2642,4210.4023
2643,4210.3462
2644,4206.3892
2645,4204.4096
2646,4202.0240
2647,4200.4752
2648,4195.9546
2649,4192.2784
2650,4190.6633
2651,4187.1958
2652,4183.6989
2653,4181.0696
2654,4179.9674
2655,4178.8375
2656,4175.4081
2657,4173.1396
2658,4172.5581
2659,4166.0306
2660,4167.7191
2661,4165.6201
2662,4167.8078
2663,4167.5522
2664,4165.6420
2665,4162.2629
2666,4161.0751
2667,4159.7459
2668,4158.1662
2669,4156.0798
2670,4155.5841
2671,4154.4926
2672,4152.3643
2673,4151.2098
2674,4148.9961
2675,4145.4222
2676,4146.5735
2677,4144.7015
2678,4143.3780
2679,4144.3455
2680,4143.4422
2681,4139.9379
2682,4138.7360
2683,4138.3467
2684,4137.5561
2685,4136.5023
2686,4131.8243
2687,4127.0318
2688,4123.6889
2689,4122.1151
2690,4121.2659
2691,4115.7916
2692,4114.0287
2693,4113.8551
2694,4112.4291
2695,4108.9699
2696,4109.6292
2697,4106.6236
2698,4103.8206
2699,4101.3093
2700,4099.2186
2701,4096.2715
2702,4096.7035
2703,4097.8134
2704,4097.0147
2705,4094.1250
2706,4092.8202
2707,4090.9178
2708,4090.3645
2709,4091.1772
2710,4091.6910
2711,4092.6979
2712,4093.8880
2713,4104.5983
2714,4119.7407
2715,4119.9412
2716,4119.3376
2717,4118.2675
2718,4120.0140
2719,4118.7713
2720,4118.5067
2721,4115.8929
2722,4117.7917
2723,4116.7502
2724,4119.7772
2725,4115.2973
2726,4119.6325
2727,4118.3822
2728,4119.4394
2729,4119.1196
2730,4120.1704
2731,4119.7958
2732,4121.5951
2733,4123.6217
2734,4122.7787
2735,4120.4808
2736,4123.0416
2737,4122.6330
2738,4122.7512
2739,4121.6676
2740,4120.5392
2741,4120.3141
2742,4120.1768
2743,4120.5065
2744,4119.8561
2745,4118.3202
2746,4117.1434
2747,4115.5829
2748,4115.0422
2749,4112.9782
2750,4111.9907
2751,4111.4466
2752,4112.0148
2753,4111.7563
2754,21.2994
2755,19.2163
2756,19.5112
2757,17.1492
2758,14.3335
2759,22.0735
2760,16.8414
2761,15.1117
2762,21.3709
2763,20.3607
2764,18.3761
2765,19.1200
2766,20.6506
2767,20.0779
2768,23.0415
2769,14.7979
2770,15.5616
2771,15.8796
2772,15.2347
2773,23.1090
2774,21.0195
2775,19.3279
2776,21.1666
2777,17.6404
2778,22.0189
2779,13.8633
2780,10.8087
2781,11.3978
2782,16.9458
2783,14.2632
2784,22.7950
2785,14.7884
2786,12.3782
2787,14.6213
2788,13.2263
2789,13.4478
2790,15.2197
2791,13.4356
2792,13.3381
2793,10.8435
2794,12.7461
2795,12.8410
2796,14.5068
2797,16.5255
2798,14.7586
2799,13.5522
2800,14.2179
2801,15.9435
2802,17.8103
2803,14.2202
2804,12.9104
2805,22.2013
2806,22.3475
2807,17.9951
2808,19.9316
2809,15.7118
2810,19.4178
2811,18.1997
2812,23.0603
2813,16.5093
2814,15.8219
2815,13.0997
2816,17.9179
2817,15.9292
2818,11.2824
2819,17.6489
2820,11.0290
2821,13.6676
2822,14.0514
2823,14.1857
2824,13.9959
2825,13.2782
2826,12.3203
2827,11.3862
2828,15.4467
2829,18.9409
2830,13.6037
2831,11.4498
2832,14.4126
2833,16.6385
2834,12.3181
2835,13.5865
2836,14.4062
2837,17.2045
2838,14.2684
2839,17.1523
2840,16.0980
2841,14.8277
2842,14.7851
2843,13.5806
2844,18.8887
2845,16.4185
2846,15.3515
2847,14.2984
2848,14.1652
2849,16.3274
2850,16.8605
2851,19.6879
2852,16.2868
2853,16.9036
2854,18.8720
2855,16.3462
2856,19.6147
2857,18.0929
2858,18.4157
2859,25.2507
2860,26.1617
2861,15.7244
2862,10.1867
2863,21.0712
2864,13.9799
2865,15.6252
2866,17.6439
2867,12.1367
2868,14.4703
2869,25.8393
2870,13.6189
2871,22.1436
2872,18.9033
2873,18.0299
2874,17.3154
2875,16.2742
2876,16.8436
2877,22.3920
2878,9.6104
2879,10.8860
2880,19.2595
2881,20.6745
2882,14.1470
2883,18.8766
2884,17.4906
2885,14.5323
2886,11.1423
2887,13.5145
2888,13.1781
2889,16.7418
2890,15.3606
2891,11.6167
2892,12.8100
2893,10.3505
2894,10.2515
2895,12.4485
2896,20.2396
2897,19.9342
2898,12.7926
2899,12.0175
2900,9.3865
2901,16.6633
2902,18.3792
2903,15.8865
2904,12.0859
2905,16.6428
2906,13.8466
2907,14.2820
2908,13.1335
2909,16.7549
2910,15.0864
2911,15.6672
2912,12.9900
2913,14.9946
2914,13.6826
2915,13.5891
2916,13.9728
2917,15.4562
2918,14.5659
2919,15.1770
2920,16.0518
2921,17.5390
2922,14.2875
2923,14.4823
2924,17.0083
2925,14.6205
2926,15.1923
2927,13.0024
2928,16.4726
2929,14.0445
2930,10.9470
2931,13.9570
2932,14.8921
2933,12.2066
2934,11.4133
2935,10.9866
2936,12.9013
2937,10.8619
2938,15.5623
2939,13.8564
2940,11.2181
2941,12.2342
2942,11.6642
2943,12.1756
2944,11.4117
2945,11.5197
2946,11.3800
2947,13.0386
2948,15.8408
2949,14.6031
2950,10.5724
2951,16.8200
2952,12.1305
2953,13.5186
2954,10.8809
2955,17.2527
2956,14.1869
2957,13.8171
2958,16.4514
2959,12.9054
2960,13.9296
2961,15.3437
2962,14.3275
2963,14.1230
2964,11.0209
2965,15.1494
2966,13.5338
2967,11.6589
2968,23.4418
2969,10.9649
2970,13.9885
2971,14.4715
2972,13.0522
2973,19.8917
2974,27.9891
2975,15.8422
2976,27.9691
2977,19.6455
2978,16.1209
2979,18.9848
2980,15.3449
2981,15.5878
2982,21.1732
2983,16.5145
2984,17.1382
2985,17.7004
2986,16.5927
2987,19.4697
2988,24.6902
2989,17.2813
2990,20.0634
2991,14.0674
2992,11.7314
2993,15.4588
2994,16.1176
2995,14.5903
2996,13.4797
2997,9.8481
2998,9.5963
2999,8.2905
3000,9.4843
3001,8.3070
3002,8.6546
3003,9.6684
3004,9.6560
3005,11.2617
3006,14.2334
3007,10.5946
3008,17.5385
3009,14.4207
3010,15.5194
3011,14.2651
3012,12.3746
3013,13.6619
3014,13.8116
3015,14.5099
3016,13.6962
3017,13.6557
3018,14.7083
3019,13.4530
3020,12.6393
3021,14.4131
3022,10.8702
3023,19.0880
3024,17.2269
3025,17.9324
3026,17.1325
3027,19.4616
3028,23.3788
3029,23.6366
3030,18.6393
3031,16.8874
3032,15.1100
3033,14.7164
3034,15.9893
3035,18.9838
3036,22.8596
3037,20.4291
3038,13.0141
3039,15.2724
3040,16.2945
3041,15.1632
3042,18.0473
3043,15.0239
3044,18.0092
3045,25.8574
3046,18.5754
3047,15.2690
3048,14.4114
3049,14.2989
3050,17.6041
3051,17.8926
3052,20.1783
3053,13.9694
3054,16.2089
3055,23.8116
3056,14.5006
3057,14.8976
3058,11.5812
3059,14.2195
3060,18.2028
3061,16.6745
3062,15.2652
3063,12.6305
3064,14.8120
3065,12.9220
3066,9.7690
3067,14.5202
3068,12.0704
3069,10.7467
3070,13.7703
3071,27.0293
3072,16.0789
3073,15.2748
3074,29.9256
3075,19.6505
3076,10.9441
3077,15.1062
3078,19.8472
3079,30.7384
3080,19.4607
3081,21.6706
3082,21.2088
3083,20.0558
3084,15.3010
3085,17.1852
3086,14.0836
3087,9.6970
3088,13.8156
3089,12.7859
3090,21.4200
3091,10.6139
3092,16.1493
3093,15.6980
3094,10.4353
3095,13.4640
3096,12.5339
3097,15.2364
3098,16.7704
3099,16.8037
3100,17.3731
3101,15.5106
3102,13.5629
3103,15.0146
3104,15.9085
3105,14.8659
3106,9.2394
3107,10.2348
3108,13.8671
3109,15.3739
3110,15.3158
3111,18.2524
3112,21.8604
3113,13.4325
3114,11.3809
3115,10.9921
3116,15.4555
3117,20.0236
3118,17.9422
3119,21.8821
3120,23.3059
3121,14.5459
3122,23.8442
3123,16.4294
3124,13.9694
3125,20.1933
3126,14.0858
3127,8.7712
3128,17.7183
3129,20.3969
3130,17.9939
3131,18.7407
3132,17.8449
3133,15.5311
3134,15.9912
3135,19.0699
3136,15.5878
3137,15.4259
3138,16.8180
3139,20.0903
3140,19.4921
3141,14.5886
3142,14.1780
3143,17.6272
3144,16.8135
3145,16.2013
3146,16.7484
3147,16.1273
3148,13.8717
3149,15.6364
3150,12.5856
3151,13.0050
3152,13.5844
3153,18.8537
3154,12.9724
3155,11.5554
3156,11.0810
3157,15.7769
3158,12.8303
3159,13.1485
3160,15.8458
3161,11.8132
3162,18.0516
3163,17.0624
3164,15.3658
3165,13.3369
3166,13.2718
3167,14.6675
3168,15.4412
3169,16.5596
3170,17.0379
3171,14.9853
3172,24.3239
3173,16.5381
3174,15.1231
3175,17.4711
3176,16.7472
3177,19.4483
3178,14.9004
3179,28.7483
3180,21.1458
3181,17.5705
3182,29.1901
3183,14.9055
3184,13.0606
3185,21.8594
3186,19.0055
3187,17.8230
3188,17.0903
3189,21.5113
3190,13.2098
3191,16.2616
3192,16.4101
3193,15.8792
3194,13.4044
3195,12.0139
3196,14.9510
3197,13.1667
3198,19.1450
3199,13.1094
3200,14.5309
3201,24.9550
3202,16.2532
3203,14.3359
3204,13.8400
3205,13.5622
3206,17.3237
3207,17.5400
3208,11.4591
3209,12.0213
3210,14.2119
3211,11.3621
3212,17.5464
3213,12.3200
3214,13.8388
3215,12.5008
3216,13.7465
3217,16.1741
3218,14.5559
3219,23.7801
3220,14.8382
3221,15.3418
3222,12.8827
3223,13.0918
3224,10.2007
3225,14.1261
3226,21.3606
3227,15.6915
3228,14.3604
3229,17.3612
3230,19.6927
3231,12.6424
3232,10.7465
3233,11.4000
3234,13.5403
3235,15.2287
3236,12.5508
3237,18.0674
3238,12.0895
3239,8.2932
3240,9.7363
3241,11.6482
3242,14.0462
3243,10.2494
3244,14.1351
3245,18.0962
3246,13.5086
3247,12.5005
3248,13.7460
3249,12.1119
3250,13.1116
3251,11.9703
3252,11.9433
3253,11.6646
3254,12.0206
3255,15.3475
3256,11.9414
3257,13.8025
3258,15.8308
3259,13.9508
3260,16.3968
3261,18.1487
3262,14.8470
3263,11.0025
3264,16.4347
3265,12.3146
3266,13.3853
3267,16.7053
3268,13.3390
3269,21.3058
3270,13.4606
3271,21.0388
3272,20.5243
3273,18.4743
3274,29.1862
3275,20.2687
3276,19.8426
3277,21.1184
3278,18.5740
3279,18.7855
3280,11.1859
3281,15.4364
3282,12.8481
3283,14.2589
3284,13.8421
3285,12.9831
3286,12.2125
3287,11.8949
3288,13.0968
3289,16.6392
3290,13.2647
3291,12.2592
3292,12.5086
3293,17.5891
3294,15.0311
3295,9.9182
3296,16.0291
3297,17.4017
3298,14.5001
3299,15.5725
3300,13.1471
3301,9.9366
3302,19.5880
3303,18.0800
3304,17.4956
3305,18.4531
3306,11.3821
3307,14.1401
3308,15.1064
3309,15.0230
3310,18.3580
3311,17.2150
3312,15.7249
3313,16.5243
3314,16.2034
3315,14.6613
3316,13.1536
3317,11.9767
3318,11.9793
3319,15.2040
3320,13.2411
3321,16.9923
3322,18.9538
3323,13.0148
3324,19.9304
3325,15.5210
3326,17.0643
3327,13.4606
3328,13.6182
3329,21.4596
3330,15.2106
3331,18.9826
3332,14.7583
3333,14.2529
3334,13.9246
3335,15.6808
3336,15.8050
3337,16.1808
3338,17.6127
3339,18.4882
3340,8.4898
3341,8.6575
3342,9.9864
3343,10.5968
3344,11.8930
3345,13.1629
3346,13.2813
3347,12.1322
3348,16.0739
3349,13.3905
3350,14.4606
3351,12.7125
3352,13.3710
3353,13.2117
3354,13.1819
3355,11.4734
3356,14.8230
3357,10.7386
3358,14.1163
3359,10.8187
3360,13.5176
3361,14.4045
3362,14.6196
3363,12.0065
3364,8.9293
3365,9.0399
3366,12.1500
3367,12.8138
3368,14.9250
3369,9.0601
3370,16.7780
3371,14.4997
3372,12.1059
3373,14.7781
3374,11.3165
3375,11.5452
3376,19.1321
3377,14.1246
3378,13.3405
3379,24.0912
3380,16.9375
3381,14.2314
3382,18.0392
3383,14.2629
3384,12.3863
3385,18.2378
3386,14.3890
3387,12.4204
3388,12.6190
3389,10.0527
3390,12.5675
3391,15.5759
3392,18.9009
3393,19.5587
3394,19.5317
3395,14.9925
3396,14.2121
3397,13.9542
3398,11.8015
3399,11.4906
3400,13.9236
3401,16.1397
3402,16.4878
3403,15.3117
3404,13.4871
3405,11.4532
3406,11.9901
3407,20.0644
3408,9.8560
3409,14.1547
3410,13.8493
3411,15.3825
3412,16.3469
3413,16.4127
3414,16.3884
3415,16.0577
3416,13.0424
3417,18.4288
3418,12.8891
3419,9.7511
3420,17.2777
3421,13.3355
3422,19.2881
3423,15.1808
3424,20.0045
3425,19.7914
3426,17.4603
3427,19.9890
3428,15.0180
3429,15.8203
3430,14.2653
3431,12.6812
3432,12.1992
3433,12.0971
3434,12.5549
3435,12.4278
3436,11.4789
3437,13.0255
3438,10.6673
3439,13.6690
3440,18.3723
3441,12.0230
3442,14.8666
3443,9.8801
3444,16.5794
3445,13.2191
3446,11.2755
3447,8.8363
3448,17.7252
3449,10.5207
3450,9.9316
3451,8.5781
3452,15.5878
3453,10.5159
3454,13.8440
3455,19.9986
3456,9.3315
3457,19.1176
3458,16.5143
3459,16.6256
3460,12.1524
3461,13.0272
3462,15.3768
3463,15.5051
3464,17.0348
3465,15.4817
3466,15.0032
3467,17.2541
3468,10.9472
3469,11.8589
3470,11.9722
3471,13.7594
3472,13.2687
3473,14.3130
3474,14.0312
3475,13.1299
3476,13.2911
3477,11.6112
3478,12.7888
3479,10.3607
3480,13.3626
3481,20.1850
3482,18.6682
3483,14.4608
3484,13.2232
3485,17.7388
3486,20.1070
3487,13.8984
3488,18.4023
3489,20.6630
3490,13.1285
3491,21.6291
3492,15.1699
3493,18.2500
3494,11.4136
3495,14.7183
3496,24.0233
3497,16.4511
3498,16.8264
3499,21.6930
3500,16.5734
3501,20.1294
3502,15.0788
3503,13.9241
3504,17.8480
3505,11.4789
3506,15.0957
3507,15.2426
3508,13.2794
3509,13.8879
3510,9.8870
3511,14.5400
3512,15.3944
3513,17.1154
3514,12.6655
3515,11.4112
3516,11.3149
3517,13.7517
3518,18.5227
3519,18.3160
3520,18.1623
3521,19.0265
3522,10.3180
3523,12.9976
3524,12.7261
3525,11.8606
3526,13.4625
3527,14.3893
3528,12.2993
3529,17.6497
3530,12.8841
3531,13.5820
3532,15.2686
3533,19.4159
3534,25.5365
3535,17.7372
3536,14.1339
3537,15.8703
3538,13.6712
3539,23.2635
3540,15.4657
3541,11.8380
3542,19.3958
3543,18.2307
3544,15.2705
3545,13.6020
3546,14.5259
3547,12.6557
3548,12.3477
3549,15.7845
3550,19.6383
3551,17.3497
3552,16.5708
3553,10.7307
3554,10.4914
3555,16.7634
3556,12.6238
3557,13.2332
3558,13.3519
3559,12.6801
3560,15.4731
3561,12.9147
3562,13.9997
3563,11.2941
3564,17.1652
3565,15.6686
3566,15.3840
3567,9.8054
3568,16.0880
3569,12.7802
3570,12.3661
3571,8.1859
3572,11.7702
3573,14.2720
3574,13.9625
3575,12.4767
3576,14.2324
3577,11.3304
3578,12.2430
3579,14.5082
3580,11.0650
3581,15.7378
3582,20.6623
3583,11.9431
3584,14.6039
3585,16.1495
3586,16.4421
3587,16.5455
3588,14.3542
3589,10.7853
3590,14.3621
3591,16.2935
3592,11.9052
3593,12.0666
3594,16.6557
3595,22.6190
3596,13.1915
3597,23.2291
3598,14.1318
3599,14.4935
3600,12.6455
3601,17.3059
3602,22.4931
3603,11.0083
3604,15.2316
3605,14.8046
3606,16.3760
3607,16.2334
3608,11.8301
3609,14.6151
3610,15.8830
3611,14.3876
3612,16.8300
3613,21.7922
3614,17.5104
3615,16.2978
3616,18.0798
3617,16.6907
3618,20.8611
3619,9.9182
3620,10.4535
3621,14.3955
3622,14.6341
3623,18.2536
3624,10.3397
3625,13.7990
3626,12.8334
3627,12.1982
3628,11.7095
3629,17.0617
3630,14.2751
3631,14.2820
3632,15.3258
3633,11.4143
3634,14.6785
3635,15.7685
3636,12.7153
3637,19.3784
3638,13.8717
3639,16.2890
3640,17.2310
3641,14.7231
3642,12.2318
3643,12.7597
3644,12.0847
3645,9.4612
3646,11.0471
3647,9.7392
3648,20.7911
3649,16.5975
3650,17.1566
3651,14.5531
3652,11.0385
3653,11.6901
3654,14.4913
3655,17.8425
3656,17.8258
3657,14.6518
3658,18.4145
3659,12.3081
3660,12.1541
3661,11.4555
3662,15.3911
3663,12.6796
3664,14.7126
3665,17.2987
3666,16.5796
3667,14.0142
3668,13.1764
3669,13.9177
3670,17.2055
3671,16.7856
3672,17.8738
3673,19.8917
3674,19.8886
3675,15.5287
3676,20.7295
3677,12.2371
3678,13.2897
3679,14.1561
3680,11.9071
3681,13.3536
3682,11.4136
3683,12.4691
3684,14.7636
3685,12.0363
3686,13.5007
3687,14.2987
3688,15.0607
3689,15.6069
3690,13.2000
3691,13.1748
3692,16.8099
3693,13.9039
3694,14.6124
3695,14.8966
3696,23.3014
3697,11.8608
3698,20.2518
3699,18.0755
3700,29.1157
3701,13.0186
3702,10.8459
3703,20.9713
3704,20.0572
3705,21.1263
3706,16.9432
3707,20.1621
3708,18.1141
3709,18.5308
3710,14.8277
3711,15.9974
3712,14.4119
3713,15.1238
3714,12.5909
3715,12.5229
3716,25.9440
3717,16.1996
3718,10.7119
3719,13.5102
3720,15.7547
3721,15.3935
3722,13.6230
3723,13.4914
3724,15.9235
3725,14.1921
3726,14.0605
3727,14.4238
3728,12.4266
3729,14.1952
3730,15.6128
3731,14.2050
3732,17.2577
3733,11.0245
3734,13.2303
3735,19.4159
3736,15.2044
3737,14.0069
3738,17.8173
3739,21.6508
3740,33.8020
3741,17.0393
3742,20.1156
3743,24.1127
3744,20.5278
3745,24.8263
3746,25.9187
3747,18.7893
3748,17.4248
3749,11.1606
3750,12.9411
3751,14.4613
3752,17.2694
3753,17.1728
3754,13.4521
3755,14.7970
3756,14.2996
3757,14.4997
3758,14.2360
3759,13.7479
3760,15.9276
3761,12.8152
3762,12.1694
3763,13.3452
3764,18.1756
3765,14.8232
3766,16.2265
3767,11.8389
3768,14.4081
3769,12.4044
3770,14.5833
3771,13.5338
3772,15.8644
3773,14.3828
3774,15.6956
3775,14.0851
3776,60.5364
3777,16.2280
3778,20.4415
3779,17.8256
3780,13.3398
3781,14.7202
3782,23.7353
3783,14.2441
3784,19.4275
3785,15.4567
3786,19.8596
3787,19.2726
3788,18.4164
3789,11.8928
3790,15.2676
3791,11.7376
3792,13.6569
3793,15.4061
3794,18.3215
3795,16.7475
3796,25.7032
3797,14.3704
3798,8.5607
3799,22.4965
3800,16.0644
3801,13.1958
3802,14.5304
3803,24.5037
3804,17.5474
3805,17.4637
3806,16.7930
3807,16.5346
3808,15.1746
3809,13.7331
3810,12.6505
3811,10.9000
3812,15.1072
3813,15.3036
3814,13.1867
3815,19.0637
3816,20.2625
3817,21.7884
3818,11.6677
3819,14.4634
3820,15.6555
3821,17.9358
3822,15.4686
3823,16.0351
3824,18.4116
3825,21.4250
3826,19.4976
3827,15.3015
3828,16.6306
3829,12.0587
3830,15.0476
3831,14.0259
3832,12.4371
3833,13.5398
3834,23.4120
3835,18.7747
3836,11.3692
3837,12.8193
3838,16.3248
3839,15.6887
3840,17.5622
3841,19.1174
3842,14.3700
3843,14.2324
3844,14.9567
3845,12.3367
3846,16.5217
3847,19.8150
3848,16.4123
3849,14.3888
3850,15.4235
3851,13.5918
3852,15.1641
3853,11.0536
3854,16.5360
3855,14.5528
3856,14.2779
3857,17.3748
3858,13.0663
3859,17.7085
3860,16.5846
3861,15.1656
3862,19.3923
3863,17.0679
3864,19.8901
3865,21.5290
3866,10.4969
3867,19.0864
3868,14.8127
3869,15.5199
3870,15.1296
3871,12.8345
3872,13.8917
3873,12.9807
3874,10.5236
3875,14.2307
3876,14.7495
3877,18.0416
3878,16.5370
3879,19.1205
3880,13.8426
3881,14.1523
3882,18.2011
3883,20.1557
3884,16.4225
3885,14.8718
3886,15.1958
3887,22.1484
3888,18.5258
3889,12.2206
3890,15.1267
3891,14.5445
3892,12.6901
3893,15.4428
3894,15.7640
3895,16.1476
3896,17.0095
3897,28.9686
3898,16.7441
3899,17.4048
3900,16.8672
3901,17.1821
3902,9.4898
3903,23.0653
3904,17.5183
3905,20.5619
3906,22.2034
3907,19.8836
3908,17.5786
3909,17.6857
3910,21.1451
3911,9.4762
3912,12.5618
3913,20.1237
3914,15.9998
3915,13.7973
3916,18.1739
3917,13.8450
3918,22.0392
3919,12.2514
3920,15.5296
3921,17.7188
3922,15.6958
3923,12.5031
3924,10.4151
3925,9.7523
3926,16.0081
3927,14.9527
3928,18.5022
3929,14.4362
3930,13.6385
3931,16.2072
3932,17.9126
3933,14.7150
3934,10.0613
3935,9.0616
3936,10.1106
3937,12.9306
3938,14.4951
3939,14.4465
3940,17.9725
3941,16.9153
3942,14.7693
3943,14.0495
3944,12.6402
3945,13.0336
3946,13.8712
3947,12.1322
3948,13.0134
3949,14.4272
3950,16.8955
3951,14.6868
3952,15.2526
3953,14.9369
3954,20.6852
3955,11.0755
3956,15.7733
3957,15.0509
3958,19.0597
3959,16.1645
3960,15.9106
3961,15.1095
3962,13.5531
3963,10.6411
3964,11.6694
3965,11.5502
3966,18.1162
3967,14.7669
3968,15.0938
3969,11.8682
3970,20.6594
3971,20.1869
3972,13.6628
3973,14.8344
3974,12.5673
3975,14.9469
3976,12.1524
3977,14.4103
3978,13.8974
3979,14.8888
3980,14.9658
3981,13.6077
3982,14.1389
3983,15.1095
3984,14.3907
3985,15.1465
3986,14.1497
3987,18.0850
3988,17.7968
3989,12.6874
3990,13.2539
3991,12.6994
3992,19.2270
3993,22.1469
3994,14.8036
3995,16.5319
3996,17.2002
3997,16.2232
3998,24.0827
3999,16.1011
4000,18.7287
4001,14.6613
4002,19.9559
4003,18.5184
4004,21.6272
4005,24.2817
4006,20.4186
4007,11.4529
4008,11.4055
4009,13.9291
4010,13.5081
4011,16.5265
4012,13.0970
4013,16.6647
4014,12.3067
4015,12.4698
4016,12.8884
4017,16.0022
4018,16.4936
4019,15.6748
4020,14.0541
4021,18.3902
4022,15.6054
4023,31.0884
4024,12.1965
4025,9.7044
4026,14.5221
4027,17.2234
4028,12.8214
4029,18.2672
4030,12.8834
4031,13.1521
4032,26.5937
4033,12.2197
4034,17.7782
4035,15.2807
4036,17.6508
4037,16.6740
4038,19.2525
4039,12.9735
4040,18.6019
4041,11.9424
4042,17.3359
4043,13.5045
4044,13.4089
4045,12.5444
4046,12.7907
4047,12.2507
4048,18.4045
4049,14.5221
4050,13.3541
4051,11.6246
4052,13.3963
4053,17.2517
4054,13.6337
4055,14.9493
4056,17.4134
4057,10.5090
4058,14.0023
4059,14.4176
4060,12.5840
4061,13.2868
4062,13.4959
4063,12.0132
4064,13.3843
4065,11.4250
4066,17.6864
4067,14.1180
4068,18.8384
4069,13.6526
4070,19.4268
4071,15.3782
4072,15.4049
4073,24.1320
4074,17.6284
4075,17.7200
4076,18.6174
4077,17.4406
4078,17.0708
4079,26.7053
4080,11.7719
4081,14.7371
4082,16.8865
4083,16.0475
4084,21.8875
4085,16.6843
4086,18.4321
4087,11.8587
4088,16.1774
4089,15.2464
4090,15.6441
4091,15.7354
4092,11.2545
4093,16.8834
4094,11.7643
4095,15.5036
4096,17.2663
4097,17.9672
4098,13.1669
4099,18.6639
4100,21.1279
4101,17.2057
4102,19.1438
4103,15.2991
4104,11.3339
4105,19.4075
4106,17.2582
4107,9.5093
4108,17.9155
4109,10.8237
4110,12.5291
4111,31.9831
4112,21.1191
4113,16.3043
4114,14.5135
4115,14.7099
4116,12.1453
4117,14.4899
4118,18.0519
4119,21.0633
4120,28.2421
4121,31.4977
4122,31.2614
4123,18.1100
4124,19.8834
4125,15.2822
4126,15.7485
4127,16.6285
4128,13.8288
4129,14.9491
4130,13.8376
4131,13.6852
4132,10.3285
4133,11.0478
4134,12.8961
4135,19.2108
4136,15.1277
4137,13.4060
4138,13.7966
4139,15.4421
4140,14.3509
4141,12.2581
4142,14.9608
4143,18.2204
4144,16.5498
4145,17.2508
4146,15.3768
4147,13.6113
4148,12.9919
4149,17.2274
4150,19.1910
4151,17.9839
4152,13.4244
4153,12.9499
4154,18.4569
4155,18.7647
4156,13.2654
4157,12.8834
4158,12.3312
4159,14.8757
4160,16.0050
4161,13.8280
4162,16.3567
4163,17.2093
4164,8.8809
4165,17.4127
4166,18.4476
4167,12.7387
4168,11.9786
4169,13.2523
4170,18.3501
4171,17.9677
4172,17.7271
4173,14.3065
4174,10.4578
4175,28.7902
4176,16.8138
4177,22.5151
4178,15.6546
4179,11.6110
4180,15.7371
4181,20.2868
4182,11.6746
4183,14.8561
4184,14.6189
4185,11.2059
4186,16.9623
4187,18.8792
4188,20.7100
4189,10.8037
4190,16.0909
4191,19.7392
4192,17.8952
4193,16.6640
4194,10.8376
4195,11.9298
4196,13.2496
4197,14.4589
4198,16.8698
4199,20.1402
4200,26.4521
4201,23.7951
4202,15.3801
4203,22.4183
4204,20.9453
4205,21.9018
4206,13.0153
4207,18.5637
4208,17.1010
4209,15.5683
4210,12.9039
4211,11.3914
4212,10.7872
4213,10.1891
4214,8.9679
4215,8.3864
4216,8.7566
4217,7.8530
4218,11.1978
4219,11.3926
4220,12.5709
4221,10.8728
4222,12.6095
4223,11.3535
4224,17.8707
4225,9.7868
4226,9.2671
4227,11.6482
4228,10.6733
4229,17.1478
4230,10.5796
4231,11.9729
4232,16.7973
4233,18.2009
4234,11.7028
4235,11.4589
4236,13.3202
4237,11.0428
4238,10.4885
4239,13.9472
4240,11.0207
4241,12.9464
4242,13.3238
4243,13.8297
4244,13.8707
4245,15.6822
4246,16.4502
4247,20.0586
4248,13.4101
4249,15.4366
4250,14.9591
4251,17.7081
4252,16.0463
4253,18.1520
4254,14.3135
4255,17.6957
4256,15.5127
4257,19.2709
4258,10.6568
4259,12.5134
4260,12.0764
4261,13.5186
4262,16.0658
4263,13.9580
4264,15.8587
4265,13.9699
4266,14.0669
4267,12.1028
4268,14.1730
4269,17.5419
4270,13.1798
4271,14.9293
4272,20.0310
4273,17.1816
4274,13.2282
4275,12.4884
4276,11.6701
4277,13.9503
4278,13.4830
4279,17.4809
4280,18.8856
4281,9.9907
4282,15.7871
4283,15.3141
4284,12.3055
4285,12.5620
4286,13.2880
4287,12.0716
4288,8.4734
4289,11.4961
4290,12.0192
4291,12.7506
4292,12.4953
4293,14.4072
4294,14.4026
4295,12.6638
4296,14.1854
4297,10.9406
4298,11.5275
4299,17.8165
4300,9.1355
4301,17.0712
4302,16.2401
4303,13.8772
4304,15.6586
4305,18.9285
4306,15.8005
4307,12.8717
4308,14.5321
4309,13.4645
4310,12.4831
4311,17.7314
4312,9.6037
4313,27.8025
4314,9.4690
4315,21.0500
4316,12.3746
4317,12.1231
4318,12.9523
4319,15.4099
4320,16.5179
4321,14.0150
4322,18.6799
4323,15.8908
4324,12.9585
4325,13.9081
4326,18.0819
4327,14.5376
4328,15.9976
4329,19.7227
4330,12.8100
4331,14.9391
4332,21.8921
4333,23.3500
4334,17.0450
4335,9.7582
4336,10.5708
4337,10.4325
4338,10.2131
4339,9.6116
4340,10.9544
4341,9.1441
4342,9.8844
4343,10.6459
4344,11.3862
4345,9.3076
4346,10.5534
4347,17.4353
4348,13.2730
4349,20.5686
4350,11.0106
4351,13.9914
4352,13.1657
4353,19.4647
4354,13.3240
4355,13.5317
4356,17.2691
4357,18.6923
4358,12.9168
4359,10.1538
4360,10.6606
4361,11.2963
4362,14.3516
4363,17.2598
4364,15.9783
4365,13.7146
4366,14.1830
4367,14.4629
4368,11.0376
4369,15.4066
4370,10.9487
4371,15.4951
4372,18.7106
4373,16.0618
4374,12.7482
4375,14.1611
4376,21.2529
4377,16.3801
4378,13.3312
4379,15.3832
4380,12.3591
4381,15.5833
4382,18.6765
4383,15.0585
4384,14.2980
4385,8.6234
4386,9.3210
4387,12.5659
4388,10.2367
4389,10.6354
4390,14.9896
4391,14.5841
4392,15.4066
4393,15.4049
4394,13.9773
4395,16.4204
4396,13.2082
4397,13.7239
4398,11.4045
4399,14.3209
4400,14.6160
4401,12.4154
4402,12.8295
4403,10.0400
4404,36.7241
4405,13.4487
4406,12.8083
4407,14.5507
4408,18.0378
4409,23.7532
4410,18.5924
4411,15.7890
4412,24.0746
4413,10.1106
4414,15.6114
4415,13.9015
4416,15.3723
4417,16.7537
4418,16.0594
4419,31.2958
4420,21.8887
4421,20.0233
4422,17.3090
4423,17.0927
4424,17.1199
4425,14.8928
4426,17.7672
4427,14.3449
4428,7.0457
4429,9.3408
4430,12.2154
4431,13.0451
4432,18.5230
4433,19.5582
4434,16.1903
4435,13.3126
4436,21.8530
4437,16.3422
4438,14.8642
4439,15.0151
4440,17.4274
4441,15.4159
4442,11.2395
4443,13.1354
4444,13.1292
4445,18.7840
4446,16.7971
4447,11.9705
4448,10.5419
4449,14.0436
4450,19.1300
4451,14.5600
4452,13.7687
4453,12.9778
4454,14.5044
4455,15.2640
4456,14.0214
4457,13.7222
4458,13.9709
4459,12.1701
4460,15.2428
4461,8.9297
4462,13.0811
4463,13.3820
4464,15.2314
4465,15.0952
4466,23.6642
4467,14.5864
4468,11.0183
4469,18.1606
4470,11.1418
4471,18.8663
4472,10.8023
4473,10.3052
4474,17.7824
4475,20.2615
4476,17.9698
4477,15.1775
4478,20.6916
4479,12.7392
4480,13.4184
4481,7.5622
4482,12.7523
4483,14.6694
4484,11.3573
4485,11.2271
4486,16.8147
4487,14.8940
4488,23.8729
4489,12.9094
4490,11.2226
4491,12.6863
4492,15.9402
4493,14.9193
4494,15.1181
4495,14.8480
4496,17.4589
4497,14.0553
4498,15.5275
4499,14.2219
4500,13.7868
4501,15.0065
4502,15.3251
4503,12.4769
4504,17.3750
4505,15.6989
4506,15.0695
4507,16.1316
4508,16.6667
4509,21.4415
4510,14.0495
4511,16.4871
4512,13.2778
4513,13.0031
4514,14.3619
4515,12.0063
4516,17.9307
4517,18.1763
4518,16.4912
4519,15.6593
4520,12.8911
4521,15.2979
4522,20.8919
4523,14.2844
4524,23.4616
4525,15.8381
4526,17.8921
4527,19.8097
4528,17.8583
4529,14.4317
4530,19.0847
4531,15.5597
4532,18.5883
4533,27.1616
4534,20.6757
4535,19.1791
4536,17.2360
4537,18.3737
4538,15.5241
4539,20.4041
4540,15.3601
4541,16.4003
4542,13.0167
4543,15.0318
4544,14.3621
4545,14.7276
4546,16.6302
4547,31.0030
4548,12.7370
4549,17.3526
4550,10.2038
4551,10.3192
4552,13.8421
4553,16.1238
4554,13.5243
4555,14.7960
4556,15.2953
4557,17.5638
4558,8.7121
4559,12.4950
4560,17.8671
4561,12.2473
4562,13.3765
4563,14.3445
4564,13.6590
4565,13.7508
4566,14.0736
4567,14.7471
4568,14.4846
4569,15.5067
4570,13.5391
4571,13.2213
4572,14.4372
4573,13.7436
4574,25.5547
4575,13.3250
4576,14.6363
4577,18.7120
4578,10.2475
4579,13.3700
4580,12.7580
4581,10.9520
4582,13.0136
4583,12.3665
4584,11.8754
4585,15.3816
4586,14.7531
4587,13.1121
4588,14.0095
4589,16.2497
4590,13.2291
4591,11.6160
4592,13.5789
4593,18.1468
4594,12.8281
4595,14.4837
4596,11.7040
4597,15.4524
4598,17.7190
4599,20.3609
4600,15.2094
4601,18.8401
4602,12.8040
4603,20.9923
4604,12.5377
4605,13.6526
4606,12.3920
4607,11.9526
4608,11.6014
4609,13.8395
4610,12.8837
4611,17.1914
4612,21.3444
4613,15.4216
4614,13.9785
4615,17.1890
4616,21.2228
4617,16.5408
4618,21.5526
4619,15.7616
4620,17.6444
4621,19.0978
4622,10.5093
4623,14.1482
4624,19.0926
4625,15.3058
4626,22.5592
4627,18.4155
4628,23.2141
4629,14.8609
4630,18.0478
4631,21.3652
4632,23.6528
4633,14.5299
4634,18.6095
4635,21.2517
4636,15.7359
4637,13.5620
4638,22.5823
4639,11.4534
4640,13.5868
4641,18.5456
4642,16.3765
4643,13.7255
4644,14.5874
4645,22.4373
4646,19.5489
4647,10.6449
4648,15.1272
4649,10.2427
4650,15.8167
4651,13.2625
4652,21.4324
4653,16.0549
4654,19.7768
4655,17.6647
4656,11.3950
4657,20.2188
4658,16.4757
4659,17.1309
4660,15.9581
4661,10.6590
4662,13.7365
4663,12.8174
4664,13.7575
4665,14.3642
4666,14.0615
4667,15.6169
4668,17.2520
4669,18.3792
4670,14.0443
4671,15.5036
4672,15.9833
4673,15.3749
4674,16.9523
4675,18.0752
4676,12.9354
4677,14.9469
4678,13.5989
4679,13.4490
4680,17.7393
4681,9.5134
4682,13.2098
4683,15.3477
4684,14.7862
4685,13.1428
4686,14.3204
4687,12.2626
4688,11.6606
4689,15.7759
4690,12.2552
4691,12.9869
4692,13.2644
4693,16.7816
4694,16.3984
4695,11.0722
4696,12.7156
4697,20.3454
4698,12.5606
4699,15.0385
4700,10.8593
4701,15.8501
4702,12.8846
4703,19.1793
4704,16.6867
4705,16.5474
4706,13.8142
4707,21.9440
4708,12.7029
4709,16.5200
4710,12.3203
4711,10.3550
4712,13.0372
4713,11.4822
4714,11.0579
4715,14.6809
4716,15.3112
4717,11.9107
4718,15.5892
4719,18.1470
4720,17.8275
4721,17.3476
4722,15.4436
4723,11.7655
4724,16.8271
4725,14.2605
4726,16.4692
4727,20.8991
4728,14.6849
4729,18.4107
4730,7.3342
4731,31.0977
4732,20.1628
4733,15.9266
4734,20.6039
4735,18.3229
4736,14.9415
4737,19.5801
4738,13.5846
4739,10.8173
4740,11.6622
4741,11.3912
4742,16.9482
4743,18.4538
4744,12.4130
4745,21.5516
4746,13.5832
4747,17.3995
4748,16.6991
4749,17.4649
4750,15.9242
4751,19.3715
4752,13.8216
4753,12.6054
4754,15.0545
4755,13.7339
4756,13.4892
4757,14.5407
4758,12.8217
4759,13.0484
4760,13.2747
4761,13.8793
4762,12.6367
4763,13.4933
4764,12.9905
4765,12.7845
4766,15.2133
4767,15.3031
4768,9.9151
4769,12.9499
4770,13.9682
4771,13.8404
4772,14.7371
4773,13.8967
4774,9.0256
4775,14.5833
4776,13.5791
4777,15.8608
4778,12.5000
4779,12.0628
4780,17.6129
4781,19.3048
4782,13.4647
4783,16.1974
4784,14.1609
4785,15.7876
4786,14.4994
4787,18.2869
4788,10.8428
4789,11.4589
4790,15.2538
4791,16.0160
4792,18.2321
4793,12.7461
4794,15.2550
4795,17.8304
4796,19.2156
4797,13.0558
4798,12.3985
4799,12.5351
4800,16.2418
4801,17.5076
4802,14.2155
4803,17.6485
4804,16.9005
4805,16.4366
4806,15.9059
4807,18.4934
4808,13.6852
4809,11.3547
4810,15.4197
4811,11.9650
4812,17.9420
4813,15.5020
4814,16.9816
4815,14.6501
4816,13.4349
4817,12.6009
4818,11.9672
4819,17.1452
4820,14.4095
4821,10.5114
4822,10.8020
4823,13.3419
4824,10.0110
4825,10.0539
4826,11.2829
4827,15.4078
4828,13.5856
4829,12.3987
4830,14.0452
4831,13.0486
4832,12.6870
4833,13.4811
4834,10.8249
4835,14.2066
4836,11.1272
4837,10.3397
4838,18.3120
4839,11.6005
4840,10.6792
4841,18.0354
4842,12.6479
4843,21.2989
4844,15.2292
4845,14.1551
4846,25.4691
4847,27.3466
4848,20.7098
4849,13.1679
4850,24.5261
4851,11.0073
4852,13.4046
4853,10.0088
4854,8.1553
4855,12.9826
4856,13.8316
4857,15.7404
4858,16.2570
4859,14.3356
4860,15.9605
4861,17.8590
4862,11.2391
4863,10.4299
4864,12.7618
4865,11.5912
4866,12.2402
4867,14.1640
4868,13.1376
4869,13.1857
4870,12.2867
4871,11.8902
4872,14.0731
4873,11.2576
4874,18.4703
4875,13.6201
4876,14.0059
4877,8.8029
4878,10.0093
4879,13.4532
4880,10.2019
4881,13.5963
4882,13.0975
4883,18.0964
4884,13.5336
4885,13.2596
4886,17.0391
4887,21.5664
4888,12.9328
4889,13.0150
4890,12.9924
4891,11.6129
4892,12.1129
4893,14.3642
4894,16.7165
4895,10.7698
4896,12.4669
4897,12.0521
4898,11.2901
4899,12.8379
4900,12.7094
4901,16.4287
4902,12.4435
4903,11.3835
4904,14.3497
4905,11.5356
4906,15.0142
4907,12.4221
4908,13.4254
4909,13.9089
4910,15.6713
4911,13.2704
4912,14.8129
4913,18.6698
4914,15.9714
4915,16.6059
4916,16.5963
4917,16.1610
4918,13.6883
4919,18.3220
4920,18.0252
4921,16.5381
4922,13.3922
4923,13.2647
4924,14.9782
4925,15.5132
4926,14.1897
4927,14.2930
4928,17.0991
4929,13.2494
4930,15.1367
4931,10.6592
4932,12.1231
4933,12.2478
4934,21.3678
4935,10.2906
4936,14.6129
4937,18.5683
4938,15.1088
4939,12.7640
4940,16.3186
4941,11.0114
4942,15.9349
4943,19.5746
4944,20.6079
4945,17.0641
4946,15.1241
4947,18.7891
4948,15.8849
4949,18.2717
4950,15.2171
4951,12.5337
4952,20.6211
4953,16.6390
4954,9.3234
4955,13.0451
4956,21.1017
4957,25.8834
4958,14.9527
4959,13.9511
4960,16.0518
4961,15.9028
4962,17.9965
4963,14.0016
4964,12.5747
4965,14.1349
4966,13.0043
4967,15.0397
4968,13.6719
4969,11.1303
4970,13.8171
4971,13.4668
4972,14.2384
4973,10.3631
4974,14.0743
4975,14.6308
4976,11.9057
4977,13.2256
4978,13.6166
4979,13.7577
4980,13.5183
4981,19.3007
4982,15.5408
4983,17.6191
4984,13.8361
4985,15.5108
4986,12.3186
4987,12.4300
4988,17.3936
4989,14.0412
4990,14.2729
4991,12.2786
4992,21.0750
4993,12.0180
4994,10.6382
4995,13.3803
4996,14.7791
4997,16.3195
4998,11.2419
4999,11.4868
5000,15.2957
5001,10.0334
5002,12.6779
5003,19.1805
5004,17.9579
5005,17.1885
5006,13.5117
5007,16.8431
5008,14.9047
5009,12.3606
5010,11.1575
5011,13.4752
5012,16.8698
5013,10.9229
5014,17.0143
5015,13.3560
5016,13.8555
5017,13.7284
5018,11.4467
5019,13.7239
5020,10.2639
5021,13.2389
5022,14.4138
5023,12.9261
5024,13.9906
5025,17.5438
5026,12.4805
5027,14.1029
5028,12.6040
5029,17.2806
5030,14.6885
5031,10.6406
5032,14.8735
5033,18.6608
5034,15.6753
5035,17.2079
5036,15.1176
5037,12.9592
5038,10.6499
5039,14.9355
5040,12.9087
5041,11.5252
5042,11.3726
5043,12.3777
5044,10.5083
5045,11.5349
5046,10.9103
5047,13.0210
5048,11.4295
5049,14.0107
5050,14.2808
5051,17.3550
5052,14.1521
5053,13.2263
5054,13.8927
5055,13.1478
5056,14.5335
5057,13.5286
5058,15.5416
5059,21.5552
5060,11.4746
5061,14.7204
5062,23.3939
5063,22.3660
5064,17.4310
5065,23.5221
5066,16.1033
5067,16.3381
5068,18.6458
5069,14.2732
5070,21.5826
5071,17.5962
5072,21.1523
5073,15.8229
5074,27.5793
5075,16.6342
5076,15.6393
5077,12.0418
5078,16.1562
5079,23.6962
5080,10.4401
5081,10.5038
5082,12.6603
5083,17.9522
5084,22.2821
5085,15.5883
5086,9.9533
5087,17.0991
5088,11.2734
5089,9.4509
5090,14.3099
5091,13.3708
5092,11.4348
5093,16.2027
5094,12.4586
5095,13.8426
5096,19.8371
5097,12.3031
5098,13.5944
5099,13.0746
5100,14.3051
5101,15.1837
5102,16.9992
5103,17.1766
5104,13.0641
5105,10.8197
5106,18.2877
5107,13.1481
5108,16.5586
5109,14.4348
5110,14.9858
5111,11.5154
5112,11.8618
5113,14.1644
5114,16.6669
5115,12.8198
5116,14.6861
5117,16.5024
5118,13.8979
5119,14.5464
5120,20.8650
5121,11.7807
5122,23.6006
5123,16.2263
5124,14.2901
5125,17.6780
5126,12.0015
5127,12.4664
5128,12.5873
5129,15.7142
5130,17.0901
5131,13.2799
5132,12.0945
5133,17.7989
5134,14.8332
5135,14.9364
5136,11.9042
5137,16.2904
5138,14.0305
5139,11.2379
5140,17.4868
5141,13.7281
5142,12.6870
5143,16.6068
5144,16.5877
5145,15.0464
5146,19.3882
5147,15.8236
5148,15.9822
5149,13.9964
5150,20.4530
5151,15.3463
5152,23.3746
5153,13.3448
5154,13.1772
5155,13.4737
5156,16.3054
5157,17.1797
5158,15.0146
5159,16.4599
5160,16.1495
5161,22.4538
5162,17.0274
5163,35.1110
5164,20.9939
5165,18.7509
5166,10.8800
5167,8.6124
5168,13.3681
5169,20.9379
5170,19.1321
5171,23.4997
5172,13.6385
5173,17.1614
5174,15.3484
5175,12.5315
5176,13.0470
5177,13.8774
5178,13.6666
5179,16.5167
5180,17.9157
5181,28.3971
5182,12.3069
5183,11.8356
5184,10.9525
5185,13.9077
5186,24.5364
5187,14.0669
5188,12.4524
5189,9.7346
5190,11.1053
5191,13.8481
5192,13.1347
5193,13.0160
5194,14.6689
5195,15.3329
5196,17.6313
5197,13.9697
5198,12.2125
5199,12.3956
5200,13.6867
5201,13.2678
5202,14.5421
5203,10.6776
5204,10.8783
5205,11.7171
5206,9.4624
5207,11.3008
5208,14.1501
5209,8.4655
5210,12.5873
5211,14.7777
5212,15.4729
5213,15.5928
5214,13.1848
5215,19.3570
5216,14.9202
5217,15.7931
5218,15.0819
5219,20.6561
5220,18.4650
5221,13.8481
5222,16.5229
5223,17.7345
5224,17.0500
5225,17.7016
5226,18.5747
5227,15.2988
5228,17.0739
5229,14.7421
5230,14.4727
5231,15.0158
5232,14.6546
5233,14.2598
5234,14.9803
5235,14.0760
5236,17.0887
5237,14.1697
5238,17.0071
5239,22.4991
5240,11.2181
5241,13.0670
5242,9.4066
5243,7.9024
5244,10.8471
5245,12.9404
5246,12.3415
5247,20.0732
5248,15.8086
5249,12.9242
5250,12.9128
5251,16.6030
5252,13.6712
5253,14.1263
5254,13.1922
5255,14.6887
5256,17.4041
5257,17.5917
5258,11.5509
5259,21.4484
5260,9.6250
5261,14.7805
5262,15.9979
5263,13.7291
5264,22.1612
5265,14.9884
5266,20.3834
5267,12.5902
5268,20.5498
5269,16.5837
5270,15.2814
5271,15.6400
5272,19.0265
5273,19.7127
5274,19.6440
5275,17.7343
5276,24.0083
5277,22.5952
5278,13.5441
5279,16.8512
5280,13.2937
5281,15.8181
5282,14.4324
5283,13.9487
5284,20.8902
5285,17.7965
5286,12.3138
5287,18.1589
5288,13.4087
5289,14.5755
5290,15.2171
5291,15.2123
5292,13.9959
5293,16.4008
5294,14.9579
5295,16.8073
5296,15.5585
5297,19.6736
5298,18.1463
5299,12.2216
5300,17.8535
5301,11.6825
5302,14.4105
5303,12.7099
5304,11.3707
5305,15.0561
5306,15.7404
5307,10.6871
5308,16.9885
5309,17.4348
5310,13.6423
5311,20.4682
5312,14.4987
5313,10.3757
5314,18.3332
5315,10.9410
5316,12.1794
5317,16.5975
5318,17.3135
5319,9.7864
5320,21.9674
5321,16.4514
5322,10.4651
5323,11.0714
5324,10.7100
5325,18.5771
5326,14.5211
5327,13.3550
5328,15.4645
5329,15.8155
5330,13.8342
5331,18.1346
5332,21.8379
5333,10.6645
5334,15.1892
5335,14.3466
5336,18.3272
5337,20.3731
5338,12.2130
5339,15.2712
5340,17.5436
5341,12.2609
5342,20.1073
5343,11.8520
5344,12.1129
5345,9.4893
5346,14.9577
5347,14.4532
5348,13.3171
5349,8.8253
5350,8.6937
5351,12.3370
5352,18.2483
5353,16.0329
5354,11.5480
5355,13.4814
5356,13.1979
5357,11.7462
5358,13.0372
5359,11.0135
5360,14.6689
5361,15.1496
5362,13.5813
5363,12.6739
5364,14.8153
5365,17.7331
5366,15.0597
5367,13.0763
5368,13.9649
5369,16.5515
5370,12.1262
5371,21.3914
5372,14.4496
5373,19.2649
5374,18.8751
5375,14.0584
5376,25.7044
5377,20.4415
5378,14.8621
5379,13.1569
5380,21.3456
5381,16.5727
5382,21.1632
5383,14.5149
5384,11.2991
5385,9.8109
5386,9.0182
5387,10.2201
5388,10.5281
5389,14.6477
5390,10.1969
5391,8.5778
5392,8.1441
5393,9.8484
5394,10.1173
5395,12.8670
5396,19.6571
5397,14.2717
5398,17.4570
5399,19.8424
5400,9.1558
5401,14.6399
5402,14.5898
5403,19.6669
5404,17.8113
5405,10.4759
5406,9.7737
5407,10.8652
5408,13.5696
5409,15.2473
5410,13.5803
5411,10.9849
5412,8.9808
5413,10.7810
5414,15.3625
5415,15.7480
5416,15.4819
5417,15.6760
5418,14.6902
5419,19.0554
5420,14.5142
5421,15.5814
5422,18.1661
5423,18.3856
5424,16.9818
5425,15.0144
5426,14.2758
5427,15.5630
5428,14.8959
5429,12.7416
5430,18.6596
5431,11.3168
5432,21.2944
5433,14.6911
5434,15.8994
5435,11.6484
5436,10.6187
5437,14.1182
5438,12.0838
5439,13.1280
5440,14.5292
5441,15.5826
5442,15.3992
5443,11.3964
5444,11.1120
5445,11.1632
5446,10.7861
5447,10.9284
5448,10.5920
5449,10.2689
5450,14.2696
5451,14.3945
5452,13.7560
5453,15.6286
5454,16.6290
5455,18.0578
5456,15.0089
5457,14.5497
5458,25.3181
5459,14.8737
5460,13.3412
5461,21.7116
5462,10.7381
5463,21.8422
5464,15.5849
5465,23.2208
5466,19.3908
5467,13.8965
5468,13.1085
5469,11.3127
5470,16.0725
5471,14.0166
5472,13.7792
5473,12.1360
5474,13.0186
5475,14.8692
5476,15.1651
5477,12.5570
5478,13.8903
5479,11.0302
5480,11.6260
5481,13.9556
5482,14.5526
5483,12.5902
5484,13.4282
5485,12.0759
5486,29.1169
5487,12.8951
5488,13.4785
5489,17.2250
5490,22.8415
5491,14.8885
5492,15.4679
5493,13.5214
5494,18.1329
5495,16.4661
5496,20.2155
5497,11.8637
5498,15.2407
5499,14.7235
5500,21.2228
5501,8.8944
5502,15.6789
5503,11.3206
5504,12.0518
5505,15.6343
5506,12.6660
5507,15.6546
5508,15.4026
5509,15.0180
5510,15.3162
5511,14.7400
5512,15.6255
5513,11.1868
5514,13.6254
5515,15.8334
5516,15.5976
5517,15.0948
5518,13.4745
5519,14.0362
5520,14.6217
5521,12.7275
5522,12.9418
5523,13.1047
5524,16.9268
5525,11.8694
5526,13.5958
5527,8.9946
5528,12.7950
5529,13.5095
5530,16.3727
5531,16.7511
5532,20.2513
5533,16.4199
5534,9.4340
5535,17.2536
5536,15.9626
5537,16.3431
5538,17.8540
5539,19.3739
5540,16.8176
5541,19.0468
5542,27.8323
5543,20.4847
5544,13.1228
5545,10.4010
5546,14.3311
5547,16.4382
5548,13.2308
5549,16.0949
5550,13.7401
5551,13.6573
5552,10.9835
5553,9.8989
5554,21.9545
5555,10.6170
5556,13.2585
5557,14.1411
5558,19.8591
5559,15.2242
5560,17.0894
5561,15.1443
5562,17.3440
5563,19.5007
5564,12.9597
5565,13.8416
5566,13.6330
5567,18.7132
5568,16.4979
5569,10.7708
5570,12.3248
5571,14.9555
5572,15.8083
5573,14.2753
5574,14.0374
5575,25.2299
5576,13.5267
5577,10.7841
5578,12.3544
5579,15.8815
5580,10.1817
5581,14.6039
5582,15.7397
5583,14.5245
5584,15.6918
5585,14.2674
5586,19.7134
5587,14.4005
5588,8.9695
5589,11.2844
5590,9.3799
5591,9.4056
5592,9.2204
5593,9.8643
5594,19.6834
5595,16.5231
5596,17.2164
5597,14.7836
5598,31.5907
5599,13.1965
5600,14.6735
5601,32.3348
5602,28.1773
5603,15.0063
5604,15.8207
5605,12.1510
5606,15.6929
5607,11.8489
5608,14.6973
5609,14.8273
5610,11.0555
5611,15.4300
5612,14.1947
5613,16.3724
5614,12.7211
5615,12.8965
5616,20.0362
5617,13.7684
5618,13.6499
5619,14.5841
5620,12.7409
5621,12.5506
5622,13.0637
5623,13.2258
5624,14.9684
5625,13.0105
5626,16.7875
5627,18.9648
5628,16.5503
5629,14.4691
5630,10.7248
5631,19.1216
5632,12.7306
5633,17.1449
5634,15.6088
5635,18.5213
5636,14.1585
5637,13.0622
5638,14.9653
5639,14.3437
5640,13.8865
5641,17.3907
5642,11.2054
5643,14.6477
5644,14.2884
5645,13.3989
5646,12.3181
5647,11.4274
5648,24.6475
5649,11.2524
5650,11.3065
5651,16.5718
5652,16.2852
5653,16.4659
5654,14.8828
5655,20.5543
5656,17.0758
5657,11.8797
5658,9.0976
5659,11.2059
5660,13.2120
5661,19.6590
5662,13.6991
5663,23.3655
5664,21.0550
5665,13.2453
5666,13.1776
5667,9.0814
5668,8.8165
5669,9.9053
5670,13.9246
5671,14.4300
5672,11.8728
5673,11.9984
5674,13.1464
5675,15.2888
5676,15.9850
5677,22.6226
5678,14.2162
5679,14.7929
5680,14.7877
5681,15.0325
5682,12.2650
5683,12.9585
5684,11.2791
5685,17.8430
5686,13.4966
5687,10.4537
5688,9.6898
5689,12.3401
5690,14.7893
5691,15.1844
5692,17.0507
5693,13.3262
5694,14.8842
5695,15.1985
5696,14.4022
5697,31.0533
5698,19.8576
5699,13.2508
5700,21.3962
5701,11.6444
5702,10.5174
5703,23.1967
5704,9.0566
5705,10.7300
5706,11.0741
5707,14.1604
5708,19.7277
5709,15.8918
5710,14.6880
5711,15.6240
5712,15.0185
5713,16.4523
5714,15.3663
5715,15.6875
5716,18.9738
5717,15.2314
5718,15.3499
5719,13.2949
5720,13.6237
5721,18.6865
5722,13.5787
5723,8.0936
5724,12.5411
5725,13.8481
5726,15.3997
5727,13.7160
5728,16.8300
5729,14.5724
5730,15.7406
5731,12.7602
5732,16.0372
5733,14.3516
5734,14.4324
5735,14.2982
5736,9.4798
5737,16.8879
5738,13.7162
5739,19.9983
5740,17.6902
5741,11.1163
5742,12.6452
5743,16.9106
5744,15.9688
5745,13.7870
5746,13.1438
5747,14.7605
5748,21.4460
5749,16.9241
5750,14.1363
5751,15.6231
5752,13.3011
5753,16.5932
5754,9.7456
5755,17.2966
5756,24.8411
5757,12.5313
5758,12.9995
5759,11.5631
5760,16.4807
5761,20.6330
5762,17.5571
5763,24.6475
5764,24.4424
5765,20.1108
5766,23.5763
5767,13.3638
5768,22.2993
5769,24.4544
5770,18.3737
5771,22.3329
5772,12.8179
5773,16.0980
5774,16.4864
5775,20.4520
5776,24.5337
5777,20.5855
5778,11.3499
5779,9.3889
5780,14.3714
5781,17.1897
5782,17.9749
5783,19.0556
5784,10.4363
5785,13.8638
5786,12.9669
5787,10.6175
5788,14.7028
5789,11.1544
5790,11.5948
5791,14.8072
5792,13.8867
5793,17.0488
5794,15.1284
5795,15.1412
5796,15.8103
5797,14.2930
5798,16.7534
5799,17.4818
5800,20.2439
5801,16.2854
5802,16.7220
5803,19.2869
5804,18.3926
5805,15.1823
5806,25.9933
5807,24.1261
5808,17.3547
5809,12.3222
5810,15.0199
5811,12.3610
5812,13.6719
5813,19.9628
5814,12.6448
5815,14.3385
5816,16.3443
5817,11.3626
5818,13.4876
5819,13.9873
5820,15.3668
5821,16.1111
5822,17.2772
5823,15.2640
5824,14.6689
5825,13.4554
5826,12.6619
5827,17.9379
5828,16.5548
5829,14.3476
5830,14.5979
5831,14.9956
5832,15.4042
5833,15.7683
5834,15.6436
5835,13.2074
5836,15.9953
5837,14.7369
5838,16.9380
5839,19.1581
5840,9.2878
5841,10.1030
5842,16.3138
5843,13.1848
5844,16.4897
5845,19.4733
5846,16.9673
5847,9.5325
5848,15.5089
5849,12.4588
5850,21.6227
5851,12.3966
5852,9.1140
5853,10.6177
5854,12.9452
5855,14.1823
5856,14.1251
5857,13.9799
5858,16.9458
5859,19.6881
5860,12.8894
5861,16.6295
5862,16.0234
5863,21.0266
5864,22.6915
5865,15.3263
5866,14.4935
5867,11.7576
5868,13.8237
5869,12.4366
5870,13.1106
5871,14.4460
5872,15.2626
5873,13.7575
5874,13.9148
5875,13.2420
5876,14.0386
5877,13.4125
5878,11.3480
5879,16.2473
5880,12.6448
5881,16.5057
5882,12.8758
5883,16.3114
5884,12.2032
5885,11.7011
5886,12.8586
5887,13.7680
5888,13.7722
5889,19.3546
5890,13.9928
5891,13.8373
5892,14.1184
5893,16.5048
5894,13.3629
5895,17.0817
5896,13.0856
5897,12.8636
5898,15.0499
5899,12.7716
5900,12.1720
5901,16.9320
5902,13.8612
5903,17.4444
5904,19.5661
5905,17.5598
5906,17.0326
5907,19.1514
5908,18.5852
5909,21.1663
5910,11.3769
5911,16.3562
5912,26.5586
5913,12.7535
5914,16.9907
5915,12.7840
5916,14.4165
5917,12.8591
5918,25.5611
5919,16.4440
5920,10.6862
5921,10.5176
5922,15.2588
5923,11.3859
5924,17.1168
5925,14.7731
5926,16.8326
5927,11.4379
5928,17.2741
5929,11.1167
5930,13.8361
5931,17.5736
5932,15.6703
5933,15.4200
5934,18.3098
5935,17.4656
5936,16.1343
5937,14.2875
5938,17.2708
5939,14.9486
5940,16.3596
5941,14.6763
5942,14.3011
5943,20.4759
5944,22.7580
5945,15.6114
5946,14.7326
5947,12.3081
5948,17.1568
5949,16.7599
5950,10.6146
5951,8.7700
5952,20.2470
5953,18.6162
5954,11.4620
5955,12.1069
5956,20.1619
5957,14.4138
5958,16.0766
5959,16.9604
5960,15.0976
5961,12.4793
5962,14.4162
5963,14.5638
5964,15.6438
5965,13.2661
5966,14.5762
5967,18.1096
5968,13.6528
5969,15.8939
5970,17.6809
5971,16.0894
5972,16.4268
5973,11.2190
5974,9.6636
5975,13.4535
5976,17.1807
5977,17.4925
5978,17.2484
5979,20.7767
5980,19.8157
5981,12.5868
5982,19.0401
5983,17.5369
5984,19.0248
5985,18.4588
5986,13.3567
5987,11.7693
5988,14.8413
5989,13.8974
5990,11.2352
5991,12.9845
5992,14.8401
5993,13.8838
5994,16.3414
5995,12.8131
5996,16.4690
5997,17.3998
5998,12.5396
5999,15.5220
6000,19.5329
6001,19.3527
6002,16.7341
6003,16.7994
6004,18.9188
6005,21.2622
6006,32.9227
6007,13.2298
6008,19.2487
6009,16.6488
6010,19.8464
6011,13.7377
6012,16.1176
6013,13.3231
6014,27.3466
6015,18.1556
6016,21.8673
6017,24.3728
6018,9.8054
6019,10.5004
6020,14.5702
6021,12.0864
6022,14.9462
6023,16.3395
6024,16.0398
6025,19.0790
6026,15.3999
6027,17.6983
6028,19.1915
6029,15.3527
6030,14.4606
6031,20.9639
6032,14.3325
6033,18.0876
6034,17.5827
6035,16.1440
6036,14.1430
6037,15.3799
6038,10.5333
6039,12.8129
6040,12.3177
6041,14.7631
6042,13.7258
6043,17.8859
6044,16.6237
6045,17.4234
6046,14.3802
6047,15.5871
6048,14.2589
6049,14.3161
6050,14.9307
6051,19.2065
6052,13.8104
6053,13.4029
6054,10.6492
6055,18.8682
6056,116.9908
6057,18.3358
6058,16.3398
6059,14.7505
6060,17.9505
6061,21.4887
6062,14.7972
6063,12.1999
6064,15.7015
6065,16.0389
6066,19.7654
6067,11.3652
6068,20.4337
6069,11.5526
6070,22.7153
6071,16.5451
6072,17.4618
6073,17.5080
6074,18.3716
6075,21.7500
6076,15.4407
6077,15.6505
6078,12.6336
6079,12.7833
6080,16.2153
6081,17.7956
6082,22.8252
6083,11.4977
6084,10.9129
6085,13.3622
6086,12.3641
6087,19.1128
6088,14.8497
6089,15.9166
6090,18.4612
6091,14.9465
6092,19.3682
6093,19.2947
6094,16.9241
6095,13.5431
6096,20.6885
6097,20.1378
6098,20.1206
6099,17.3559
6100,15.0774
6101,14.8916
6102,15.9330
6103,16.1939
6104,17.2698
6105,23.9723
6106,21.6041
6107,18.5249
6108,12.6967
6109,16.9063
6110,16.0162
6111,18.1496
6112,13.1781
6113,15.2297
6114,16.1347
6115,17.6058
6116,13.6166
6117,15.4099
6118,14.1106
6119,19.0568
6120,14.2612
6121,16.1715
6122,12.4445
6123,13.4010
6124,14.7448
6125,11.3173
6126,11.6124
6127,18.1193
6128,14.3509
6129,13.4168
6130,14.8194
6131,14.8466
6132,18.8982
6133,19.1238
6134,12.4688
6135,16.4354
6136,17.3283
6137,17.8525
6138,10.0706
6139,8.7838
6140,13.6809
6141,12.4216
6142,17.6673
6143,12.4078
6144,15.9488
6145,14.7188
6146,19.7079
6147,17.3910
6148,18.3301
6149,16.3260
6150,16.3364
6151,12.1315
6152,20.0751
6153,11.3478
6154,10.7403
6155,14.0653
6156,17.6163
6157,16.7003
6158,15.5990
6159,16.5706
6160,20.0992
6161,18.7554
6162,19.1698
6163,15.9509
6164,16.1383
6165,23.4118
6166,14.0076
6167,19.1963
6168,13.8276
6169,17.8475
6170,15.3029
6171,13.1552
6172,14.0045
6173,11.5960
6174,11.1246
6175,11.7788
6176,9.7411
6177,13.5055
6178,13.5326
6179,13.3326
6180,11.6794
6181,13.7391
6182,12.4226
6183,16.8655
6184,18.6641
6185,12.5186
6186,12.0783
6187,10.1511
6188,11.2131
6189,16.2613
6190,22.3572
6191,17.0794
6192,18.1570
6193,14.2345
6194,14.0243
6195,12.0466
6196,14.4579
6197,15.6817
6198,14.0953
6199,15.6004
6200,15.8086
6201,16.2165
6202,21.3499
6203,13.3398
6204,16.2220
6205,15.2640
6206,21.9157
6207,14.7500
6208,25.0144
6209,18.1825
6210,19.9642
6211,10.7517
6212,10.3941
6213,9.2568
6214,11.3904
6215,17.2222
6216,17.9996
6217,16.1788
6218,25.4872
6219,18.8606
6220,18.1260
6221,18.1971
6222,19.9974
6223,21.0404
6224,20.6313
6225,20.8724
6226,19.4578
6227,17.7259
6228,15.2504
6229,20.3638
6230,16.5515
6231,26.5715
6232,14.0138
6233,16.2268
6234,16.0840
6235,12.3801
6236,14.5471
6237,12.3560
6238,15.1069
6239,16.8099
6240,16.1366
6241,19.0892
6242,14.8709
6243,11.3738
6244,16.0632
6245,11.9753
6246,16.2380
6247,18.9688
6248,14.8284
6249,12.5439
6250,17.3185
6251,13.7992
6252,11.5554
6253,10.6814
6254,13.8097
6255,16.0623
6256,15.1277
6257,10.3636
6258,17.5679
6259,11.6749
6260,15.1281
6261,17.8277
6262,11.5576
6263,18.2893
6264,19.5603
6265,22.2650
6266,26.9649
6267,15.5213
6268,13.5198
6269,10.0338
6270,17.7753
6271,20.2217
6272,8.0335
6273,21.8282
6274,23.0105
6275,10.6721
6276,11.4248
6277,13.9947
6278,14.2365
6279,12.4974
6280,18.8487
6281,13.7722
6282,12.9430
6283,23.4139
6284,16.8145
6285,17.9341
6286,11.5445
6287,12.5313
6288,10.7491
6289,17.4036
6290,10.5894
6291,16.4461
6292,11.7474
6293,15.0073
6294,10.8635
6295,15.1815
6296,14.7433
6297,16.9926
6298,9.4402
6299,15.6195
6300,15.0526
6301,16.5102
6302,22.7342
6303,17.3538
6304,18.9841
6305,15.4574
6306,17.3659
6307,18.5292
6308,16.5911
6309,19.4983
6310,23.0792
6311,13.9461
6312,19.2733
6313,14.5617
6314,17.0653
6315,22.2745
6316,12.4650
6317,15.3787
6318,15.6348
6319,10.2460
6320,15.7189
6321,14.5361
6322,14.8194
6323,20.5934
6324,19.8791
6325,11.6625
6326,12.8987
6327,12.5582
6328,13.7320
6329,16.7058
6330,14.0388
6331,15.4641
6332,13.9699
6333,20.4787
6334,13.9511
6335,11.9631
6336,10.1449
6337,13.0410
6338,18.3070
6339,15.4135
6340,18.7299
6341,15.9085
6342,17.5292
6343,16.6733
6344,13.7279
6345,15.4011
6346,9.7334
6347,19.5012
6348,11.5237
6349,11.5514
6350,12.7647
6351,18.5237
6352,13.2794
6353,12.3034
6354,12.9905
6355,13.1865
6356,11.1079
6357,12.4524
6358,12.2592
6359,11.5428
6360,12.0461
6361,14.4098
6362,18.9447
6363,12.2621
6364,9.8114
6365,8.8530
6366,12.4030
6367,13.0415
6368,14.0839
6369,13.8371
6370,11.7865
6371,17.7248
6372,17.2744
6373,13.3896
6374,10.7205
6375,11.7958
6376,13.1876
6377,18.1267
6378,13.1564
6379,14.6358
6380,21.7588
6381,12.4769
6382,15.9552
6383,11.8253
6384,13.8943
6385,12.6636
6386,13.2651
6387,12.2702
6388,23.4621
6389,20.0691
6390,18.3833
6391,12.8570
6392,14.6904
6393,10.8037
6394,11.1043
6395,16.7389
6396,14.5810
6397,19.1634
6398,15.0397
6399,13.1507
6400,13.8583
6401,15.1463
6402,13.3350
6403,10.7191
6404,9.5227
6405,11.1632
6406,16.2261
6407,19.6705
6408,19.2518
6409,20.5164
6410,30.3261
6411,15.6744
6412,26.4068
6413,128.3991
6414,14.1363
6415,22.8508
6416,34.5697
6417,16.0832
6418,20.8144
6419,19.5603
6420,12.2516
6421,10.6106
6422,11.6329
6423,11.5881
6424,16.5040
6425,14.6837
6426,25.1300
6427,15.3182
6428,16.3481
6429,17.6859
6430,13.0594
6431,15.3420
6432,14.4894
6433,14.6260
6434,15.5132
6435,16.5858
6436,19.8112
6437,12.4733
6438,8.8587
6439,13.7310
6440,13.3736
6441,13.3231
6442,14.7061
6443,11.9662
6444,13.4077
6445,12.5344
6446,12.1491
6447,14.8478
6448,15.2004
6449,15.7590
6450,10.2572
6451,12.5675
6452,10.3886
6453,13.5062
6454,21.5564
6455,12.3835
6456,14.8702
6457,17.7596
6458,11.4667
6459,12.9931
6460,15.1603
6461,12.9511
6462,12.2275
6463,20.6084
6464,11.7388
6465,13.1257
6466,20.5109
6467,12.7244
6468,12.7709
6469,17.3812
6470,16.9196
6471,15.9459
6472,15.0814
6473,14.0533
6474,20.8330
6475,13.0725
6476,17.1630
6477,25.7041
6478,13.4950
6479,17.6334
6480,15.2426
6481,13.3052
6482,18.9419
6483,17.8585
6484,16.5725
6485,13.7565
6486,17.3988
6487,18.0497
6488,13.8540
6489,16.4328
6490,18.6310
6491,17.1762
6492,17.1440
6493,15.8465
6494,13.6240
6495,17.7026
6496,12.3522
6497,16.1302
6498,22.8281
6499,13.4568
6500,11.1556
6501,26.7003
6502,13.7489
6503,16.0551
6504,21.9071
6505,14.9846
6506,14.2462
6507,17.0996
6508,16.1879
6509,16.9928
6510,15.5969
6511,12.3127
6512,26.7296
6513,12.3351
6514,15.9585
6515,13.6817
6516,10.0129
6517,12.1086
6518,15.9223
6519,14.1609
6520,13.2740
6521,14.6945
6522,14.7674
6523,14.9214
6524,16.4115
6525,14.0352
6526,12.9516
6527,14.7591
6528,14.1490
6529,13.4966
6530,21.2722
6531,11.4565
6532,12.8324
6533,12.5370
6534,14.1833
6535,19.1238
6536,16.5827
6537,13.7875
6538,15.9030
6539,13.1192
6540,16.0661
6541,11.7717
6542,11.9390
6543,13.7975
6544,11.9104
6545,20.8611
6546,14.1463
6547,17.4975
6548,14.6110
6549,19.6924
6550,19.2490
6551,17.3616
6552,13.8211
6553,14.7452
6554,14.0123
6555,16.6595
6556,20.0932
6557,16.3972
6558,17.4425
6559,18.8842
6560,15.0888
6561,10.6132
6562,16.9678
6563,12.3694
6564,15.1711
6565,14.5259
6566,18.1513
6567,18.6048
6568,15.0056
6569,18.1568
6570,14.3340
6571,19.9280
6572,11.7810
6573,12.9843
6574,12.0201
6575,12.3000
6576,13.8984
6577,12.8613
6578,13.3023
6579,13.6759
6580,17.4539
6581,13.7343
6582,19.2225
6583,14.7965
6584,16.7742
6585,12.9142
6586,12.4631
6587,13.6464
6588,19.8002
6589,19.4526
6590,16.7186
6591,16.9435
6592,19.5150
6593,18.2817
6594,10.8769
6595,10.2668
6596,9.3603
6597,10.2057
6598,16.8288
6599,14.5054
6600,40.8454
6601,10.0019
6602,14.8230
6603,11.8914
6604,22.5873
6605,13.6592
6606,15.6155
6607,17.7763
6608,19.2273
6609,23.1950
6610,21.1027
6611,18.0395
6612,13.9303
6613,25.3084
6614,21.2536
6615,14.8764
6616,12.7461
6617,12.7172
6618,11.2641
6619,10.3874
6620,10.9870
6621,11.8351
6622,11.4768
6623,12.7263
6624,12.7029
6625,13.1168
6626,14.4665
6627,11.3761
6628,15.7428
6629,17.2861
6630,12.4466
6631,14.2870
6632,11.2493
6633,10.6266
6634,16.7146
6635,13.2349
6636,17.1547
6637,15.6465
6638,12.7642
6639,14.6096
6640,12.2290
6641,11.9863
6642,13.2558
6643,14.7176
6644,21.2510
6645,16.6297
6646,10.5853
6647,14.7834
6648,12.2454
6649,14.2288
6650,13.8934
6651,13.6356
6652,16.1340
6653,14.7657
6654,17.9746
6655,14.4174
6656,11.6940
6657,24.1778
6658,12.8100
6659,17.5405
6660,18.9767
6661,14.6585
6662,14.7300
6663,15.5342
6664,15.0566
6665,10.5062
6666,10.9410
6667,11.7300
6668,12.5101
6669,12.0361
6670,12.3241
6671,10.6034
6672,14.5807
6673,16.2430
6674,13.9921
6675,14.6580
6676,12.8512
6677,19.7837
6678,10.9050
6679,14.4365
6680,11.5969
6681,14.2033
6682,13.4733
6683,13.4397
6684,16.6512
6685,10.6437
6686,9.5520
6687,12.8579
6688,17.1297
6689,13.9749
6690,12.9068
6691,16.5403
6692,15.6753
6693,14.4155
6694,13.0389
6695,12.5985
6696,10.3197
6697,14.9047
6698,16.1612
6699,14.1189
6700,11.1780
6701,13.7100
6702,11.8663
6703,15.0819
6704,9.8336
6705,18.7519
6706,11.8072
6707,12.7621
6708,12.6450
6709,10.3445
6710,14.7533
6711,14.8458
6712,10.6103
6713,13.6619
6714,13.3028
6715,17.7162
6716,13.6735
6717,29.7074
6718,19.3491
6719,12.3212
6720,19.6977
6721,14.4773
6722,14.1206
6723,11.2293
6724,19.7382
6725,13.0341
6726,12.9731
6727,13.5036
6728,12.4192
6729,23.1683
6730,15.6908
6731,18.4047
6732,15.1279
6733,20.6108
6734,15.8415
6735,15.7816
6736,13.8624
6737,14.5082
6738,13.6464
6739,13.9191
6740,18.4577
6741,14.3218
6742,19.2204
6743,13.9520
6744,15.7111
6745,14.1373
6746,17.1089
6747,12.8207
6748,12.9318
6749,22.6061
6750,13.7568
6751,11.1833
6752,13.0858
6753,13.9425
6754,14.2941
6755,13.3514
6756,12.2223
6757,13.4542
6758,14.3554
6759,14.2732
6760,17.8239
6761,11.3795
6762,13.2849
6763,19.0291
6764,13.4802
6765,19.7508
6766,16.0646
6767,15.2993
6768,17.2622
6769,13.2322
6770,15.5234
6771,12.4385
6772,17.2362
6773,14.4396
6774,9.6524
6775,14.4486
6776,17.9896
6777,18.4896
6778,15.3768
6779,19.1000
6780,17.4997
6781,17.5753
6782,17.3328
6783,17.8874
6784,19.1219
6785,17.0336
6786,15.7244
6787,16.9725
6788,17.9090
6789,15.9461
6790,16.6996
6791,18.0428
6792,23.2561
6793,16.0208
6794,15.1103
6795,13.9318
6796,12.0435
6797,18.4722
6798,16.7828
6799,10.3054
6800,16.3834
6801,9.5670
6802,17.9086
6803,20.4637
6804,15.0561
6805,12.6500
6806,17.9677
6807,17.6020
6808,13.7610
6809,22.0757
6810,18.2548
6811,14.6937
6812,12.4741
6813,15.8384
6814,15.2688
6815,11.2166
6816,9.1248
6817,13.7627
6818,13.7784
6819,17.7379
6820,19.7718
6821,16.9969
6822,16.0058
6823,18.2593
6824,15.1944
6825,21.4376
6826,19.6259
6827,17.9293
6828,13.7806
6829,18.0476
6830,16.2847
6831,16.4547
6832,15.4636
6833,14.4947
6834,15.2345
6835,14.5323
6836,17.8609
6837,21.0619
6838,27.3824
6839,10.0007
6840,13.2589
6841,17.0813
6842,13.0534
6843,17.0965
6844,15.6877
6845,14.1261
6846,15.5876
6847,21.4150
6848,15.4138
6849,12.4824
6850,15.0933
6851,18.5063
6852,13.9418
6853,15.2802
6854,12.8644
6855,15.6510
6856,12.5797
6857,10.9565
6858,9.4454
6859,14.7233
6860,11.7643
6861,12.9049
6862,11.5914
6863,15.2090
6864,11.0075
6865,17.4406
6866,15.5544
6867,18.0724
6868,16.8438
6869,14.1439
6870,12.2972
6871,16.1474
6872,20.5033
6873,16.5792
6874,16.6066
6875,15.9104
6876,14.5421
6877,14.6625
6878,14.0460
6879,15.1730
6880,18.6257
6881,15.6412
6882,12.8534
6883,12.4767
6884,11.8434
6885,13.6793
6886,15.6729
6887,11.9188
6888,9.4073
6889,9.6130
6890,11.5473
6891,11.2121
6892,10.6273
6893,13.9577
6894,9.9347
6895,12.0208
6896,12.3262
6897,14.4341
6898,14.8501
6899,11.4594
6900,14.3728
6901,20.3624
6902,10.0513
6903,12.2573
6904,13.6054
6905,16.4704
6906,13.8752
6907,12.7137
6908,15.7707
6909,14.0660
6910,22.4786
6911,22.6717
6912,18.0018
6913,16.3362
6914,13.6716
6915,13.3998
6916,16.3922
6917,16.9995
6918,17.3078
6919,16.7015
6920,18.7740
6921,20.7276
6922,23.4323
6923,22.7380
6924,10.6480
6925,22.6855
6926,17.8642
6927,25.5835
6928,14.1959
6929,14.8134
6930,11.2793
6931,14.8013
6932,12.8605
6933,14.8582
6934,10.8786
6935,14.4579
6936,18.2772
6937,8.2867
6938,39.5064
6939,11.1175
6940,12.2430
6941,10.2544
6942,11.8778
6943,10.4494
6944,16.5799
6945,15.2593
6946,17.6027
6947,13.8652
6948,16.3939
6949,14.0364
6950,17.2350
6951,21.6851
6952,12.1474
6953,13.6628
6954,11.0326
6955,18.1110
6956,13.1960
6957,16.9802
6958,14.0574
6959,15.1706
6960,13.1197
6961,12.2073
6962,15.3854
6963,12.5256
6964,14.1020
6965,14.3950
6966,12.8171
6967,15.7635
6968,12.8965
6969,14.0347
6970,13.4556
6971,15.0735
6972,22.7926
6973,15.9650
6974,14.2765
6975,15.2090
6976,15.7399
6977,17.3814
6978,15.7022
6979,13.2213
6980,14.6482
6981,14.0898
6982,13.9916
6983,12.9602
6984,10.8855
6985,18.5294
6986,13.1094
6987,13.2477
6988,12.2957
6989,11.9076
6990,15.7356
6991,11.0013
6992,14.7014
6993,10.2994
6994,9.9313
6995,9.8855
6996,11.2712
6997,14.0703
6998,14.6306
6999,15.3565
7000,12.1493
7001,11.8408
7002,13.3638
7003,11.5080
7004,13.3200
7005,13.6881
7006,10.8593
7007,11.1258
7008,12.8293
7009,15.3854
7010,14.9391
7011,12.0442
7012,11.7979
7013,12.9313
7014,16.0210
7015,14.3695
7016,14.3800
7017,17.0517
7018,19.7906
7019,12.7618
7020,19.1748
7021,19.7213
7022,11.0495
7023,12.5699
7024,18.2889
7025,18.7590
7026,16.1712
7027,23.0458
7028,14.2496
7029,14.1754
7030,15.8730
7031,22.2151
7032,13.6428
7033,16.4244
7034,20.8356
7035,16.8345
7036,14.0016
7037,17.2393
7038,13.5541
7039,11.2288
7040,13.4010
7041,12.7027
7042,13.6621
7043,12.9573
7044,16.8486
7045,18.3017
7046,17.0431
7047,15.7816
7048,18.7087
7049,22.3472
7050,13.6209
7051,23.5004
7052,15.0354
7053,17.7376
7054,14.6101
7055,14.7636
7056,20.4682
7057,10.6950
7058,14.3936
7059,14.2310
7060,20.3509
7061,14.8609
7062,11.8008
7063,14.7858
7064,20.6029
7065,26.6087
7066,13.7053
7067,12.2018
7068,18.3938
7069,13.8593
7070,18.5382
7071,15.2543
7072,15.6739
7073,15.3301
7074,22.6073
7075,15.8796
7076,16.6237
7077,21.6565
7078,15.7328
7079,18.1000
7080,15.5501
7081,13.5403
7082,15.2106
7083,13.2439
7084,25.2354
7085,20.0465
7086,14.2722
7087,15.7993
7088,16.5336
7089,11.4048
7090,14.2436
7091,15.9218
7092,21.8265
7093,14.9090
7094,16.7367
7095,16.9487
7096,15.5602
7097,13.4630
7098,23.1423
7099,12.3944
7100,10.8602
7101,13.8063
7102,13.0007
7103,14.5226
7104,15.5337
7105,15.1496
7106,16.3672
7107,13.5889
7108,18.5485
7109,10.0198
7110,20.9508
7111,13.5581
7112,18.0542
7113,17.0708
7114,14.0901
7115,9.5606
7116,11.6489
7117,14.0231
7118,12.5859
7119,18.1820
7120,20.9818
7121,14.6880
7122,12.4271
7123,12.1386
7124,14.3442
7125,19.8786
7126,13.1354
7127,23.9241
7128,18.3554
7129,17.0662
7130,21.9762
7131,16.4690
7132,13.4768
7133,22.9609
7134,20.6301
7135,17.4987
7136,26.6147
7137,14.5223
7138,17.1099
7139,11.1265
7140,23.8414
7141,12.1949
7142,11.1382
7143,9.4001
7144,17.8020
7145,12.6753
7146,16.6268
7147,11.6384
7148,17.4663
7149,12.8212
7150,13.1981
7151,12.2392
7152,13.6840
7153,12.1653
7154,12.6147
7155,15.4943
7156,21.2901
7157,13.1347
7158,13.3541
7159,16.7382
7160,17.2460
7161,17.9045
7162,17.8108
7163,21.1463
7164,15.8136
7165,13.4242
7166,13.1445
7167,20.8678
7168,14.6813
7169,15.0826
7170,13.7701
7171,18.2555
7172,16.4950
7173,15.5728
7174,16.7356
7175,16.3257
7176,24.3013
7177,16.5188
7178,23.9885
7179,16.4163
7180,15.2297
7181,13.5856
7182,10.6449
7183,11.6193
7184,16.1879
7185,12.6858
7186,11.8964
7187,21.4343
7188,13.7365
7189,23.2866
7190,13.9914
7191,16.5749
7192,17.8275
7193,15.6825
7194,15.6965
7195,12.2344
7196,16.3143
7197,16.1147
7198,10.9701
7199,14.1068
7200,12.1398
7201,22.3522
7202,18.3196
7203,9.8243
7204,12.3546
7205,18.1956
7206,17.1843
7207,16.0658
7208,16.2222
7209,13.7138
7210,14.4172
7211,11.6873
7212,13.4873
7213,13.2551
7214,13.0999
7215,16.6831
7216,12.9678
7217,14.5957
7218,19.5792
7219,12.6841
7220,20.8938
7221,12.2747
7222,13.1073
7223,14.5171
7224,15.9047
7225,13.3951
7226,13.4208
7227,15.3182
7228,24.4019
7229,12.9607
7230,17.5416
7231,19.2263
7232,10.1194
7233,16.0520
7234,20.6332
7235,16.1350
7236,22.7621
7237,19.8588
7238,11.9815
7239,16.2332
7240,17.7734
7241,15.3086
7242,13.6070
7243,16.7277
7244,16.7074
7245,15.1892
7246,14.6649
7247,13.3011
7248,16.4063
7249,12.6603
7250,17.6687
7251,19.5231
7252,13.1094
7253,13.2771
7254,14.3297
7255,12.1233
7256,21.2052
7257,13.2122
7258,16.3898
7259,12.3653
7260,23.9348
7261,15.9874
7262,14.3678
7263,13.8335
7264,18.6102
7265,13.6473
7266,14.9384
7267,18.4162
7268,18.9679
7269,12.4228
7270,13.6511
7271,13.1502
7272,16.5737
7273,20.1285
7274,18.8773
7275,19.7709
7276,17.8161
7277,15.4290
7278,16.3438
7279,14.0009
7280,19.0203
7281,17.8652
7282,18.7888
7283,18.3325
7284,15.2700
7285,15.9469
7286,9.8805
7287,14.9155
7288,11.8384
7289,12.1458
7290,13.9468
7291,12.5995
7292,15.1200
7293,13.4656
7294,13.0358
7295,17.3552
7296,14.6387
7297,14.6093
7298,13.5183
7299,12.3284
7300,17.4680
7301,20.9301
7302,14.9176
7303,13.8342
7304,21.1174
7305,12.7623
7306,16.5439
7307,21.9166
7308,11.5829
7309,10.1938
7310,12.2478
7311,11.4601
7312,15.7092
7313,13.2210
7314,15.7154
7315,14.3521
7316,18.8172
7317,15.0542
7318,16.5770
7319,17.3357
7320,20.7930
7321,17.9694
7322,17.2930
7323,22.4295
7324,11.9491
7325,12.2662
7326,15.2950
7327,14.5066
7328,18.7650
7329,19.7196
7330,17.5879
7331,25.2037
7332,24.7452
7333,14.6058
7334,20.9656
7335,20.1588
7336,13.0751
7337,10.0160
7338,16.7050
7339,19.5916
7340,18.2896
7341,17.0319
7342,9.4705
7343,11.1668
7344,12.7203
7345,16.6762
7346,9.3620
7347,17.7479
7348,12.1007
7349,17.0758
7350,10.9074
7351,10.1995
7352,11.4136
7353,13.0532
7354,16.4108
7355,22.5685
7356,13.1955
7357,12.8829
7358,13.2010
7359,14.4892
7360,13.1140
7361,12.9173
7362,12.7559
7363,12.8586
7364,12.8045
7365,12.6138
7366,15.4889
7367,11.6112
7368,12.8124
7369,13.7694
7370,13.2453
7371,14.9202
7372,16.8080
7373,13.9132
7374,15.3687
7375,17.0517
7376,14.0083
7377,16.2144
7378,19.2978
7379,12.4917
7380,15.4166
7381,18.0974
7382,22.4824
7383,19.4058
7384,21.7097
7385,16.0494
7386,12.4876
7387,20.9763
7388,14.9193
7389,13.5181
7390,17.6339
7391,14.3003
7392,15.3651
7393,12.2361
7394,17.1301
7395,13.8931
7396,10.5226
7397,15.7158
7398,16.0213
7399,13.0444
7400,12.6414
7401,13.7179
7402,21.3649
7403,19.7916
7404,12.4891
7405,15.4972
7406,14.0817
7407,13.8562
7408,12.5780
7409,14.3707
7410,16.0685
7411,14.7002
7412,9.4881
7413,18.2245
7414,11.6248
7415,12.8717
7416,16.1202
7417,12.4292
7418,12.9786
7419,12.0149
7420,14.2958
7421,10.0081
7422,9.5592
7423,17.4091
7424,10.9415
7425,12.8062
7426,19.2170
7427,12.5074
7428,22.3272
7429,25.0137
7430,14.6346
7431,16.7410
7432,10.6971
7433,13.2997
7434,14.4842
7435,9.0685
7436,15.7464
7437,23.8156
7438,18.5618
7439,10.2112
7440,15.6927
7441,13.1233
7442,16.3703
7443,15.2440
7444,9.8765
7445,13.2120
7446,15.4667
7447,17.9570
7448,18.7018
7449,13.6545
7450,14.4548
7451,8.5473
7452,9.4693
7453,23.1898
7454,14.0152
7455,9.0036
7456,18.0416
7457,13.5276
7458,11.2286
7459,13.0689
7460,13.6857
7461,16.4979
7462,17.7794
7463,11.6584
7464,14.0755
7465,16.9060
7466,19.7239
7467,15.9948
7468,21.6086
7469,15.8348
7470,16.1450
7471,12.9445
7472,10.5014
7473,19.8812
7474,15.3477
7475,13.1874
7476,23.2186
7477,20.4744
7478,9.4800
7479,14.3623
7480,22.0432
7481,12.1529
7482,20.5357
7483,20.9434
7484,19.0945
7485,21.4109
7486,14.2622
7487,26.4447
7488,17.0569
7489,13.3505
7490,16.5522
7491,12.9888
7492,14.1623
7493,23.2470
7494,25.8448
7495,13.5767
7496,11.4589
7497,14.9333
7498,18.5671
7499,15.8908
7500,12.4211
7501,17.6053
7502,13.3450
7503,14.1709
7504,15.9843
7505,12.5208
7506,12.7139
7507,18.8191
7508,18.7528
7509,14.0493
7510,17.6170
7511,24.2198
7512,17.2338
7513,12.1694
7514,19.8483
7515,9.7666
7516,13.5517
7517,12.4500
7518,14.8466
7519,18.7235
7520,14.3156
7521,13.6449
7522,13.1900
7523,12.8438
7524,10.1705
7525,9.0609
7526,14.4434
7527,13.7320
7528,18.5597
7529,14.7920
7530,18.1482
7531,13.3021
7532,12.6867
7533,15.0928
7534,15.2192
7535,22.4285
7536,14.5171
7537,10.4287
7538,9.4912
7539,18.1611
7540,12.5146
7541,21.9920
7542,8.4398
7543,8.5695
7544,9.7911
7545,11.3530
7546,15.4283
7547,20.3836
7548,16.3639
7549,17.2236
7550,21.2271
7551,13.9239
7552,14.9672
7553,14.0529
7554,14.4677
7555,12.3389
7556,14.9283
7557,17.1325
7558,14.2884
7559,17.2927
7560,13.8505
7561,11.2541
7562,9.3346
7563,14.8635
7564,15.5203
7565,16.3140
7566,21.2791
7567,15.3637
7568,25.8741
7569,21.0638
7570,18.5399
7571,17.5998
7572,12.4934
7573,17.3650
7574,12.5067
7575,15.9340
7576,13.2399
7577,14.3127
7578,10.9656
7579,11.0488
7580,14.4179
7581,12.5110
7582,11.8256
7583,13.5019
7584,13.5326
7585,22.2862
7586,12.0935
7587,14.8227
7588,11.9069
7589,13.5274
7590,14.5781
7591,12.9542
7592,13.1485
7593,13.6464
7594,13.1021
7595,19.3138
7596,14.5619
7597,13.5550
7598,16.9168
7599,12.2561
7600,9.4528
7601,13.3970
7602,18.6727
7603,18.0886
7604,16.6962
7605,11.6146
7606,13.0520
7607,13.7372
7608,16.4249
7609,12.8200
7610,18.7943
7611,15.7797
7612,15.0881
7613,18.1625
7614,11.8387
7615,20.1755
7616,16.7878
7617,16.1705
7618,12.3715
7619,13.9849
7620,13.7646
7621,14.0262
7622,15.2371
7623,17.5173
7624,12.8825
7625,26.2306
7626,10.6082
7627,12.0351
7628,14.3518
7629,15.6746
7630,13.2239
7631,15.9612
7632,10.7982
7633,14.9639
7634,12.7017
7635,12.3720
7636,13.3672
7637,14.4751
7638,16.1409
7639,13.2883
7640,13.4742
7641,12.7916
7642,13.6926
7643,14.5953
7644,12.6309
7645,14.3626
7646,24.6751
7647,16.7351
7648,23.0665
7649,15.3155
7650,17.8690
7651,17.7872
7652,18.2517
7653,22.4910
7654,19.4831
7655,23.3128
7656,10.7970
7657,11.7931
7658,19.1555
7659,16.8290
7660,17.5557
7661,11.9240
7662,11.9240
7663,12.5628
7664,13.3550
7665,12.3966
7666,11.8020
7667,19.2356
7668,16.3155
7669,10.1426
7670,14.4467
7671,12.2483
7672,15.1284
7673,11.2360
7674,14.1397
7675,13.3274
7676,13.0997
7677,14.4465
7678,12.5024
7679,14.2462
7680,10.0687
7681,15.6722
7682,13.8478
7683,14.0636
7684,13.7620
7685,14.0398
7686,17.4122
7687,12.7051
7688,13.2651
7689,16.9098
7690,16.6225
7691,18.3299
7692,19.4793
7693,16.0170
7694,12.4600
7695,11.4944
7696,13.4084
7697,11.9200
7698,17.7174
7699,19.1739
7700,12.4979
7701,13.1984
7702,10.4723
7703,14.3428
7704,13.6244
7705,14.3142
7706,15.3265
7707,14.1141
7708,15.8978
7709,12.1830
7710,11.9359
7711,12.2373
7712,14.0302
7713,12.1543
7714,15.7845
7715,15.0073
7716,14.9982
7717,13.6797
7718,10.1385
7719,12.0537
7720,18.8618
7721,18.4901
7722,12.3730
7723,15.7943
7724,12.6526
7725,15.9409
7726,15.8517
7727,19.0911
7728,16.3634
7729,19.4199
7730,13.9349
7731,16.6247
7732,16.2103
7733,14.8294
7734,15.7988
7735,16.7110
7736,15.6226
7737,17.0920
7738,17.5953
7739,12.0420
7740,17.1704
7741,14.3695
7742,19.4628
7743,15.7251
7744,15.8608
7745,16.0110
7746,12.8899
7747,16.3801
7748,14.9174
7749,10.1366
7750,16.9506
7751,15.8620
7752,14.6482
