id,t_pub_ms
1,4.0877
2,3.1066
3,7.4465
4,10.2434
5,13.2551
6,15.7981
7,20.9501
8,23.1361
9,24.5936
10,27.4441
11,30.3385
12,36.1402
13,36.4640
14,39.8564
15,41.8413
16,43.2880
17,45.3920
18,48.5463
19,50.4675
20,56.4222
21,56.6754
22,63.2379
23,63.6947
24,65.7732
25,68.9542
26,70.6873
27,72.2368
28,73.6835
29,75.5823
30,78.3997
31,81.8536
32,85.2425
33,88.3572
34,91.0094
35,93.8718
36,96.8521
37,99.6718
38,102.1779
39,104.8131
40,107.2681
41,109.9725
42,113.1961
43,116.4448
44,119.6725
45,122.3066
46,125.0269
47,127.7766
48,130.7983
49,133.4889
50,135.8366
51,138.9980
52,147.1367
53,149.5883
54,153.7533
55,157.3179
56,162.4925
57,166.1396
58,169.0190
59,172.6155
60,175.4477
61,179.1217
62,189.2545
63,194.5362
64,198.4520
65,201.6759
66,206.3777
67,212.3067
68,219.7258
69,225.5311
70,231.3592
71,234.0355
72,237.4859
73,242.0774
74,246.8476
75,251.4708
76,253.0048
77,256.6895
78,259.9437
79,262.9130
80,265.7230
81,269.5756
82,273.5755
83,280.3371
84,284.5681
85,288.9493
86,293.2150
87,297.7159
88,303.6804
89,306.7799
90,312.0944
91,317.0538
92,323.0817
93,328.3656
94,332.6774
95,335.8266
96,338.6607
97,339.4706
98,340.3125
99,341.3310
100,342.4785
101,343.7116
102,344.8136
103,345.9036
104,347.0466
105,347.8413
106,348.8636
107,349.9067
108,350.9023
109,351.9130
110,353.2293
111,354.5561
112,355.4626
113,356.7214
114,359.3848
115,362.6292
116,365.3693
117,367.7287
118,369.8833
119,371.8657
120,373.9374
121,375.8149
122,377.0714
123,379.4525
124,381.3779
125,384.1043
126,386.6305
127,389.0359
128,391.3238
129,393.9919
130,396.1031
131,397.9442
132,400.3549
133,402.7631
134,405.2908
135,407.5673
136,409.7397
137,412.6158
138,415.1864
139,417.4428
140,420.1722
141,423.0845
142,425.5469
143,428.1476
144,429.9796
145,432.3628
146,434.4194
147,436.4803
148,438.7023
149,440.2349
150,442.0693
151,444.7641
152,447.8011
153,450.3851
154,452.5621
155,454.1171
156,455.8787
157,457.9134
158,460.3868
159,462.5983
160,463.7151
161,465.5306
162,476.5496
163,485.3582
164,488.9474
165,491.9488
166,493.4382
167,499.5892
168,507.9772
169,515.5549
170,518.4839
171,524.3480
172,528.5900
173,529.7546
174,531.0400
175,536.2709
176,539.5072
177,547.5190
178,550.8132
179,553.0028
180,554.5053
181,557.8637
182,559.6254
183,561.0716
184,563.9367
185,565.7074
186,567.3180
187,569.7162
188,571.6686
189,574.2259
190,576.0229
191,578.7036
192,580.8265
193,582.8097
194,585.4719
195,586.8552
196,588.3272
197,589.4527
198,590.7264
199,592.1457
200,594.3246
201,594.4436
202,596.6444
203,599.0109
204,601.0563
205,603.4772
206,605.4828
207,607.7635
208,609.4956
209,611.3133
210,613.4706
211,615.5174
212,617.8188
213,618.9332
214,621.0217
215,622.0334
216,623.8880
217,626.3125
218,628.5679
219,630.5494
220,633.0829
221,636.2641
222,637.8222
223,639.9019
224,642.8347
225,644.9621
226,647.1729
227,649.6232
228,652.9558
229,656.2400
230,658.4806
231,660.6503
232,662.2419
233,662.8628
234,663.5470
235,662.6370
236,663.2025
237,664.5291
238,666.0678
239,668.7231
240,669.5156
241,671.7129
242,674.3276
243,676.4369
244,678.8082
245,680.8591
246,682.8394
247,685.0767
248,687.2218
249,688.8471
250,691.2217
251,693.6789
252,695.7433
253,697.7944
254,700.4826
255,702.8642
256,705.4021
257,707.9039
258,709.6126
259,711.6072
260,713.8586
261,715.9936
262,718.2417
263,719.6825
264,722.6412
265,725.4286
266,728.2522
267,730.7270
268,733.3043
269,735.8205
270,738.4381
271,740.8304
272,742.9302
273,745.5158
274,747.7987
275,750.4575
276,752.2845
277,755.2044
278,757.6044
279,760.0091
280,762.3606
281,764.3487
282,766.5968
283,768.5215
284,770.9785
285,773.4649
286,775.8360
287,778.2145
288,781.2114
289,784.0595
290,786.7448
291,789.3841
292,791.9269
293,794.4112
294,797.0750
295,799.8374
296,802.6865
297,805.4414
298,808.4455
299,807.1191
300,809.8812
301,812.8598
302,814.7552
303,817.1184
304,819.6425
305,824.7857
306,826.4258
307,830.0238
308,834.2936
309,839.4485
310,842.7877
311,846.7324
312,845.6352
313,847.8658
314,857.1408
315,862.5164
316,865.3693
317,866.6008
318,870.5010
319,874.7134
320,880.9173
321,885.2923
322,886.2934
323,888.5236
324,891.1033
325,894.0318
326,896.3838
327,899.2620
328,901.4239
329,904.1147
330,906.4178
331,908.9532
332,911.6127
333,914.5820
334,917.3570
335,920.0509
336,922.9145
337,925.6079
338,928.3803
339,931.0577
340,933.6612
341,936.2588
342,939.1558
343,942.1415
344,945.0843
345,948.3523
346,951.2413
347,954.2997
348,957.1438
349,960.2506
350,965.8315
351,970.6528
352,975.8649
353,982.0838
354,987.9863
355,991.4715
356,994.4496
357,997.2939
358,1000.2186
359,1003.1536
360,1005.9538
361,1011.6851
362,1014.5009
363,1019.3827
364,1023.4945
365,1026.2742
366,1030.5068
367,1033.4072
368,1036.6812
369,1039.6509
370,1042.7384
371,1045.6362
372,1048.4984
373,1051.1706
374,1054.4317
375,1057.3187
376,1060.0438
377,1062.9432
378,1066.3624
379,1069.9093
380,1072.5667
381,1075.4449
382,1078.3873
383,1081.2671
384,1084.1424
385,1087.0702
386,1090.1854
387,1093.0121
388,1095.8803
389,1099.0958
390,1104.6393
391,1109.0121
392,1112.8426
393,1115.5560
394,1118.5117
395,1121.3086
396,1124.2125
397,1127.7363
398,1130.8603
399,1134.1071
400,1137.0680
401,1139.6692
402,1143.0798
403,1145.5865
404,1148.1388
405,1150.7223
406,1153.6820
407,1156.3323
408,1159.1766
409,1161.9942
410,1164.1908
411,1166.6734
412,1169.2562
413,1171.5789
414,1174.9003
415,1177.7854
416,1179.8313
417,1181.9856
418,1184.3503
419,1186.4090
420,1188.5455
421,1191.0777
422,1193.7306
423,1196.6946
424,1198.9884
425,1201.7343
426,1204.0551
427,1206.2626
428,1208.2183
429,1211.4301
430,1214.6759
431,1216.1765
432,1218.8041
433,1221.2834
434,1222.4348
435,1223.8300
436,1224.9711
437,1225.2259
438,1227.1018
439,1229.0885
440,1232.1107
441,1234.4174
442,1236.8736
443,1239.2719
444,1241.3399
445,1243.8190
446,1246.2385
447,1249.4149
448,1250.9203
449,1254.2431
450,1258.5180
451,1261.5345
452,1263.5176
453,1266.3770
454,1275.8851
455,1280.0725
456,1283.4947
457,1286.3455
458,1289.0673
459,1291.7702
460,1293.8249
461,1296.4301
462,1298.4087
463,1300.9751
464,1302.7091
465,1304.6064
466,1306.8433
467,1308.9685
468,1311.4669
469,1313.8537
470,1316.9878
471,1319.1431
472,1321.3446
473,1323.4556
474,1325.4824
475,1328.0225
476,1331.5544
477,1334.7185
478,1337.7695
479,1340.1089
480,1342.5148
481,1344.1203
482,1346.2312
483,1348.7468
484,1350.9200
485,1353.1475
486,1355.4215
487,1357.5163
488,1359.6306
489,1362.3564
490,1364.5704
491,1366.8344
492,1368.9864
493,1371.2461
494,1374.5859
495,1377.2182
496,1379.0793
497,1381.6082
498,1383.3487
499,1384.9089
500,1387.1477
501,1389.4978
502,1392.0383
503,1393.8279
504,1395.7543
505,1398.1001
506,1401.2809
507,1403.7306
508,1405.8044
509,1407.4583
510,1409.3583
511,1411.0930
512,1413.3949
513,1416.3351
514,1418.6213
515,1420.6183
516,1422.3273
517,1424.0472
518,1425.8192
519,1427.8853
520,1430.8968
521,1433.7862
522,1436.2686
523,1438.1263
524,1440.6552
525,1442.4398
526,1444.6683
527,1445.6060
528,1448.1471
529,1450.6738
530,1453.1577
531,1455.3900
532,1457.5021
533,1457.7632
534,1459.6734
535,1462.1682
536,1464.0400
537,1466.6140
538,1468.7009
539,1471.1518
540,1473.5115
541,1475.8387
542,1481.0433
543,1485.1539
544,1488.0404
545,1493.0971
546,1493.0358
547,1495.6701
548,1500.5703
549,1503.5419
550,1505.2314
551,1505.2042
552,1509.4423
553,1512.8624
554,1518.5831
555,1519.0876
556,1528.5840
557,1531.2290
558,1533.9475
559,1539.5792
560,1541.9369
561,1541.9912
562,1545.1806
563,1550.7557
564,1551.1882
565,1553.8516
566,1555.9723
567,1563.2255
568,1567.2123
569,1568.3308
570,1570.0150
571,1571.4252
572,1577.8213
573,1581.2724
574,1583.6012
575,1585.0546
576,1586.2329
577,1587.1031
578,1587.5893
579,1588.8550
580,1590.0686
581,1591.2309
582,1592.4425
583,1593.3743
584,1594.8291
585,1596.0481
586,1597.4343
587,1600.4882
588,1601.8131
589,1602.9329
590,1604.2616
591,1605.5241
592,1607.4848
593,1609.8287
594,1612.4713
595,1615.8652
596,1619.3922
597,1627.4185
598,1628.6206
599,1633.8527
600,1633.5316
601,1634.6400
602,1637.6879
603,1640.3556
604,1642.7560
605,1647.6686
606,1652.2465
607,1655.3452
608,1662.0245
609,1666.1918
610,1670.4195
611,1676.3697
612,1678.0059
613,1681.0045
614,1683.6691
615,1686.9211
616,1689.6999
617,1692.0915
618,1694.7074
619,1703.8283
620,1707.0932
621,1707.7274
622,1710.4001
623,1717.0599
624,1720.7167
625,1724.0634
626,1724.4527
627,1725.2278
628,1729.5871
629,1731.7016
630,1733.7830
631,1735.9462
632,1736.3741
633,1739.5899
634,1741.7557
635,1746.7010
636,1746.7835
637,1750.1857
638,1752.6834
639,1756.4242
640,1758.3170
641,1759.9607
642,1761.4055
643,1764.3762
644,1766.3329
645,1772.5458
646,1777.8192
647,1780.6017
648,1779.7809
649,1786.6077
650,1786.4361
651,1788.9826
652,1793.3502
653,1793.7217
654,1794.7938
655,1797.3244
656,1800.3025
657,1803.7291
658,1808.2898
659,1812.7730
660,1817.3203
661,1819.2253
662,1822.3743
663,1827.8995
664,1831.7230
665,1833.0774
666,1833.8068
667,1836.7219
668,1840.8523
669,1840.8582
670,1844.4324
671,1848.4082
672,1852.6030
673,1852.2775
674,1852.6587
675,1852.9623
676,1853.0581
677,1853.9937
678,1857.6412
679,1860.1668
680,1862.0942
681,1870.0421
682,1871.2766
683,1871.5708
684,1878.3562
685,1881.4807
686,1882.3495
687,1887.7785
688,1890.1854
689,1889.7529
690,1893.4245
691,1895.8826
692,1897.1026
693,1897.6464
694,1899.3225
695,1902.2508
696,1903.4710
697,1904.3140
698,1906.2371
699,1906.5182
700,1908.6571
701,1909.5311
702,1910.4559
703,1912.0510
704,1913.1503
705,1913.2285
706,1914.0928
707,1915.3628
708,1916.9536
709,1917.9857
710,1919.3561
711,1920.4423
712,1920.1179
713,1921.6373
714,1922.9712
715,1924.2246
716,1925.2684
717,1926.7216
718,1927.6433
719,1928.4503
720,1929.5340
721,1930.5959
722,1931.8168
723,1932.7812
724,1934.1254
725,1935.2911
726,1936.6820
727,1937.8176
728,1939.2326
729,1939.9164
730,1940.8395
731,1941.9093
732,1943.1694
733,1944.5429
734,1945.4815
735,1946.7783
736,1948.2069
737,1949.2202
738,1950.6555
739,1951.9029
740,1953.1054
741,1954.3645
742,1955.8208
743,1957.2136
744,1958.4551
745,1959.7321
746,1960.9830
747,1962.2710
748,1963.5453
749,1964.8712
750,1965.8995
751,1966.6572
752,1967.5879
753,1968.6575
754,1969.7983
755,1970.9215
756,1972.0931
757,1973.2046
758,1974.5896
759,1976.0096
760,1977.3810
761,1978.5745
762,1979.9604
763,1981.3437
764,1982.4538
765,1983.9046
766,1985.5194
767,1986.8221
768,1988.2028
769,1989.6278
770,1991.2355
771,1991.3468
772,1992.7058
773,1993.9516
774,1995.3239
775,1996.6815
776,1998.0302
777,1999.5012
778,2001.0808
779,2002.5558
780,2003.8354
781,2005.4657
782,2006.7227
783,2008.3694
784,2010.0875
785,2011.6224
786,2013.1295
787,2015.1563
788,2016.7277
789,2018.4801
790,2020.4697
791,2022.0542
792,2023.5441
793,2024.9944
794,2026.8605
795,2028.7738
796,2030.1273
797,2031.5294
798,2033.0889
799,2034.6160
800,2035.3413
801,2035.6255
802,2037.1761
803,2038.4567
804,2040.0267
805,2041.4190
806,2042.3298
807,2045.7942
808,2046.0560
809,2047.5657
810,2049.4726
811,2050.8213
812,2052.3202
813,2054.2412
814,2055.5708
815,2056.8380
816,2058.1486
817,2059.2501
818,2060.8599
819,2062.2773
820,2063.8597
821,2065.3386
822,2066.7751
823,2068.5592
824,2070.2131
825,2070.5283
826,2071.0905
827,2072.4142
828,2073.6942
829,2075.2399
830,2076.6330
831,2077.9600
832,2079.6523
833,2081.2697
834,2083.0748
835,2084.6028
836,2085.6934
837,2086.8721
838,2088.1782
839,2089.5450
840,2090.3590
841,2091.5754
842,2093.0884
843,2094.0309
844,2095.5622
845,2096.9460
846,2098.2485
847,2099.9181
848,2101.5015
849,2102.8807
850,2111.5808
851,2112.6792
852,2114.8102
853,2116.4815
854,2117.7747
855,2119.1857
856,2120.7128
857,2120.9688
858,2122.0093
859,2123.5688
860,2124.8829
861,2126.4434
862,2128.0365
863,2129.5538
864,2131.0346
865,2132.6218
866,2134.4044
867,2136.1375
868,2137.6629
869,2139.6415
870,2141.0639
871,2142.8704
872,2144.8438
873,2146.4458
874,2148.1023
875,2149.2019
876,2150.7545
877,2150.7053
878,2152.0636
879,2153.0075
880,2154.6469
881,2156.2281
882,2157.7320
883,2159.1389
884,2160.5282
885,2162.1029
886,2163.6465
887,2165.2226
888,2165.3631
889,2166.6498
890,2168.2143
891,2169.7500
892,2171.4754
893,2173.0113
894,2174.6273
895,2176.3752
896,2177.3708
897,2178.8456
898,2180.1333
899,2181.2704
900,2182.9576
901,2184.3345
902,2184.3228
903,2185.4928
904,2187.0649
905,2188.5989
906,2190.1984
907,2191.4444
908,2192.7657
909,2194.2449
910,2195.6723
911,2197.1390
912,2198.8854
913,2200.1293
914,2203.7771
915,2205.4906
916,2207.1548
917,2208.7693
918,2210.3684
919,2211.9188
920,2213.2916
921,2214.5452
922,2216.0888
923,2217.7339
924,2219.2643
925,2220.7768
926,2222.3105
927,2223.8140
928,2225.3911
929,2226.9075
930,2228.3039
931,2229.8155
932,2231.4503
933,2232.9383
934,2234.6103
935,2235.9250
936,2237.4835
937,2238.8132
938,2240.3033
939,2241.9543
940,2243.5243
941,2244.8070
942,2246.3157
943,2247.8487
944,2249.3374
945,2251.2805
946,2252.9728
947,2254.6959
948,2256.1157
949,2257.7162
950,2259.3539
951,2261.0860
952,2262.6812
953,2264.1923
954,2265.8055
955,2267.2186
956,2268.3678
957,2269.9046
958,2271.7366
959,2273.3607
960,2275.2337
961,2276.6848
962,2278.1892
963,2279.8347
964,2281.4484
965,2283.1459
966,2285.2623
967,2286.5252
968,2288.4576
969,2290.0436
970,2291.3723
971,2292.7670
972,2294.5311
973,2296.0224
974,2297.3709
975,2298.9640
976,2300.6349
977,2302.2964
978,2304.0743
979,2305.8250
980,2307.4269
981,2308.8155
982,2310.4520
983,2312.1815
984,2313.8604
985,2316.2906
986,2316.9062
987,2318.1560
988,2319.6363
989,2320.9338
990,2322.4094
991,2323.9353
992,2325.3911
993,2326.7713
994,2328.0528
995,2329.4027
996,2330.8444
997,2332.1178
998,2333.7147
999,2335.0501
1000,2336.6561
1001,2338.0244
1002,2339.4344
1003,2340.6148
1004,2342.0844
1005,2343.5018
1006,2344.9416
1007,2346.1409
1008,2347.5935
1009,2348.7558
1010,2350.2748
1011,2351.8648
1012,2353.3177
1013,2354.6860
1014,2356.0638
1015,2357.4107
1016,2358.7539
1017,2359.9391
1018,2361.2618
1019,2363.0359
1020,2364.3143
1021,2365.7539
1022,2367.0175
1023,2368.1779
1024,2369.3666
1025,2371.0983
1026,2372.3946
1027,2373.8272
1028,2374.9411
1029,2376.2348
1030,2377.5146
1031,2379.0286
1032,2380.6312
1033,2382.0713
1034,2383.6799
1035,2385.1430
1036,2386.5719
1037,2387.8009
1038,2388.5183
1039,2390.0800
1040,2391.4769
1041,2392.6511
1042,2393.8513
1043,2395.2127
1044,2396.6184
1045,2397.9030
1046,2399.1420
1047,2400.4574
1048,2401.9690
1049,2403.0247
1050,2404.3024
1051,2407.4659
1052,2408.9420
1053,2410.2223
1054,2411.9544
1055,2414.8316
1056,2415.9448
1057,2419.4779
1058,2419.7893
1059,2422.2705
1060,2425.2341
1061,2426.5208
1062,2428.5007
1063,2429.4012
1064,2429.2045
1065,2431.4756
1066,2433.8279
1067,2434.5136
1068,2436.9917
1069,2437.7508
1070,2442.5952
1071,2442.0068
1072,2446.0945
1073,2447.6349
1074,2457.7129
1075,2462.3318
1076,2465.0919
1077,2468.2369
1078,2471.9768
1079,2474.4642
1080,2478.9491
1081,2485.7724
1082,2486.3300
1083,2486.2077
1084,2493.5398
1085,2494.8101
1086,2496.6044
1087,2499.5978
1088,2504.9486
1089,2507.7155
1090,2508.8329
1091,2512.4035
1092,2515.8708
1093,2519.1638
1094,2521.7409
1095,2524.3704
1096,2529.2838
1097,2530.0033
1098,2532.5935
1099,2535.0392
1100,2540.6365
1101,2543.8073
1102,2545.6254
1103,2546.0320
1104,2547.4627
1105,2548.6033
1106,2549.0925
1107,2550.3488
1108,2551.6691
1109,2552.9251
1110,2554.0316
1111,2554.8885
1112,2556.2093
1113,2557.4017
1114,2558.5110
1115,2560.0438
1116,2561.2345
1117,2562.6593
1118,2563.6575
1119,2562.6888
1120,2563.7870
1121,2565.2361
1122,2566.5026
1123,2568.0103
1124,2569.4063
1125,2570.8814
1126,2572.4056
1127,2573.9861
1128,2575.7608
1129,2577.3664
1130,2578.7947
1131,2580.1809
1132,2571.2109
1133,2571.4839
1134,2572.8469
1135,2573.1976
1136,2574.5223
1137,2576.0026
1138,2576.8681
1139,2578.3882
1140,2579.6518
1141,2580.9717
1142,2582.8660
1143,2584.1804
1144,2585.5453
1145,2584.7788
1146,2586.0074
1147,2587.2383
1148,2588.6509
1149,2590.1365
1150,2591.4404
1151,2592.8020
1152,2593.2734
1153,2594.9061
1154,2596.1769
1155,2597.5876
1156,2598.8314
1157,2599.4155
1158,2600.6587
1159,2602.1016
1160,2603.0366
1161,2604.5642
1162,2605.7506
1163,2606.8025
1164,2607.8308
1165,2609.1654
1166,2610.3594
1167,2611.5725
1168,2612.8259
1169,2613.8196
1170,2614.5961
1171,2616.0109
1172,2617.4474
1173,2618.8800
1174,2619.9946
1175,2621.5038
1176,2623.0385
1177,2624.6252
1178,2626.1215
1179,2627.3468
1180,2628.7754
1181,2630.1923
1182,2631.5358
1183,2632.8912
1184,2634.1126
1185,2635.2620
1186,2636.7004
1187,2637.8212
1188,2639.2224
1189,2640.6865
1190,2642.1335
1191,2643.7159
1192,2643.9216
1193,2645.3772
1194,2646.8363
1195,2647.8209
1196,2649.0526
1197,2650.4774
1198,2652.1921
1199,2653.5056
1200,2654.8560
1201,2656.6188
1202,2657.8622
1203,2658.8936
1204,2660.2530
1205,2661.7866
1206,2663.0414
1207,2664.3653
1208,2665.3287
1209,2666.4164
1210,2666.8744
1211,2668.3230
1212,2669.5487
1213,2670.1770
1214,2671.5441
1215,2673.1951
1216,2674.1405
1217,2675.1842
1218,2676.4970
1219,2677.8569
1220,2679.2700
1221,2681.4864
1222,2684.2041
1223,2686.4471
1224,2687.8719
1225,2689.2798
1226,2690.6662
1227,2692.0295
1228,2693.3308
1229,2694.7751
1230,2696.3520
1231,2697.4277
1232,2698.7967
1233,2700.0539
1234,2701.3893
1235,2702.9619
1236,2704.1109
1237,2705.6642
1238,2707.0906
1239,2708.5338
1240,2709.9185
1241,2711.4027
1242,2712.7421
1243,2714.0503
1244,2715.5354
1245,2716.9654
1246,2718.3831
1247,2719.8896
1248,2721.5586
1249,2723.0277
1250,2724.5810
1251,2726.0640
1252,2727.6769
1253,2729.0771
1254,2731.4143
1255,2732.9831
1256,2735.5886
1257,2740.1028
1258,2741.7014
1259,2746.3319
1260,2748.1568
1261,2749.8648
1262,2753.3836
1263,2756.0468
1264,2758.5320
1265,2761.0273
1266,2763.0968
1267,2765.7673
1268,2768.1491
1269,2770.5913
1270,2773.1643
1271,2775.3894
1272,2778.8198
1273,2783.9825
1274,2787.4794
1275,2791.2467
1276,2795.1758
1277,2798.2416
1278,2800.1974
1279,2802.5494
1280,2804.6587
1281,2807.2271
1282,2809.7603
1283,2811.8284
1284,2816.3693
1285,2819.8509
1286,2823.5106
1287,2826.6687
1288,2829.5624
1289,2833.0419
1290,2836.1800
1291,2839.2315
1292,2842.2766
1293,2844.9316
1294,2849.6490
1295,2853.4813
1296,2857.4221
1297,2861.7427
1298,2879.3459
1299,2879.6611
1300,2879.8671
1301,2879.4780
1302,2879.7214
1303,2881.7966
1304,2886.7304
1305,2891.6280
1306,2894.1865
1307,2897.8937
1308,2900.4095
1309,2903.1346
1310,2905.5355
1311,2909.6930
1312,2909.5020
1313,2912.7665
1314,2915.7825
1315,2920.1164
1316,2924.9384
1317,2928.2191
1318,2931.4544
1319,2933.2500
1320,2936.3091
1321,2939.1429
1322,2942.0016
1323,2944.0770
1324,2946.9070
1325,2949.6646
1326,2951.6714
1327,2954.4752
1328,2957.1395
1329,2959.4924
1330,2962.4875
1331,2967.6821
1332,2969.6431
1333,2970.1517
1334,2974.1247
1335,2977.9518
1336,2982.4121
1337,2988.3616
1338,2989.9263
1339,2993.9253
1340,2993.8242
1341,2996.8960
1342,3000.3321
1343,3003.0901
1344,3005.0902
1345,3008.2617
1346,3009.9173
1347,3014.2925
1348,3017.6985
1349,3018.5304
1350,3020.6642
1351,3021.9440
1352,3023.4532
1353,3023.9499
1354,3026.9554
1355,3026.6876
1356,3029.7706
1357,3033.0589
1358,3036.0959
1359,3038.2857
1360,3041.7101
1361,3043.8483
1362,3047.8618
1363,3050.6296
1364,3054.1985
1365,3056.8635
1366,3058.8906
1367,3061.3878
1368,3063.2949
1369,3065.2254
1370,3069.1276
1371,3070.5707
1372,3074.4398
1373,3074.6567
1374,3077.1027
1375,3079.0787
1376,3081.2409
1377,3083.6668
1378,3084.6472
1379,3088.8007
1380,3091.6784
1381,3095.3796
1382,3099.0200
1383,3100.6703
1384,3102.4399
1385,3106.5598
1386,3110.5006
1387,3111.0687
1388,3113.0569
1389,3115.6831
1390,3118.6249
1391,3121.6741
1392,3123.9712
1393,3126.6744
1394,3128.8655
1395,3130.9717
1396,3133.1913
1397,3136.9402
1398,3139.6570
1399,3142.4544
1400,3144.7453
1401,3147.7599
1402,3150.9347
1403,3153.5559
1404,3155.9422
1405,3157.9521
1406,3160.5816
1407,3162.8335
1408,3164.2787
1409,3167.2041
1410,3170.2754
1411,3172.9543
1412,3174.6449
1413,3177.6652
1414,3179.9626
1415,3179.8329
1416,3181.9787
1417,3184.3946
1418,3189.4610
1419,3192.9946
1420,3193.7208
1421,3195.7448
1422,3196.5411
1423,3197.4075
1424,3198.2601
1425,3198.3287
1426,3199.0776
1427,3199.8885
1428,3200.8753
1429,3202.1689
1430,3203.5012
1431,3204.0253
1432,3205.1678
1433,3208.1428
1434,3207.8304
1435,3209.0695
1436,3210.2516
1437,3211.2789
1438,3212.3260
1439,3213.4702
1440,3214.6983
1441,3215.2126
1442,3216.4962
1443,3217.8054
1444,3219.0759
1445,3220.3870
1446,3221.4065
1447,3222.5003
1448,3223.7003
1449,3224.7703
1450,3224.0984
1451,3225.3773
1452,3226.4242
1453,3227.4175
1454,3228.5414
1455,3229.6255
1456,3230.6635
1457,3231.5037
1458,3232.9645
1459,3233.9818
1460,3235.1382
1461,3236.3830
1462,3237.1140
1463,3238.3728
1464,3239.3949
1465,3240.5393
1466,3241.6346
1467,3242.7578
1468,3243.9475
1469,3245.1131
1470,3246.1839
1471,3247.3974
1472,3248.4365
1473,3249.5670
1474,3250.6843
1475,3251.8408
1476,3252.8236
1477,3252.6045
1478,3253.5815
1479,3254.7469
1480,3255.8978
1481,3256.9504
1482,3257.9582
1483,3258.9407
1484,3260.0765
1485,3261.0939
1486,3262.1307
1487,3263.3255
1488,3264.5097
1489,3266.5253
1490,3271.3163
1491,3284.2634
1492,3284.4458
1493,3288.1219
1494,3291.5072
1495,3300.4668
1496,3305.6927
1497,3307.8010
1498,3308.9161
1499,3310.9338
1500,3313.1905
1501,3315.8762
1502,3318.4938
1503,3321.4393
1504,3323.5633
1505,3325.8882
1506,3328.2769
1507,3329.7880
1508,3332.0446
1509,3334.1334
1510,3337.0476
1511,3339.3841
1512,3341.7630
1513,3343.7827
1514,3344.3151
1515,3348.1772
1516,3350.5809
1517,3351.5551
1518,3353.6005
1519,3356.8878
1520,3359.8523
1521,3362.0336
1522,3364.2056
1523,3366.3325
1524,3369.4730
1525,3372.0791
1526,3373.5507
1527,3375.9544
1528,3380.0311
1529,3380.7261
1530,3385.2532
1531,3385.7350
1532,3389.1909
1533,3390.1677
1534,3393.5113
1535,3396.8413
1536,3399.7955
1537,3400.8288
1538,3401.2983
1539,3402.0729
1540,3406.3802
1541,3409.4992
1542,3413.4529
1543,3415.4546
1544,3420.4590
1545,3424.6604
1546,3427.3789
1547,3430.2588
1548,3431.9069
1549,3434.6240
1550,3434.2580
1551,3433.6395
1552,3436.5757
1553,3441.4837
1554,3444.4304
1555,3449.9328
1556,3455.7366
1557,3458.5557
1558,3461.4663
1559,3464.0937
1560,3467.2656
1561,3465.4634
1562,3470.7959
1563,3471.0832
1564,3470.7243
1565,3471.5960
1566,3472.3296
1567,3473.2275
1568,3490.0019
1569,3486.9981
1570,3493.4120
1571,3496.2959
1572,3498.1103
1573,3500.4113
1574,3504.0755
1575,3502.9554
1576,3506.3775
1577,3507.5865
1578,3509.7859
1579,3510.9816
1580,3521.3323
1581,3523.3366
1582,3520.3428
1583,3522.4483
1584,3522.4843
1585,3522.6519
1586,3522.2383
1587,3522.9049
1588,3522.9578
1589,3524.8160
1590,3526.6800
1591,3527.7910
1592,3528.7714
1593,3531.2078
1594,3531.8623
1595,3534.0664
1596,3532.8717
1597,3535.7440
1598,3536.6862
1599,3540.2761
1600,3539.7668
1601,3543.1752
1602,3538.0886
1603,3538.0294
1604,3536.7732
1605,3540.1118
1606,3539.6125
1607,3538.5242
1608,3539.8452
1609,3541.9464
1610,3538.4088
1611,3537.6842
1612,3538.2652
1613,3540.2710
1614,3538.4932
1615,3538.8927
1616,3539.2876
1617,3538.9698
1618,3543.7582
1619,3541.9650
1620,3541.8561
1621,3550.2913
1622,3546.3822
1623,3544.6000
1624,3543.4654
1625,3546.5226
1626,3546.2484
1627,3544.4748
1628,3550.2777
1629,3535.7285
1630,3533.9921
1631,3537.2458
1632,3542.0675
1633,3543.3066
1634,3545.1965
1635,3548.4223
1636,3552.2032
1637,3550.3380
1638,3553.5107
1639,3558.9924
1640,3562.2694
1641,3569.7341
1642,3571.0585
1643,3571.4917
1644,3570.7684
1645,3573.8292
1646,3577.8995
1647,3581.3046
1648,3581.5568
1649,3584.0864
1650,3586.4007
1651,3583.6926
1652,3581.3141
1653,3584.5878
1654,3584.5602
1655,3586.9269
1656,3582.5946
1657,3583.9608
1658,3581.0258
1659,3582.0336
1660,3583.1091
1661,3583.2934
1662,3584.1210
1663,3582.8912
1664,3578.6154
1665,3579.7539
1666,3573.6594
1667,3574.8050
1668,3571.2829
1669,3569.2477
1670,3569.5927
1671,3572.5579
1672,3571.4498
1673,3570.3080
1674,3569.9432
1675,3570.1423
1676,3569.2673
1677,3570.9412
1678,3574.0502
1679,3573.1113
1680,3571.8925
1681,3571.7151
1682,3568.9981
1683,3568.7289
1684,3567.6436
1685,3570.3993
1686,3569.1063
1687,3562.7110
1688,3562.7685
1689,3561.6689
1690,3561.8763
1691,3562.4986
1692,3562.4876
1693,3562.1309
1694,3563.0143
1695,3564.1348
1696,3584.9190
1697,3582.6328
1698,3581.0962
1699,3579.2868
1700,3577.9693
1701,3580.0104
1702,3580.3752
1703,3579.2785
1704,3581.2154
1705,3581.2752
1706,3579.2823
1707,3580.7769
1708,3578.2397
1709,3578.1646
1710,3582.7854
1711,3581.4018
1712,3581.2709
1713,3582.4111
1714,3584.1525
1715,3603.4946
1716,3604.7816
1717,3607.4536
1718,3608.2785
1719,3612.7865
1720,3614.4650
1721,3619.1165
1722,3618.5079
1723,3621.2409
1724,3620.1003
1725,3621.8362
1726,3623.4410
1727,3626.7941
1728,3628.8934
1729,3631.5746
1730,3631.6159
1731,3630.5287
1732,3631.9294
1733,3626.7433
1734,3629.2381
1735,3749.5296
1736,3755.6388
1737,3755.2841
1738,3756.3558
1739,3757.9629
1740,3755.6396
1741,3764.2989
1742,3762.2025
1743,3762.3744
1744,3763.8915
1745,3766.9628
1746,3770.3087
1747,3769.3746
1748,3769.9559
1749,3768.4119
1750,3773.6986
1751,3784.7345
1752,3784.0855
1753,3783.9830
1754,3780.9391
1755,3781.9870
1756,3780.7620
1757,3782.1684
1758,3780.1301
1759,3778.7468
1760,3777.7874
1761,3776.6063
1762,3775.2409
1763,3781.6153
1764,3783.1399
1765,3785.2333
1766,3782.5589
1767,3785.4311
1768,3784.0347
1769,3791.8861
1770,3789.7511
1771,3793.4217
1772,3799.3886
1773,3802.1696
1774,3802.1891
1775,3801.2397
1776,3799.9182
1777,3798.9631
1778,3810.2436
1779,3812.6531
1780,3813.4234
1781,3813.2584
1782,3813.5228
1783,3812.5427
1784,3813.0774
1785,3813.7443
1786,3812.5515
1787,3817.1873
1788,3825.8424
1789,3827.4150
1790,3828.4009
1791,3831.3549
1792,3831.8338
1793,3830.8101
1794,3829.3052
1795,3829.6168
1796,3830.1234
1797,3830.6134
1798,3829.4327
1799,3829.6831
1800,3833.0741
1801,3831.9745
1802,3832.4728
1803,3835.2983
1804,3836.5469
1805,3838.0506
1806,3839.6828
1807,3841.4471
1808,3842.9966
1809,3843.2672
1810,3850.0412
1811,3847.9445
1812,3845.6376
1813,3844.6653
1814,3846.0917
1815,3845.1693
1816,3845.1276
1817,3843.6368
1818,3844.6784
1819,3845.8657
1820,3847.3494
1821,3845.7396
1822,3848.9771
1823,3850.3227
1824,3851.2175
1825,3852.7715
1826,3853.8165
1827,3854.7716
1828,3857.0323
1829,3860.3873
1830,3860.4307
1831,3861.8710
1832,3863.3249
1833,3864.5880
1834,3865.4704
1835,3867.6503
1836,3870.0447
1837,3871.1092
1838,3872.3729
1839,3884.9576
1840,3881.4769
1841,3883.3220
1842,3883.3704
1843,3883.4202
1844,3887.4636
1845,3888.1011
1846,3888.9968
1847,3889.0707
1848,3893.1839
1849,3893.4743
1850,3899.9090
1851,3901.6314
1852,3906.6334
1853,3908.8416
1854,3914.5656
1855,3916.3742
1856,3918.8213
1857,3924.0699
1858,3934.5458
1859,3933.2685
1860,3930.9249
1861,3929.9715
1862,3929.0791
1863,3934.4292
1864,3937.6493
1865,3938.9200
1866,3950.1100
1867,3949.1489
1868,3950.2487
1869,3951.4258
1870,3953.4235
1871,3953.4345
1872,3952.3189
1873,3952.5416
1874,3955.1413
1875,3953.4330
1876,3955.9891
1877,3955.4572
1878,3955.3421
1879,3954.1986
1880,3958.3254
1881,3956.5654
1882,3958.3087
1883,3959.9471
1884,3961.5085
1885,3962.8994
1886,3963.3603
1887,3962.2974
1888,3962.4965
1889,3961.7321
1890,3962.1799
1891,3962.8420
1892,3963.7175
1893,3963.4540
1894,3964.8972
1895,3965.1175
1896,3966.0182
1897,3966.1005
1898,3967.0658
1899,3969.9805
1900,3972.4619
1901,3974.4663
1902,3977.3405
1903,3979.0432
1904,3978.3835
1905,3979.0776
1906,3975.2088
1907,3976.4075
1908,3978.2176
1909,3982.7676
1910,3985.8706
1911,3986.2177
1912,3988.6477
1913,3989.2571
1914,3991.9312
1915,3992.4726
1916,3993.4645
1917,3993.5803
1918,3995.7006
1919,3994.8845
1920,3996.7074
1921,4000.2804
1922,4000.6487
1923,4004.0147
1924,4003.5512
1925,4005.0373
1926,4007.8120
1927,4015.3112
1928,4017.6995
1929,4023.6459
1930,4022.4307
1931,4020.7415
1932,4020.2088
1933,4020.9880
1934,4020.5057
1935,4023.3455
1936,4021.5490
1937,4022.9928
1938,4024.3630
1939,4027.9298
1940,4031.3272
1941,4034.2674
1942,4034.9090
1943,4035.9585
1944,4035.7187
1945,4046.4609
1946,4059.5608
1947,4057.4200
1948,4054.1043
1949,4051.9381
1950,4048.6262
1951,4046.2391
1952,4043.8464
1953,4041.6291
1954,4038.3170
1955,4036.2220
1956,4032.9432
1957,4030.7164
1958,4028.3911
1959,4024.8132
1960,4039.2699
1961,4039.9232
1962,4039.2418
1963,4039.6981
1964,4037.6370
1965,4037.3673
1966,4037.8187
1967,4038.6465
1968,4037.8621
1969,4035.8820
1970,4036.0928
1971,4036.3705
1972,4035.9437
1973,4036.3986
1974,4035.7544
1975,4036.1917
1976,4035.4893
1977,4035.9116
1978,4035.2290
1979,4035.6367
1980,4035.0270
1981,4035.5315
1982,4034.6963
1983,4035.0692
1984,4034.0810
1985,4033.1907
1986,4033.0911
1987,4033.4442
1988,4032.6087
1989,4033.0110
1990,4032.7251
1991,4033.5371
1992,4032.8984
1993,4032.1908
1994,4034.9805
1995,4034.4949
1996,4035.1441
1997,4033.8566
1998,4031.6319
1999,4032.3625
2000,4031.5373
2001,4031.2059
2002,4029.4042
2003,4029.8398
2004,4028.3191
2005,4030.0322
2006,4027.9508
2007,4027.1788
2008,4028.0704
2009,4028.1703
2010,4028.7447
2011,4028.7244
2012,4027.3521
2013,4026.8474
2014,4027.3244
2015,4026.8984
2016,4027.3247
2017,4026.6619
2018,4027.2553
2019,4026.4933
2020,4026.9620
2021,4026.1550
2022,4026.5541
2023,4025.8048
2024,4026.1755
2025,4024.6427
2026,4025.7325
2027,4024.9708
2028,4025.8605
2029,4026.0766
2030,4026.8831
2031,4028.0340
2032,4027.6639
2033,4026.2287
2034,4026.4127
2035,4026.6993
2036,4025.8594
2037,4026.7544
2038,4026.2845
2039,4026.6669
2040,4026.3541
2041,4026.5172
2042,4025.8868
2043,4026.1726
2044,4026.4916
2045,4026.9623
2046,4028.1420
2047,4028.3706
2048,4029.5091
2049,4032.6438
2050,4034.6863
2051,4034.4589
2052,4037.2055
2053,4039.2728
2054,4043.2353
2055,4042.8998
2056,4043.9644
2057,4046.1531
2058,4048.9335
2059,4050.5009
2060,4051.4703
2061,4053.5266
2062,4055.1631
2063,4056.2294
2064,4058.1846
2065,4060.2455
2066,4061.9733
2067,4060.6854
2068,4063.2913
2069,4064.9457
2070,4066.2906
2071,4068.5587
2072,4071.7072
2073,4072.0315
2074,4073.7474
2075,4075.1989
2076,4074.5749
2077,4075.8331
2078,4075.1383
2079,4077.3087
2080,4079.7584
2081,4080.6520
2082,4084.3492
2083,4090.0013
2084,4088.1238
2085,4089.0038
2086,4087.5928
2087,4088.5000
2088,4088.8872
2089,4087.3427
2090,4093.3373
2091,4091.2702
2092,4090.2979
2093,4101.2399
2094,4100.5101
2095,4101.9342
2096,4103.0638
2097,4104.5730
2098,4104.9819
2099,4119.1022
2100,4122.4670
2101,4125.7150
2102,4130.3768
2103,4128.2690
2104,4127.3603
2105,4128.1874
2106,4126.3621
2107,4127.9283
2108,4128.4320
2109,4132.5161
2110,4131.4940
2111,4132.4489
2112,4132.2660
2113,4131.9818
2114,4130.6441
2115,4131.9470
2116,4135.0636
2117,4133.6157
2118,4136.3931
2119,4138.0422
2120,4141.6681
2121,4139.5030
2122,4138.9623
2123,4140.0406
2124,4142.0443
2125,4140.4171
2126,4140.4572
2127,4138.1462
2128,4137.3572
2129,4129.5376
2130,4130.2431
2131,4124.8531
2132,4136.6889
2133,4134.1438
2134,4132.8285
2135,4129.9527
2136,4130.5366
2137,4127.3615
2138,4129.8552
2139,4127.9573
2140,4128.2835
2141,4126.1055
2142,4124.6166
2143,4123.5070
2144,4120.0390
2145,4117.2371
2146,4120.1522
2147,4121.3264
2148,4117.8930
2149,4117.9354
2150,4113.2045
2151,4112.0896
2152,4110.8866
2153,4108.2342
2154,4109.5488
2155,4109.3199
2156,4106.9243
2157,4106.4885
2158,4103.4465
2159,4102.1979
2160,4100.4622
2161,4100.7528
2162,4100.7969
2163,4101.1455
2164,4101.2170
2165,4101.6946
2166,4100.6205
2167,4100.6916
2168,4100.6386
2169,4100.3563
2170,4099.2875
2171,4099.5092
2172,4099.3893
2173,4098.9010
2174,4099.5409
2175,4098.4275
2176,4098.8073
2177,4096.8013
2178,4098.3074
2179,4097.3895
2180,4096.2291
2181,4096.1869
2182,4095.7518
2183,4095.1269
2184,4095.0053
2185,4094.3844
2186,4093.4551
2187,4092.9999
2188,4093.2019
2189,4092.6905
2190,4092.6104
2191,4091.4547
2192,4091.4979
2193,4091.5022
2194,4091.4137
2195,4090.1585
2196,4090.2607
2197,4090.5192
2198,4090.0283
2199,4089.7996
2200,4089.3483
2201,4089.1774
2202,4089.0083
2203,4089.0210
2204,4087.7845
2205,4087.5049
2206,4087.3568
2207,4094.2180
2208,4092.8545
2209,4093.8487
2210,4093.7722
2211,4091.4826
2212,4091.2442
2213,4091.2619
2214,4091.2712
2215,4091.0461
2216,4090.9269
2217,4089.2532
2218,4089.3524
2219,4088.8906
2220,4088.7916
2221,4088.8028
2222,4088.8751
2223,4088.8503
2224,4088.9823
2225,4087.6286
2226,4087.7633
2227,4087.6138
2228,4087.8761
2229,4087.7419
2230,4087.2827
2231,4086.4425
2232,4087.1153
2233,4087.5468
2234,4086.6189
2235,4086.6454
2236,4086.5033
2237,4086.4983
2238,4086.2858
2239,4086.1440
2240,4084.9409
2241,4085.0129
2242,4084.0425
2243,4083.2431
2244,4082.1018
2245,4082.7808
2246,4082.4482
2247,4081.1768
2248,4080.9455
2249,4081.6352
2250,4081.8770
2251,4081.6507
2252,4080.5688
2253,4080.7171
2254,4080.5166
2255,4079.2296
2256,4079.0923
2257,4079.1676
2258,4078.8689
2259,4078.9204
2260,4080.8444
2261,4081.5015
2262,4081.8994
2263,4080.7548
2264,4080.4062
2265,4080.8432
2266,4080.8260
2267,4080.2667
2268,4080.4060
2269,4080.6034
2270,4079.6008
2271,4079.3321
2272,4079.3037
2273,4079.2837
2274,4079.4566
2275,4078.1319
2276,4077.0993
2277,4076.0632
2278,4075.5095
2279,4074.2919
2280,4074.1704
2281,4074.1863
2282,4074.1289
2283,4072.1877
2284,4071.9190
2285,4071.5072
2286,4070.3518
2287,4069.7410
2288,4069.7010
2289,4069.8237
2290,4070.2212
2291,4072.3226
2292,4072.5269
2293,4072.5701
2294,4071.6341
2295,4072.2303
2296,4072.0444
2297,4071.6701
2298,4071.7576
2299,4071.0962
2300,4071.1231
2301,4070.9708
2302,4071.0537
2303,4069.7773
2304,4069.9229
2305,4069.8786
2306,4067.6627
2307,4066.5169
2308,4067.8837
2309,4067.3947
2310,4066.8309
2311,4072.2129
2312,4075.4657
2313,4073.7765
2314,4076.9825
2315,4083.8635
2316,4083.3421
2317,4085.3276
2318,4087.6987
2319,4088.5127
2320,4095.0403
2321,4097.8880
2322,4097.5199
2323,4095.8304
2324,4105.7763
2325,4102.9639
2326,4100.9741
2327,4104.0211
2328,4103.5342
2329,4104.2409
2330,4101.5255
2331,4098.8343
2332,4095.4721
2333,4097.5399
2334,4095.4995
2335,4094.2335
2336,4093.5342
2337,4091.8827
2338,4092.8326
2339,4093.3154
2340,4088.4979
2341,4087.5456
2342,4084.5177
2343,4084.6260
2344,4081.1431
2345,4081.0609
2346,4080.1837
2347,4078.3169
2348,4075.8810
2349,4075.2943
2350,4069.7060
2351,4072.1266
2352,4071.0087
2353,4076.3428
2354,4079.0477
2355,4076.8075
2356,4079.7219
2357,4084.5623
2358,4075.6643
2359,4076.4332
2360,4075.0062
2361,4070.3359
2362,4068.1469
2363,4067.9739
2364,4066.8557
2365,4070.9393
2366,4070.1137
2367,4069.1955
2368,4064.4114
2369,4063.2107
2370,4061.9152
2371,4059.5520
2372,4057.4841
2373,4058.3723
2374,4055.5215
2375,4054.1334
2376,4056.2744
2377,4057.4443
2378,4057.6544
2379,4061.3606
2380,4062.6974
2381,4066.0288
2382,4068.1441
2383,4071.4080
2384,4075.2244
2385,4073.3275
2386,4073.6678
2387,4073.5688
2388,4070.8168
2389,4067.6305
2390,4065.8145
2391,4063.8552
2392,4064.9405
2393,4062.9961
2394,4062.7120
2395,4063.1599
2396,4063.2765
2397,4063.8156
2398,4062.6705
2399,4063.9544
2400,4061.3859
2401,4061.1019
2402,4059.1686
2403,4056.8779
2404,4058.1632
2405,4058.5399
2406,4055.7601
2407,4056.2999
2408,4056.4506
2409,4057.1816
2410,4057.5614
2411,4059.8788
2412,4058.3029
2413,4062.2602
2414,4060.3368
2415,4059.1123
2416,4058.4011
2417,4058.5418
2418,4058.2328
2419,4056.7629
2420,4055.7518
2421,4054.5101
2422,4056.1590
2423,4055.4438
2424,4054.5502
2425,4053.2174
2426,4051.5718
2427,4051.3103
2428,4050.8270
2429,4050.3235
2430,4050.8535
2431,4051.5924
2432,4052.7320
2433,4052.7065
2434,4052.0759
2435,4052.2964
2436,4051.2874
2437,4052.3002
2438,4051.1115
2439,4051.1312
2440,4052.0906
2441,4053.3867
2442,4051.1775
2443,4049.7296
2444,4052.0563
2445,4054.3122
2446,4052.4473
2447,4052.3977
2448,4052.1200
2449,4052.4173
2450,4052.0458
2451,4052.7902
2452,4052.9177
2453,4052.7613
2454,4052.8207
2455,4052.0213
2456,4050.8425
2457,4052.4509
2458,4052.6342
2459,4051.5380
2460,4051.0571
2461,4050.0736
2462,4049.2771
2463,4049.7730
2464,4049.0866
2465,4049.8018
2466,4065.6588
2467,4067.8461
2468,4063.3459
2469,4059.7749
2470,4057.4346
2471,4054.7931
2472,4052.5978
2473,4047.3769
2474,4047.9074
2475,4049.9728
2476,4048.5511
2477,4050.4560
2478,4052.5525
2479,4054.1801
2480,4055.1162
2481,4057.2870
2482,4058.9552
2483,4061.2078
2484,4062.5534
2485,4063.4084
2486,4063.6768
2487,4065.6977
2488,4068.2626
2489,4068.7978
2490,4071.4872
2491,4072.4947
2492,4074.1491
2493,4075.9010
2494,4077.7729
2495,4079.9432
2496,4082.1140
2497,4084.9438
2498,4085.9473
2499,4087.6019
2500,4089.8113
2501,4092.1330
2502,4094.2459
2503,4096.4413
2504,4098.4716
2505,4102.7000
2506,4105.1092
2507,4106.9465
2508,4109.3266
2509,4121.3331
2510,4120.3749
2511,4120.4648
2512,4118.8314
2513,4121.3598
2514,4120.1172
2515,4123.4348
2516,4123.7428
2517,4127.2855
2518,4128.9730
2519,4129.1471
2520,4130.8377
2521,4131.7608
2522,4133.2636
2523,4135.3285
2524,4136.5595
2525,4137.0249
2526,4139.0359
2527,4140.7480
2528,4142.2951
2529,4142.9541
2530,4144.6855
2531,4145.9732
2532,4147.0461
2533,4148.3743
2534,4150.0609
2535,4150.9209
2536,4152.4777
2537,4154.6988
2538,4156.0085
2539,4157.7003
2540,4159.4465
2541,4161.6566
2542,4162.6484
2543,4164.4235
2544,4170.6955
2545,4171.7753
2546,4175.6425
2547,4178.1542
2548,4182.2014
2549,4180.7897
2550,4183.3360
2551,4182.2820
2552,4183.8198
2553,4186.5387
2554,4188.0908
2555,4197.3121
2556,4198.0469
2557,4194.5364
2558,4194.5102
2559,4197.9723
2560,4196.2671
2561,4196.9557
2562,4196.8853
2563,4197.9179
2564,4198.3104
2565,4196.4502
2566,4196.7616
2567,4196.5325
2568,4195.8535
2569,4194.2351
2570,4195.1954
2571,4198.2410
2572,4198.0524
2573,4199.7252
2574,4199.4028
2575,4200.1965
2576,4203.7408
2577,4205.0917
2578,4205.6699
2579,4206.5725
2580,4206.9447
2581,4207.8593
2582,4209.3813
2583,4209.0530
2584,4209.0669
2585,4211.6385
2586,4211.3080
2587,4211.6749
2588,4212.0070
2589,4214.3347
2590,4216.1398
2591,4215.9765
2592,4215.7247
2593,4218.2059
2594,4217.1865
2595,4217.8054
2596,4217.6824
2597,4216.5129
2598,4212.4059
2599,4211.5185
2600,4211.4241
2601,4210.5250
2602,4208.0984
2603,4206.0935
2604,4205.2922
2605,4225.2989
2606,4230.6795
2607,4229.5849
2608,4233.9077
2609,4241.6539
2610,4240.5658
2611,4235.5452
2612,4231.5826
2613,4238.4226
2614,4242.5013
2615,4244.0228
2616,4245.2013
2617,4239.9321
2618,4234.9455
2619,4233.4630
2620,4232.8823
2621,4232.0793
2622,4231.6849
2623,4235.4546
2624,4238.8461
2625,4232.0869
2626,4229.4254
2627,4226.0184
2628,4234.1797
2629,4223.2082
2630,4223.9695
2631,4219.5835
2632,4217.4921
2633,4218.3213
2634,4212.6541
2635,4207.0694
2636,4203.8879
2637,4207.8297
2638,4207.0208
2639,4210.5989
2640,4211.5805
2641,4209.1541
2642,4209.3289
2643,4209.6188
2644,4205.3573
2645,4204.0427
2646,4201.5119
2647,4200.1462
2648,4195.6680
2649,4191.9458
2650,4189.4233
2651,4186.8758
2652,4182.5624
2653,4180.0015
2654,4178.0343
2655,4176.8961
2656,4173.4536
2657,4171.2494
2658,4170.2812
2659,4163.3382
2660,4164.2289
2661,4164.8788
2662,4167.1977
2663,4166.3089
2664,4163.3525
2665,4161.6688
2666,4158.7882
2667,4157.3355
2668,4156.9636
2669,4155.4229
2670,4154.7301
2671,4153.5046
2672,4150.4135
2673,4149.0738
2674,4148.5710
2675,4143.7089
2676,4143.1568
2677,4143.6584
2678,4142.4623
2679,4141.4754
2680,4142.9369
2681,4139.1010
2682,4137.7230
2683,4135.9661
2684,4136.5407
2685,4135.5143
2686,4129.9999
2687,4125.1986
2688,4122.7362
2689,4120.9595
2690,4118.5656
2691,4115.1903
2692,4112.6010
2693,4111.6524
2694,4110.3950
2695,4107.2128
2696,4108.2678
2697,4105.8815
2698,4101.6355
2699,4098.7518
2700,4097.2884
2701,4093.3225
2702,4094.9993
2703,4094.7082
2704,4094.6040
2705,4091.1131
2706,4091.0347
2707,4087.5418
2708,4088.5580
2709,4087.8968
2710,4088.9084
2711,4087.8026
2712,4093.1160
2713,4100.4453
2714,4116.5440
2715,4118.0115
2716,4117.1532
2717,4115.7687
2718,4118.0873
2719,4116.1542
2720,4115.8714
2721,4114.9759
2722,4117.0642
2723,4114.5678
2724,4118.0613
2725,4114.5988
2726,4117.0518
2727,4117.1784
2728,4117.3854
2729,4116.1704
2730,4117.1808
2731,4117.2955
2732,4120.3134
2733,4122.3242
2734,4119.7400
2735,4118.4931
2736,4121.8064
2737,4120.3759
2738,4119.1370
2739,4120.0895
2740,4119.2832
2741,4118.9520
2742,4118.9067
2743,4119.6420
2744,4119.0510
2745,4116.7769
2746,4115.7923
2747,4115.0043
2748,4112.5433
2749,4112.3066
2750,4108.9983
2751,4111.7716
2752,4111.3634
2753,4109.1418
2754,18.6691
2755,14.8833
2756,15.8265
2757,14.2827
2758,12.3942
2759,17.6980
2760,16.7186
2761,15.0647
2762,19.4466
2763,18.9142
2764,14.9384
2765,12.5608
2766,16.4230
2767,15.1250
2768,22.9332
2769,14.6856
2770,11.6341
2771,12.9771
2772,12.3076
2773,19.5510
2774,18.1606
2775,17.0987
2776,21.0974
2777,17.5414
2778,17.2782
2779,13.6783
2780,9.2731
2781,11.3435
2782,15.5563
2783,10.1752
2784,15.5749
2785,13.5593
2786,9.7466
2787,12.9955
2788,10.9427
2789,9.7101
2790,13.2031
2791,12.9673
2792,12.0323
2793,9.9866
2794,10.6888
2795,10.6621
2796,11.0371
2797,15.8200
2798,13.1073
2799,11.7817
2800,12.9139
2801,12.8632
2802,16.7155
2803,13.1688
2804,12.6240
2805,20.5472
2806,18.5506
2807,13.8631
2808,15.3019
2809,10.8478
2810,15.5902
2811,14.0491
2812,16.5863
2813,12.4507
2814,11.8637
2815,10.7174
2816,17.3790
2817,12.7616
2818,9.6169
2819,13.9756
2820,9.1600
2821,13.0076
2822,11.3463
2823,11.2629
2824,11.1341
2825,10.4187
2826,12.0585
2827,11.2495
2828,14.4255
2829,18.9133
2830,11.4539
2831,10.6776
2832,14.3592
2833,14.8566
2834,10.8674
2835,12.5465
2836,11.9753
2837,13.9647
2838,11.0714
2839,13.7773
2840,12.8715
2841,11.7736
2842,11.5640
2843,11.0607
2844,15.3167
2845,13.2999
2846,12.5728
2847,11.1177
2848,11.1456
2849,13.7961
2850,13.3657
2851,16.2745
2852,12.4876
2853,12.6090
2854,15.6255
2855,12.6336
2856,15.8606
2857,16.4082
2858,14.8137
2859,20.3860
2860,23.1745
2861,12.3835
2862,7.1771
2863,15.3606
2864,11.0028
2865,12.5985
2866,13.9580
2867,9.9521
2868,12.3212
2869,23.9632
2870,12.7468
2871,18.0953
2872,15.5573
2873,12.0625
2874,11.6994
2875,14.6208
2876,16.7546
2877,20.6904
2878,8.3447
2879,9.1588
2880,17.1347
2881,18.9087
2882,9.9840
2883,13.2837
2884,14.5595
2885,10.6881
2886,10.6566
2887,12.9762
2888,10.8585
2889,13.2883
2890,12.0635
2891,9.7280
2892,10.1678
2893,7.9067
2894,8.3127
2895,9.8553
2896,15.4080
2897,18.1074
2898,10.9131
2899,11.9526
2900,8.8775
2901,15.4333
2902,15.8682
2903,12.2554
2904,9.5823
2905,14.4768
2906,12.4910
2907,11.1578
2908,9.9530
2909,13.0317
2910,11.7910
2911,12.0604
2912,9.7620
2913,12.0218
2914,10.9847
2915,10.9107
2916,10.8087
2917,12.0153
2918,11.2479
2919,12.2192
2920,12.5697
2921,14.5154
2922,11.3416
2923,11.5829
2924,14.1194
2925,11.9843
2926,11.8475
2927,9.9742
2928,13.4034
2929,10.1151
2930,8.7750
2931,11.1942
2932,12.0001
2933,9.5303
2934,8.8482
2935,8.4736
2936,10.5679
2937,7.7388
2938,12.2128
2939,11.2531
2940,8.7457
2941,9.1715
2942,9.1295
2943,8.9018
2944,8.7857
2945,9.0950
2946,8.3401
2947,10.3672
2948,13.0908
2949,12.6796
2950,8.3046
2951,13.6878
2952,9.3906
2953,10.7574
2954,8.4589
2955,13.9008
2956,11.6780
2957,10.3102
2958,13.8769
2959,10.4451
2960,13.0508
2961,15.0771
2962,12.6483
2963,12.6925
2964,8.8739
2965,13.1543
2966,10.8931
2967,11.6448
2968,16.8126
2969,8.3473
2970,10.9019
2971,11.3449
2972,10.5057
2973,15.8973
2974,23.2286
2975,14.0514
2976,19.3427
2977,18.1396
2978,14.1215
2979,16.0909
2980,12.4583
2981,12.1694
2982,14.6000
2983,14.0131
2984,14.4274
2985,14.2298
2986,13.6044
2987,16.8302
2988,19.6240
2989,13.8052
2990,19.9232
2991,13.9987
2992,11.5101
2993,13.9229
2994,14.6849
2995,13.9971
2996,11.2944
2997,7.7393
2998,7.9710
2999,6.3803
3000,7.6272
3001,6.6833
3002,6.8023
3003,7.9143
3004,6.7370
3005,9.2893
3006,12.5399
3007,8.2653
3008,13.9546
3009,11.9474
3010,13.0146
3011,11.4079
3012,9.6283
3013,11.1601
3014,11.0512
3015,11.5967
3016,10.9918
3017,11.1272
3018,11.7388
3019,10.6418
3020,10.9611
3021,14.3826
3022,8.7905
3023,16.9077
3024,13.3421
3025,13.7553
3026,13.5860
3027,16.2132
3028,16.7689
3029,20.7143
3030,13.7661
3031,13.3202
3032,11.5118
3033,11.2967
3034,12.2335
3035,13.5996
3036,22.5468
3037,16.8567
3038,10.3185
3039,15.1777
3040,12.6231
3041,11.2989
3042,14.8740
3043,13.1891
3044,14.4904
3045,14.4508
3046,17.2875
3047,13.2434
3048,11.3404
3049,10.7560
3050,14.5552
3051,12.3808
3052,17.8392
3053,9.9697
3054,13.3984
3055,17.9939
3056,13.8531
3057,14.8642
3058,10.4055
3059,14.0748
3060,18.0969
3061,16.5505
3062,12.5084
3063,11.5848
3064,13.1967
3065,11.4284
3066,7.6618
3067,13.5729
3068,10.6993
3069,9.3749
3070,11.1063
3071,23.8106
3072,12.3720
3073,12.1915
3074,21.5373
3075,18.1971
3076,9.6805
3077,12.7311
3078,17.0481
3079,25.7599
3080,17.8552
3081,17.1666
3082,19.2926
3083,18.1823
3084,14.9806
3085,14.6868
3086,11.6329
3087,8.0104
3088,12.8212
3089,12.5880
3090,21.3058
3091,9.2771
3092,14.5524
3093,14.8075
3094,7.9527
3095,10.9782
3096,9.7630
3097,9.6335
3098,14.1997
3099,13.2072
3100,14.0009
3101,12.6877
3102,11.2307
3103,12.6400
3104,13.7010
3105,13.0591
3106,7.6528
3107,8.1363
3108,11.1020
3109,12.3820
3110,12.7718
3111,17.7999
3112,14.6465
3113,11.7676
3114,6.8672
3115,8.8027
3116,13.0310
3117,16.5074
3118,14.3239
3119,17.9520
3120,23.0982
3121,12.8822
3122,23.0899
3123,14.5938
3124,13.3276
3125,20.0491
3126,13.1588
3127,7.4525
3128,15.6491
3129,17.5636
3130,14.4587
3131,15.0354
3132,14.2400
3133,11.6830
3134,12.9132
3135,15.4121
3136,12.0673
3137,12.3589
3138,13.4943
3139,17.5810
3140,16.0358
3141,14.3907
3142,14.0321
3143,17.2002
3144,13.0863
3145,14.9305
3146,12.1181
3147,12.4924
3148,10.4401
3149,11.6694
3150,9.9359
3151,9.7432
3152,10.6890
3153,15.2662
3154,12.8398
3155,9.9728
3156,9.5327
3157,14.3800
3158,9.4457
3159,10.4439
3160,13.5920
3161,9.7289
3162,14.3256
3163,14.0276
3164,12.4369
3165,10.5402
3166,10.2680
3167,11.2944
3168,12.7864
3169,13.5984
3170,13.7105
3171,11.1907
3172,22.0525
3173,13.6735
3174,12.1646
3175,13.2895
3176,12.3913
3177,15.8858
3178,12.1570
3179,23.9041
3180,16.9337
3181,13.3452
3182,24.6325
3183,14.7216
3184,12.9259
3185,16.9325
3186,16.5098
3187,14.3905
3188,13.7420
3189,19.8598
3190,11.9820
3191,13.0417
3192,16.2539
3193,10.4756
3194,10.7472
3195,11.8742
3196,14.5361
3197,11.7302
3198,17.6487
3199,12.1841
3200,12.8672
3201,24.0285
3202,14.4157
3203,12.7661
3204,13.2277
3205,12.2771
3206,13.2349
3207,16.6807
3208,7.6177
3209,11.1172
3210,12.0175
3211,9.6557
3212,15.2254
3213,9.8763
3214,11.4512
3215,10.1421
3216,11.3959
3217,13.8235
3218,12.9089
3219,22.7296
3220,14.6339
3221,14.1881
3222,11.9300
3223,11.3027
3224,7.6678
3225,10.3669
3226,18.4195
3227,10.7760
3228,12.2581
3229,17.0321
3230,18.2576
3231,11.1089
3232,10.7071
3233,8.8313
3234,11.5993
3235,13.3638
3236,10.3207
3237,15.3606
3238,10.2503
3239,6.7840
3240,9.3105
3241,9.6209
3242,13.7603
3243,8.8620
3244,11.1463
3245,15.6753
3246,10.8123
3247,9.8441
3248,10.9491
3249,9.6984
3250,10.4396
3251,9.9735
3252,9.5916
3253,9.9425
3254,10.8221
3255,13.5696
3256,9.9058
3257,11.2050
3258,13.7553
3259,10.8583
3260,13.5195
3261,15.3897
3262,12.8453
3263,8.8468
3264,15.9223
3265,12.0146
3266,13.1247
3267,15.2140
3268,10.7341
3269,18.0759
3270,12.5132
3271,19.2337
3272,15.3806
3273,15.7297
3274,23.4962
3275,18.3125
3276,14.8275
3277,17.5881
3278,18.4643
3279,14.8647
3280,10.6673
3281,14.7164
3282,11.0979
3283,11.5106
3284,11.5318
3285,12.1341
3286,11.9665
3287,10.6034
3288,10.2689
3289,12.9602
3290,11.9216
3291,10.5164
3292,10.0303
3293,16.9268
3294,14.6368
3295,8.8179
3296,13.4828
3297,15.7950
3298,11.7970
3299,13.6905
3300,12.0084
3301,7.9188
3302,16.8545
3303,14.9903
3304,14.4846
3305,13.9835
3306,9.6369
3307,13.1688
3308,14.4799
3309,12.1849
3310,16.3171
3311,16.6972
3312,15.2757
3313,13.6018
3314,13.6442
3315,14.1182
3316,12.8410
3317,10.1445
3318,9.9459
3319,13.6046
3320,10.5026
3321,13.6344
3322,18.7118
3323,12.3599
3324,18.1499
3325,13.3669
3326,14.2653
3327,10.6936
3328,10.9687
3329,17.5538
3330,12.4075
3331,15.4376
3332,11.8065
3333,14.2086
3334,11.5430
3335,14.1802
3336,12.4373
3337,13.2158
3338,16.3772
3339,17.2536
3340,6.7022
3341,6.7089
3342,7.8139
3343,8.1801
3344,9.6495
3345,10.8182
3346,9.8908
3347,11.4996
3348,14.5459
3349,10.8550
3350,12.5694
3351,10.0408
3352,10.7758
3353,10.6411
3354,10.9124
3355,8.9495
3356,14.1692
3357,9.2447
3358,12.0869
3359,8.8863
3360,10.8948
3361,11.3869
3362,12.1694
3363,9.6922
3364,7.2460
3365,7.0729
3366,9.6183
3367,10.2422
3368,13.2999
3369,7.2558
3370,16.9609
3371,12.1846
3372,11.0626
3373,13.5345
3374,10.8297
3375,10.6857
3376,18.0655
3377,14.4608
3378,12.2964
3379,23.9844
3380,12.8410
3381,11.9491
3382,14.7610
3383,12.0647
3384,9.6359
3385,14.2605
3386,12.6514
3387,10.2315
3388,9.9890
3389,7.8745
3390,10.5557
3391,15.1026
3392,14.9291
3393,14.2388
3394,17.8683
3395,14.2519
3396,11.7369
3397,11.3635
3398,10.5307
3399,10.0541
3400,10.7532
3401,11.0934
3402,12.7468
3403,12.6114
3404,9.4879
3405,10.5896
3406,9.4624
3407,17.5664
3408,8.9262
3409,13.8428
3410,9.9592
3411,12.8930
3412,12.7232
3413,13.5524
3414,12.4521
3415,12.6739
3416,11.1480
3417,16.6907
3418,12.3384
3419,9.5038
3420,16.2694
3421,13.2945
3422,17.1165
3423,11.9209
3424,16.0394
3425,16.1805
3426,16.6953
3427,16.4824
3428,11.8523
3429,12.9223
3430,12.0153
3431,10.3240
3432,9.5904
3433,9.6538
3434,10.1929
3435,9.7554
3436,9.1925
3437,10.7696
3438,8.4367
3439,13.4141
3440,16.3109
3441,11.2627
3442,14.5686
3443,9.7985
3444,15.3501
3445,13.4380
3446,9.7191
3447,7.1251
3448,15.7752
3449,8.2688
3450,8.5049
3451,7.2048
3452,12.5773
3453,8.6911
3454,11.0455
3455,15.6031
3456,8.0523
3457,16.0408
3458,11.7028
3459,16.0129
3460,11.6794
3461,11.6813
3462,13.6454
3463,15.4722
3464,16.0024
3465,15.3558
3466,11.7176
3467,16.4900
3468,10.2611
3469,10.2134
3470,11.7433
3471,12.2571
3472,11.0667
3473,12.0144
3474,12.4493
3475,9.8498
3476,10.9701
3477,9.8841
3478,11.2548
3479,10.1566
3480,13.3147
3481,17.9443
3482,14.3383
3483,12.0347
3484,10.3245
3485,14.5776
3486,17.4675
3487,11.3342
3488,12.7187
3489,20.4430
3490,11.7059
3491,18.3260
3492,14.9295
3493,14.7471
3494,10.0763
3495,12.5923
3496,19.7382
3497,12.6839
3498,12.2342
3499,13.8087
3500,13.2771
3501,14.3609
3502,13.5269
3503,13.4554
3504,15.5156
3505,10.4933
3506,13.3533
3507,14.0820
3508,12.6898
3509,12.0187
3510,8.0645
3511,12.0339
3512,12.9013
3513,15.3944
3514,12.2132
3515,10.4265
3516,8.9939
3517,11.0023
3518,17.8139
3519,16.3758
3520,13.6654
3521,15.8689
3522,9.1498
3523,10.1585
3524,10.9015
3525,9.2845
3526,10.8345
3527,11.7366
3528,9.6569
3529,12.8212
3530,10.1624
3531,9.8822
3532,15.9864
3533,16.5341
3534,23.9530
3535,15.8579
3536,12.2626
3537,13.3262
3538,12.0173
3539,20.7229
3540,14.0610
3541,10.8571
3542,16.8667
3543,15.7444
3544,13.9203
3545,11.4553
3546,11.7507
3547,10.2420
3548,9.4762
3549,11.8225
3550,16.7568
3551,15.0976
3552,16.4211
3553,8.6765
3554,7.8266
3555,13.2635
3556,12.5012
3557,12.5709
3558,11.1022
3559,10.2561
3560,12.2583
3561,10.5274
3562,12.6991
3563,9.7594
3564,14.4629
3565,15.6186
3566,13.5815
3567,7.5324
3568,13.5305
3569,12.3038
3570,11.8997
3571,7.7729
3572,11.1840
3573,11.1842
3574,10.7484
3575,10.9518
3576,13.3164
3577,9.4407
3578,10.5777
3579,12.2476
3580,8.6288
3581,12.9640
3582,16.7315
3583,10.1576
3584,11.2016
3585,12.9342
3586,14.2441
3587,14.0085
3588,11.7829
3589,9.3946
3590,12.2271
3591,14.9612
3592,9.9494
3593,10.1962
3594,13.3128
3595,13.7262
3596,10.3655
3597,19.2940
3598,12.5091
3599,13.2589
3600,10.2127
3601,13.6223
3602,20.3691
3603,8.7850
3604,12.8770
3605,12.1925
3606,14.1623
3607,16.0956
3608,8.1818
3609,13.2058
3610,13.6778
3611,11.8320
3612,16.6385
3613,17.9124
3614,14.8983
3615,13.8400
3616,14.5934
3617,14.3580
3618,16.4061
3619,8.1863
3620,8.7380
3621,12.4485
3622,11.7087
3623,13.7496
3624,9.0590
3625,10.6394
3626,10.6552
3627,10.1023
3628,8.8892
3629,14.2915
3630,12.3458
3631,11.9417
3632,14.2798
3633,9.8529
3634,10.6535
3635,12.6448
3636,11.4229
3637,15.5039
3638,11.9724
3639,13.5138
3640,13.1502
3641,11.6630
3642,9.7530
3643,10.1047
3644,10.0131
3645,7.4503
3646,8.7793
3647,7.9358
3648,17.6959
3649,15.2285
3650,17.0252
3651,13.1800
3652,10.2706
3653,10.2506
3654,14.4584
3655,17.4167
3656,13.5155
3657,12.6631
3658,15.0847
3659,10.5672
3660,9.6464
3661,9.1829
3662,13.0062
3663,10.3428
3664,11.8332
3665,13.3624
3666,13.8559
3667,11.1947
3668,11.3587
3669,11.1105
3670,14.5762
3671,13.8295
3672,15.9147
3673,16.4220
3674,16.0904
3675,14.0257
3676,18.5046
3677,10.6590
3678,11.3664
3679,10.0019
3680,11.1437
3681,11.8959
3682,8.7645
3683,9.9506
3684,12.0797
3685,9.4802
3686,10.9253
3687,11.5714
3688,11.1694
3689,14.5826
3690,12.7945
3691,11.7662
3692,13.0210
3693,11.1160
3694,11.5998
3695,12.3205
3696,19.7172
3697,10.0770
3698,18.6644
3699,16.4647
3700,29.0122
3701,11.7667
3702,9.6359
3703,18.8673
3704,19.7344
3705,12.8853
3706,13.7367
3707,14.4851
3708,17.2663
3709,15.9931
3710,14.1211
3711,14.5843
3712,11.4529
3713,11.9386
3714,10.2680
3715,8.3141
3716,23.1309
3717,15.7189
3718,9.3443
3719,12.9769
3720,14.4303
3721,12.5732
3722,10.9527
3723,10.0222
3724,12.7161
3725,11.0838
3726,10.8473
3727,11.4501
3728,9.5315
3729,11.6944
3730,12.7027
3731,13.3138
3732,15.4858
3733,9.8310
3734,10.4749
3735,18.2860
3736,13.6387
3737,11.7216
3738,15.8825
3739,18.3082
3740,31.0688
3741,15.6922
3742,18.3945
3743,23.1063
3744,17.5204
3745,14.1368
3746,25.7428
3747,15.9397
3748,15.2392
3749,9.8238
3750,11.8039
3751,11.4210
3752,16.5343
3753,14.4534
3754,12.3329
3755,11.1601
3756,11.0130
3757,11.6818
3758,12.0785
3759,11.4129
3760,13.4838
3761,9.9339
3762,9.5398
3763,11.8549
3764,15.0750
3765,11.1399
3766,13.1199
3767,8.9653
3768,12.4764
3769,9.4223
3770,11.7693
3771,10.5057
3772,13.0928
3773,12.1531
3774,12.5444
3775,10.9928
3776,57.8265
3777,15.5244
3778,16.9699
3779,14.0600
3780,13.5255
3781,11.9200
3782,19.4039
3783,10.7934
3784,14.9271
3785,12.7473
3786,19.8100
3787,16.3994
3788,15.4684
3789,9.9142
3790,12.4495
3791,9.8786
3792,12.6529
3793,12.9828
3794,15.7750
3795,11.2236
3796,22.0342
3797,12.4347
3798,7.1831
3799,21.3351
3800,12.4943
3801,10.6449
3802,12.0924
3803,20.1728
3804,13.6986
3805,11.3635
3806,13.5224
3807,13.0386
3808,12.3138
3809,11.4329
3810,10.6106
3811,9.0721
3812,14.2493
3813,14.9515
3814,11.8268
3815,16.3317
3816,19.8464
3817,19.8138
3818,11.6251
3819,12.6138
3820,12.1555
3821,11.8237
3822,14.5409
3823,13.1567
3824,16.0835
3825,21.3773
3826,16.8667
3827,13.3319
3828,14.3399
3829,10.8211
3830,13.2751
3831,12.0020
3832,12.3925
3833,13.5818
3834,20.0317
3835,16.4955
3836,10.2117
3837,10.1573
3838,14.3707
3839,11.8759
3840,13.5827
3841,15.6114
3842,12.2950
3843,11.3568
3844,11.9493
3845,8.9383
3846,13.9472
3847,15.1045
3848,13.8690
3849,13.3865
3850,13.1757
3851,12.9943
3852,14.9255
3853,8.1325
3854,16.4230
3855,14.5099
3856,12.1911
3857,16.4485
3858,11.9476
3859,16.3038
3860,15.9793
3861,12.6023
3862,14.8890
3863,13.5705
3864,17.4263
3865,21.4829
3866,9.8684
3867,14.6003
3868,13.2933
3869,10.9224
3870,14.0417
3871,11.1713
3872,12.9786
3873,10.9804
3874,8.3342
3875,11.4141
3876,14.0121
3877,13.7994
3878,13.9489
3879,17.1638
3880,12.5360
3881,11.3420
3882,15.0263
3883,16.7904
3884,13.5274
3885,13.3719
3886,12.4805
3887,19.2528
3888,15.6646
3889,10.2682
3890,12.4984
3891,12.3072
3892,10.7241
3893,12.9592
3894,13.5539
3895,12.1238
3896,13.3009
3897,20.1774
3898,14.6909
3899,14.4691
3900,16.7425
3901,15.7630
3902,9.2497
3903,21.2500
3904,16.4857
3905,17.7011
3906,18.0793
3907,16.6545
3908,14.3940
3909,14.0841
3910,20.7679
3911,8.9648
3912,12.0945
3913,18.9815
3914,14.4799
3915,11.8306
3916,16.7451
3917,11.5891
3918,17.7574
3919,11.9510
3920,13.1960
3921,13.9554
3922,15.4512
3923,11.3671
3924,8.2135
3925,7.7934
3926,12.1973
3927,11.9114
3928,15.4774
3929,12.7611
3930,9.8121
3931,13.5002
3932,12.1140
3933,13.8712
3934,8.1096
3935,7.1604
3936,7.2794
3937,9.7194
3938,11.2741
3939,11.1020
3940,10.2954
3941,14.4260
3942,11.9216
3943,11.3504
3944,12.4915
3945,11.1437
3946,13.4127
3947,11.1673
3948,10.7157
3949,13.5653
3950,14.4751
3951,11.7004
3952,12.4147
3953,12.1620
3954,20.6263
3955,10.1187
3956,13.9358
3957,13.5791
3958,17.1359
3959,15.2440
3960,12.8071
3961,13.3221
3962,10.9961
3963,9.6447
3964,11.6343
3965,9.0401
3966,13.4842
3967,11.5392
3968,14.4603
3969,10.0508
3970,18.3251
3971,19.0072
3972,13.5646
3973,12.8517
3974,9.4712
3975,13.2484
3976,9.6552
3977,11.2658
3978,10.7553
3979,10.9673
3980,10.5138
3981,10.5021
3982,10.8919
3983,11.7912
3984,12.1584
3985,11.9960
3986,11.0021
3987,14.5764
3988,14.7879
3989,9.9430
3990,11.2889
3991,10.2849
3992,15.6646
3993,21.3661
3994,12.7525
3995,12.4838
3996,10.2749
3997,13.4096
3998,20.9374
3999,14.0955
4000,13.2294
4001,11.2762
4002,15.8336
4003,14.4091
4004,19.0866
4005,16.9556
4006,17.7104
4007,11.1940
4008,9.5646
4009,12.8269
4010,13.2670
4011,9.1338
4012,10.6375
4013,14.8289
4014,12.2890
4015,12.4428
4016,11.9777
4017,12.8138
4018,13.3142
4019,12.4130
4020,11.0314
4021,14.0808
4022,15.4824
4023,30.1387
4024,13.4346
4025,9.2199
4026,11.0810
4027,14.5292
4028,10.0303
4029,15.9330
4030,11.5509
4031,10.8914
4032,26.4828
4033,8.5936
4034,15.4920
4035,12.7907
4036,14.3907
4037,15.5432
4038,13.9174
4039,12.9375
4040,16.2349
4041,9.2072
4042,13.5677
4043,10.9384
4044,11.5678
4045,12.1260
4046,9.2776
4047,8.3675
4048,15.6865
4049,12.0463
4050,11.3575
4051,9.8994
4052,11.0207
4053,16.5768
4054,11.6372
4055,13.4189
4056,16.3267
4057,8.8854
4058,11.5018
4059,11.3139
4060,9.8479
4061,10.3767
4062,11.1477
4063,10.3166
4064,11.8914
4065,9.0032
4066,15.9528
4067,11.8725
4068,15.1470
4069,11.4470
4070,15.4650
4071,11.8215
4072,11.9612
4073,21.1916
4074,13.5808
4075,14.3211
4076,13.5264
4077,11.5345
4078,13.1428
4079,23.3486
4080,9.8321
4081,13.5622
4082,14.6537
4083,15.0752
4084,20.4258
4085,15.7876
4086,14.0204
4087,10.3509
4088,13.1052
4089,11.4110
4090,12.4049
4091,14.7347
4092,11.0357
4093,13.7405
4094,14.0977
4095,11.8759
4096,16.2795
4097,15.9600
4098,11.0090
4099,15.1660
4100,17.8297
4101,13.6666
4102,16.5811
4103,9.5029
4104,11.2848
4105,11.9896
4106,13.1788
4107,7.8032
4108,15.9287
4109,8.2440
4110,9.7330
4111,21.3218
4112,17.6976
4113,13.9880
4114,11.7757
4115,11.9917
4116,9.4151
4117,11.2455
4118,14.8294
4119,14.8613
4120,22.0232
4121,31.3964
4122,24.4536
4123,15.7421
4124,17.4072
4125,11.3676
4126,12.7428
4127,13.8376
4128,10.5791
4129,10.3011
4130,10.8984
4131,10.1855
4132,8.5654
4133,8.3017
4134,10.6792
4135,18.3537
4136,10.9510
4137,10.8423
4138,11.2746
4139,12.9306
4140,11.5750
4141,12.2385
4142,14.9174
4143,12.8036
4144,14.5419
4145,14.1048
4146,15.2342
4147,9.9149
4148,11.0075
4149,11.0717
4150,18.8158
4151,17.0455
4152,12.3091
4153,11.1029
4154,12.9220
4155,16.6872
4156,12.0921
4157,11.2326
4158,9.9578
4159,14.8497
4160,14.2617
4161,10.0055
4162,12.1999
4163,15.7461
4164,8.6563
4165,15.9142
4166,18.3649
4167,12.4443
4168,11.9555
4169,11.3900
4170,15.8923
4171,15.9795
4172,17.5624
4173,12.7556
4174,9.6734
4175,19.7268
4176,12.8701
4177,16.1650
4178,14.9145
4179,10.3559
4180,13.3600
4181,18.7240
4182,11.6332
4183,11.5960
4184,11.8651
4185,11.1601
4186,10.5305
4187,14.5211
4188,20.6678
4189,10.7763
4190,12.2275
4191,17.3399
4192,14.4184
4193,15.7552
4194,9.6486
4195,10.5228
4196,11.5664
4197,11.7013
4198,14.2972
4199,15.7344
4200,20.4725
4201,19.8855
4202,14.1108
4203,20.1173
4204,17.3285
4205,20.0703
4206,9.1808
4207,15.4314
4208,15.3062
4209,13.1791
4210,10.7980
4211,9.1708
4212,9.2096
4213,8.4205
4214,7.1399
4215,6.8300
4216,7.1931
4217,5.9745
4218,9.1915
4219,9.9208
4220,10.3416
4221,9.0735
4222,10.1349
4223,9.1243
4224,16.4893
4225,7.3686
4226,8.6243
4227,9.0432
4228,9.4059
4229,15.7731
4230,8.4624
4231,10.9699
4232,14.4904
4233,17.1776
4234,10.5577
4235,8.6915
4236,10.5920
4237,9.8975
4238,7.8623
4239,12.0952
4240,9.8948
4241,10.1910
4242,10.4067
4243,11.1837
4244,12.3358
4245,12.2046
4246,11.3239
4247,17.4212
4248,11.5626
4249,13.2813
4250,11.9596
4251,14.9789
4252,13.2864
4253,14.6496
4254,11.2252
4255,14.5526
4256,11.6808
4257,12.5792
4258,9.2838
4259,11.1516
4260,10.6845
4261,11.5023
4262,15.3100
4263,12.9225
4264,11.8358
4265,11.6737
4266,12.2261
4267,10.3142
4268,11.8372
4269,15.5237
4270,10.5226
4271,11.2526
4272,16.7549
4273,14.9508
4274,10.9286
4275,9.8877
4276,9.0117
4277,11.5099
4278,10.8004
4279,14.5924
4280,17.2651
4281,9.2278
4282,14.7326
4283,13.8252
4284,10.4702
4285,9.8383
4286,10.6771
4287,10.4654
4288,7.0643
4289,9.1152
4290,9.2449
4291,10.4098
4292,9.7950
4293,12.3541
4294,11.8220
4295,10.0250
4296,10.7646
4297,8.8975
4298,9.3074
4299,15.2073
4300,8.9569
4301,13.0980
4302,14.9002
4303,11.1966
4304,12.7687
4305,15.5759
4306,12.5830
4307,9.8777
4308,11.6265
4309,11.0660
4310,10.1700
4311,11.0524
4312,7.8866
4313,20.1404
4314,8.6391
4315,15.6064
4316,11.8222
4317,9.5601
4318,10.8390
4319,12.5074
4320,14.6837
4321,11.4598
4322,12.6417
4323,13.7258
4324,10.2897
4325,10.8759
4326,15.4436
4327,11.4777
4328,11.8234
4329,16.2446
4330,9.9161
4331,11.5387
4332,21.8244
4333,21.8623
4334,16.4018
4335,8.3461
4336,9.0294
4337,8.8058
4338,8.5821
4339,8.0552
4340,9.3212
4341,7.4298
4342,7.8583
4343,8.6417
4344,9.7127
4345,7.6845
4346,10.5407
4347,14.2045
4348,9.9959
4349,17.5812
4350,10.0379
4351,11.8763
4352,11.3277
4353,14.3712
4354,10.7691
4355,11.4398
4356,13.6120
4357,17.0958
4358,11.9584
4359,7.7944
4360,8.5187
4361,8.8909
4362,10.7615
4363,13.7303
4364,13.5999
4365,10.4580
4366,11.4172
4367,8.2736
4368,10.7126
4369,14.0276
4370,8.7593
4371,12.6324
4372,15.2724
4373,12.5089
4374,10.7980
4375,11.3273
4376,13.2613
4377,14.2119
4378,12.0535
4379,12.9507
4380,10.8950
4381,14.1895
4382,14.4138
4383,14.6320
4384,12.4936
4385,6.6745
4386,7.7891
4387,10.9746
4388,8.3861
4389,8.3392
4390,12.9700
4391,11.6677
4392,12.7964
4393,12.3026
4394,10.9432
4395,14.2298
4396,12.9297
4397,13.7756
4398,9.9907
4399,11.6050
4400,12.5396
4401,11.5325
4402,11.8353
4403,7.8111
4404,35.1343
4405,13.2401
4406,11.2710
4407,11.7655
4408,15.9929
4409,16.1364
4410,16.3655
4411,13.2029
4412,22.6324
4413,9.8085
4414,14.1225
4415,12.8596
4416,13.3796
4417,12.5213
4418,11.5142
4419,30.8197
4420,15.3303
4421,19.2616
4422,15.7330
4423,14.1735
4424,14.9252
4425,13.9389
4426,14.7047
4427,11.4825
4428,6.9788
4429,7.9255
4430,9.9666
4431,11.9638
4432,16.8204
4433,15.7707
4434,13.1447
4435,9.9204
4436,16.4499
4437,12.7623
4438,11.1487
4439,12.0654
4440,15.7125
4441,10.7708
4442,9.7961
4443,12.7625
4444,12.7959
4445,15.3301
4446,15.6934
4447,9.9642
4448,9.0475
4449,14.0305
4450,16.5217
4451,14.3833
4452,10.6266
4453,11.3239
4454,11.7583
4455,12.2213
4456,13.0863
4457,11.0078
4458,11.9064
4459,11.5845
4460,12.6457
4461,6.9764
4462,10.2446
4463,10.8507
4464,12.5241
4465,10.5767
4466,14.3082
4467,14.0319
4468,10.2758
4469,17.9522
4470,10.9103
4471,18.4884
4472,10.6995
4473,9.8064
4474,15.1291
4475,18.6346
4476,16.7513
4477,13.7732
4478,17.7157
4479,11.1408
4480,11.0137
4481,7.3955
4482,11.3060
4483,13.0961
4484,9.7611
4485,11.0002
4486,15.8460
4487,14.6186
4488,19.6712
4489,12.0969
4490,11.1687
4491,9.6364
4492,12.6765
4493,11.8060
4494,12.3124
4495,14.8036
4496,11.4679
4497,12.5320
4498,13.5996
4499,13.1466
4500,10.8688
4501,12.7928
4502,12.7292
4503,10.7818
4504,14.1997
4505,12.8813
4506,14.8339
4507,16.0646
4508,13.6065
4509,19.2564
4510,13.9921
4511,15.5089
4512,12.3439
4513,11.2665
4514,12.5763
4515,11.5817
4516,16.6640
4517,13.9635
4518,13.8843
4519,13.8566
4520,11.0736
4521,10.9396
4522,18.2161
4523,11.0927
4524,20.1681
4525,13.2539
4526,12.8944
4527,16.2399
4528,15.9883
4529,14.3123
4530,15.9075
4531,13.2067
4532,15.0146
4533,22.4407
4534,17.0608
4535,15.1546
4536,17.1964
4537,15.6128
4538,12.7578
4539,16.4795
4540,11.8461
4541,13.3562
4542,10.9034
4543,12.0685
4544,11.6010
4545,11.7872
4546,12.9256
4547,27.3550
4548,11.8923
4549,14.9269
4550,8.4023
4551,9.5007
4552,11.0221
4553,14.6334
4554,12.0544
4555,11.9829
4556,12.2807
4557,17.2532
4558,8.3103
4559,11.9498
4560,16.7294
4561,10.7894
4562,9.7349
4563,11.8661
4564,10.5879
4565,11.2584
4566,10.4439
4567,12.0661
4568,12.0649
4569,13.1686
4570,10.7315
4571,10.7100
4572,11.7550
4573,11.1341
4574,20.6976
4575,12.9275
4576,11.5583
4577,16.5372
4578,9.5851
4579,11.5533
4580,11.3423
4581,10.0107
4582,10.8318
4583,10.1631
4584,9.8193
4585,12.8036
4586,14.2748
4587,13.0606
4588,11.7457
4589,14.7517
4590,12.3160
4591,9.7291
4592,12.9931
4593,15.6763
4594,10.8087
4595,12.1465
4596,9.6872
4597,13.2251
4598,12.4493
4599,19.2544
4600,13.0355
4601,16.9182
4602,10.4289
4603,20.2239
4604,8.4634
4605,11.0497
4606,10.3962
4607,9.9528
4608,9.5685
4609,10.5040
4610,10.5300
4611,14.2186
4612,21.3130
4613,13.8626
4614,12.7494
4615,14.5876
4616,18.3580
4617,13.9008
4618,18.0511
4619,15.7161
4620,10.8185
4621,14.8189
4622,8.6794
4623,11.6928
4624,16.1011
4625,12.4319
4626,20.6699
4627,17.5478
4628,18.0724
4629,10.7718
4630,14.3924
4631,17.9429
4632,20.6335
4633,11.5767
4634,15.1088
4635,17.5288
4636,14.5013
4637,9.9010
4638,17.6008
4639,11.3716
4640,10.1218
4641,14.1268
4642,13.3686
4643,10.8900
4644,11.6932
4645,18.6353
4646,16.2830
4647,9.4903
4648,14.5605
4649,9.6891
4650,12.3103
4651,11.0421
4652,17.6864
4653,13.0515
4654,14.6630
4655,16.8753
4656,9.4714
4657,18.6846
4658,13.3147
4659,14.5156
4660,13.1683
4661,8.0886
4662,11.2293
4663,10.1194
4664,10.9971
4665,11.7402
4666,11.3077
4667,12.6390
4668,14.3785
4669,15.6541
4670,11.3695
4671,12.2876
4672,12.3656
4673,12.5439
4674,16.8939
4675,13.1586
4676,11.3676
4677,12.6140
4678,11.3223
4679,11.5795
4680,17.2150
4681,8.4651
4682,13.2134
4683,13.0591
4684,13.4158
4685,11.6599
4686,13.3505
4687,11.6019
4688,11.5683
4689,15.1391
4690,10.1633
4691,11.9531
4692,12.1830
4693,15.7056
4694,12.0764
4695,8.8294
4696,10.5963
4697,17.1301
4698,9.8965
4699,14.9977
4700,10.2847
4701,15.7132
4702,9.7971
4703,15.3499
4704,16.4523
4705,13.8776
4706,13.2189
4707,19.9387
4708,10.2541
4709,14.4942
4710,10.6003
4711,9.7444
4712,10.5507
4713,10.8027
4714,10.5267
4715,13.0124
4716,12.3763
4717,11.2009
4718,14.2677
4719,14.1270
4720,15.5122
4721,15.5566
4722,15.4116
4723,10.9525
4724,16.2113
4725,13.4866
4726,14.6370
4727,16.5370
4728,13.2401
4729,16.0580
4730,6.4468
4731,27.3356
4732,15.6493
4733,15.7676
4734,18.9610
4735,16.7227
4736,13.1857
4737,19.5687
4738,12.3391
4739,10.1740
4740,10.8545
4741,11.3075
4742,13.8688
4743,15.2755
4744,9.5708
4745,18.1458
4746,10.8724
4747,17.4453
4748,14.3521
4749,12.8284
4750,14.5340
4751,17.0383
4752,11.3051
4753,10.2935
4754,11.8523
4755,11.4794
4756,10.3686
4757,11.7466
4758,9.9406
4759,10.7460
4760,10.3798
4761,11.4806
4762,10.1786
4763,11.1320
4764,10.5593
4765,10.3388
4766,11.9531
4767,13.8161
4768,8.5249
4769,10.8731
4770,11.2245
4771,11.4143
4772,11.2321
4773,11.6394
4774,7.6473
4775,12.7327
4776,11.0986
4777,13.7746
4778,10.0963
4779,11.5330
4780,12.9137
4781,18.5099
4782,11.3053
4783,13.2897
4784,10.4733
4785,11.9407
4786,11.5995
4787,16.7928
4788,9.6478
4789,10.2072
4790,13.6390
4791,14.3914
4792,14.6198
4793,10.4225
4794,11.9531
4795,12.9867
4796,16.8943
4797,12.5566
4798,12.3465
4799,10.6330
4800,15.6915
4801,14.5848
4802,11.3671
4803,16.6607
4804,15.1577
4805,13.6178
4806,13.0608
4807,16.3803
4808,10.8120
4809,8.9943
4810,12.0256
4811,9.5150
4812,13.2978
4813,12.3234
4814,14.5781
4815,12.5818
4816,9.7697
4817,12.0401
4818,11.0459
4819,11.6954
4820,14.2469
4821,8.9960
4822,9.1212
4823,10.8564
4824,7.8011
4825,7.7436
4826,8.5998
4827,13.2117
4828,10.9274
4829,9.8007
4830,11.6482
4831,9.5541
4832,9.7387
4833,10.3357
4834,8.7204
4835,11.9507
4836,8.7953
4837,7.9668
4838,15.5442
4839,9.6903
4840,8.2970
4841,15.3551
4842,10.2835
4843,16.6502
4844,12.2514
4845,10.6149
4846,11.4057
4847,24.1649
4848,17.8163
4849,9.5417
4850,18.1286
4851,10.5922
4852,11.5974
4853,7.7896
4854,6.2788
4855,9.9037
4856,10.9560
4857,12.8739
4858,12.7437
4859,9.7153
4860,14.8094
4861,16.5479
4862,10.1538
4863,8.7039
4864,10.2756
4865,9.9993
4866,9.2647
4867,11.0478
4868,10.6263
4869,10.6177
4870,10.2098
4871,9.6514
4872,13.9470
4873,9.4490
4874,15.2063
4875,13.4974
4876,12.1305
4877,7.1690
4878,8.2653
4879,10.8972
4880,8.6472
4881,10.7906
4882,10.4403
4883,15.6071
4884,11.6720
4885,11.3666
4886,10.2644
4887,19.8603
4888,11.9302
4889,11.5387
4890,11.0228
4891,11.7438
4892,11.1985
4893,13.5062
4894,16.5713
4895,8.4860
4896,10.0636
4897,9.7330
4898,8.9211
4899,10.7591
4900,9.9082
4901,12.7962
4902,11.1532
4903,9.9797
4904,11.1010
4905,11.2891
4906,14.8759
4907,11.5156
4908,12.6257
4909,12.1958
4910,15.5492
4911,11.5476
4912,12.5413
4913,16.3016
4914,11.6122
4915,16.4847
4916,16.0093
4917,14.0991
4918,10.7670
4919,14.4546
4920,14.1919
4921,15.1811
4922,12.4927
4923,10.3273
4924,12.2240
4925,12.3274
4926,11.1141
4927,10.9317
4928,13.2086
4929,10.4146
4930,12.5594
4931,9.4411
4932,10.2022
4933,11.9376
4934,21.1191
4935,10.2222
4936,14.4873
4937,15.6384
4938,12.2466
4939,10.7388
4940,16.1719
4941,9.8939
4942,12.1765
4943,15.5818
4944,16.7100
4945,16.9106
4946,14.7810
4947,18.5480
4948,14.7235
4949,16.0027
4950,13.4089
4951,11.1363
4952,16.9055
4953,13.6304
4954,7.4179
4955,12.1243
4956,20.8187
4957,23.1581
4958,11.4212
4959,11.3578
4960,14.0190
4961,11.4822
4962,14.1482
4963,11.3811
4964,9.8588
4965,11.4017
4966,10.4890
4967,12.5203
4968,11.4965
4969,8.9254
4970,10.9534
4971,10.5336
4972,11.6909
4973,7.9277
4974,11.9424
4975,12.2945
4976,9.4426
4977,12.6278
4978,11.8020
4979,12.2173
4980,11.1680
4981,16.6528
4982,12.9037
4983,14.9722
4984,11.3902
4985,12.8284
4986,9.9025
4987,10.7851
4988,15.8267
4989,12.8198
4990,14.2252
4991,9.4838
4992,17.3137
4993,10.2234
4994,9.9001
4995,10.6778
4996,12.7125
4997,11.5979
4998,8.4653
4999,9.5153
5000,12.3439
5001,8.6727
5002,11.3997
5003,17.7991
5004,16.8934
5005,15.2550
5006,10.8035
5007,15.5571
5008,13.9043
5009,9.6934
5010,9.0144
5011,10.9024
5012,16.1750
5013,10.7830
5014,15.8644
5015,12.5973
5016,11.9662
5017,11.0755
5018,9.9735
5019,10.7794
5020,9.4557
5021,11.2925
5022,12.2154
5023,10.0937
5024,11.3144
5025,14.8895
5026,9.9373
5027,11.6415
5028,10.1213
5029,16.9761
5030,12.8946
5031,10.4213
5032,11.2133
5033,18.0054
5034,14.8609
5035,15.1703
5036,14.4980
5037,11.2617
5038,10.4959
5039,13.0324
5040,12.2333
5041,11.3809
5042,9.2726
5043,10.4668
5044,8.5325
5045,9.3420
5046,9.1243
5047,11.4052
5048,11.2202
5049,12.4519
5050,14.0209
5051,14.2934
5052,11.3318
5053,10.4947
5054,9.9370
5055,9.7456
5056,11.2026
5057,9.7322
5058,12.5673
5059,20.0620
5060,10.0081
5061,11.6110
5062,18.9929
5063,18.6286
5064,12.4381
5065,19.1498
5066,14.6501
5067,15.5847
5068,15.5115
5069,9.9542
5070,14.8764
5071,14.6801
5072,17.2460
5073,12.3875
5074,16.4323
5075,11.8170
5076,13.6054
5077,8.7130
5078,13.0980
5079,16.7334
5080,9.1932
5081,9.0163
5082,11.5879
5083,14.3328
5084,18.4169
5085,12.6894
5086,8.2288
5087,14.2205
5088,9.7487
5089,7.6692
5090,11.9362
5091,11.2703
5092,8.9927
5093,13.4940
5094,9.7394
5095,11.1749
5096,19.7017
5097,9.7773
5098,13.0224
5099,11.6770
5100,11.1444
5101,10.9355
5102,13.4323
5103,15.1300
5104,10.0713
5105,9.2592
5106,16.3691
5107,12.8138
5108,15.6488
5109,12.1622
5110,11.8608
5111,11.3292
5112,9.9804
5113,11.0443
5114,13.9067
5115,10.2844
5116,11.4920
5117,12.9638
5118,10.7944
5119,12.0001
5120,17.6568
5121,9.9332
5122,20.7067
5123,14.8976
5124,14.1630
5125,16.2685
5126,11.4803
5127,9.7351
5128,10.0067
5129,11.6916
5130,12.1121
5131,11.7023
5132,11.4460
5133,16.2442
5134,14.1113
5135,12.8548
5136,9.5575
5137,14.8370
5138,13.0987
5139,10.8199
5140,14.4587
5141,13.3524
5142,10.8070
5143,15.0983
5144,15.8758
5145,12.7282
5146,19.2370
5147,15.2836
5148,13.9461
5149,11.5438
5150,17.3981
5151,12.0094
5152,19.0821
5153,10.3605
5154,10.5498
5155,10.4222
5156,13.3519
5157,14.3690
5158,11.7481
5159,13.2022
5160,13.2232
5161,15.5058
5162,16.3507
5163,31.8992
5164,16.8808
5165,17.8592
5166,9.9807
5167,8.0807
5168,9.1012
5169,16.4690
5170,15.0220
5171,17.0133
5172,13.4380
5173,16.7398
5174,12.3665
5175,10.6227
5176,10.9425
5177,11.2436
5178,11.8411
5179,14.2610
5180,12.9700
5181,26.4313
5182,10.7539
5183,11.5016
5184,10.8111
5185,12.2304
5186,20.5679
5187,12.5983
5188,9.2950
5189,7.5550
5190,8.9641
5191,12.7819
5192,12.1765
5193,12.2786
5194,11.9071
5195,12.3212
5196,17.5698
5197,13.5188
5198,10.1593
5199,9.4490
5200,10.5133
5201,9.1932
5202,12.3124
5203,7.8554
5204,8.2452
5205,9.4831
5206,7.1495
5207,8.9951
5208,13.6943
5209,8.4293
5210,11.2369
5211,12.6305
5212,13.2113
5213,13.4346
5214,11.9641
5215,15.8145
5216,11.8673
5217,12.7811
5218,11.8315
5219,16.7177
5220,16.4626
5221,11.9917
5222,13.6836
5223,14.8156
5224,14.6589
5225,14.8530
5226,15.1365
5227,12.5666
5228,14.4491
5229,11.6494
5230,11.9760
5231,12.1288
5232,11.8735
5233,11.1356
5234,12.1338
5235,11.2865
5236,14.4749
5237,11.3623
5238,13.7360
5239,21.8523
5240,9.5503
5241,10.8945
5242,7.9975
5243,6.3236
5244,8.3704
5245,10.5064
5246,9.6579
5247,15.7979
5248,13.9120
5249,10.3371
5250,10.0632
5251,13.8326
5252,10.8407
5253,10.7083
5254,10.6871
5255,11.8895
5256,14.1551
5257,15.5575
5258,9.9461
5259,21.2011
5260,9.6228
5261,13.0191
5262,15.7986
5263,12.4481
5264,19.1936
5265,11.5089
5266,10.7365
5267,11.3249
5268,10.9773
5269,15.0661
5270,13.5844
5271,12.7897
5272,15.8515
5273,15.8606
5274,15.6188
5275,14.8470
5276,21.1103
5277,17.3008
5278,13.4821
5279,14.2968
5280,10.7048
5281,12.5535
5282,11.3461
5283,11.5905
5284,16.4635
5285,15.9500
5286,11.5492
5287,15.2225
5288,11.1403
5289,11.5838
5290,11.7972
5291,12.4652
5292,11.6799
5293,12.6507
5294,11.6050
5295,13.6995
5296,12.2831
5297,17.4060
5298,15.4281
5299,9.5725
5300,16.9718
5301,8.6372
5302,10.6301
5303,9.6509
5304,9.0225
5305,13.0107
5306,15.6562
5307,8.8630
5308,14.7119
5309,15.1021
5310,10.2293
5311,16.5410
5312,12.7754
5313,10.0124
5314,17.0457
5315,10.0412
5316,11.9209
5317,16.4731
5318,16.0961
5319,9.6488
5320,21.8272
5321,10.5987
5322,9.9611
5323,8.2693
5324,7.9534
5325,18.1482
5326,13.6185
5327,11.4536
5328,14.9102
5329,14.8556
5330,13.3357
5331,11.9498
5332,17.6442
5333,9.2633
5334,11.7810
5335,12.0647
5336,14.6022
5337,20.2122
5338,11.1642
5339,13.3855
5340,15.8756
5341,11.8821
5342,17.8022
5343,9.5866
5344,10.3469
5345,7.7059
5346,12.1133
5347,12.2221
5348,10.5848
5349,6.7439
5350,6.9962
5351,11.1454
5352,11.8911
5353,14.3812
5354,9.6359
5355,12.0728
5356,13.0486
5357,9.2714
5358,10.9651
5359,10.7324
5360,12.9035
5361,13.8943
5362,12.6300
5363,12.5334
5364,14.6418
5365,16.0077
5366,14.8153
5367,11.2040
5368,11.7242
5369,14.8935
5370,9.3198
5371,20.0825
5372,12.9442
5373,18.4555
5374,16.9022
5375,10.7336
5376,16.5019
5377,20.1123
5378,14.9758
5379,11.1952
5380,21.2345
5381,14.5433
5382,20.8440
5383,14.3080
5384,11.0273
5385,9.0275
5386,8.3923
5387,8.3475
5388,10.2632
5389,13.3238
5390,9.6133
5391,7.0417
5392,6.6376
5393,8.3613
5394,8.7433
5395,10.8476
5396,16.1099
5397,11.5793
5398,11.4460
5399,16.1169
5400,9.1999
5401,12.0301
5402,10.7629
5403,14.1313
5404,17.7457
5405,10.3867
5406,9.7318
5407,9.3470
5408,10.9401
5409,9.5203
5410,11.3552
5411,9.3911
5412,7.2448
5413,9.4376
5414,12.4798
5415,14.8945
5416,12.8410
5417,13.4499
5418,11.9929
5419,17.5359
5420,13.0575
5421,12.9650
5422,14.4477
5423,12.7110
5424,13.2792
5425,13.1571
5426,10.9103
5427,11.6329
5428,11.3041
5429,11.4923
5430,16.7155
5431,10.4358
5432,20.9830
5433,9.5456
5434,15.1272
5435,11.3733
5436,9.1088
5437,13.4363
5438,11.3873
5439,11.8139
5440,14.2498
5441,14.5218
5442,13.0579
5443,9.2726
5444,8.7113
5445,8.7793
5446,8.5111
5447,8.5456
5448,8.4212
5449,7.7305
5450,11.3890
5451,10.9737
5452,11.9469
5453,13.6559
5454,14.0266
5455,12.6336
5456,14.2071
5457,12.5234
5458,18.6718
5459,12.0203
5460,10.6208
5461,17.3302
5462,9.0728
5463,16.5465
5464,14.9016
5465,22.7497
5466,18.6112
5467,11.9481
5468,10.4873
5469,9.1960
5470,13.2625
5471,10.4978
5472,10.8819
5473,9.7482
5474,10.0973
5475,14.3461
5476,12.9032
5477,10.1500
5478,11.7271
5479,8.1758
5480,10.0033
5481,12.8489
5482,12.7158
5483,11.2667
5484,10.9260
5485,9.3875
5486,20.8461
5487,12.5623
5488,11.5621
5489,14.5309
5490,21.7457
5491,13.7179
5492,13.8710
5493,13.3667
5494,15.1846
5495,12.3608
5496,17.3540
5497,11.7371
5498,14.7817
5499,14.5578
5500,20.5750
5501,7.8466
5502,13.7813
5503,9.5730
5504,11.0805
5505,14.9145
5506,11.0862
5507,13.1543
5508,12.7475
5509,12.8713
5510,12.1701
5511,11.9152
5512,12.0604
5513,11.0681
5514,10.6468
5515,12.9831
5516,12.4998
5517,12.1896
5518,11.1439
5519,11.3363
5520,11.5418
5521,12.5864
5522,11.3902
5523,9.5918
5524,16.5370
5525,9.4995
5526,10.8645
5527,6.8002
5528,12.1160
5529,13.2899
5530,14.8561
5531,14.6687
5532,17.7765
5533,14.2455
5534,7.9937
5535,17.1678
5536,15.2550
5537,16.2990
5538,10.9389
5539,16.8211
5540,14.5538
5541,15.9760
5542,22.4366
5543,17.6671
5544,10.3426
5545,9.3272
5546,13.0916
5547,11.9972
5548,11.1260
5549,13.2496
5550,9.5212
5551,12.6665
5552,9.1226
5553,9.8655
5554,20.0174
5555,8.9071
5556,10.3226
5557,11.0323
5558,19.4497
5559,13.3028
5560,13.0992
5561,12.2378
5562,13.9418
5563,17.6287
5564,9.4340
5565,11.4686
5566,10.8645
5567,15.6724
5568,14.7393
5569,10.0143
5570,11.1983
5571,12.8427
5572,12.3043
5573,12.9998
5574,11.2004
5575,25.3339
5576,12.5678
5577,10.5448
5578,12.0080
5579,14.1187
5580,8.5893
5581,10.2808
5582,12.6674
5583,11.6799
5584,12.5048
5585,11.4896
5586,15.1122
5587,13.1004
5588,6.9523
5589,9.4700
5590,7.2453
5591,7.5898
5592,7.4580
5593,8.0378
5594,19.5498
5595,14.1423
5596,14.2341
5597,12.1219
5598,26.6616
5599,11.0774
5600,14.8265
5601,29.5167
5602,20.3030
5603,14.6325
5604,14.9946
5605,12.0342
5606,13.8736
5607,8.9445
5608,11.1384
5609,12.8138
5610,10.6938
5611,14.0100
5612,13.3286
5613,15.3365
5614,12.5976
5615,9.5274
5616,16.6178
5617,11.3537
5618,11.6773
5619,11.8852
5620,9.6178
5621,10.5872
5622,9.9854
5623,9.8023
5624,12.0063
5625,9.7940
5626,13.6602
5627,16.7058
5628,13.2091
5629,14.4250
5630,9.7589
5631,18.6968
5632,9.8784
5633,15.4791
5634,13.5400
5635,17.5738
5636,11.3695
5637,11.1332
5638,12.3146
5639,14.1404
5640,13.8113
5641,15.6937
5642,9.6245
5643,11.7748
5644,13.8481
5645,10.9346
5646,10.4256
5647,9.3198
5648,22.8407
5649,10.9117
5650,11.2209
5651,13.9439
5652,13.0818
5653,13.6364
5654,13.0923
5655,17.9212
5656,15.0540
5657,10.2065
5658,7.0477
5659,9.1279
5660,10.1869
5661,17.5571
5662,9.7508
5663,19.6567
5664,17.2603
5665,11.5914
5666,10.9563
5667,6.5639
5668,6.9826
5669,9.7120
5670,12.5046
5671,11.8783
5672,9.5737
5673,9.5651
5674,10.7436
5675,12.9535
5676,13.5655
5677,22.1484
5678,11.8623
5679,13.0231
5680,14.3185
5681,13.0770
5682,10.4237
5683,12.2354
5684,10.1805
5685,15.7664
5686,12.0599
5687,8.7426
5688,7.7639
5689,11.3506
5690,14.2789
5691,13.2639
5692,14.2870
5693,10.5369
5694,12.1179
5695,11.5564
5696,12.2468
5697,28.4004
5698,17.1781
5699,10.9973
5700,20.5636
5701,10.1385
5702,10.2980
5703,22.4419
5704,7.9117
5705,9.2762
5706,9.3219
5707,11.9872
5708,17.2009
5709,12.9297
5710,12.2967
5711,12.1853
5712,12.5508
5713,13.5128
5714,12.8710
5715,13.2878
5716,15.2035
5717,12.4028
5718,14.3187
5719,11.3988
5720,11.0672
5721,10.7367
5722,12.4826
5723,7.7648
5724,11.3935
5725,11.8937
5726,13.7432
5727,13.5624
5728,16.2051
5729,13.7169
5730,13.0606
5731,10.4544
5732,12.7285
5733,12.6398
5734,11.2519
5735,10.7543
5736,9.0742
5737,15.3041
5738,10.3185
5739,13.3219
5740,14.3807
5741,11.0474
5742,10.5898
5743,13.6430
5744,15.9743
5745,10.8867
5746,10.4330
5747,12.5670
5748,19.0883
5749,14.1757
5750,11.7490
5751,10.6337
5752,10.7055
5753,14.5741
5754,7.8087
5755,14.5330
5756,19.7253
5757,11.5514
5758,12.5656
5759,9.0952
5760,16.1693
5761,18.2142
5762,16.2497
5763,20.2966
5764,19.2828
5765,18.4202
5766,23.5033
5767,13.1540
5768,20.7717
5769,23.7777
5770,16.8443
5771,21.5976
5772,11.8873
5773,12.8355
5774,16.1014
5775,18.6675
5776,20.4971
5777,19.3810
5778,10.9744
5779,8.3749
5780,12.9733
5781,15.2490
5782,15.9407
5783,13.2558
5784,10.3993
5785,13.7994
5786,12.8994
5787,10.7665
5788,14.6363
5789,10.5689
5790,9.4781
5791,11.6389
5792,10.6235
5793,14.0386
5794,12.3782
5795,12.0723
5796,12.3858
5797,11.4992
5798,12.8736
5799,13.6659
5800,17.5068
5801,12.1894
5802,12.6977
5803,15.5165
5804,15.5542
5805,10.3803
5806,23.1340
5807,17.2105
5808,15.6512
5809,11.1961
5810,12.0094
5811,12.3260
5812,8.4872
5813,15.6658
5814,12.4748
5815,12.9201
5816,15.4462
5817,11.1282
5818,12.9364
5819,11.6704
5820,15.4350
5821,16.0036
5822,16.9742
5823,13.6566
5824,14.4942
5825,13.5732
5826,11.6460
5827,16.9544
5828,16.5098
5829,13.6094
5830,12.9583
5831,13.8216
5832,13.6406
5833,15.7297
5834,12.2187
5835,10.2251
5836,13.1812
5837,11.3735
5838,11.8449
5839,16.4599
5840,8.0745
5841,8.8432
5842,15.5938
5843,12.9802
5844,14.9207
5845,16.2041
5846,14.3323
5847,7.6363
5848,14.4157
5849,12.1071
5850,20.7891
5851,12.3792
5852,7.1857
5853,8.7013
5854,10.6277
5855,14.0607
5856,12.5110
5857,10.9951
5858,13.5574
5859,15.1391
5860,12.3203
5861,13.4737
5862,12.9266
5863,17.0791
5864,19.7935
5865,15.2614
5866,13.6452
5867,11.0512
5868,13.7970
5869,11.8933
5870,10.6361
5871,12.0270
5872,13.2451
5873,11.9724
5874,11.5345
5875,10.7665
5876,10.9377
5877,11.3909
5878,9.6908
5879,13.4196
5880,9.8271
5881,13.7310
5882,10.3714
5883,13.3626
5884,9.4984
5885,9.1782
5886,10.2000
5887,11.4036
5888,10.8507
5889,16.3076
5890,11.4338
5891,11.3075
5892,11.4026
5893,13.7506
5894,10.5295
5895,13.9437
5896,10.8485
5897,9.7299
5898,12.0955
5899,10.4926
5900,10.0956
5901,14.5538
5902,10.9775
5903,12.6500
5904,18.0016
5905,14.2465
5906,13.0565
5907,14.5633
5908,15.9416
5909,19.6743
5910,9.7594
5911,14.9536
5912,22.6767
5913,12.0554
5914,13.4265
5915,10.2501
5916,12.3467
5917,10.3614
5918,22.2328
5919,13.1218
5920,8.2657
5921,8.0559
5922,12.3291
5923,10.1578
5924,15.0175
5925,11.9126
5926,14.7216
5927,10.9234
5928,15.6217
5929,9.5012
5930,10.9487
5931,16.9985
5932,13.1681
5933,12.2235
5934,15.5385
5935,10.7849
5936,13.4423
5937,11.3583
5938,14.3111
5939,12.5098
5940,12.9924
5941,11.8306
5942,11.6353
5943,17.2720
5944,19.6447
5945,12.6197
5946,13.0618
5947,10.1979
5948,14.6339
5949,14.0295
5950,9.1395
5951,8.4043
5952,18.2631
5953,15.7630
5954,9.4821
5955,11.1046
5956,15.9330
5957,13.4490
5958,13.2096
5959,14.3802
5960,12.2705
5961,10.3502
5962,9.6242
5963,11.8487
5964,12.3975
5965,13.0050
5966,12.1517
5967,17.2372
5968,12.8276
5969,15.5449
5970,15.3348
5971,15.2762
5972,14.9000
5973,9.5894
5974,8.3585
5975,10.8891
5976,12.5151
5977,13.3765
5978,13.0832
5979,16.5367
5980,18.3666
5981,10.4425
5982,16.9196
5983,13.9227
5984,15.5864
5985,14.6630
5986,10.9789
5987,9.2394
5988,13.5169
5989,12.8400
5990,9.2683
5991,10.4167
5992,12.1207
5993,10.9847
5994,14.4057
5995,12.6901
5996,14.7493
5997,16.1886
5998,12.1882
5999,14.4801
6000,17.2906
6001,19.1026
6002,14.4143
6003,13.8495
6004,14.2846
6005,17.4670
6006,29.2811
6007,10.7110
6008,14.9157
6009,15.8887
6010,18.1315
6011,13.4110
6012,12.7978
6013,12.7492
6014,21.2770
6015,18.0173
6016,18.7206
6017,20.8623
6018,8.5382
6019,8.4798
6020,11.3406
6021,9.3958
6022,12.3782
6023,14.2567
6024,13.9430
6025,16.1695
6026,11.6909
6027,14.0786
6028,15.4645
6029,11.9169
6030,12.3494
6031,20.6892
6032,11.5371
6033,15.1529
6034,15.0650
6035,12.9416
6036,11.0860
6037,15.2318
6038,8.9989
6039,9.7711
6040,9.7919
6041,11.3261
6042,11.1711
6043,15.9695
6044,13.7970
6045,14.5688
6046,13.5984
6047,13.7167
6048,14.1184
6049,11.5035
6050,11.8542
6051,17.8833
6052,12.6967
6053,11.3249
6054,7.8180
6055,19.0182
6056,116.8580
6057,17.3149
6058,15.3887
6059,13.8950
6060,10.4892
6061,19.8557
6062,14.3309
6063,11.9023
6064,12.2035
6065,13.8733
6066,19.1305
6067,10.8702
6068,19.5045
6069,10.3519
6070,18.4548
6071,13.6421
6072,14.7889
6073,15.2295
6074,14.1220
6075,19.6927
6076,14.0104
6077,13.7556
6078,10.4315
6079,10.2196
6080,13.0758
6081,14.0438
6082,20.1023
6083,9.2647
6084,10.8774
6085,13.3832
6086,10.3881
6087,17.0600
6088,11.4088
6089,13.1302
6090,18.4197
6091,13.7870
6092,18.1170
6093,17.8776
6094,11.5874
6095,12.2542
6096,16.5575
6097,16.0198
6098,19.5527
6099,15.6033
6100,14.8304
6101,13.4218
6102,13.2136
6103,13.4714
6104,14.6570
6105,22.0580
6106,20.0577
6107,16.1769
6108,11.4331
6109,14.2212
6110,13.4783
6111,15.6126
6112,10.3676
6113,12.6100
6114,13.5584
6115,14.7176
6116,11.0798
6117,12.7192
6118,12.9809
6119,15.6083
6120,11.3170
6121,13.6173
6122,10.3853
6123,10.1528
6124,11.3420
6125,8.7306
6126,9.5572
6127,14.9412
6128,11.7445
6129,10.3161
6130,12.1648
6131,12.1851
6132,16.6090
6133,11.4388
6134,12.4102
6135,11.2021
6136,16.1045
6137,16.0193
6138,9.5751
6139,7.3969
6140,13.6292
6141,11.9829
6142,17.2772
6143,11.1423
6144,13.5336
6145,11.6253
6146,17.7364
6147,17.1487
6148,15.7385
6149,15.3275
6150,13.4730
6151,9.9239
6152,17.8881
6153,11.0788
6154,9.4514
6155,13.1102
6156,16.0806
6157,13.8073
6158,12.7616
6159,13.4284
6160,16.5238
6161,16.5553
6162,16.4919
6163,13.7682
6164,14.9395
6165,22.3944
6166,14.0803
6167,17.6668
6168,11.6580
6169,13.5574
6170,13.7789
6171,11.6704
6172,11.9309
6173,10.1011
6174,9.6669
6175,10.2882
6176,7.4713
6177,10.4406
6178,10.5550
6179,10.5083
6180,9.4645
6181,11.1704
6182,9.9952
6183,13.2086
6184,16.2151
6185,10.9835
6186,9.5341
6187,7.8344
6188,9.1255
6189,13.8416
6190,18.6551
6191,15.3656
6192,16.4042
6193,11.7812
6194,12.1393
6195,10.3114
6196,12.5141
6197,10.7501
6198,11.3866
6199,13.2704
6200,12.8052
6201,16.0196
6202,18.7247
6203,13.2906
6204,14.8342
6205,12.1660
6206,17.8521
6207,12.0564
6208,18.2364
6209,16.1703
6210,19.2723
6211,8.7681
6212,8.5366
6213,7.3724
6214,9.5568
6215,14.1463
6216,14.8721
6217,12.9576
6218,25.3103
6219,13.1450
6220,16.0725
6221,16.7861
6222,16.0022
6223,16.3605
6224,16.9013
6225,16.2547
6226,16.4578
6227,14.9457
6228,12.1162
6229,16.3805
6230,12.9287
6231,16.9373
6232,11.9355
6233,13.7987
6234,12.8458
6235,9.8841
6236,11.7774
6237,9.8014
6238,12.6557
6239,14.5884
6240,13.2017
6241,16.3348
6242,12.4519
6243,10.2344
6244,15.9500
6245,11.4930
6246,13.3054
6247,18.4162
6248,13.4761
6249,12.0347
6250,13.4695
6251,10.2189
6252,8.9400
6253,8.3785
6254,10.1409
6255,15.0857
6256,14.0786
6257,8.6970
6258,16.6881
6259,9.7611
6260,13.5236
6261,15.6355
6262,11.4155
6263,15.2378
6264,16.0835
6265,17.6499
6266,25.4180
6267,14.3452
6268,11.7424
6269,8.4653
6270,14.2889
6271,15.8527
6272,6.8936
6273,15.5277
6274,18.3132
6275,10.5510
6276,9.4202
6277,12.8069
6278,14.0319
6279,11.8604
6280,16.6116
6281,10.7572
6282,9.9306
6283,20.4163
6284,14.0808
6285,15.4285
6286,9.6097
6287,11.7288
6288,8.2538
6289,15.3632
6290,9.7592
6291,14.8628
6292,9.6807
6293,12.9373
6294,8.4379
6295,13.2520
6296,11.7681
6297,16.5255
6298,8.5299
6299,12.6746
6300,12.2161
6301,14.7700
6302,16.2008
6303,15.6980
6304,18.1630
6305,12.1529
6306,17.2961
6307,14.8087
6308,10.2973
6309,16.1941
6310,20.5882
6311,10.7474
6312,17.1151
6313,10.9215
6314,13.6790
6315,20.2117
6316,10.1316
6317,12.7227
6318,12.9137
6319,8.7550
6320,12.0940
6321,11.1537
6322,12.2299
6323,17.2720
6324,17.0796
6325,8.6496
6326,10.3164
6327,9.8460
6328,11.2607
6329,12.2013
6330,11.4887
6331,11.6310
6332,10.8502
6333,15.6100
6334,10.8211
6335,9.8135
6336,8.0268
6337,10.3765
6338,15.3258
6339,12.2483
6340,15.0526
6341,12.9087
6342,14.1604
6343,16.5856
6344,13.4332
6345,13.2890
6346,8.1418
6347,14.9591
6348,9.1016
6349,10.5977
6350,10.1690
6351,15.9247
6352,10.7579
6353,10.1099
6354,10.5484
6355,10.2537
6356,8.8534
6357,10.4594
6358,9.7535
6359,9.1431
6360,9.6197
6361,13.0360
6362,16.1164
6363,11.2498
6364,8.1289
6365,7.4925
6366,10.9751
6367,13.0069
6368,13.5303
6369,10.7319
6370,14.9109
6371,16.5946
6372,14.9808
6373,12.4288
6374,9.7730
6375,10.2170
6376,11.7743
6377,18.0011
6378,10.5705
6379,10.8390
6380,18.4131
6381,10.1886
6382,14.2877
6383,9.8703
6384,10.5700
6385,10.3011
6386,10.8969
6387,9.5122
6388,15.2776
6389,14.9159
6390,17.7329
6391,12.0049
6392,12.7831
6393,8.1749
6394,9.6788
6395,14.7245
6396,13.2132
6397,15.4748
6398,13.6313
6399,10.4287
6400,11.7333
6401,13.0270
6402,10.2091
6403,7.1917
6404,7.6778
6405,9.2146
6406,12.9876
6407,15.8260
6408,17.1657
6409,17.7026
6410,26.5710
6411,12.6307
6412,22.5067
6413,120.2807
6414,11.6580
6415,24.1840
6416,30.8909
6417,14.3943
6418,18.0416
6419,15.0349
6420,12.0332
6421,9.8319
6422,11.6024
6423,9.4380
6424,13.2160
6425,11.7695
6426,22.1043
6427,12.0063
6428,16.2978
6429,14.3738
6430,9.0768
6431,14.8175
6432,12.2519
6433,11.3747
6434,11.2507
6435,13.4211
6436,16.6085
6437,10.4740
6438,7.7760
6439,11.5104
6440,11.3018
6441,12.2209
6442,13.9630
6443,11.1346
6444,10.9398
6445,10.8080
6446,11.3983
6447,12.8946
6448,13.8924
6449,14.4305
6450,8.3609
6451,10.0293
6452,8.0762
6453,11.4174
6454,18.4836
6455,9.5155
6456,11.9848
6457,15.0611
6458,9.2840
6459,11.5638
6460,13.1991
6461,10.8581
6462,11.5776
6463,17.7269
6464,10.3118
6465,12.4011
6466,19.5780
6467,11.3707
6468,12.2120
6469,16.1664
6470,13.9308
6471,14.8060
6472,14.7207
6473,13.9699
6474,19.1236
6475,10.8628
6476,14.1091
6477,12.2511
6478,10.8843
6479,14.6005
6480,12.9626
6481,11.0538
6482,16.3691
6483,14.8840
6484,13.6163
6485,11.2202
6486,11.7288
6487,14.9968
6488,10.7996
6489,12.8663
6490,12.0554
6491,13.4583
6492,12.7628
6493,12.9066
6494,11.2472
6495,14.4238
6496,9.4273
6497,13.7279
6498,18.8918
6499,12.9850
6500,9.8135
6501,26.5632
6502,13.5655
6503,12.0959
6504,20.0932
6505,11.4255
6506,11.5678
6507,14.2434
6508,12.3718
6509,14.1120
6510,15.3928
6511,9.0475
6512,26.6383
6513,12.0442
6514,13.5963
6515,13.7730
6516,9.1779
6517,10.7195
6518,13.5221
6519,12.5554
6520,10.6835
6521,11.7500
6522,11.6327
6523,12.2719
6524,12.6045
6525,11.9805
6526,9.8743
6527,12.8496
6528,9.9766
6529,11.7192
6530,19.0401
6531,8.5540
6532,11.1430
6533,11.2071
6534,11.1592
6535,18.8794
6536,16.3324
6537,10.0121
6538,13.2399
6539,11.4636
6540,15.7983
6541,10.9074
6542,9.7809
6543,13.5379
6544,9.2559
6545,14.1530
6546,12.9633
6547,11.6670
6548,11.8406
6549,18.1482
6550,17.1211
6551,16.6476
6552,13.0913
6553,12.1439
6554,9.6738
6555,11.9131
6556,19.3434
6557,14.9794
6558,17.6454
6559,13.2785
6560,12.8579
6561,8.4672
6562,14.1768
6563,12.0821
6564,13.9146
6565,11.6599
6566,15.3885
6567,17.1537
6568,13.7026
6569,15.6856
6570,11.7884
6571,17.0267
6572,8.9269
6573,10.4661
6574,9.6064
6575,9.2146
6576,11.6956
6577,10.7877
6578,10.7968
6579,10.9849
6580,14.7588
6581,10.9029
6582,15.0213
6583,14.2512
6584,15.7001
6585,10.5884
6586,10.3014
6587,11.9331
6588,11.9917
6589,16.9215
6590,14.3614
6591,12.9585
6592,16.1095
6593,18.2207
6594,10.8535
6595,8.1427
6596,7.5305
6597,8.2343
6598,13.2413
6599,11.4155
6600,39.3536
6601,9.9323
6602,13.0370
6603,11.8382
6604,21.9488
6605,13.4363
6606,12.4638
6607,16.1700
6608,15.6515
6609,21.3819
6610,12.6433
6611,15.5153
6612,11.0664
6613,20.5817
6614,19.2211
6615,11.3006
6616,11.6193
6617,11.5852
6618,10.1688
6619,8.5096
6620,10.1767
6621,9.6278
6622,9.3296
6623,9.6176
6624,10.0214
6625,10.8161
6626,13.3395
6627,10.6571
6628,14.8797
6629,11.5845
6630,9.3691
6631,12.8272
6632,9.3687
6633,7.6816
6634,14.7562
6635,10.6945
6636,14.1892
6637,12.3799
6638,9.7666
6639,12.0611
6640,9.8400
6641,12.0606
6642,12.7535
6643,11.5869
6644,17.0755
6645,14.3421
6646,9.1546
6647,14.4055
6648,10.6554
6649,13.4223
6650,11.9350
6651,12.2442
6652,14.1442
6653,13.1402
6654,15.7154
6655,11.2686
6656,9.3148
6657,21.8921
6658,12.1958
6659,16.4740
6660,17.8320
6661,11.6665
6662,11.8728
6663,12.9995
6664,12.2757
6665,8.1844
6666,8.1799
6667,9.4874
6668,9.1507
6669,9.1965
6670,9.6064
6671,8.2853
6672,11.2708
6673,12.7983
6674,11.2543
6675,11.2360
6676,9.9001
6677,11.4119
6678,9.3215
6679,12.7256
6680,11.4563
6681,12.2213
6682,10.6301
6683,10.3660
6684,14.2732
6685,8.9703
6686,8.2099
6687,10.9882
6688,13.5748
6689,12.7971
6690,10.7629
6691,16.4592
6692,13.2391
6693,11.5240
6694,13.0138
6695,11.1613
6696,9.9001
6697,12.7878
6698,14.5321
6699,12.0566
6700,11.0633
6701,13.0596
6702,9.7032
6703,12.1017
6704,7.5648
6705,16.0408
6706,9.2316
6707,9.5344
6708,9.8186
6709,7.0033
6710,11.7610
6711,11.5228
6712,9.2506
6713,10.5219
6714,10.5760
6715,14.2062
6716,10.8767
6717,24.8723
6718,19.4640
6719,9.5313
6720,16.5389
6721,12.3775
6722,12.1295
6723,7.7243
6724,19.7687
6725,12.3568
6726,10.9987
6727,13.4652
6728,11.3914
6729,19.7232
6730,12.0869
6731,14.8458
6732,11.2917
6733,17.5674
6734,12.8706
6735,11.4572
6736,12.8777
6737,11.7805
6738,10.8807
6739,10.3848
6740,18.3697
6741,12.5408
6742,17.4315
6743,9.3505
6744,11.9312
6745,10.7844
6746,16.2849
6747,10.7932
6748,10.1929
6749,21.6758
6750,12.1663
6751,11.2851
6752,9.9719
6753,10.9470
6754,10.3581
6755,10.6156
6756,9.5086
6757,10.7384
6758,11.3013
6759,10.9158
6760,10.8976
6761,10.3638
6762,13.2375
6763,16.3491
6764,11.1020
6765,18.1923
6766,14.0398
6767,11.4067
6768,16.3057
6769,12.2147
6770,13.8938
6771,10.7427
6772,15.2681
6773,13.5632
6774,7.8278
6775,11.8980
6776,16.6206
6777,18.5320
6778,14.0946
6779,16.5823
6780,12.1260
6781,12.8784
6782,13.7446
6783,12.9387
6784,12.2354
6785,13.0756
6786,12.1896
6787,12.5718
6788,14.5869
6789,12.1696
6790,15.7044
6791,13.6733
6792,18.0438
6793,18.4245
6794,12.2724
6795,12.9149
6796,10.3874
6797,15.2092
6798,16.7165
6799,9.2201
6800,14.5938
6801,8.7135
6802,16.9249
6803,15.1460
6804,14.7533
6805,12.2104
6806,16.5765
6807,12.5802
6808,13.3965
6809,19.9294
6810,17.6866
6811,13.3889
6812,11.5757
6813,13.9532
6814,14.8089
6815,8.7917
6816,7.4306
6817,11.0524
6818,12.2592
6819,14.5533
6820,19.5391
6821,15.5463
6822,15.8241
6823,17.4789
6824,15.1587
6825,16.2261
6826,18.3356
6827,12.9879
6828,10.7603
6829,14.1587
6830,12.6975
6831,13.2527
6832,12.1086
6833,11.2717
6834,12.5082
6835,13.6828
6836,13.9608
6837,20.0653
6838,20.0720
6839,9.0327
6840,12.1841
6841,13.9487
6842,11.3828
6843,12.8171
6844,12.3925
6845,10.4189
6846,12.1562
6847,16.9644
6848,14.8196
6849,8.8215
6850,12.3217
6851,16.2523
6852,13.0069
6853,14.5144
6854,11.8761
6855,15.1932
6856,11.9946
6857,9.1200
6858,7.9362
6859,13.0141
6860,9.3174
6861,12.4631
6862,9.4180
6863,11.6637
6864,8.7485
6865,14.7364
6866,12.8286
6867,14.4582
6868,14.5879
6869,13.2325
6870,10.2663
6871,14.5092
6872,16.8664
6873,14.6179
6874,15.1217
6875,14.3297
6876,11.8747
6877,11.7836
6878,11.5592
6879,14.1644
6880,14.1182
6881,14.7598
6882,11.1291
6883,11.1256
6884,11.2479
6885,11.8663
6886,12.9597
6887,9.3591
6888,7.5474
6889,7.3464
6890,9.8968
6891,9.3410
6892,8.7945
6893,11.3726
6894,8.2228
6895,9.8093
6896,8.7538
6897,14.5144
6898,13.0033
6899,10.0589
6900,11.7939
6901,16.0134
6902,7.8294
6903,10.0911
6904,13.4828
6905,15.8889
6906,12.2879
6907,10.3097
6908,13.1044
6909,11.1732
6910,18.0256
6911,18.9278
6912,14.8139
6913,13.1540
6914,12.3854
6915,11.7664
6916,14.1394
6917,13.3932
6918,15.0192
6919,14.0886
6920,14.3178
6921,18.4615
6922,19.5894
6923,22.5282
6924,8.9121
6925,17.3514
6926,17.1747
6927,24.4730
6928,11.6382
6929,14.6482
6930,11.1525
6931,13.0215
6932,11.5981
6933,11.8213
6934,9.3415
6935,12.5246
6936,16.7146
6937,6.9041
6938,39.1567
6939,9.2103
6940,11.0564
6941,8.6527
6942,10.1862
6943,8.2662
6944,13.5953
6945,11.8597
6946,15.4581
6947,10.8171
6948,15.3737
6949,12.5024
6950,14.9899
6951,21.0102
6952,12.0230
6953,13.4060
6954,9.8143
6955,15.9161
6956,12.1632
6957,16.8257
6958,13.6833
6959,14.8554
6960,12.3732
6961,11.7440
6962,14.0381
6963,10.3908
6964,11.5254
6965,14.2596
6966,12.6936
6967,14.7264
6968,11.4291
6969,13.0367
6970,11.5139
6971,13.8085
6972,19.7463
6973,11.8988
6974,11.8525
6975,13.0885
6976,12.6877
6977,14.4846
6978,12.6328
6979,10.4454
6980,12.1229
6981,11.6289
6982,11.5252
6983,10.1409
6984,8.8294
6985,15.4696
6986,10.9849
6987,11.3544
6988,11.0660
6989,11.7502
6990,13.4232
6991,9.3026
6992,10.3693
6993,8.5065
6994,8.3332
6995,8.3749
6996,9.4304
6997,10.2353
6998,11.5972
6999,12.5914
7000,9.9127
7001,9.2118
7002,10.8256
7003,10.0462
7004,10.0515
7005,12.2705
7006,10.7331
7007,9.4371
7008,11.2119
7009,12.7540
7010,12.7208
7011,11.3959
7012,9.6135
7013,11.3471
7014,13.3159
7015,11.4582
7016,11.8499
7017,14.2820
7018,15.4753
7019,12.3057
7020,17.0119
7021,14.7450
7022,10.1476
7023,12.0680
7024,15.1222
7025,15.3027
7026,12.2807
7027,18.6393
7028,11.0795
7029,10.1545
7030,13.1018
7031,19.4733
7032,9.4633
7033,12.4373
7034,16.8052
7035,13.5572
7036,13.9782
7037,16.7894
7038,12.4874
7039,10.3838
7040,12.5394
7041,12.4102
7042,13.0343
7043,10.4146
7044,13.4208
7045,15.3677
7046,15.0983
7047,12.0895
7048,18.4042
7049,19.3832
7050,10.3092
7051,19.9254
7052,11.7145
7053,16.1464
7054,13.3998
7055,11.8032
7056,14.3263
7057,8.5092
7058,9.7263
7059,13.0537
7060,15.9607
7061,11.8444
7062,8.3334
7063,10.9177
7064,15.4445
7065,26.3245
7066,10.6380
7067,8.9159
7068,12.2557
7069,10.9136
7070,15.0831
7071,12.8341
7072,12.7184
7073,12.6495
7074,18.9629
7075,12.9194
7076,14.4725
7077,17.2765
7078,15.1887
7079,17.3304
7080,13.8383
7081,11.3518
7082,15.0051
7083,10.0951
7084,22.8775
7085,19.2392
7086,11.4958
7087,12.9485
7088,14.0235
7089,9.3243
7090,11.0955
7091,13.4830
7092,18.5156
7093,12.3990
7094,15.5022
7095,13.2639
7096,14.4303
7097,9.7263
7098,21.1961
7099,8.5142
7100,10.2675
7101,10.9360
7102,10.4692
7103,11.4691
7104,12.3265
7105,10.9742
7106,13.3262
7107,10.9863
7108,13.6011
7109,9.0969
7110,18.9219
7111,12.2895
7112,15.4691
7113,14.4286
7114,14.0269
7115,7.6838
7116,10.0026
7117,12.2383
7118,11.1678
7119,14.7982
7120,16.8090
7121,14.6325
7122,9.1596
7123,7.9620
7124,12.1748
7125,15.6589
7126,10.3314
7127,16.9532
7128,15.2574
7129,12.5825
7130,19.6755
7131,14.2324
7132,11.9238
7133,18.8448
7134,17.2405
7135,13.6054
7136,18.1165
7137,14.4935
7138,16.6967
7139,11.2140
7140,21.2317
7141,9.7594
7142,9.5649
7143,8.2910
7144,15.6112
7145,8.8577
7146,14.2257
7147,9.7275
7148,15.3816
7149,8.5707
7150,11.4901
7151,11.7567
7152,13.6547
7153,11.4501
7154,11.7977
7155,14.9066
7156,19.8233
7157,12.1679
7158,11.3609
7159,13.7603
7160,13.1407
7161,12.0816
7162,12.4810
7163,14.7920
7164,15.4424
7165,13.1416
7166,11.3785
7167,16.8254
7168,10.9394
7169,11.3697
7170,11.4253
7171,13.5162
7172,12.4328
7173,12.1243
7174,13.1199
7175,12.7113
7176,15.8174
7177,15.3501
7178,18.3268
7179,15.5799
7180,14.5566
7181,11.2579
7182,8.7276
7183,9.2556
7184,13.5515
7185,9.9764
7186,9.6962
7187,18.5633
7188,11.1694
7189,20.4022
7190,12.3966
7191,14.3690
7192,14.5845
7193,12.0702
7194,15.5728
7195,9.5360
7196,15.8012
7197,14.7355
7198,11.2319
7199,13.2437
7200,10.1221
7201,21.9786
7202,16.8500
7203,9.1548
7204,10.1075
7205,15.0261
7206,14.6751
7207,14.1706
7208,12.2032
7209,10.2499
7210,10.8933
7211,9.4049
7212,10.7450
7213,10.3247
7214,10.1602
7215,14.2305
7216,10.0951
7217,12.6076
7218,19.3119
7219,11.5254
7220,19.7949
7221,11.5671
7222,12.2883
7223,12.7237
7224,13.4945
7225,12.4137
7226,11.8921
7227,12.3243
7228,14.9479
7229,11.5585
7230,15.0511
7231,17.6404
7232,7.0729
7233,11.6756
7234,17.7898
7235,13.6590
7236,18.7140
7237,15.4488
7238,11.7750
7239,13.1161
7240,10.4167
7241,12.1531
7242,10.4454
7243,13.5484
7244,11.2360
7245,13.2592
7246,13.8996
7247,11.1859
7248,14.2677
7249,10.2348
7250,11.5042
7251,15.1501
7252,10.4978
7253,10.9017
7254,11.8644
7255,10.0553
7256,20.5116
7257,10.6819
7258,14.3845
7259,12.2249
7260,21.6968
7261,15.0642
7262,11.6451
7263,11.5459
7264,15.9481
7265,11.2176
7266,12.5425
7267,16.5169
7268,18.3451
7269,10.6456
7270,12.6135
7271,13.0298
7272,13.9284
7273,18.0480
7274,15.0311
7275,17.8158
7276,14.3416
7277,12.0907
7278,12.5189
7279,11.0269
7280,15.2583
7281,14.7088
7282,17.9827
7283,16.9475
7284,14.7171
7285,15.0735
7286,9.4106
7287,13.9508
7288,10.2642
7289,10.9601
7290,12.0959
7291,11.3358
7292,14.9717
7293,11.3554
7294,10.6432
7295,14.9217
7296,12.9390
7297,11.9841
7298,10.6266
7299,11.0495
7300,13.0284
7301,17.2937
7302,12.0730
7303,11.1744
7304,16.5083
7305,11.1113
7306,13.3178
7307,21.6959
7308,10.6173
7309,9.8481
7310,11.2355
7311,10.9117
7312,15.3236
7313,10.3843
7314,12.1217
7315,11.0259
7316,15.7936
7317,12.4884
7318,13.4733
7319,14.9460
7320,20.4482
7321,15.8432
7322,16.1040
7323,22.1579
7324,9.0086
7325,11.9021
7326,14.5030
7327,11.9452
7328,15.9912
7329,15.2488
7330,14.3311
7331,21.4059
7332,17.7188
7333,13.0551
7334,12.1994
7335,16.1285
7336,12.2890
7337,7.3478
7338,11.5693
7339,11.0853
7340,16.7110
7341,16.6929
7342,8.2211
7343,10.7951
7344,10.8244
7345,15.7847
7346,9.1989
7347,13.2504
7348,11.8704
7349,14.5693
7350,9.2971
7351,9.2514
7352,10.9076
7353,11.8568
7354,14.7343
7355,21.8487
7356,10.5381
7357,11.3177
7358,11.9734
7359,14.4508
7360,11.4305
7361,12.2688
7362,10.1438
7363,10.1299
7364,10.1006
7365,10.4284
7366,13.1078
7367,8.9738
7368,10.1938
7369,10.9591
7370,10.9227
7371,12.4862
7372,14.0245
7373,12.3184
7374,14.4203
7375,15.1012
7376,11.8020
7377,16.1567
7378,15.6004
7379,10.5121
7380,14.2674
7381,17.9510
7382,20.9877
7383,15.1744
7384,21.3528
7385,13.2904
7386,11.2083
7387,17.7822
7388,14.4601
7389,12.3236
7390,16.3743
7391,13.9842
7392,14.0874
7393,10.8457
7394,13.0529
7395,12.3374
7396,7.5476
7397,11.7254
7398,11.8768
7399,10.2732
7400,9.9926
7401,10.6115
7402,17.9071
7403,15.9383
7404,12.2950
7405,12.6784
7406,11.2629
7407,10.5560
7408,12.6097
7409,11.2281
7410,13.6297
7411,12.0666
7412,7.4434
7413,16.7191
7414,11.5733
7415,10.7267
7416,14.1077
7417,9.4368
7418,10.5741
7419,10.6950
7420,13.1450
7421,8.0657
7422,7.5929
7423,14.9598
7424,8.8761
7425,11.4498
7426,17.2906
7427,11.1184
7428,18.5335
7429,19.9566
7430,13.1085
7431,10.6120
7432,9.8636
7433,9.9249
7434,12.1007
7435,6.8107
7436,12.1887
7437,19.4535
7438,16.0160
7439,8.8243
7440,15.5723
7441,12.9485
7442,15.3725
7443,14.7021
7444,9.3710
7445,11.9896
7446,12.1291
7447,17.3795
7448,15.9926
7449,11.3533
7450,12.8832
7451,7.0238
7452,8.0714
7453,17.4582
7454,12.9414
7455,8.6975
7456,11.6961
7457,11.0040
7458,10.8743
7459,9.5279
7460,11.3375
7461,11.8697
7462,15.9075
7463,8.2161
7464,11.0502
7465,12.4049
7466,15.8536
7467,12.8584
7468,18.2579
7469,12.3663
7470,13.2389
7471,10.3478
7472,9.1031
7473,19.7802
7474,15.3186
7475,11.2913
7476,18.9531
7477,15.2464
7478,8.1203
7479,9.8474
7480,19.6738
7481,11.3430
7482,20.2663
7483,17.7205
7484,17.9257
7485,19.1739
7486,12.2557
7487,19.0921
7488,14.7035
7489,13.2217
7490,14.8745
7491,12.3398
7492,10.9169
7493,21.5554
7494,18.2703
7495,11.5035
7496,9.8221
7497,14.0266
7498,13.0270
7499,15.1432
7500,11.4019
7501,15.4107
7502,12.2542
7503,12.8877
7504,13.6211
7505,11.4677
7506,11.7836
7507,16.6092
7508,16.0978
7509,11.0061
7510,13.9885
7511,15.6493
7512,15.2097
7513,10.6201
7514,17.9074
7515,9.6958
7516,11.7896
7517,11.5573
7518,12.4559
7519,17.4253
7520,11.9152
7521,11.6878
7522,11.4787
7523,11.3406
7524,9.1360
7525,6.6774
7526,13.6900
7527,10.7629
7528,14.6799
7529,11.1568
7530,14.4496
7531,9.9604
7532,9.5749
7533,12.4028
7534,13.4296
7535,18.8458
7536,11.7943
7537,8.5876
7538,8.4994
7539,16.4344
7540,11.1454
7541,18.6403
7542,6.8271
7543,7.0879
7544,8.0676
7545,8.9684
7546,12.5942
7547,16.3312
7548,13.1648
7549,13.0327
7550,18.4267
7551,12.8491
7552,10.0076
7553,10.5166
7554,11.2841
7555,9.5344
7556,11.2295
7557,16.8283
7558,12.1195
7559,15.6558
7560,13.6299
7561,10.9999
7562,7.1845
7563,14.8106
7564,13.8574
7565,13.2077
7566,19.6524
7567,12.3515
7568,19.8286
7569,21.0001
7570,14.7378
7571,15.5170
7572,12.4140
7573,15.1792
7574,11.0309
7575,15.6913
7576,11.1425
7577,11.2548
7578,9.1789
7579,9.5317
7580,14.3321
7581,12.1973
7582,9.6705
7583,11.6107
7584,11.0354
7585,19.5272
7586,9.8217
7587,14.8008
7588,10.5867
7589,13.5009
7590,13.5403
7591,10.2062
7592,10.3447
7593,11.3096
7594,10.3407
7595,15.9161
7596,12.8195
7597,13.1757
7598,15.8477
7599,9.6200
7600,7.7605
7601,12.1131
7602,15.0981
7603,15.6386
7604,13.9399
7605,10.5486
7606,12.9926
7607,13.0606
7608,13.8476
7609,12.5949
7610,15.9690
7611,12.7716
7612,12.8849
7613,12.5499
7614,9.1772
7615,16.8560
7616,14.4534
7617,13.3319
7618,9.5887
7619,10.7424
7620,10.7727
7621,11.1332
7622,12.4953
7623,13.4711
7624,12.1984
7625,22.9020
7626,8.7893
7627,11.7896
7628,11.2538
7629,12.4123
7630,10.2110
7631,13.2854
7632,10.7424
7633,13.1640
7634,12.4094
7635,11.1713
7636,13.3121
7637,11.8227
7638,14.8120
7639,12.9092
7640,12.3351
7641,10.6080
7642,11.1368
7643,11.3127
7644,10.0932
7645,10.2391
7646,24.2176
7647,14.5454
7648,22.3839
7649,11.7331
7650,14.7977
7651,14.9829
7652,14.0257
7653,16.1369
7654,14.5414
7655,16.8605
7656,8.7132
7657,11.1940
7658,15.0661
7659,15.0950
7660,13.9360
7661,10.3307
7662,8.6117
7663,9.7988
7664,10.7837
7665,9.8736
7666,9.3036
7667,9.5136
7668,13.1791
7669,8.1942
7670,12.1210
7671,10.0112
7672,14.9288
7673,9.5384
7674,12.2252
7675,10.9038
7676,11.0035
7677,12.1689
7678,10.8449
7679,14.0610
7680,8.8644
7681,12.5809
7682,12.0227
7683,11.7846
7684,12.3847
7685,11.7035
7686,15.0454
7687,10.1826
7688,9.9349
7689,14.4286
7690,15.8806
7691,18.0809
7692,19.2134
7693,11.5721
7694,11.8430
7695,10.3221
7696,12.5513
7697,10.3338
7698,13.2217
7699,16.2499
7700,11.2107
7701,13.0701
7702,9.3441
7703,12.2490
7704,10.2594
7705,11.8837
7706,11.4138
7707,10.6065
7708,15.3227
7709,11.6301
7710,10.4094
7711,10.4687
7712,10.6673
7713,9.4719
7714,12.8865
7715,11.8661
7716,12.1896
7717,10.8633
7718,9.7468
7719,10.8585
7720,15.3997
7721,15.5928
7722,11.7533
7723,13.8080
7724,9.5925
7725,12.7666
7726,11.9548
7727,14.9755
7728,16.2096
7729,14.5214
7730,10.8242
7731,13.6745
7732,13.5181
7733,12.0411
7734,13.0284
7735,14.1988
7736,12.6169
7737,13.9780
7738,14.3425
7739,11.9119
7740,13.1297
7741,11.1804
7742,16.9640
7743,14.6453
7744,13.0098
7745,13.0939
7746,10.3776
7747,13.8786
7748,12.1307
7749,8.4124
7750,13.5126
7751,13.0234
7752,11.0116
